Date,Close,High,Low,Open,Volume,Symbol
2015-01-02,24.171756744384766,24.638256521479203,23.733998044162465,24.627201352876586,212818400,AAPL
2015-01-05,23.490800857543945,24.02141693191781,23.305086159243192,23.94182443642263,257142000,AAPL
2015-01-06,23.493011474609375,23.751686233274114,23.132633885246175,23.55491637205578,263188400,AAPL
2015-01-07,23.822433471679688,23.921923238379996,23.590288433669837,23.700833368573225,160423600,AAPL
2015-01-08,24.737747192382812,24.79523103500176,24.032469916763375,24.149648973158683,237458000,AAPL
2015-01-09,24.76427459716797,25.03842553916101,24.36631219203154,24.910193021196864,214798000,AAPL
2015-01-12,24.154067993164062,24.901351137106996,24.05457822763035,24.894718710975656,198603200,AAPL
2015-01-13,24.368528366088867,24.93894069695725,24.078901144962483,24.636046935190233,268367600,AAPL
2015-01-14,24.275667190551758,24.428218046235322,23.988249699167007,24.107638425429208,195826400,AAPL
2015-01-15,23.616823196411133,24.33315400453697,23.581449689319307,24.319889150225293,240056000,AAPL
2015-01-16,23.433319091796875,23.784852925871537,23.258657860459195,23.66325280064209,314053200,AAPL
2015-01-20,24.03689193725586,24.092164407057577,23.546072135531507,23.84233176401339,199599600,AAPL
2015-01-21,24.220396041870117,24.554240532584878,23.93739959010379,24.087740769849525,194303600,AAPL
2015-01-22,24.850502014160156,24.86597823776874,24.25798108820281,24.377369821804127,215185600,AAPL
2015-01-23,24.978734970092773,25.14897343268383,24.658153637343272,24.828393786716223,185859200,AAPL
2015-01-26,25.00526237487793,25.2838360657216,24.938936430150594,25.14675974776766,222460000,AAPL
2015-01-27,24.12974739074707,24.868188406556055,24.10542737099762,24.85492186783158,382274800,AAPL
2015-01-28,25.493871688842773,26.115135353956926,25.493871688842773,26.00680010606825,585908400,AAPL
2015-01-29,26.287593841552734,26.351710125684168,25.549152574989275,25.717181399375715,337745600,AAPL
2015-01-30,25.902889251708984,26.530783655227438,25.83435024692136,26.1770402105141,334982000,AAPL
2015-02-02,26.22789764404297,26.34728640799856,25.664119337720912,26.09966676730456,250956400,AAPL
2015-02-03,26.232318878173828,26.329597294229444,26.00238516305495,26.199155053408013,207662800,AAPL
2015-02-04,26.433502197265625,26.643538568988248,26.157139881931943,26.19914749363281,280598800,AAPL
2015-02-05,26.62217140197754,26.686540702650774,26.469016800601956,26.639927107367004,168984800,AAPL
2015-02-06,26.397993087768555,26.690983441173188,26.29145037133095,26.63993133480039,174826400,AAPL
2015-02-09,26.573341369628906,26.599975776404712,26.287009642716814,26.313645742931502,155559200,AAPL
2015-02-10,27.0838565826416,27.11271278406764,26.6710079961241,26.673226401280676,248034000,AAPL
2015-02-11,27.718666076660156,27.727544776569264,27.19039613285973,27.25032524044763,294247200,AAPL
2015-02-12,28.069368362426758,28.29577098667342,27.87182193753955,27.980583052789616,297898000,AAPL
2015-02-13,28.206989288330078,28.251381102112592,27.889582908811555,28.251381102112592,217088800,AAPL
2015-02-17,28.373458862304688,28.606520099632363,28.171472230828833,28.29799075277954,252609600,AAPL
2015-02-18,28.57101058959961,28.584327796449173,28.289117292728804,28.32907060671682,179566800,AAPL
2015-02-19,28.511072158813477,28.639810768780958,28.484437752226324,28.517730760460264,149449600,AAPL
2015-02-20,28.744131088256836,28.744131088256836,28.422286282404745,28.54880309049723,195793600,AAPL
2015-02-23,29.520998001098633,29.520998001098633,28.779644428056933,28.85955102428688,283896400,AAPL
2015-02-24,29.336782455444336,29.65419058336474,29.11481996121819,29.507694524324556,276912400,AAPL
2015-02-25,28.58653450012207,29.21025165624796,28.444478707079245,29.201371264064324,298846800,AAPL
2015-02-26,28.948345184326172,29.048227619324624,28.1026687081255,28.58654527125863,365150000,AAPL
2015-02-27,28.51329803466797,28.98163894321465,28.46446602434532,28.855118720048274,248059200,AAPL
2015-03-02,28.653133392333984,28.917269263881828,28.47778453766857,28.688648199086956,192386800,AAPL
2015-03-03,28.713056564331055,28.748571361632926,28.431163364423362,28.62427295795386,151265200,AAPL
2015-03-04,28.531051635742188,28.75745428150458,28.48222301300734,28.65535345186147,126665200,AAPL
2015-03-05,28.05828094482422,28.577672391357932,27.91400497852946,28.539939172101622,226068400,AAPL
2015-03-06,28.10045051574707,28.71528585962888,28.024984083017344,28.499981976286783,291368400,AAPL
2015-03-09,28.220304489135742,28.759674979569876,27.75862220746112,28.4023136222176,354114000,AAPL
2015-03-10,27.636545181274414,28.238063218815654,27.478952044658584,28.058274175841376,275426400,AAPL
2015-03-11,27.132688522338867,27.69425323143729,27.103834014425015,27.68981472769633,275756000,AAPL
2015-03-12,27.623228073120117,27.723112198365833,26.997293989982648,27.148228533817743,193450800,AAPL
2015-03-13,27.432336807250977,27.83408997021748,27.208155964901504,27.612127532964454,207309200,AAPL
2015-03-16,27.734209060668945,27.734209060668945,27.27252842487255,27.496709293114733,143497200,AAPL
2015-03-17,28.198108673095703,28.260257885548853,27.889581015961117,27.94507162614272,204092400,AAPL
2015-03-18,28.51551628112793,28.668670913843595,28.049395473856592,28.18923120800626,261083600,AAPL
2015-03-19,28.300216674804688,28.688651021321615,28.278020765120164,28.577669779459633,183238000,AAPL
2015-03-20,27.9450740814209,28.49997853855227,27.780822335014985,28.466685524269383,274780400,AAPL
2015-03-23,28.235843658447266,28.37789949397648,28.082689022807685,28.215867850375567,150838800,AAPL
2015-03-24,28.12041664123535,28.420063845308313,28.091560445800567,28.240276538927755,131369200,AAPL
2015-03-25,27.385725021362305,28.149276350834853,27.385725021362305,28.087127139075744,206620800,AAPL
2015-03-26,27.576618194580078,27.71867404709588,27.212599860828416,27.248114670677037,190291600,AAPL
2015-03-27,27.35687255859375,27.678717440730964,27.281406136800143,27.649862931240314,158184800,AAPL
2015-03-30,28.049396514892578,28.056055117703153,27.52334487814794,27.534443678458345,188398800,AAPL
2015-03-31,27.61878776550293,28.07602987133525,27.603250461715593,27.987244552505132,168362400,AAPL
2015-04-01,27.578832626342773,27.771940554974115,27.32357548668681,27.70535114691117,162485600,AAPL
2015-04-02,27.816328048706055,27.869598550827494,27.565511145005495,27.751958749149896,128880400,AAPL
2015-04-06,28.266910552978516,28.30242534888889,27.596584867837652,27.62765946753989,148776000,AAPL
2015-04-07,27.9694881439209,28.4378273444935,27.962829541527025,28.33128631931343,140049200,AAPL
2015-04-08,27.878482818603516,28.056053452395012,27.738647087564086,27.933973429983475,149316800,AAPL
2015-04-09,28.091564178466797,28.096004375326153,27.669836922529743,27.93397105873809,129936000,AAPL
2015-04-10,28.211421966552734,28.235837967122855,27.803011945086737,27.95616485641709,160752000,AAPL
2015-04-13,28.15593719482422,28.53771458339684,28.102666679566266,28.493319382710112,145460400,AAPL
2015-04-14,28.033859252929688,28.25360161320693,27.94729402938292,28.189232296875378,102098400,AAPL
2015-04-15,28.140398025512695,28.218084541248,27.969487690895026,28.05827300606639,115881600,AAPL
2015-04-16,28.0049991607666,28.21142428673899,27.99168195697449,28.02941516334476,113476000,AAPL
2015-04-17,27.68981170654297,27.998339332768015,27.6254424019684,27.86738231870997,207828000,AAPL
2015-04-20,28.322406768798828,28.437826491521815,27.783037976365403,27.871823290311784,188217200,AAPL
2015-04-21,28.169246673583984,28.455576655742764,28.115974482701745,28.433382449699703,129740400,AAPL
2015-04-22,28.548803329467773,28.604293930488744,28.038290816138105,28.187005220449002,150618000,AAPL
2015-04-23,28.7818660736084,28.948337885592863,28.44226384811031,28.47777864751764,183083600,AAPL
2015-04-24,28.917264938354492,28.99495314314599,28.68420371085787,28.963878538604966,178103600,AAPL
2015-04-27,29.443307876586914,29.549852255817207,29.11036431196568,29.3678414814566,387816800,AAPL
2015-04-28,28.97941780090332,29.86282743012304,28.759677136402377,29.845073414042368,475696000,AAPL
2015-04-29,28.55324935913086,29.208037907572134,28.47778293917561,28.890633230589536,253544400,AAPL
2015-04-30,27.77859878540039,28.553247201201735,27.652080266524873,28.553247201201735,332781600,AAPL
2015-05-01,28.622051239013672,28.88396863618329,27.811889821412436,27.989458728056526,234050400,AAPL
2015-05-04,28.566564559936523,28.981636614324906,28.468900547139256,28.744135184397194,203953200,AAPL
2015-05-05,27.92287826538086,28.511077432157443,27.918438067835837,28.444488016495587,197085600,AAPL
2015-05-06,27.747516632080078,28.13373068567328,27.38127837914101,28.091557293040985,288564000,AAPL
2015-05-07,27.91914939880371,28.101918787246415,27.642765093929334,27.809932279718854,175763600,AAPL
2015-05-08,28.445165634155273,28.445165634155273,28.108601929809527,28.235648908196517,222201600,AAPL
2015-05-11,28.15541648864746,28.43179913893094,28.00162210800377,28.39390831197934,168143200,AAPL
2015-05-12,28.05510711669922,28.28022432857065,27.821072418620798,27.99492598838774,192640000,AAPL
2015-05-13,28.08631706237793,28.349326840514745,28.05511265654073,28.11752146821513,138776800,AAPL
2015-05-14,28.74160385131836,28.74160385131836,28.342633094093767,28.39835547589199,180814000,AAPL
2015-05-15,28.701496124267578,28.861976916065597,28.576678486430353,28.76836368768768,152832000,AAPL
2015-05-18,29.01799964904785,29.136130873437025,28.610111243675085,28.614569988281932,203531600,AAPL
2015-05-19,28.991243362426758,29.17178334106786,28.895399094133392,29.1294337853818,178532800,AAPL
2015-05-20,28.989023208618164,29.19408124930763,28.828542411378464,28.9756503756858,145819600,AAPL
2015-05-21,29.28546714782715,29.33896188120111,28.93775988346067,28.991254616834635,158921600,AAPL
2015-05-22,29.541784286499023,29.637628577188966,29.28769029403118,29.33227093213358,182384000,AAPL
2015-05-26,28.89095115661621,29.624259903389834,28.77950634777134,29.55516466607012,282790400,AAPL
2015-05-27,29.430343627929688,29.479379615911192,28.986795465313783,29.05143195800268,183332800,AAPL
2015-05-28,29.372390747070312,29.410281570342445,29.220827453981784,29.39022232290873,122933200,AAPL
2015-05-29,29.03805923461914,29.298839680217583,28.953360091236068,29.24980369205114,203538000,AAPL
2015-06-01,29.095998764038086,29.285456231552317,28.986785067186457,29.0380487085867,128451200,AAPL
2015-06-02,28.966733932495117,29.122755972398,28.824084724437427,28.944443612069538,134670400,AAPL
2015-06-03,29.00239372253418,29.185164827397315,28.95335773835263,29.12275601135268,123934000,AAPL
2015-06-04,28.832990646362305,29.104916153621996,28.732691034903272,28.882026616591066,153800400,AAPL
2015-06-05,28.674739837646484,28.90654687899434,28.61010336326613,28.864197319458214,142507200,AAPL
2015-06-08,28.48529624938965,28.79957145337101,28.269093029716736,28.73047280913482,210699200,AAPL
2015-06-09,28.400590896606445,28.54769884094166,27.999390658489013,28.24011012115443,224301600,AAPL
2015-06-10,28.726009368896484,28.828536668303414,28.49643167937827,28.512033881528776,156349200,AAPL
2015-06-11,28.661367416381836,29.01576099697763,28.636849428987016,28.792871439215535,141563600,AAPL
2015-06-12,28.344871520996094,28.603424286898427,28.33149868845383,28.572219877291285,147544800,AAPL
2015-06-15,28.28914451599121,28.360469112134883,28.019448333681943,28.106375132091024,175955600,AAPL
2015-06-16,28.440717697143555,28.496440107091136,28.166564392488727,28.313670670483585,125976400,AAPL
2015-06-17,28.373842239379883,28.503116894392807,28.2490229269188,28.467455448341372,131672400,AAPL
2015-06-18,28.50312042236328,28.59896301497603,28.35601417586037,28.358243547924655,141628800,AAPL
2015-06-19,28.21782684326172,28.489752464188214,28.17324959742682,28.46523446882514,218867600,AAPL
2015-06-22,28.44293975830078,28.543239390218766,28.32480855166014,28.41619239621679,136157200,AAPL
2015-06-23,28.313663482666016,28.442939849048923,28.280229705082498,28.413964815416577,121075600,AAPL
2015-06-24,28.55438232421875,28.931066233444163,28.333722130888372,28.353781375503665,221123600,AAPL
2015-06-25,28.418415069580078,28.797326590302948,28.418415069580078,28.72154496636324,127752400,AAPL
2015-06-26,28.25125503540039,28.527637645993725,28.19776201088517,28.45631304646923,176267200,AAPL
2015-06-29,27.756441116333008,28.18884747671424,27.745297656841196,27.963728508622573,196645600,AAPL
2015-06-30,27.957042694091797,28.11083706279536,27.82999568966663,27.988247102160244,177482800,AAPL
2015-07-01,28.21782684326172,28.29361020179656,28.081864032798475,28.284694412526996,120955200,AAPL
2015-07-02,28.18216323852539,28.23788564182807,28.032825905284497,28.1799338662497,108844000,AAPL
2015-07-06,28.084089279174805,28.13535463481475,27.827765902000436,27.847826850037865,112241600,AAPL
2015-07-07,28.014991760253906,28.117520762647978,27.587042475701974,28.05956899589914,187787200,AAPL
2015-07-08,27.319576263427734,27.780957634634593,27.31288984798471,27.74529618543428,243046400,AAPL
2015-07-09,26.762351989746094,27.65168094402224,26.572896185523614,27.604874335956396,314380000,AAPL
2015-07-10,27.47782325744629,27.604870232026634,27.016441960232164,27.179152078806016,245418000,AAPL
2015-07-13,28.008302688598633,28.030591304307357,27.70962979646213,27.86788117866016,165762000,AAPL
2015-07-14,27.99716567993164,28.16656226954835,27.870118662847325,28.093008285838255,127072400,AAPL
2015-07-15,28.266855239868164,28.340409206196515,27.990472648815775,28.021677052619474,134596800,AAPL
2015-07-16,28.64354133605957,28.656917568950988,28.384990283744607,28.47191709189912,144889600,AAPL
2015-07-17,28.89095115661621,28.89095115661621,28.598966301606755,28.77059225951504,184658800,AAPL
2015-07-20,29.43703269958496,29.6376319900446,29.131671618341215,29.191852765889337,235600800,AAPL
2015-07-21,29.14281463623047,29.626484650750797,29.046973742576704,29.610884147585793,307025600,AAPL
2015-07-22,27.91023063659668,27.97263944055738,27.190296618307492,27.190296618307492,461802400,AAPL
2015-07-23,27.89686393737793,28.327039244992637,27.874573616340435,28.12866763145066,203998000,AAPL
2015-07-24,27.749752044677734,28.02613464110773,27.616018639986606,27.93252142787519,168649200,AAPL
2015-07-27,27.364154815673828,27.551382959642904,27.2192779394094,27.435479418016175,177822000,AAPL
2015-07-28,27.5001163482666,27.618249256588875,27.31511928535405,27.5001163482666,134472400,AAPL
2015-07-29,27.413190841674805,27.526865011387642,27.252710061024363,27.448853993158306,148046800,AAPL
2015-07-30,27.274999618530273,27.319576856125906,27.127891673541978,27.26385445887506,134513200,AAPL
2015-07-31,27.036502838134766,27.33517401604901,26.949576050502273,27.32625823007231,171540000,AAPL
2015-08-03,26.399045944213867,27.3195794210381,26.193986210689026,27.081087606434046,279904000,AAPL
2015-08-04,25.55205726623535,26.234098728796525,25.242240935169182,26.171689928367694,496554400,AAPL
2015-08-05,25.721458435058594,26.17615339227184,24.985922124755167,25.175377931799204,397250400,AAPL
2015-08-06,25.777433395385742,26.084174951835017,25.55129714288187,25.96550902150507,211612000,AAPL
2015-08-07,25.8647518157959,26.028198458805463,25.63637611641484,25.65428840489449,154681600,AAPL
2015-08-10,26.805124282836914,26.86557611627786,26.09088763872919,26.09088763872919,219806400,AAPL
2015-08-11,25.410242080688477,26.460326666452644,25.37441920642854,26.377483600648247,388331200,AAPL
2015-08-12,25.802059173583984,25.84236096646408,24.54598862173229,25.19529452559621,404870000,AAPL
2015-08-13,25.781909942626953,26.061783038599437,25.6453317351356,25.981179450302577,194143200,AAPL
2015-08-14,25.963272094726562,26.041636234844617,25.526670665347304,25.596078659707562,171718000,AAPL
2015-08-17,26.231952667236328,26.341662468940665,25.860280286468257,25.981185697987623,163538800,AAPL
2015-08-18,26.08417510986328,26.29464024535976,25.97446532375149,26.068502283275883,138242800,AAPL
2015-08-19,25.750568389892578,26.088653913711482,25.676681470828807,25.99461694847219,193146000,AAPL
2015-08-20,25.2221622467041,25.60278895124628,24.99378485741103,25.542337117733236,274006400,AAPL
2015-08-21,23.679508209228516,25.05424500021834,23.65487923510572,24.725113898950227,513102000,AAPL
2015-08-24,23.08841323852539,24.360156748493395,20.598661378669732,21.241250669242508,648825200,AAPL
2015-08-25,23.227222442626953,24.87735447195696,23.17348729820512,24.87735447195696,414406400,AAPL
2015-08-26,24.55942726135254,24.604206278523865,23.5205383474457,23.977289788865253,387098400,AAPL
2015-08-27,25.28261947631836,25.354266931578447,24.633313452155644,25.12813066516353,338464400,AAPL
2015-08-28,25.365459442138672,25.369936660203646,24.97363709537357,25.114692525253453,212657600,AAPL
2015-08-31,25.246793746948242,25.643093315356374,25.076630419375142,25.08334710063818,224917200,AAPL
2015-09-01,24.118345260620117,25.0497620770223,24.037741668751384,24.662418651629118,307383600,AAPL
2015-09-02,25.152759552001953,25.152759552001953,24.434045489638624,24.680335234425904,247555200,AAPL
2015-09-03,24.711673736572266,25.25126813889937,24.637786834528608,25.186337380274008,212935600,AAPL
2015-09-04,24.46538543701172,24.729585703954335,24.295223827137335,24.398216919917026,199985200,AAPL
2015-09-08,25.146032333374023,25.202006941334137,24.70047493231018,25.020649758170403,219374400,AAPL
2015-09-09,24.66242027282715,25.528906380060143,24.577337749033934,25.47069399960268,340043200,AAPL
2015-09-10,25.204252243041992,25.363219961491765,24.60644370150344,24.689285047222274,251571200,AAPL
2015-09-11,25.57144546508789,25.57144546508789,25.022894866595465,25.02961154775262,199662000,AAPL
2015-09-14,25.817733764648438,26.171493781000002,25.716980129659266,26.102085797261235,233453600,AAPL
2015-09-15,26.0349178314209,26.090892457549067,25.61846647637051,25.956553696483464,173364800,AAPL
2015-09-16,26.06402015686035,26.09312634126747,25.846838380610528,26.02819558385806,148694000,AAPL
2015-09-17,25.506513595581055,26.081932601991664,25.46173458433275,25.896098167922393,256450400,AAPL
2015-09-18,25.40128517150879,25.59160027079234,25.047526825406674,25.123651498552046,297141200,AAPL
2015-09-21,25.795337677001953,25.831162245411523,25.448296138633808,25.450533893002323,200888000,AAPL
2015-09-22,25.390090942382812,25.564731503889117,25.193059163690542,25.385612015661604,201384800,AAPL
2015-09-23,25.5960750579834,25.685634794748932,25.367699352030687,25.4415845547681,143026800,AAPL
2015-09-24,25.748319625854492,25.860268841619078,25.159467365888187,25.356497370678444,200878000,AAPL
2015-09-25,25.683395385742188,26.126715144151163,25.528904882201047,26.070740522080886,224607600,AAPL
2015-09-28,25.17514419555664,25.652047315679575,25.17514419555664,25.49084014600147,208436000,AAPL
2015-09-29,24.418367385864258,25.4147166346998,24.149689896408503,25.26246560181892,293461600,AAPL
2015-09-30,24.69600486755371,24.973638525143357,24.34448429608788,24.666896969730384,265892000,AAPL
2015-10-01,24.534799575805664,24.543755721351502,24.026548992392478,24.420610855358852,255716400,AAPL
2015-10-02,24.713909149169922,24.854966259378173,24.080277863313544,24.18327094054889,232079200,AAPL
2015-10-05,24.803476333618164,24.935577341025226,24.42061009161065,24.6019673356642,208258800,AAPL
2015-10-06,24.922142028808594,25.018418454224744,24.577338126346334,24.769890977178633,192787200,AAPL
2015-10-07,24.803476333618164,25.025135377262504,24.49673647226439,25.018418695365714,187062400,AAPL
2015-10-08,24.51688003540039,24.671370511017653,24.228050832737917,24.671370511017653,247918400,AAPL
2015-10-09,25.103496551513672,25.139319417702776,24.51464249435338,24.6288311899875,211064400,AAPL
2015-10-12,24.98707389831543,25.244557531856653,24.95125102423349,25.2400803131752,121868800,AAPL
2015-10-13,25.02960968017578,25.177381779236768,24.78108224664574,24.812427895180186,132197200,AAPL
2015-10-14,24.675851821899414,24.969158290563232,24.530317465036724,24.917662595621124,177849600,AAPL
2015-10-15,25.045286178588867,25.099021339929475,24.738544620691677,24.837060506657778,150694000,AAPL
2015-10-16,24.861690521240234,25.07663288383072,24.747501803916833,25.027374938781016,156930400,AAPL
2015-10-19,25.01618194580078,25.0206591645086,24.653465734903268,24.80795625757982,119036800,AAPL
2015-10-20,25.472932815551758,25.562492561490735,24.812432892145672,24.928859366119294,195871200,AAPL
2015-10-21,25.47068977355957,25.878184910201075,25.45725470412081,25.52442492668545,167180800,AAPL
2015-10-22,25.860271453857422,25.860271453857422,25.54681327641116,25.59831067247697,166616400,AAPL
2015-10-23,26.661834716796875,26.69541983460637,26.046113820393007,26.12895517501837,237467600,AAPL
2015-10-26,25.811016082763672,26.44912639877976,25.730412494613237,26.437932499887086,265335200,AAPL
2015-10-27,25.64757537841797,26.093132941527404,25.522191049403634,25.837888773055862,279537600,AAPL
2015-10-28,26.704374313354492,26.711092703494916,25.985660307234276,26.180452624265197,342205600,AAPL
2015-10-29,26.98649024963379,27.022314835306666,26.48047908037116,26.576755519104182,204909200,AAPL
2015-10-30,26.75587272644043,27.14097844820156,26.74467711732942,27.08948103778508,197461200,AAPL
2015-11-02,27.132017135620117,27.172318929250643,26.780496599924348,27.046936330493363,128813200,AAPL
2015-11-03,27.443239212036133,27.64922542308177,27.024548400015334,27.04470015338393,182076000,AAPL
2015-11-04,27.315614700317383,27.72310986768225,27.230533892435876,27.5686193690615,179544400,AAPL
2015-11-05,27.189695358276367,27.58769302350806,27.023301736159723,27.39881233945184,158210800,AAPL
2015-11-06,27.22117805480957,27.389820743995365,27.122242177042295,27.23242158696415,132169200,AAPL
2015-11-09,27.11099624633789,27.38981832077774,26.994071413676664,27.19869029971431,135485600,AAPL
2015-11-10,26.25653839111328,26.548853035442512,26.09689020446397,26.285770884859364,236511600,AAPL
2015-11-11,26.108129501342773,26.40269143163665,25.905757989280634,26.166592763832202,180872000,AAPL
2015-11-12,26.020437240600586,26.267779454208373,26.004697328339777,26.141860156121886,130102400,AAPL
2015-11-13,25.260419845581055,25.986708287440823,25.244679933368456,25.903510628304637,183249600,AAPL
2015-11-16,25.674156188964844,25.68764705151674,24.959111309845696,25.044556298543846,152426800,AAPL
2015-11-17,25.563983917236328,25.869789467274707,25.480786238813977,25.840556969587904,110467600,AAPL
2015-11-18,26.373456954956055,26.4184276333124,25.97096303623751,26.029426290517893,186698800,AAPL
2015-11-19,26.708498001098633,26.92660943341436,26.254287891164125,26.452161313671542,173183200,AAPL
2015-11-20,26.825429916381836,26.96484010195741,26.72424327806962,26.802942853075518,137148400,AAPL
2015-11-23,26.476896286010742,26.922113640808906,26.384704146405184,26.818677971561094,129930000,AAPL
2015-11-24,26.73099136352539,26.836674395673175,26.335244399788554,26.382464149477986,171212800,AAPL
2015-11-25,26.539854049682617,26.809683302235452,26.5151196586439,26.805185204489334,85553200,AAPL
2015-11-27,26.490394592285156,26.625310123812973,26.44317484245932,26.598326674402962,52185600,AAPL
2015-11-30,26.60057258605957,26.850163888211174,26.476900601922452,26.530865778854082,156721200,AAPL
2015-12-01,26.38470458984375,26.715244466828874,26.276774251759907,26.701753603448843,139409600,AAPL
2015-12-02,26.14635467529297,26.557843129313408,26.10138399075898,26.384702391262085,133546400,AAPL
2015-12-03,25.90350914001465,26.26103243333327,25.68315038169898,26.20706726820804,166278000,AAPL
2015-12-04,26.764711380004883,26.814180162965098,25.883272913417102,25.923747216246216,231108000,AAPL
2015-12-07,26.596073150634766,26.951347454917414,26.49039013596013,26.7534740057645,128336800,AAPL
2015-12-08,26.584829330444336,26.668025277025105,26.27677479127488,26.42517943806766,137238000,AAPL
2015-12-09,25.997955322265625,26.46340903533202,25.876532390745435,26.45216550415493,185445600,AAPL
2015-12-10,26.121620178222656,26.294760915571914,25.973215547444934,26.092389404946253,116850800,AAPL
2015-12-11,25.449302673339844,25.946236190364907,25.375099488513708,25.901265498936777,187544800,AAPL
2015-12-14,25.29190444946289,25.336875142511982,24.687038849477336,25.224446694367277,257274800,AAPL
2015-12-15,24.844440460205078,25.363861108818906,24.812960628837228,25.170484021546596,213292400,AAPL
2015-12-16,25.035568237304688,25.181725576003608,24.46443317956414,24.974857624733634,224954000,AAPL
2015-12-17,24.50490379333496,25.24018504378991,24.50490379333496,25.188467206019784,179091200,AAPL
2015-12-18,23.841575622558594,24.626325683386437,23.79210683258561,24.489164559627596,385813200,AAPL
2015-12-21,24.133893966674805,24.142888449460955,23.738145301695116,24.122650434311574,190362400,AAPL
2015-12-22,24.11140251159668,24.221581895661817,23.93601271496503,24.149627767116172,131157600,AAPL
2015-12-23,24.421703338623047,24.47566850387436,24.104654347288033,24.120394258633066,130629600,AAPL
2015-12-24,24.291296005249023,24.509407520974303,24.273307037544956,24.509407520974303,54281600,AAPL
2015-12-28,24.01921272277832,24.214838833050326,23.87530445160877,24.19235177181853,106816800,AAPL
2015-12-29,24.450937271118164,24.606089071221,24.02820694358233,24.05069228904836,123724800,AAPL
2015-12-30,24.13164710998535,24.441949074455422,24.100167275134286,24.414967339167273,100855200,AAPL
2015-12-31,23.668432235717773,24.06642810075344,23.569494673903023,24.061931718635318,163649200,AAPL
2016-01-04,23.688674926757812,23.69317302561246,22.93540462767866,23.07256747887027,270597600,AAPL
2016-01-05,23.09505271911621,23.80110327006872,23.027596676308974,23.778617922466307,223164000,AAPL
2016-01-06,22.643085479736328,23.018597745768474,22.456455586733096,22.611605656072086,273829600,AAPL
2016-01-07,21.687442779541016,22.514916066969125,21.682946397311802,22.188874316419493,324377600,AAPL
2016-01-08,21.802122116088867,22.285564734277752,21.75715142787112,22.159645434850617,283192000,AAPL
2016-01-11,22.155149459838867,22.274323339005928,21.887569207392257,22.254087042025237,198957600,AAPL
2016-01-12,22.47669219970703,22.640838467302366,22.224851891300492,22.609358643191765,196616800,AAPL
2016-01-13,21.89881134033203,22.753268167980142,21.878575044643163,22.557642065378527,249758400,AAPL
2016-01-14,22.37775993347168,22.59362408642669,21.527801049979146,22.02698368708356,252680400,AAPL
2016-01-15,21.840347290039062,21.970764687107888,21.442351382699396,21.631230331125874,319335600,AAPL
2016-01-19,21.734661102294922,22.182125694935696,21.473826366952867,22.128160538338562,212350800,AAPL
2016-01-20,21.763887405395508,22.078687232737202,21.006119457893412,21.383878907599236,289337600,AAPL
2016-01-21,21.653724670410156,22.00899734267794,21.347919085416407,21.824614714860154,208646000,AAPL
2016-01-22,22.80498504638672,22.813979527720896,22.119172570994266,22.177634126383563,263202000,AAPL
2016-01-25,22.359773635864258,22.829723795434656,22.30805578720919,22.82747474579168,207178000,AAPL
2016-01-26,22.483440399169922,22.683562898019467,22.051715573484742,22.469949534467872,300308000,AAPL
2016-01-27,21.006132125854492,21.7279226012767,20.988143161324587,21.59525784779332,533478800,AAPL
2016-01-28,21.15678596496582,21.253474505464897,20.77452990188878,21.089329920875684,222715200,AAPL
2016-01-29,21.8875675201416,21.8875675201416,21.21524594021095,21.314183514770498,257666000,AAPL
2016-02-01,21.682947158813477,21.745906805363436,21.45134486663825,21.69194163910943,163774000,AAPL
2016-02-02,21.244478225708008,21.59525440043462,21.19950582156241,21.455842520865982,149428800,AAPL
2016-02-03,21.664962768554688,21.77514217326002,21.154538341615158,21.361406285496777,183857200,AAPL
2016-02-04,21.839031219482422,22.004068138263232,21.5202636432484,21.6717347732662,185886800,AAPL
2016-02-05,21.255760192871094,21.911383881383404,21.181156088787205,21.820952730410887,185672400,AAPL
2016-02-08,21.479576110839844,21.635568066922946,21.034204147813604,21.05455024976029,216085600,AAPL
2016-02-09,21.47505760192871,21.689831825380146,21.235416490857723,21.316804363453706,177324800,AAPL
2016-02-10,21.31228256225586,21.78252323619257,21.27384987804408,21.685310036530954,169374400,AAPL
2016-02-11,21.18341636657715,21.414015895957743,20.93247073304399,21.20376419556052,200298800,AAPL
2016-02-12,21.248973846435547,21.36427358364902,21.027419382584206,21.29419027516161,161405600,AAPL
2016-02-16,21.848081588745117,21.89555755273619,21.38914554533407,21.48183622031741,196231600,AAPL
2016-02-17,22.18267822265625,22.20302432690373,21.737306209266045,21.854865502856725,179452800,AAPL
2016-02-18,21.762168884277344,22.35675067446957,21.723734489797046,22.34544613641707,156084000,AAPL
2016-02-19,21.71243667602539,21.87521240241181,21.65817867550683,21.703393388467173,141496800,AAPL
2016-02-22,21.9023380279541,21.906860533629825,21.685304325943907,21.773474213484594,137123200,AAPL
2016-02-23,21.4072322845459,21.816431114118785,21.375581641641404,21.79382375844853,127770400,AAPL
2016-02-24,21.725997924804688,21.789299204664644,21.097504182151525,21.246715820247577,145022800,AAPL
2016-02-25,21.875211715698242,21.875211715698242,21.53383495162281,21.71469724744798,110330800,AAPL
2016-02-26,21.90912628173828,22.160070203651877,21.834520446256214,21.974687104013064,115964400,AAPL
2016-02-29,21.859386444091797,22.207545243210323,21.85034315679682,21.897819121472434,140865200,AAPL
2016-03-01,22.727521896362305,22.78177989666207,22.024422246230593,22.076420718272963,201628400,AAPL
2016-03-02,22.777257919311523,22.808908561560344,22.526312309459705,22.72299992186078,132678400,AAPL
2016-03-03,22.946815490722656,22.994291453723786,22.70943395088638,22.738825064766097,147822800,AAPL
2016-03-04,23.28819465637207,23.455491170685054,22.917428476094212,23.143505499426116,184220400,AAPL
2016-03-07,23.03046989440918,23.247503657219692,22.824738949293295,23.148029202453237,143315600,AAPL
2016-03-08,22.840560913085938,23.00559789558876,22.698133012307633,22.784041658436184,126247600,AAPL
2016-03-09,22.86090850830078,22.96490372881502,22.668741664588698,22.90386196851119,108806800,AAPL
2016-03-10,22.872209548950195,23.114111868612827,22.641611769157,22.926469270526752,134054400,AAPL
2016-03-11,23.11863136291504,23.12315214337554,22.9468123832994,23.114108857624146,109632800,AAPL
2016-03-14,23.177419662475586,23.265591303595915,23.01012311936668,23.03951424135049,100304400,AAPL
2016-03-15,23.643138885498047,23.778784773873998,23.47810187600609,23.5029704901053,160270800,AAPL
2016-03-16,23.957380294799805,24.034245647936118,23.645392926626023,23.649915432593247,153214000,AAPL
2016-03-17,23.918947219848633,24.070418395445465,23.729041643493137,23.855644211176386,137682800,AAPL
2016-03-18,23.946077346801758,24.077202431278902,23.78104208946911,24.041029280458684,176820800,AAPL
2016-03-21,23.943817138671875,24.33719065610366,23.769736873745998,23.948337919980663,142010800,AAPL
2016-03-22,24.12693977355957,24.25580360555607,23.785562991493798,23.7946062792447,129777600,AAPL
2016-03-23,23.99355125427246,24.206064185024427,23.941554510469715,24.072679583692445,102814000,AAPL
2016-03-24,23.88956069946289,24.020685798250415,23.713220882046333,23.844345980833857,104532000,AAPL
2016-03-28,23.781047821044922,24.007124893666834,23.751656697712118,23.964169697922692,77645600,AAPL
2016-03-29,24.343969345092773,24.368837950950414,23.710953109348186,23.713214362107195,124760400,AAPL
2016-03-30,24.768997192382812,24.96342356311957,24.55196346512961,24.563268005803202,182404400,AAPL
2016-03-31,24.640127182006836,24.84585804181008,24.615258578627756,24.80516412035616,103553600,AAPL
2016-04-01,24.8662109375,24.86847219065177,24.461532864872428,24.592657950382524,103496000,AAPL
2016-04-04,25.121681213378906,25.363583576296314,24.929514350220664,24.963426251062174,149424800,AAPL
2016-04-05,24.825523376464844,25.03351559903986,24.737353454055384,24.75770128798207,106314800,AAPL
2016-04-06,25.08550453186035,25.090027037913124,24.68760851591967,24.920469282378427,105616400,AAPL
2016-04-07,24.538400650024414,24.96342483867555,24.443448712905145,24.85716836030506,127207600,AAPL
2016-04-08,24.565528869628906,24.816472765264848,24.454749892241516,24.622048122439764,94326800,AAPL
2016-04-11,24.646913528442383,25.006376851669792,24.603960071767485,24.635610713456614,117630000,AAPL
2016-04-12,24.967945098876953,24.981509167293467,24.5655283041007,24.719259012369672,108929200,AAPL
2016-04-13,25.329669952392578,25.397492024631045,25.049334925845812,25.049334925845812,133029200,AAPL
2016-04-14,25.343233108520508,25.408795650036424,25.16915456540157,25.234717106917486,101895600,AAPL
2016-04-15,24.83456039428711,25.38845013024312,24.807432255678037,25.345494944337705,187756000,AAPL
2016-04-18,24.298757553100586,24.63108930565179,24.17667576192985,24.61752523713194,243286000,AAPL
2016-04-19,24.16989517211914,24.41631829738695,24.01616272866088,24.389188433895217,129539600,AAPL
2016-04-20,24.219635009765625,24.436668782114527,23.97773262263216,24.108857732436007,122444000,AAPL
2016-04-21,23.957380294799805,24.174414010799026,23.855644608505056,24.174414010799026,126210000,AAPL
2016-04-22,23.891815185546875,24.072677458496123,23.65217413999502,23.7403440237294,134732400,AAPL
2016-04-25,23.756168365478516,23.885032169081093,23.62730456187594,23.738081793961914,112126400,AAPL
2016-04-26,23.591136932373047,23.80591113845957,23.49166421544458,23.49166421544458,224064800,AAPL
2016-04-27,22.11485481262207,22.31606322957976,21.631050110630447,21.7033946906059,458408400,AAPL
2016-04-28,21.43888282775879,22.128416659063998,21.30775775071809,22.067376626555074,328970800,AAPL
2016-04-29,21.192461013793945,21.414017269485193,20.91438722355462,21.248980273172936,274126000,AAPL
2016-05-02,21.16984748840332,21.269321907880144,20.889512526495484,21.24445330301094,192640400,AAPL
2016-05-03,21.51801109313965,21.644613673926738,21.17889555903354,21.296454851931436,227325200,AAPL
2016-05-04,21.294193267822266,21.68078473240166,21.210544156545893,21.52252979686506,164102000,AAPL
2016-05-05,21.207761764526367,21.39654856740518,21.080388372382743,21.380626893387227,143562000,AAPL
2016-05-06,21.08949089050293,21.255530990193993,20.891605701145775,21.237336027241078,174799600,AAPL
2016-05-09,21.105411529541016,21.32831499891088,21.059919786064714,21.1531765586917,131745600,AAPL
2016-05-10,21.24870491027832,21.282823281311984,20.950741389604683,21.22823492885758,134747200,AAPL
2016-05-11,21.04172134399414,21.282821470879867,21.03034797617292,21.262351491200416,114876400,AAPL
2016-05-12,20.548152923583984,21.103140142228636,20.350269445219904,21.089493484502253,305258800,AAPL
2016-05-13,20.58909034729004,20.850662223051433,20.47081528916561,20.47081528916561,177571200,AAPL
2016-05-16,21.353330612182617,21.46933236491437,20.846110358379693,21.01442543613503,245039200,AAPL
2016-05-17,21.264623641967773,21.539842122301142,21.155446952171033,21.505725491322284,187667600,AAPL
2016-05-18,21.507999420166016,21.655844521716993,21.35560601279247,21.417019421056718,168249600,AAPL
2016-05-19,21.426118850708008,21.526198945289668,21.282823771465388,21.526198945289668,121768400,AAPL
2016-05-20,21.658113479614258,21.70587848637562,21.498895055077952,21.526190088369486,128104000,AAPL
2016-05-23,21.933332443237305,22.106197521104765,21.760467365369845,21.805959088667496,152074400,AAPL
2016-05-24,22.2676944732666,22.31090945140186,22.026592621394197,22.113026048329143,140560800,AAPL
2016-05-25,22.658920288085938,22.686213599874208,22.315464986978153,22.442838402877136,152675200,AAPL
2016-05-26,22.838598251342773,22.91138327478761,22.436004734685525,22.6725564947142,225324800,AAPL
2016-05-27,22.824954986572266,22.85225002723643,22.574756520813573,22.617973234698777,145364800,AAPL
2016-05-31,22.713504791259766,22.836329879454723,22.47695296236566,22.654366400203152,169228800,AAPL
2016-06-01,22.395069122314453,22.640719293791147,22.36550079504371,22.52244251404356,116693200,AAPL
2016-06-02,22.226755142211914,22.2540484501803,21.978829937727227,22.199460098911132,160766400,AAPL
2016-06-03,22.27224349975586,22.35185186766778,22.165340090560306,22.242675173197796,114019600,AAPL
2016-06-06,22.433738708496094,23.17523762515351,22.188090240469847,22.288168603246266,93170000,AAPL
2016-06-07,22.524717330932617,22.715779152130132,22.508795657110518,22.57475737303988,89638000,AAPL
2016-06-08,22.504247665405273,22.645267711132405,22.44510927524069,22.522442624790106,83392400,AAPL
2016-06-09,22.665742874145508,22.743076235457888,22.395072638887008,22.40417098762951,106405600,AAPL
2016-06-10,22.47922706604004,22.597502107995926,22.399618697864703,22.410990330271307,126851600,AAPL
2016-06-13,22.140321731567383,22.545190398665728,22.085733380235403,22.447385329224215,152082000,AAPL
2016-06-14,22.167613983154297,22.399617483928846,22.00612223494136,22.135770637609895,127727600,AAPL
2016-06-15,22.094829559326172,22.383696433074892,22.069809539227236,22.249497985695854,117780800,AAPL
2016-06-16,22.18808364868164,22.23357364230803,21.851451795717487,21.937883477740435,125307200,AAPL
2016-06-17,21.68313980102539,21.983378313250622,21.676316474550408,21.976554986775636,244032800,AAPL
2016-06-20,21.630828857421875,21.965185801011977,21.614907180838184,21.835537367306898,137647600,AAPL
2016-06-21,21.815065383911133,21.915143740976294,21.53529682349623,21.594435217670487,142185600,AAPL
2016-06-22,21.733179092407227,22.037965899988716,21.68768735858985,21.892395822437525,116876400,AAPL
2016-06-23,21.8582763671875,21.901493078328414,21.664941280256883,21.821884717278408,128960800,AAPL
2016-06-24,21.244155883789062,21.530747761291018,21.07356576973615,21.132704161834226,301245600,AAPL
2016-06-27,20.934810638427734,21.16453905277008,20.811985597155537,21.153165688912186,181958400,AAPL
2016-06-28,21.28736686706543,21.303290273971506,20.957560069318394,21.130425171644948,161779600,AAPL
2016-06-29,21.47160530090332,21.50572366431587,21.296465178540526,21.373800251297773,146124000,AAPL
2016-06-30,21.74455451965332,21.78322119864781,21.448866007225885,21.480709358789877,143345600,AAPL
2016-07-01,21.81051254272461,21.942435968436794,21.683139158082344,21.719530809980615,104106000,AAPL
2016-07-05,21.60580825805664,21.699065029378403,21.485258176363672,21.696790008403283,110820800,AAPL
2016-07-06,21.72862434387207,21.758194398280093,21.464779286221916,21.517092599613008,123796400,AAPL
2016-07-07,21.821884155273438,21.949257529673048,21.74909912199765,21.76729407881754,100558400,AAPL
2016-07-08,21.990205764770508,22.037970794387704,21.846910675918924,21.94698904187908,115648400,AAPL
2016-07-11,22.058441162109375,22.210834590412393,22.001577787190417,22.006126093637636,95179600,AAPL
2016-07-12,22.158517837524414,22.222204534939202,22.09028283400815,22.101654466928018,96670000,AAPL
2016-07-13,22.033416748046875,22.21537847033125,22.02659168673724,22.1562418216382,103568800,AAPL
2016-07-14,22.47012710571289,22.515617102737988,22.135770248048757,22.15169192054076,155676000,AAPL
2016-07-15,22.467853546142578,22.586130322629735,22.404166852033615,22.499696893197058,120548000,AAPL
2016-07-18,22.706682205200195,22.774917210646212,22.426913650407556,22.449658652222894,145975600,AAPL
2016-07-19,22.715778350830078,22.7453466767903,22.59522655576401,22.645266596106108,95119600,AAPL
2016-07-20,22.73624610900879,22.849972831283942,22.68620607355459,22.74534445503065,105104000,AAPL
2016-07-21,22.615697860717773,22.972799727665222,22.547461127789845,22.706679592844274,130808000,AAPL
2016-07-22,22.44056510925293,22.586135223181515,22.36095498901132,22.577036874144397,113254800,AAPL
2016-07-25,22.140321731567383,22.481501964223952,22.04479168290332,22.347305239005255,161531600,AAPL
2016-07-26,21.98792266845703,22.283612821681754,21.93105931093935,22.022041030034032,224959200,AAPL
2016-07-27,23.416330337524414,23.73476549220927,23.37084034485457,23.71656880100854,369379200,AAPL
2016-07-28,23.73249626159668,23.757516284268405,23.3867677211011,23.389042741889188,159479200,AAPL
2016-07-29,23.70292091369629,23.780255979598845,23.5823708776115,23.698372608799385,110934800,AAPL
2016-08-01,24.121442794799805,24.144187796248808,23.74841921797252,23.74841921797252,152671600,AAPL
2016-08-02,23.76433753967285,24.12598769708519,23.655159118655995,24.121439391570046,135266400,AAPL
2016-08-03,24.06230354309082,24.07367517574286,23.830300024735596,23.839398372056618,120810400,AAPL
2016-08-04,24.210948944091797,24.240677448708052,24.076023511408614,24.14462990019436,109634800,AAPL
2016-08-05,24.579137802124023,24.61801394922219,24.281845718440106,24.302426592292093,162213600,AAPL
2016-08-08,24.78265953063965,24.78265953063965,24.505950159200445,24.588275371476584,112148800,AAPL
2016-08-09,24.883291244506836,24.91302150307512,24.700343725569358,24.750654860315546,105260800,AAPL
2016-08-10,24.698049545288086,24.903866973778754,24.64316547926824,24.860416143116,96034000,AAPL
2016-08-11,24.682035446166992,24.910721032902632,24.663740180492326,24.81695910486939,109938000,AAPL
2016-08-12,24.73921012878418,24.798668877758047,24.647735532993494,24.647735532993494,74641600,AAPL
2016-08-15,25.036502838134766,25.050223417235557,24.71634261616451,24.7300631952653,103472800,AAPL
2016-08-16,25.013635635375977,25.208019832624814,24.974759493819427,25.070807047570803,135177600,AAPL
2016-08-17,24.9770450592041,25.011348253023485,24.775800585987955,24.949602155202015,101424000,AAPL
2016-08-18,24.945030212402344,25.063945978389675,24.93130788748355,24.979333407599857,87938800,AAPL
2016-08-19,25.009063720703125,25.084530406646195,24.78037806249972,24.8741382751019,101472400,AAPL
2016-08-22,24.814680099487305,24.949603794044457,24.66374673466097,24.894719727168077,103280800,AAPL
2016-08-23,24.89243507385254,24.99991761896039,24.81925572852661,24.83297631054609,85030800,AAPL
2016-08-24,24.704912185668945,24.86956614412529,24.624872551622992,24.828402654511205,94700400,AAPL
2016-08-25,24.599716186523438,24.670608182261617,24.396186090273154,24.55855269825186,100344800,AAPL
2016-08-26,24.455644607543945,24.686615863863906,24.31157152765486,24.563127145006252,111065200,AAPL
2016-08-29,24.428203582763672,24.569989328491513,24.30700045491993,24.382467145939582,99881200,AAPL
2016-08-30,24.240684509277344,24.355027360736198,24.12634165781849,24.19494806658718,99455600,AAPL
2016-08-31,24.26354217529297,24.371024688063702,24.15834700708172,24.162921696200687,118649600,AAPL
2016-09-01,24.40761947631836,24.423627401559532,24.15377827268476,24.272694039514473,106806000,AAPL
2016-09-02,24.63630485534668,24.698049210690897,24.428200084710696,24.629442820545787,107210000,AAPL
2016-09-06,24.62944221496582,24.7666549918823,24.585993130693005,24.675180388848958,107521600,AAPL
2016-09-07,24.78038215637207,24.87185678371223,24.485377399185094,24.659179016658054,169457200,AAPL
2016-09-08,24.13090705871582,24.53110691368357,24.066875361078246,24.526533968737844,212008000,AAPL
2016-09-09,23.584348678588867,24.17664537470225,23.584348678588867,23.929664472583937,186228000,AAPL
2016-09-12,24.112611770629883,24.17664346358425,23.44713579442676,23.474578696292678,181171200,AAPL
2016-09-13,24.686613082885742,24.878709919520208,24.52424649480716,24.585992592013305,248704800,AAPL
2016-09-14,25.560190200805664,25.848334561750047,24.835257226232883,24.8649874725559,443554800,AAPL
2016-09-15,26.4292049407959,26.465795488414944,25.95353829014835,26.038152622967388,359934400,AAPL
2016-09-16,26.280548095703125,26.55725745562229,26.079305400688995,26.326286261433125,319547600,AAPL
2016-09-19,25.9741153717041,26.56869768588233,25.89864869187927,26.342299391140802,188092000,AAPL
2016-09-20,25.971824645996094,26.09760242933149,25.729418457821776,25.852908896533055,138057200,AAPL
2016-09-21,25.967256546020508,26.06787704672819,25.713415332100855,26.035861194948506,144012800,AAPL
2016-09-22,26.211952209472656,26.28513155432334,26.070166465503682,26.15020610131955,124296000,AAPL
2016-09-23,25.775156021118164,26.25082252945932,25.509881609176286,26.166208221954566,209924800,AAPL
2016-09-26,25.814029693603516,25.93065983719661,25.50987917403096,25.530460040394807,119477600,AAPL
2016-09-27,25.862062454223633,25.882645072478407,25.690548195944636,25.841481580702116,98429600,AAPL
2016-09-28,26.05872344970703,26.216517072188612,25.939807705263455,25.999266449851575,118564400,AAPL
2016-09-29,25.65395736694336,26.024428763645872,25.567057444388357,25.878070081062116,143548000,AAPL
2016-09-30,25.852909088134766,25.92608841405423,25.56705207364735,25.71798367003567,145516400,AAPL
2016-10-03,25.731712341308594,25.852917219146967,25.676828265790565,25.775163179490903,86807200,AAPL
2016-10-04,25.841476440429688,26.141054060318368,25.75686212840585,25.855197020048127,118947200,AAPL
2016-10-05,25.852909088134766,25.992407450783244,25.77058212838377,25.93294870324469,85812400,AAPL
2016-10-06,26.045011520385742,26.147919376772748,25.871209917964805,26.001560683597194,115117200,AAPL
2016-10-07,26.083887100219727,26.198229935826134,25.9581110278926,26.14105851802293,97433600,AAPL
2016-10-10,26.53896713256836,26.699046370084726,26.234814836554424,26.303419476318798,144944000,AAPL
2016-10-11,26.596145629882812,27.142704272655436,26.573275665796956,26.916304190285214,256164000,AAPL
2016-10-12,26.833972930908203,26.9803333498666,26.69904923690448,26.83626027589914,150347200,AAPL
2016-10-13,26.75164794921875,26.856843138239455,26.46350354336801,26.708197117656685,140769600,AAPL
2016-10-14,26.90028953552246,27.02377998282595,26.78594672261918,26.9574609419741,142608800,AAPL
2016-10-17,26.882001876831055,26.948319187419795,26.7059129294888,26.831690749018982,94499600,AAPL
2016-10-18,26.86370277404785,27.032929661416194,26.859128084135385,27.02606937128049,98214000,AAPL
2016-10-19,26.783658981323242,26.93001763056003,26.02442283413263,26.81338748219759,80138400,AAPL
2016-10-20,26.769941329956055,26.843120667344646,26.603001784381934,26.72420489836307,96503200,AAPL
2016-10-21,26.66474723815918,26.735640978196923,26.591567897760907,26.71277101672682,92770800,AAPL
2016-10-24,26.904869079589844,26.925449952154107,26.756223047048493,26.779091264808738,94154800,AAPL
2016-10-25,27.042072296142578,27.067227851810628,26.827107273063863,26.973465918005598,192516000,AAPL
2016-10-26,26.433767318725586,26.458922873973215,25.91236443674318,26.141050033734246,264536800,AAPL
2016-10-27,26.179935455322266,26.495521042006445,26.093033786794877,26.388038501290872,138248000,AAPL
2016-10-28,26.006128311157227,26.34686938759582,25.944382218308068,26.040431502214226,151446800,AAPL
2016-10-31,25.964969635009766,26.122763296228115,25.887215604578586,25.990125196790462,105677600,AAPL
2016-11-01,25.49616241455078,26.01756541298802,25.276624401773685,25.94667342040158,175303200,AAPL
2016-11-02,25.51902961730957,25.692831191466432,25.43670439242786,25.475580532320077,113326800,AAPL
2016-11-03,25.245492935180664,25.620163639537257,25.18113249553074,25.50983195833466,107730400,AAPL
2016-11-04,25.017929077148438,25.342032098134037,24.85013247706866,24.946673130842534,123348000,AAPL
2016-11-07,25.378816604614258,25.401802229569288,25.160448783314564,25.302962463940972,130240000,AAPL
2016-11-08,25.528226852416992,25.67993515045531,25.215617408299515,25.355832015750337,97016800,AAPL
2016-11-09,25.486841201782227,25.5879800242056,24.836339627049785,25.256981517140172,236705600,AAPL
2016-11-10,24.77658462524414,25.535120808105646,24.32605969000553,25.535120808105646,228538000,AAPL
2016-11-11,24.92369270324707,25.02483155418706,24.49155700560564,24.62257699264575,136575600,AAPL
2016-11-14,24.29846954345703,24.781174579940497,23.923798850418375,24.758188959858504,204702000,AAPL
2016-11-15,24.62027359008789,24.751293554170335,24.401907567847285,24.496149136690246,129058000,AAPL
2016-11-16,25.28227424621582,25.337441850694617,24.50304980828329,24.526035433304067,235362000,AAPL
2016-11-17,25.273075103759766,25.36501934101077,25.015633343885515,25.240894883775486,110528000,AAPL
2016-11-18,25.298362731933594,25.40869618010387,25.20642023776414,25.220211261151423,113715600,AAPL
2016-11-21,25.682239532470703,25.742001825508105,25.286880344973653,25.312165066524603,117058400,AAPL
2016-11-22,25.698320388793945,25.840832309420602,25.60637613935342,25.732797947854785,103862000,AAPL
2016-11-23,25.56730079650879,25.631661245999794,25.360426670508605,25.597181932717977,109705600,AAPL
2016-11-25,25.69602394104004,25.71441314355612,25.50294082200296,25.5443156508187,45903600,AAPL
2016-11-28,25.64545440673828,25.852328549976207,25.604079578090698,25.613274179311368,108776000,AAPL
2016-11-29,25.620168685913086,25.75118867920456,25.300663759225262,25.4638639786802,114115200,AAPL
2016-11-30,25.404104232788086,25.790268765543516,25.346639282995262,25.652353236778954,144649200,AAPL
2016-12-01,25.167339324951172,25.50063695889141,25.06160406808785,25.369616993463985,148347600,AAPL
2016-12-02,25.26158332824707,25.30525548210449,25.02022992316411,25.093784962687124,106112000,AAPL
2016-12-05,25.07999610900879,25.291466646708102,24.882316594384022,25.28457113517083,137298000,AAPL
2016-12-06,25.273075103759766,25.367318429206918,25.09838298204237,25.169638932908928,104782000,AAPL
2016-12-07,25.521326065063477,25.558104464389725,25.091489483504244,25.114475106237848,119994800,AAPL
2016-12-08,25.771879196166992,25.84313516687226,25.422491348076566,25.482255381982473,108273200,AAPL
2016-12-09,26.192520141601562,26.364914969441042,25.81555025835451,25.81555025835451,137610400,AAPL
2016-12-12,26.043107986450195,26.433868824113034,25.8569204135273,26.040808898127786,105497600,AAPL
2016-12-13,26.4775447845459,26.645341417576397,26.146546188104477,26.167232723536717,174935200,AAPL
2016-12-14,26.4775447845459,26.709701866064297,26.429274448179974,26.443065471801468,136127200,AAPL
2016-12-15,26.622358322143555,26.831531553286478,26.486741900476627,26.521219462804925,186098000,AAPL
2016-12-16,26.65683364868164,26.778659027184773,26.58327860390481,26.771763515751104,177404400,AAPL
2016-12-19,26.810836791992188,26.98093248862941,26.606261787656628,26.617755474786218,111117600,AAPL
2016-12-20,26.882099151611328,27.00852272541942,26.82003778590881,26.83382881080029,85700000,AAPL
2016-12-21,26.90738296508789,26.98553619546714,26.84302251282898,26.847620690099358,95132800,AAPL
2016-12-22,26.730388641357422,26.780958063359915,26.58097946372022,26.744179664197883,104343600,AAPL
2016-12-23,26.783252716064453,26.783252716064453,26.569483114990387,26.569483114990387,56998000,AAPL
2016-12-27,26.95335578918457,27.07748026929318,26.77636279296477,26.783258305133447,73187600,AAPL
2016-12-28,26.83842658996582,27.128048630534312,26.709703929355662,27.013118748301817,83623600,AAPL
2016-12-29,26.831531524658203,26.91887760528146,26.755677380235163,26.76716931643538,60158000,AAPL
2016-12-30,26.622358322143555,26.93956417139991,26.532713152708265,26.813142350917477,122345200,AAPL
2017-01-03,26.698209762573242,26.739584586867494,26.37870485695846,26.617759202470722,115127600,AAPL
2017-01-04,26.66832733154297,26.780959871312433,26.606265970880596,26.629251595063298,84472400,AAPL
2017-01-05,26.80394744873047,26.861412390220124,26.620058934487233,26.645343649037947,88774400,AAPL
2017-01-06,27.10276985168457,27.160234801667425,26.771771178602183,26.84302715539977,127007600,AAPL
2017-01-09,27.351011276245117,27.452150127850576,27.109659589946716,27.111956924799042,134247600,AAPL
2017-01-10,27.37859344482422,27.440654802259388,27.192407618828085,27.30044022223815,97848400,AAPL
2017-01-11,27.525714874267578,27.56708971416361,27.261375716803567,27.29355595297922,110354400,AAPL
2017-01-12,27.410778045654297,27.422271735829046,27.17172367028493,27.330327475503765,108344800,AAPL
2017-01-13,27.362504959106445,27.49582403552166,27.309636444772575,27.378595071522714,104447600,AAPL
2017-01-17,27.583179473876953,27.638345341791137,27.17402925893839,27.20161131604982,137759200,AAPL
2017-01-18,27.58087158203125,27.6981005484148,27.51651113105699,27.58317067062055,94852000,AAPL
2017-01-19,27.532604217529297,27.603860188276872,27.438362619478404,27.445258132300303,102389200,AAPL
2017-01-20,27.583179473876953,27.686615695427463,27.52111809168491,27.686615695427463,130391600,AAPL
2017-01-23,27.6015625,27.769359155489322,27.530304776473134,27.583173296916232,88200800,AAPL
2017-01-24,27.576276779174805,27.60615791782872,27.468242407108608,27.47973609703981,92844000,AAPL
2017-01-25,28.015308380126953,28.06587781055767,27.647533095663874,27.679713323448713,129510400,AAPL
2017-01-26,28.029102325439453,28.144032216222865,27.950949087787432,27.967039202349472,105350400,AAPL
2017-01-27,28.03139305114746,28.12333729283309,27.950942497306496,28.075066960528506,82251600,AAPL
2017-01-30,27.957841873168945,27.957841873168945,27.73487937990102,27.79694074324554,121510000,AAPL
2017-01-31,27.893474578857422,27.902669177410555,27.72567797791121,27.847503339782108,196804000,AAPL
2017-02-01,29.594444274902344,29.994401522323454,29.19448878117204,29.199085204775255,447940000,AAPL
2017-02-02,29.543874740600586,29.741554274953458,29.37147992020151,29.417452924522408,134841600,AAPL
2017-02-03,29.670303344726562,29.695588062970586,29.458832750041203,29.493310317018416,98029200,AAPL
2017-02-06,29.948427200317383,29.996699294153608,29.62892226767109,29.6817925388683,107383600,AAPL
2017-02-07,30.23345375061035,30.362174654170975,29.985204790579903,30.005891327070383,152735200,AAPL
2017-02-08,30.35067367553711,30.39205024596234,30.16219054269981,30.192073426485774,92016400,AAPL
2017-02-09,30.56999397277832,30.576919380684807,30.269880047341417,30.392233617139947,113399600,AAPL
2017-02-10,30.500736236572266,30.690040112082325,30.484578125724394,30.579230063479425,80262000,AAPL
2017-02-13,30.77084732055664,30.893204450612785,30.646186417273007,30.722369450286518,92141600,AAPL
2017-02-14,31.170223236083984,31.186381347735317,30.76160653814567,30.81239521348662,132904800,AAPL
2017-02-15,31.283342361450195,31.45879543989374,31.07788035321102,31.285653179380226,142492400,AAPL
2017-02-16,31.246402740478516,31.37337089198569,31.12866376877793,31.32027492739609,90338400,AAPL
2017-02-17,31.33182716369629,31.357221505579854,31.188697339946398,31.188697339946398,88792800,AAPL
2017-02-21,31.558061599731445,31.56960512147816,31.391844749825925,31.449558835971224,98028800,AAPL
2017-02-22,31.652708053588867,31.655015348502506,31.421851749069244,31.495723934769945,83347600,AAPL
2017-02-23,31.5188045501709,31.73811729024722,31.465708597277818,31.715033778052675,83152800,AAPL
2017-02-24,31.54882049560547,31.54882049560547,31.23023769768197,31.37567828327093,87106400,AAPL
2017-02-27,31.61115074157715,31.728889706326978,31.461095559061192,31.659632113401344,81029600,AAPL
2017-02-28,31.62500762939453,31.728892265869515,31.55805732588351,31.64578385217197,93931600,AAPL
2017-03-01,32.27141189575195,32.35452033367567,31.765839381187224,31.8327861816255,145658400,AAPL
2017-03-02,32.079795837402344,32.38452434862909,32.03362175524529,32.319884860714694,104844000,AAPL
2017-03-03,32.26909255981445,32.28063607905567,31.994373005776005,32.038236265340124,84432400,AAPL
2017-03-06,32.16752624511719,32.26679631749007,31.99669478314653,32.17445165451661,87000000,AAPL
2017-03-07,32.209083557128906,32.31527552070743,32.040555861198314,32.102888070961534,69785200,AAPL
2017-03-08,32.08901596069336,32.2737016491571,32.04746353014694,32.0774724446794,74828800,AAPL
2017-03-09,32.01515579223633,32.040550130739646,31.63886235043582,32.02901013171941,88623600,AAPL
2017-03-10,32.12135314941406,32.17214182940908,32.0059249717142,32.14674748941157,78451200,AAPL
2017-03-13,32.13520812988281,32.18830411217798,32.04748509882751,32.05441050857954,69686800,AAPL
2017-03-14,32.08673095703125,32.23909349746687,32.052100384931684,32.158295874412474,61236400,AAPL
2017-03-15,32.42607879638672,32.493025576232185,32.09595244191277,32.18367896678893,102767200,AAPL
2017-03-16,32.47917556762695,32.55535857439694,32.379905520288666,32.486100975279875,76928000,AAPL
2017-03-17,32.317562103271484,32.550725607220535,32.29447507323897,32.550725607220535,175540000,AAPL
2017-03-20,32.65694808959961,32.66618079571572,32.37299217963416,32.4122373451586,86168000,AAPL
2017-03-21,32.2829475402832,32.9662838100566,32.25755320371015,32.80699238269728,158119600,AAPL
2017-03-22,32.647701263427734,32.68925723393395,32.26447891610455,32.28525866265166,103440800,AAPL
2017-03-23,32.532264709472656,32.68463069105053,32.46069983034619,32.610754994799294,81385200,AAPL
2017-03-24,32.46763610839844,32.72157949606167,32.40068931851718,32.666172705320164,89582400,AAPL
2017-03-27,32.523040771484375,32.60153107795881,32.00130321325164,32.17906357298683,94300400,AAPL
2017-03-28,33.197139739990234,33.252543002700264,32.46301480579109,32.529965111682934,133499200,AAPL
2017-03-29,33.27101135253906,33.35643058537808,33.05631666809547,33.16943400921991,116760000,AAPL
2017-03-30,33.22714614868164,33.35873593282274,33.12787962878936,33.287171042186415,84829200,AAPL
2017-03-31,33.16481399536133,33.3056364669168,33.01475529996669,33.1786648085328,78646800,AAPL
2017-04-03,33.17406463623047,33.271023903450974,33.02400938227737,33.176375454733524,79942800,AAPL
2017-04-04,33.421077728271484,33.4487793654904,33.051706126605545,33.070175058947704,79565600,AAPL
2017-04-05,33.24794387817383,33.580377699420865,33.19946247816299,33.29411445943824,110871600,AAPL
2017-04-06,33.16481399536133,33.36335053685614,33.11633262667388,33.31025105624911,84596000,AAPL
2017-04-07,33.090946197509766,33.284864673395035,33.07478808581338,33.18098002721279,66688800,AAPL
2017-04-10,33.05170822143555,33.21561780474298,32.98937601115369,33.15097829874287,75733600,AAPL
2017-04-11,32.6961784362793,33.09325154850054,32.333732359535915,32.99859962141102,121517600,AAPL
2017-04-12,32.735435485839844,32.81623310552677,32.553056972447905,32.68926491422034,81400000,AAPL
2017-04-13,32.56228256225586,32.86932187096987,32.56228256225586,32.76081912568794,71291600,AAPL
2017-04-17,32.74235916137695,32.75390268431767,32.52073549771646,32.661558023380536,66328400,AAPL
2017-04-18,32.59690475463867,32.7908231768218,32.57612853567344,32.645386121478026,58790000,AAPL
2017-04-19,32.47686004638672,32.78159202933228,32.42376408787492,32.753890402732615,69313600,AAPL
2017-04-20,32.88317108154297,32.993981116340386,32.58767530702486,32.601526121051094,93278400,AAPL
2017-04-21,32.843929290771484,32.93857770381926,32.74697006009152,32.88317444205234,69283600,AAPL
2017-04-24,33.16020965576172,33.23177456859535,33.05401417302912,33.12788990407592,68537200,AAPL
2017-04-25,33.36566162109375,33.4510773270773,33.21329561372768,33.22253183861588,75486000,AAPL
2017-04-26,33.16941833496094,33.38180914658329,33.100164290503855,33.35179671226109,80164800,AAPL
2017-04-27,33.19482421875,33.280243440970935,33.08401418644334,33.2248366635239,56985200,AAPL
2017-04-28,33.16251754760742,33.31257630802334,33.07479451864811,33.264094918328645,83441600,AAPL
2017-05-01,33.83891677856445,33.9820465569213,33.46493070087719,33.49725044187994,134411600,AAPL
2017-05-02,34.053627014160156,34.187524151695136,33.89895364560833,34.06055242449911,181408800,AAPL
2017-05-03,33.94972229003906,34.04899231726287,33.3056348507098,33.6103632934567,182788000,AAPL
2017-05-04,33.82735824584961,33.96818066684498,33.661141502294875,33.82505095201185,93487600,AAPL
2017-05-05,34.38835144042969,34.39296602955505,33.88046482967014,33.88046482967014,109310800,AAPL
2017-05-08,35.323326110839844,35.48261754362255,34.40451889529334,34.40451889529334,195009600,AAPL
2017-05-09,35.5495719909668,35.755034009575716,35.42490758445576,35.5218668325263,156521600,AAPL
2017-05-10,35.38104248046875,35.53802662820742,35.11555909039869,35.466461724236616,103222800,AAPL
2017-05-11,35.68702697753906,35.71484648783434,35.30686001669652,35.3393131644345,109020400,AAPL
2017-05-12,36.18541717529297,36.25959427924951,35.85392818328043,35.86088217624112,130108000,AAPL
2017-05-15,36.09270095825195,36.312919047116495,35.942026354589,36.16456126267978,104038800,AAPL
2017-05-16,36.03938293457031,36.17614953767241,35.865526004045456,36.14833356066949,80194000,AAPL
2017-05-17,34.829341888427734,35.830759605936734,34.70416644230344,35.605904337064445,203070800,AAPL
2017-05-18,35.36017990112305,35.54562800048504,35.03333156105277,35.065784713156496,134272800,AAPL
2017-05-19,35.480716705322266,35.6939807515945,35.381040443999204,35.55489734948363,107843200,AAPL
2017-05-22,35.69630813598633,35.83307474631924,35.44595371833895,35.698624955149626,91865600,AAPL
2017-05-23,35.65226745605469,35.90725553809136,35.53867963713025,35.90725553809136,79675600,AAPL
2017-05-24,35.54562759399414,35.73802968538322,35.390315829478965,35.66153221262889,76712000,AAPL
2017-05-25,35.668487548828125,35.779758533636475,35.47376863110609,35.636034395874454,76942400,AAPL
2017-05-26,35.608219146728516,35.75426010657202,35.53867566408264,35.69862461302962,87710400,AAPL
2017-05-30,35.62211608886719,35.79828979142458,35.543301816969986,35.5641637941556,80507600,AAPL
2017-05-31,35.41117477416992,35.738026619591665,35.323089676811115,35.69166548354051,97804800,AAPL
2017-06-01,35.5085334777832,35.54330698193968,35.28599861454439,35.50621665902392,65616400,AAPL
2017-06-02,36.03474044799805,36.03474044799805,35.44130944521617,35.60125836366381,111082800,AAPL
2017-06-05,35.68239212036133,35.80293390712862,35.57344503933726,35.77743475102646,101326800,AAPL
2017-06-06,35.80293655395508,36.11819726310274,35.647624786988494,35.67544076401883,106499600,AAPL
2017-06-07,36.01619338989258,36.15759713991396,35.809883348431306,35.935062294156516,84278400,AAPL
2017-06-08,35.9281120300293,36.05560427043574,35.79134190296804,35.98838115344194,85003200,AAPL
2017-06-09,34.53493881225586,35.9744757167898,33.84878545799699,35.9744757167898,259530800,AAPL
2017-06-12,33.709693908691406,33.8650056503976,33.035128278392655,33.78387455154509,289229200,AAPL
2017-06-13,33.98090744018555,34.18026347994899,33.64710164922095,34.11304037291214,136661600,AAPL
2017-06-14,33.64944076538086,34.19187370955701,33.343450774022365,34.19187370955701,126124800,AAPL
2017-06-15,33.44775390625,33.49179822808416,32.96559379650848,33.22290219610901,128661600,AAPL
2017-06-16,32.9794921875,33.496425655314404,32.96326384749294,33.329522767002864,201444400,AAPL
2017-06-19,33.92296600341797,34.01569182899518,33.30171888912925,33.30171888912925,130165600,AAPL
2017-06-20,33.61465835571289,34.04582370587389,33.59843354738136,34.04582370587389,99600400,AAPL
2017-06-21,33.814002990722656,33.860367655102756,33.52192470561531,33.732871902312034,85063200,AAPL
2017-06-22,33.75837707519531,34.006411095665946,33.6401521119135,33.7908302237745,76425200,AAPL
2017-06-23,33.90904998779297,34.11304321865027,33.637833644291,33.64247081875442,141757600,AAPL
2017-06-26,33.80241394042969,34.37266250220342,33.70041734248586,34.11535418907318,102769600,AAPL
2017-06-27,33.31794357299805,33.88124190774111,33.292444413200975,33.61465913947565,99047600,AAPL
2017-06-28,33.80473709106445,33.869643386073044,33.18580693265038,33.49411360250508,88329600,AAPL
2017-06-29,33.30633544921875,33.642461531030456,32.981804068928476,33.545102116943376,125997600,AAPL
2017-06-30,33.38517761230469,33.603078928311994,33.32954210487856,33.48485391717265,92096400,AAPL
2017-07-03,33.26462173461914,33.681879021294286,33.171899465192595,33.584519577258064,57111200,AAPL
2017-07-05,33.40138626098633,33.56365199104382,33.08380879379327,33.30866399727566,86278400,AAPL
2017-07-06,33.08613586425781,33.26462999119196,33.01195873773074,33.15336253283698,96515200,AAPL
2017-07-07,33.42225646972656,33.55438944203502,33.12554090823532,33.12554090823532,76806800,AAPL
2017-07-10,33.626243591308594,33.83255364767231,33.23448545866642,33.406025548221365,84362400,AAPL
2017-07-11,33.735198974609375,33.809379630463184,33.468619759032514,33.54975087210322,79127200,AAPL
2017-07-12,33.783870697021484,33.88586376361694,33.57060667884082,33.814003484756064,99538000,AAPL
2017-07-13,34.25445556640625,34.42135851767679,33.7143395625903,33.72824755234141,100797600,AAPL
2017-07-14,34.54883575439453,34.6160623917887,34.15244407038867,34.300801791751596,80528400,AAPL
2017-07-17,34.66938400268555,34.980007487299616,34.4398951543656,34.49784745539633,95174000,AAPL
2017-07-18,34.78992462158203,34.80151578882803,34.46307280573411,34.58593139686089,71475200,AAPL
2017-07-19,35.00783157348633,35.100553852405646,34.75979399482843,34.882652606104216,83692000,AAPL
2017-07-20,34.85019302368164,35.17472801426754,34.81542305978523,35.119092534905725,68974800,AAPL
2017-07-21,34.83396911621094,34.87337625535041,34.511754473009255,34.76906282384856,105010400,AAPL
2017-07-24,35.255863189697266,35.33699783101642,34.74820043528581,34.90583254315868,85972800,AAPL
2017-07-25,35.40654373168945,35.661531767224204,35.18864248543714,35.18864248543714,75415600,AAPL
2017-07-26,35.57344436645508,35.68239144541838,35.480718556415695,35.547945210835245,63124000,AAPL
2017-07-27,34.901206970214844,35.696314693216294,34.14550994012845,35.64067918892076,129905200,AAPL
2017-07-28,34.655479431152344,34.82469917644037,34.58361913673393,34.74588488818327,68854800,AAPL
2017-07-31,34.47698974609375,34.84788597153069,34.337906314401316,34.74820615187898,79383600,AAPL
2017-08-01,34.78296661376953,34.82237374815517,34.40279971702467,34.56274861002519,141474400,AAPL
2017-08-02,36.42650604248047,37.03152833707844,36.199333963891554,36.922577704697034,279747200,AAPL
2017-08-03,36.062557220458984,36.442724148827494,35.93506145911916,36.40563382968727,108389200,AAPL
2017-08-04,36.252655029296875,36.48678114081748,36.09038923234551,36.17847789517443,82239600,AAPL
2017-08-07,36.81362533569336,36.8391244939229,36.31755369687816,36.40795916021411,87481200,AAPL
2017-08-08,37.10801315307617,37.513679209267366,36.68843911232736,36.76493656452155,144823600,AAPL
2017-08-09,37.33518981933594,37.38387130849785,36.883162579094225,36.917932544832915,104526000,AAPL
2017-08-10,36.14599609375,37.23512169895586,35.98541906326039,37.21184832748684,163217200,AAPL
2017-08-11,36.64866638183594,36.90233333918181,36.32053458098837,36.44387563364396,105028400,AAPL
2017-08-14,37.200225830078125,37.28400501989793,36.94423287479012,37.076884738262706,88490800,AAPL
2017-08-15,37.607479095458984,37.74710868888899,37.26770700451105,37.388722159631754,117862000,AAPL
2017-08-16,37.456199645996094,37.81924146711986,37.27002335154309,37.686593209871155,110686400,AAPL
2017-08-17,36.73709487915039,37.40034677466663,36.73243949556655,37.35612950816326,111762400,AAPL
2017-08-18,36.65332794189453,37.11876702687097,36.47180698283519,36.73710711923103,109712400,AAPL
2017-08-21,36.58584213256836,36.74408972257525,36.09712965562986,36.65332923983164,105474000,AAPL
2017-08-22,37.18393325805664,37.235131848429745,36.77434808609071,36.8232172080712,86418400,AAPL
2017-08-23,37.230464935302734,37.344498769648,36.97447561371597,37.018692887258375,77596400,AAPL
2017-08-24,37.06524658203125,37.40734463100248,36.89768820902417,37.33519858208151,79275600,AAPL
2017-08-25,37.20253372192383,37.365436636804326,37.06523009016864,37.15366107195107,101920400,AAPL
2017-08-28,37.57720947265625,37.70055049575235,37.2188195349296,37.267692181353034,103864000,AAPL
2017-08-29,37.91233825683594,37.961207367983214,37.23512359422168,37.25839696687532,118067600,AAPL
2017-08-30,38.01472854614258,38.14039550311881,37.84251485226944,38.119451602125686,109078400,AAPL
2017-08-31,38.166015625,38.28703081516958,38.04500043483042,38.0822364242702,107140400,AAPL
2017-09-01,38.17764663696289,38.38476691476252,38.07990484248632,38.35218631660367,66364400,AAPL
2017-09-05,37.71916961669922,38.22417040691202,37.365435051525516,38.10781067964593,117874000,AAPL
2017-09-06,37.67961883544922,37.93095634650661,37.35613884039739,37.86579516412337,86606800,AAPL
2017-09-07,37.528350830078125,37.75641853046921,37.318904669575105,37.721508469706514,87714000,AAPL
2017-09-08,36.91630935668945,37.50276016133322,36.89303597749699,37.435273043305635,114446000,AAPL
2017-09-11,37.584205627441406,37.71220208436392,37.2095270268237,37.35148608795261,126323200,AAPL
2017-09-12,37.43526077270508,38.15669267896989,36.9488778457744,37.84251991794729,286856000,AAPL
2017-09-13,37.15366744995117,37.22581347915636,36.748737785023984,37.204866024990814,179629600,AAPL
2017-09-14,36.8348388671875,37.09548354744911,36.79062159799653,37.00007125979313,95042800,AAPL
2017-09-15,37.20720291137695,37.46086636945778,36.769689019627606,36.87906749256494,196458400,AAPL
2017-09-18,36.925601959228516,37.35147906251199,36.76968032322053,37.26071860122323,113077600,AAPL
2017-09-19,36.93956756591797,37.181597849722785,36.87208046911773,37.12108850326259,83242400,AAPL
2017-09-20,36.3205451965332,36.830198074813886,35.79925207846514,36.746418887106856,211805600,AAPL
2017-09-21,35.696842193603516,36.25769701304835,35.54790186302663,36.25769701304835,150046800,AAPL
2017-09-22,35.34777069091797,35.436205252199564,35.03825327745074,35.26631743173562,186581600,AAPL
2017-09-25,35.035919189453125,35.333799846278,34.712439247228424,34.905596845969434,177549200,AAPL
2017-09-26,35.63866424560547,35.820185172327,35.301221679316356,35.32216558216474,146640000,AAPL
2017-09-27,35.89232635498047,36.00636018473851,35.73174933689874,35.79225867763542,102016800,AAPL
2017-09-28,35.6712532043457,35.90397275998524,35.53627543595255,35.81321227532656,88022000,AAPL
2017-09-29,35.866737365722656,35.86906683396908,35.373373036019935,35.654965265399625,105199200,AAPL
2017-10-02,35.794593811035156,35.94353418263258,35.540930350989605,35.89931689948328,74795200,AAPL
2017-10-03,35.95051193237305,36.09247098744628,35.81786364705247,35.8411334693977,64921200,AAPL
2017-10-04,35.71779251098633,35.80622706881335,35.480421146847824,35.752702571137206,80655200,AAPL
2017-10-05,36.16228103637695,36.17391772096055,35.85043777523499,35.88068889393125,85135200,AAPL
2017-10-06,36.1413459777832,36.185563259409385,35.9691322364545,36.06454810196169,69630400,AAPL
2017-10-09,36.267005920410156,36.474126132756396,36.185556226261895,36.260024619512244,65051600,AAPL
2017-10-10,36.28097152709961,36.769683936536744,36.0947987530455,36.31820750231765,62468000,AAPL
2017-10-11,36.4322395324707,36.53230721599602,36.24606321665989,36.29726179228331,67622400,AAPL
2017-10-12,36.30424499511719,36.62306960009468,36.24140973064828,36.38569824724422,64500400,AAPL
2017-10-13,36.534637451171875,36.602124547174284,36.39965970814911,36.47412810542701,65576800,AAPL
2017-10-16,37.20720291137695,37.23512812114188,36.68823575645519,36.74641564414448,96486000,AAPL
2017-10-17,37.34450149536133,37.437587882547504,37.05592801345531,37.183924459099835,75989200,AAPL
2017-10-18,37.17927932739258,37.400365772210506,37.14204689286132,37.33287510452323,65496800,AAPL
2017-10-19,36.299591064453125,36.55558396623373,36.07618230564295,36.47878609569955,170336800,AAPL
2017-10-20,36.362422943115234,36.71150220336914,36.29493584858067,36.44620210761689,95896400,AAPL
2017-10-23,36.343807220458984,36.697541887170274,36.18788556728802,36.51136555990022,87937200,AAPL
2017-10-24,36.560245513916016,36.63471392906621,36.35079577232983,36.37173968118282,71028800,AAPL
2017-10-25,36.399662017822266,36.66496213617895,36.13436189946558,36.516021781154464,84828400,AAPL
2017-10-26,36.632381439208984,36.73012321400495,36.485767001505955,36.590490078000336,68002000,AAPL
2017-10-27,37.944908142089844,38.072904553535444,36.93257708458576,37.069880711855994,177816800,AAPL
2017-10-30,38.79899597167969,39.113168722330684,38.100837460026646,38.14039934956485,178803200,AAPL
2017-10-31,39.338905334472656,39.48086438095683,38.8501964825732,39.073605228864956,144187200,AAPL
2017-11-01,38.83856964111328,39.548365053447924,38.5406888698743,39.532072978746015,134551200,AAPL
2017-11-02,39.12248611450195,39.213246602579936,38.463889321107885,38.771080850614126,165573600,AAPL
2017-11-03,40.14412307739258,40.553708214192326,39.82296895644749,40.49320240850034,237594400,AAPL
2017-11-06,40.55137634277344,40.72359006586679,39.962596241505004,40.11386250903352,140105200,AAPL
2017-11-07,40.68170928955078,40.78410647310993,40.40012058578211,40.47226308755724,97446000,AAPL
2017-11-08,41.014495849609375,41.014495849609375,40.57000064516862,40.64679852481168,97638000,AAPL
2017-11-09,40.93071746826172,40.98191605569224,40.293064593639,40.751522412254914,117930400,AAPL
2017-11-10,40.795265197753906,40.96109168477535,40.701844133715305,40.89803050646746,100582000,AAPL
2017-11-13,40.63176727294922,40.755551758229636,40.4986385451282,40.521995587695365,67928400,AAPL
2017-11-14,40.01750564575195,40.51731561124466,39.980135810403205,40.41455034592742,99130000,AAPL
2017-11-15,39.48967742919922,39.779288361333066,39.3261888238754,39.697542276779,116632400,AAPL
2017-11-16,39.96145248413086,40.14128812577622,39.7746068803929,39.98013383709953,94550000,AAPL
2017-11-17,39.73957824707031,40.02918916149896,39.62046589128432,39.947443081942396,87598000,AAPL
2017-11-20,39.699867248535156,39.83533022227053,39.60177410833716,39.77226907364915,65049600,AAPL
2017-11-21,40.43790817260742,40.568699035095165,39.886715563706446,39.886715563706446,100525200,AAPL
2017-11-22,40.86298751831055,40.87232819669046,40.4168943952556,40.489296234998555,102355600,AAPL
2017-11-24,40.86531448364258,40.989098941782885,40.79057481484202,40.89567791956575,56106800,AAPL
2017-11-27,40.65978240966797,40.891004241956935,40.48461532684453,40.88399784374668,82867200,AAPL
2017-11-28,40.42156219482422,40.84196038887473,40.13895770201275,40.70883524443442,105715200,AAPL
2017-11-29,39.58309555053711,40.38652928174377,39.04124713233191,40.31879956588713,166665600,AAPL
2017-11-30,40.13662338256836,40.20435309391894,39.34019610378886,39.80497053343879,166108800,AAPL
2017-12-01,39.94976806640625,40.09457169512323,39.35419935159291,39.692854953731334,159037200,AAPL
2017-12-04,39.6578369140625,40.3164634359694,39.61813279428302,40.28376571592841,130169600,AAPL
2017-12-05,39.62046432495117,40.05955101829121,39.33085342197184,39.485001333095546,109400800,AAPL
2017-12-06,39.47333526611328,39.751267736759104,38.87776975905517,39.12066665860135,114240000,AAPL
2017-12-07,39.54572677612305,39.80730850881267,39.44996790476923,39.477993500762025,102693200,AAPL
2017-12-08,39.55738830566406,39.93808581967727,39.4289353251064,39.818973513352255,93420800,AAPL
2017-12-11,40.328128814697266,40.379511438557756,39.4219300634665,39.517688913732236,141095200,AAPL
2017-12-12,40.10157775878906,40.26273202232786,40.04552658105934,40.206677280815214,77636800,AAPL
2017-12-13,40.234703063964844,40.531316691365525,40.17164193051711,40.28841995938489,95273600,AAPL
2017-12-14,40.22304153442383,40.435578492024916,40.08991281467893,40.265079931953295,81906000,AAPL
2017-12-15,40.63176727294922,40.678477794299205,40.27909873840484,40.55235903027581,160677200,AAPL
2017-12-18,41.20397186279297,41.38614535836451,40.83962487164989,40.84429699209072,117684400,AAPL
2017-12-19,40.76488494873047,40.963409082730685,40.659785404053046,40.87932873423201,109745600,AAPL
2017-12-20,40.720516204833984,40.970419432330885,40.463603014151154,40.841962836989474,93902400,AAPL
2017-12-21,40.87466049194336,41.11055448405394,40.6621271041095,40.67847418142717,83799600,AAPL
2017-12-22,40.87466049194336,40.970419368665794,40.755548138512246,40.79758653485828,65397600,AAPL
2017-12-26,39.83767318725586,40.04787229131358,39.62980479789167,39.89139010250902,132742000,AAPL
2017-12-27,39.84468078613281,39.88671918269649,39.63681595429407,39.727902710632755,85992800,AAPL
2017-12-28,39.956787109375,40.13662634516373,39.8166519919685,39.93810218946852,65920800,AAPL
2017-12-29,39.52469253540039,39.842328931601955,39.52235825767359,39.825981859948776,103999600,AAPL
2018-01-02,40.23237991333008,40.2417241547698,39.531711484275874,39.74191415126249,102223600,AAPL
2018-01-03,40.225372314453125,40.767224260711025,40.16231472364331,40.29543986802562,118071600,AAPL
2018-01-04,40.41221618652344,40.514981452143,40.19033857963591,40.297772401850075,89738400,AAPL
2018-01-05,40.87232971191406,40.958744354322555,40.41689589359532,40.50798265725906,94640000,AAPL
2018-01-08,40.720516204833984,41.014795671065556,40.622419485639426,40.720516204833984,82271200,AAPL
2018-01-09,40.7158317565918,40.88632669672445,40.500960591160094,40.767214379171435,86336000,AAPL
2018-01-10,40.70649719238281,40.70883503455394,40.405211346362094,40.44258118326222,95839600,AAPL
2018-01-11,40.93770980834961,40.986758153682636,40.753202071451625,40.77655554140493,74670800,AAPL
2018-01-12,41.36046600341797,41.42352717436401,41.02414451008538,41.14792900918908,101672400,AAPL
2018-01-16,41.15026092529297,41.89763993406561,41.13858240438722,41.54963996826612,118263600,AAPL
2018-01-17,41.82990646362305,41.86493845941443,40.88867549633279,41.14091299359858,137547200,AAPL
2018-01-18,41.867286682128906,42.06347661525512,41.63139618307245,41.8929780088606,124773600,AAPL
2018-01-19,41.6804313659668,41.942013108967615,41.435196700011545,41.7154633623387,129700400,AAPL
2018-01-22,41.339439392089844,41.52161290769802,41.24601835570046,41.40950695127393,108434400,AAPL
2018-01-23,41.348785400390625,41.90932238233677,41.297406318402174,41.40951228927758,130756400,AAPL
2018-01-24,40.690147399902344,41.409500675183416,40.451919160296335,41.39782215645873,204420400,AAPL
2018-01-25,39.963783264160156,40.8606378070579,39.82832030240219,40.75787255580819,166116000,AAPL
2018-01-26,40.05720138549805,40.17164514591045,39.718545787431545,40.17164514591045,156572000,AAPL
2018-01-29,39.228084564208984,39.74190727721749,39.020219775428046,39.74190727721749,202561600,AAPL
2018-01-30,38.996856689453125,39.09027769049413,38.466683420899365,38.66053538365308,184192800,AAPL
2018-01-31,39.10429763793945,39.34019158896355,38.8870921670817,38.973506787042304,129915600,AAPL
2018-02-01,39.18605041503906,39.38223672499564,38.947822145072344,39.04358102152163,188923200,AAPL
2018-02-02,37.48575973510742,38.95716410101793,37.392338706452456,38.770318479924185,346375200,AAPL
2018-02-05,36.54920196533203,38.27518171314244,36.43475817272473,37.158783638850124,290954000,AAPL
2018-02-06,38.07666778564453,38.237822137171435,35.96765554128128,36.161507618930685,272975200,AAPL
2018-02-07,37.26153564453125,38.163062260948806,37.15176756499472,38.090660445947215,206434400,AAPL
2018-02-08,36.23623275756836,37.60253756671725,36.208207161904596,37.43671114354451,217562000,AAPL
2018-02-09,36.67945098876953,37.026522336386975,35.232534933914586,36.83422735479435,282690400,AAPL
2018-02-12,38.15686798095703,38.433586209034175,36.9374212899371,37.1695859223774,243278000,AAPL
2018-02-13,38.53910446166992,38.63525375165295,37.90827637720075,37.97862960348866,130196800,AAPL
2018-02-14,39.24966812133789,39.289534118272805,38.19672773949779,38.23424636240979,162579600,AAPL
2018-02-15,40.5676155090332,40.59106420557337,39.631925564032265,39.81718565345298,204588800,AAPL
2018-02-16,40.43627166748047,40.99675003968103,40.28149888137807,40.41985794427395,160704400,AAPL
2018-02-20,40.30027389526367,40.865436474773354,40.199433412721696,40.347174864167464,135722000,AAPL
2018-02-21,40.117340087890625,40.83258760245082,40.10326658288389,40.530073443596514,149886400,AAPL
2018-02-22,40.45269012451172,40.792726514243476,40.26743010361679,40.288534996190876,123967600,AAPL
2018-02-23,41.156211853027344,41.191386671149125,40.696573952461684,40.727061180375976,135249600,AAPL
2018-02-26,41.96996307373047,42.06845615928356,41.32272126367563,41.35555229219334,152648800,AAPL
2018-02-27,41.833953857421875,42.32407556077209,41.78001792667355,42.000456397967895,155712400,AAPL
2018-02-28,41.7706298828125,42.35690081010692,41.75421615757141,42.037969282526205,151128400,AAPL
2018-03-01,41.03898239135742,42.15993259555327,40.49023342846294,41.86914080355815,195208000,AAPL
2018-03-02,41.32271957397461,41.34382446752006,40.44096585273092,40.52304520982578,153816000,AAPL
2018-03-05,41.465763092041016,41.68151031825082,40.926393237359996,41.0882045515956,113605600,AAPL
2018-03-06,41.43058395385742,41.80110752428369,41.303951037077454,41.72137555526249,95154000,AAPL
2018-03-07,41.045997619628906,41.23829619080357,40.86777255571941,41.024892726201514,126814000,AAPL
2018-03-08,41.4939079284668,41.53611771378168,41.055378460010644,41.151524163776784,95096400,AAPL
2018-03-09,42.20682144165039,42.21151261164634,41.599445535644904,41.733117043172626,128740800,AAPL
2018-03-12,42.61486053466797,42.77198071041247,42.26075419037637,42.27951171073103,128828400,AAPL
2018-03-13,42.20447540283203,43.03228973656736,42.033285279377445,42.81888624202116,126774000,AAPL
2018-03-14,41.845664978027344,42.33344271051521,41.69792359212734,42.28654176241912,117473600,AAPL
2018-03-15,41.89491653442383,42.267787541462646,41.75890483631969,41.859741712209576,90975200,AAPL
2018-03-16,41.7471809387207,42.00513799817259,41.65337544393605,41.894918778246705,157618800,AAPL
2018-03-19,41.10931396484375,41.61819664868472,40.72472041870842,41.5830218279429,133787200,AAPL
2018-03-20,41.09524154663086,41.461073973434026,41.02488833109644,41.09524154663086,78597600,AAPL
2018-03-21,40.16424560546875,41.06006563057241,40.16189823187742,41.04833949755598,148219600,AAPL
2018-03-22,39.59674072265625,40.49490465390469,39.53811362865073,39.86642392375612,165963200,AAPL
2018-03-23,38.6798095703125,39.847660204185324,38.6798095703125,39.48886269872853,164115200,AAPL
2018-03-26,40.51600646972656,40.593394650495185,39.03156826403004,39.41381799919569,150164800,AAPL
2018-03-27,39.477134704589844,41.07413599250078,39.14413327762529,40.729408432396,163690400,AAPL
2018-03-28,39.040950775146484,39.87111237349299,38.73843656517135,39.221523214294066,166674000,AAPL
2018-03-29,39.34581756591797,40.276816164694516,39.13944903672395,39.35285253138467,153594000,AAPL
2018-04-02,39.08784103393555,39.617832072666424,38.56957970397209,39.07846227655928,150347200,AAPL
2018-04-03,39.488861083984375,39.57328423348167,38.6657380601208,39.31297982072446,121112000,AAPL
2018-04-04,40.24398422241211,40.3377861453882,38.63994772264869,38.665743788214215,138422000,AAPL
2018-04-05,40.52304458618164,40.85838981728814,40.354198283789394,40.47145246165548,107732800,AAPL
2018-04-06,39.48651885986328,40.448000990287476,39.444305494278204,40.09389465436021,140021200,AAPL
2018-04-09,39.87815856933594,40.5910626101387,39.83125759978431,39.83829256630132,116070800,AAPL
2018-04-10,40.628562927246094,40.804444152039366,40.225208365455174,40.569935852315005,113634400,AAPL
2018-04-11,40.43862533569336,40.785696733727676,40.26508784751927,40.389377001781156,89726400,AAPL
2018-04-12,40.837276458740234,41.038953745995926,40.57931588958314,40.666086396470234,91557200,AAPL
2018-04-13,40.975643157958984,41.235947570635815,40.76927824238423,40.98736929116872,100497200,AAPL
2018-04-16,41.23125457763672,41.31802151105579,40.99909005243207,41.04599100081229,86313600,AAPL
2018-04-17,41.79876708984375,41.96292220935366,41.36961640563792,41.388377501912366,106421600,AAPL
2018-04-18,41.70496368408203,41.93478444114706,41.47983767421081,41.697928719918146,83018000,AAPL
2018-04-19,40.52304458618164,41.13042036873271,40.49021355951167,40.748170603828946,139235200,AAPL
2018-04-20,38.86273193359375,40.15252812029606,38.794722494438965,40.00713405885561,261964400,AAPL
2018-04-23,38.75015640258789,39.14412866582664,38.48046968538976,39.12302377564878,146062000,AAPL
2018-04-24,38.21078872680664,39.0057718403514,37.80743410382036,38.85099548025622,134768000,AAPL
2018-04-25,38.377281188964844,38.792361874594874,38.086493192197295,38.135737930476424,113528400,AAPL
2018-04-26,38.51095962524414,38.86506592809909,38.311626106242954,38.48750736007461,111852000,AAPL
2018-04-27,38.06538391113281,38.53674424325228,37.66906436431079,38.459356085146894,142623200,AAPL
2018-04-30,38.754844665527344,39.22386131751476,37.952826620026435,38.02083603841994,169709600,AAPL
2018-05-01,39.65538024902344,39.678828946988745,38.75721245787649,39.024551947222754,214277600,AAPL
2018-05-02,41.407135009765625,41.683853104628085,40.75754597352116,41.09289114729308,266157600,AAPL
2018-05-03,41.482173919677734,41.625224128830446,40.90762928820995,41.24532181986966,136272800,AAPL
2018-05-04,43.10966110229492,43.20815415863214,41.7823432690746,41.8011043624216,224805200,AAPL
2018-05-07,43.42156982421875,44.01018453355884,43.32542053554756,43.42625741514392,169805600,AAPL
2018-05-08,43.63027572631836,43.67014171321646,43.072144753118614,43.38169746782833,113611200,AAPL
2018-05-09,43.9374885559082,43.946867316294885,43.43564078484701,43.74753734783236,92844800,AAPL
2018-05-10,44.56596755981445,44.643355748706455,44.00549271751808,44.026601189625815,111957200,AAPL
2018-05-11,44.39646530151367,44.74252214151275,44.12809505744413,44.60833881553374,104848800,AAPL
2018-05-14,44.29289245605469,44.61776309036825,44.22462436223415,44.49534749608727,83115200,AAPL
2018-05-15,43.89031982421875,44.038630891775995,43.57486784469099,43.97035923536268,94780800,AAPL
2018-05-16,44.29994201660156,44.36586085034503,43.78674426502064,43.80322487148432,76732400,AAPL
2018-05-17,44.019798278808594,44.47178998750847,43.87148720847664,44.2575636841647,69176000,AAPL
2018-05-18,43.8597297668457,44.21284873798185,43.81735721452309,44.06689404605473,73190800,AAPL
2018-05-21,44.17048263549805,44.556559289964575,44.000985217233485,44.25758417828784,73603200,AAPL
2018-05-22,44.0598258972168,44.46473588249332,43.97036795401736,44.34702957496204,60962800,AAPL
2018-05-23,44.34233474731445,44.375292380464245,43.73026031211818,43.86915653021116,80233600,AAPL
2018-05-24,44.29289245605469,44.455327773211465,43.83619489329493,44.4388507541978,92936000,AAPL
2018-05-25,44.394107818603516,44.645997428617896,44.17517223625868,44.311711973096195,69844000,AAPL
2018-05-29,44.23403549194336,44.43413768126005,43.991560749846364,44.16341457064285,90056400,AAPL
2018-05-30,44.13986587524414,44.25757218424479,43.97036850291428,44.191656938573345,74762000,AAPL
2018-05-31,43.99156188964844,44.311723245583195,43.81971165651136,44.07395775611649,109931200,AAPL
2018-06-01,44.7849006652832,44.78960633163015,44.19872191503412,44.255222240202905,93770000,AAPL
2018-06-04,45.159202575683594,45.53350777316066,45.04620552575139,45.11447360388858,105064800,AAPL
2018-06-05,45.50761413574219,45.65592523952757,45.28397285957056,45.45111740448041,86264000,AAPL
2018-06-06,45.665340423583984,45.68888312315127,45.18039098623548,45.582948159321724,83734400,AAPL
2018-06-07,45.54292297363281,45.717125997905555,45.279258420171836,45.703001816706276,85388800,AAPL
2018-06-08,45.12860870361328,45.19923322394816,44.6742639688573,45.003840274270324,106627200,AAPL
2018-06-11,45.01796340942383,45.192170076569795,44.77784507484562,45.04621537216592,73234000,AAPL
2018-06-12,45.2651481628418,45.34283477544598,44.99913069472254,45.055631029010755,67644400,AAPL
2018-06-13,44.893184661865234,45.40638602703127,44.83197867553465,45.29809464432641,86553600,AAPL
2018-06-14,44.91672897338867,45.097997698028564,44.780189221644086,45.0932884397997,86440400,AAPL
2018-06-15,44.45532989501953,44.766076358692345,44.318790108749276,44.73547156063329,246876800,AAPL
2018-06-18,44.431785583496094,44.54478265155956,44.06924808496244,44.22933055748837,73939600,AAPL
2018-06-19,43.71377182006836,43.864435759517136,43.186446235941816,43.584294155203395,134314000,AAPL
2018-06-20,43.90446090698242,44.06924904987307,43.72319215374665,43.869150444974466,82514800,AAPL
2018-06-21,43.659645080566406,44.33998770467605,43.537229459116276,44.08103227316868,102847600,AAPL
2018-06-22,43.53248977661133,43.82204621704267,43.48069872650353,43.814984127674386,108801600,AAPL
2018-06-25,42.885108947753906,43.532493537926385,42.546114260344034,43.17466541320364,126652400,AAPL
2018-06-26,43.417152404785156,43.91152039626255,42.97222264930026,43.078161213268196,98276800,AAPL
2018-06-27,43.35358428955078,44.08807043532732,43.32297950277305,43.60547389790933,101141200,AAPL
2018-06-28,43.66904830932617,43.836192877993625,43.2688475068545,43.33947202308176,69460800,AAPL
2018-06-29,43.57723617553711,44.06689492297677,43.05932905932024,43.855021380811685,90950800,AAPL
2018-07-02,44.064537048339844,44.092789008299924,43.179386798681435,43.27355401169523,70925200,AAPL
2018-07-03,43.297096252441406,44.24580899048829,43.20763829163599,44.20814210255842,55819200,AAPL
2018-07-05,43.6455078125,43.88327690941216,43.381846770178385,43.6125501822098,66416800,AAPL
2018-07-06,44.25051498413086,44.358802788798194,43.59842095439938,43.65021202345311,69940800,AAPL
2018-07-09,44.86494445800781,44.88848356836496,44.56361654538464,44.610698358210996,79026400,AAPL
2018-07-10,44.810791015625,45.02972301512193,44.77076771152323,44.89553969751991,63756400,AAPL
2018-07-11,44.229339599609375,44.67662229654782,44.165777164280136,44.375294325367925,75326000,AAPL
2018-07-12,44.97087860107422,45.06033655826407,44.5659685524734,44.617759623255736,72164400,AAPL
2018-07-13,45.04151153564453,45.16157071738776,44.940282208513345,44.98265836167209,50055600,AAPL
2018-07-16,44.94261932373047,45.35223493962522,44.82726585914835,45.08622115020571,60172400,AAPL
2018-07-17,45.06975555419922,45.16862844586447,44.54007703963458,44.669554728283956,62138000,AAPL
2018-07-18,44.82257080078125,45.15215069308998,44.711926558834094,45.147441433912235,65573600,AAPL
2018-07-19,45.17097854614258,45.32870458400602,44.65542428942272,44.65542428942272,81147200,AAPL
2018-07-20,45.067405700683594,45.30046196355085,44.768430580235005,45.14744515273674,82704800,AAPL
2018-07-23,45.107421875,45.189817746404486,44.62482518272859,44.88848622384331,63957600,AAPL
2018-07-24,45.43463897705078,45.59001217970089,45.21099769014568,45.30516130817569,74791600,AAPL
2018-07-25,45.863094329833984,45.87015642198545,45.30045464627953,45.44876576568423,66839600,AAPL
2018-07-26,45.71949005126953,46.13146216817286,45.578241031486534,45.813653669717006,76304000,AAPL
2018-07-27,44.959102630615234,45.950191373723,44.75194196088316,45.90310956660715,96096000,AAPL
2018-07-30,44.70721435546875,45.246307708854594,44.50946860426177,45.17568319996303,84118000,AAPL
2018-07-31,44.796669006347656,45.23218382059381,44.57302772015845,44.799025431663516,157492000,AAPL
2018-08-01,47.43565368652344,47.496859688442385,46.449274010313836,46.877726800083444,271742800,AAPL
2018-08-02,48.82223892211914,49.05529878452193,47.164935121370654,47.21907903570609,249616000,AAPL
2018-08-03,48.96348190307617,49.14004140332828,48.372593809947276,48.737484162224085,133789600,AAPL
2018-08-06,49.21772766113281,49.260100216675234,48.74690233050748,48.9658343850344,101701600,AAPL
2018-08-07,48.756309509277344,49.318945546288,48.67391365266562,49.27657299747852,102349600,AAPL
2018-08-08,48.789268493652344,48.921098994216976,48.14659300734389,48.50677405071217,90102000,AAPL
2018-08-09,49.173004150390625,49.384874135897284,48.7775089607689,49.32602096302181,93970400,AAPL
2018-08-10,49.026527404785156,49.397423215315094,48.823362350385615,48.98636733184349,98444800,AAPL
2018-08-13,49.34307098388672,49.83444686551473,49.066672726353865,49.44701636717267,103563600,AAPL
2018-08-14,49.550987243652344,49.74233970464528,49.19899085182996,49.64784581924725,82992000,AAPL
2018-08-15,49.66673278808594,49.78485191739147,49.21551684900846,49.42576875498392,115230400,AAPL
2018-08-16,50.39434051513672,50.51009493981501,49.957298351557796,50.023444767005195,114001600,AAPL
2018-08-17,51.40072250366211,51.48812950883822,50.35654979736229,50.42269622366473,141708000,AAPL
2018-08-20,50.89990234375,51.778705445399396,50.81721750232455,51.523571270388054,121150800,AAPL
2018-08-21,50.800682067871094,51.30859657191745,50.56208268434248,51.21646377979151,104639200,AAPL
2018-08-22,50.80303192138672,51.112503424952145,50.517182077920815,50.578606324540054,76072400,AAPL
2018-08-23,50.90699005126953,51.27552120432041,50.696738118838695,50.708547149487345,75532800,AAPL
2018-08-24,51.06526565551758,51.24007966949176,50.81721474938912,51.16921107177788,73905600,AAPL
2018-08-27,51.48577117919922,51.67476252362456,51.105427405250616,51.29914091987179,82100400,AAPL
2018-08-28,51.90153884887695,52.09997809862449,51.71727331629577,51.73853389204528,91107200,AAPL
2018-08-29,52.67641067504883,52.796894504886076,51.83304188973848,52.00785590995711,109019200,AAPL
2018-08-30,53.16069412231445,53.923742675038724,52.53938635946585,52.74019031767683,195175200,AAPL
2018-08-31,53.77491760253906,54.067850745143865,53.38984807574226,53.51032829361586,173360400,AAPL
2018-09-04,53.94738006591797,54.141093603694024,53.538688803102595,53.959192702239676,109560400,AAPL
2018-09-05,53.59537124633789,54.25683907496072,53.17723213437342,54.096198793356,133332000,AAPL
2018-09-06,52.70475387573242,53.708766416493766,52.27952431399747,53.444177131020055,137160000,AAPL
2018-09-07,52.2795295715332,53.24101745045913,52.14014985816449,52.409461340228574,150479200,AAPL
2018-09-10,51.57790756225586,52.40946737291451,51.13850418781404,52.19685074383668,158066000,AAPL
2018-09-11,52.88193893432617,52.9882454363978,51.159759902867926,51.502304678303155,142996000,AAPL
2018-09-12,52.22519302368164,53.15360764020319,51.93461737319087,53.139433921586026,197114800,AAPL
2018-09-13,53.486698150634766,53.94500089042822,52.57954421881991,52.80396981483061,166825600,AAPL
2018-09-14,52.87957763671875,53.58829250227248,52.56774497032442,53.33079363291841,127997200,AAPL
2018-09-17,51.47160339355469,52.66932973352161,51.32749788234575,52.48033836730671,148780400,AAPL
2018-09-18,51.556640625,52.409460912019995,51.29205131507944,51.450330521211534,126286800,AAPL
2018-09-19,51.587345123291016,51.88264293364041,50.86209557552189,51.618057249074425,108495200,AAPL
2018-09-20,51.979496002197266,52.51103200480505,51.77160521211482,52.02910761517938,106435200,AAPL
2018-09-21,51.41962432861328,52.29370523412945,51.332213714764634,52.15668660065999,384986800,AAPL
2018-09-24,52.15904235839844,52.27007462582272,51.17629396428062,51.22117980915976,110773600,AAPL
2018-09-25,52.489776611328125,52.638607860257046,51.9015420793463,51.91335471262328,98217600,AAPL
2018-09-26,52.07164001464844,52.85831390102555,51.91572188840217,52.20865864637607,95938800,AAPL
2018-09-27,53.14179229736328,53.49378857882078,52.80869550800178,52.87484553269253,120724800,AAPL
2018-09-28,53.32843017578125,53.35205184075627,52.92210004922642,53.10400092790325,91717600,AAPL
2018-10-01,53.687503814697266,54.197779303794704,53.47252974510527,53.85050878521809,94403200,AAPL
2018-10-02,54.164710998535156,54.33480284363987,53.53868101635113,53.685147592248526,99152800,AAPL
2018-10-03,54.82381057739258,55.15454267446678,54.2828229843168,54.34660831900594,114619200,AAPL
2018-10-04,53.85995864868164,54.88995753864966,53.562296153667,54.51906176461063,128168000,AAPL
2018-10-05,52.98586654663086,53.959170423249795,52.10942480597267,53.85286394966792,134322000,AAPL
2018-10-08,52.863040924072266,53.10636606409156,52.01966853422493,52.49450978403178,118655600,AAPL
2018-10-09,53.59537124633789,53.68986871026096,52.503951672171496,52.83232269929613,107564000,AAPL
2018-10-10,51.11250686645508,53.47252823327348,51.03927358720979,53.26227633927173,167962400,AAPL
2018-10-11,50.661293029785156,51.854296937675905,50.15810799817568,50.677831437884706,212497600,AAPL
2018-10-12,52.47087860107422,52.652783065490866,51.225901996474846,52.071635376118714,161351600,AAPL
2018-10-15,51.3487548828125,52.40474032798749,51.32749430183293,52.246461106178046,123164000,AAPL
2018-10-16,52.48032760620117,52.67877048262682,51.20700353895954,51.71964012658048,116736000,AAPL
2018-10-17,52.2535400390625,52.59608478681421,51.81649782677638,52.515764645492226,91541600,AAPL
2018-10-18,51.03219985961914,51.91100664611243,50.31875916634545,51.46687747742795,130325200,AAPL
2018-10-19,51.80941390991211,52.27007781096182,51.36528481315141,51.51411607530205,132314800,AAPL
2018-10-22,52.125972747802734,52.76618004452115,51.72200732540533,51.9228076917488,115168400,AAPL
2018-10-23,52.61735153198242,52.74019644792127,50.720358416207795,50.987308828331614,155071200,AAPL
2018-10-24,50.8124885559082,52.97170619640665,50.68255678665356,52.58664026806459,163702000,AAPL
2018-10-25,51.9251708984375,52.298427786327714,51.20464347576049,51.431433794182205,119423200,AAPL
2018-10-26,51.09833908081055,52.01730581697299,50.240792997824286,51.003841608951056,189033600,AAPL
2018-10-29,50.13920974731445,51.89918406854014,48.68634228122267,51.78106493819332,183742000,AAPL
2018-10-30,50.38961410522461,50.8337395169499,49.4375743470066,49.88169975873189,146640000,AAPL
2018-10-31,51.70310592651367,52.07872389622704,51.17393092438422,51.23535517923457,153435600,AAPL
2018-11-01,52.496856689453125,52.52992989553094,51.21880707475124,51.74798197670541,233292800,AAPL
2018-11-02,49.014713287353516,50.47230292231517,48.53042413230621,49.50372821693035,365314800,AAPL
2018-11-05,47.62327575683594,48.28474368617873,46.8153412419974,48.263483105324866,264654800,AAPL
2018-11-06,48.138275146484375,48.36270079071048,47.64689909334055,47.701232888220325,127531600,AAPL
2018-11-07,49.59823226928711,49.624218627473745,48.22332718492194,48.658004808488826,133697600,AAPL
2018-11-08,49.4251708984375,49.81158038382015,49.01268077134279,49.77839177248752,101450400,AAPL
2018-11-09,48.4721794128418,48.83725414465748,47.94590026761649,48.72820739840714,137463200,AAPL
2018-11-12,46.03042984008789,47.37694685707779,45.9403449234574,47.17544226481076,204542000,AAPL
2018-11-13,45.57053756713867,46.74399658446505,45.38562904888302,45.42830219317391,187531600,AAPL
2018-11-14,44.28329086303711,46.10392974917986,44.077043957770435,45.96643301809805,243204000,AAPL
2018-11-15,45.376129150390625,45.50888355745656,44.3069750744324,44.6601994639578,185915200,AAPL
2018-11-16,45.87871551513672,46.22008616964554,44.91387280704754,45.1604162701442,147713200,AAPL
2018-11-19,44.060447692871094,45.207829618939165,43.854204422517,45.04188654984463,167701200,AAPL
2018-11-20,41.955318450927734,43.019730332834,41.6068363013813,42.28483516720722,271300800,AAPL
2018-11-21,41.90790939331055,42.73525883894707,41.85338602993736,42.60724306041743,124496800,AAPL
2018-11-23,40.843502044677734,41.865244596069026,40.798463202121155,41.47171992481934,94496000,AAPL
2018-11-26,41.39585494995117,41.47408601348081,40.362262246396874,41.30577365457601,179994000,AAPL
2018-11-27,41.305789947509766,41.43143283984159,40.50925944326727,40.65860642592702,165549600,AAPL
2018-11-28,42.894100189208984,42.97706991484424,41.46935188841063,41.89606521990837,184250000,AAPL
2018-11-29,42.5645751953125,43.335028367317676,42.126008096640945,43.30183975998431,167080000,AAPL
2018-11-30,42.334632873535156,42.74949235818661,41.96718517795777,42.74000782999921,158126000,AAPL
2018-12-03,43.813907623291016,43.842353975262405,42.95811156770217,43.72856495008896,163210000,AAPL
2018-12-04,41.886573791503906,43.23782932087698,41.78700797536975,42.89645874139606,165377200,AAPL
2018-12-06,41.41957092285156,41.43379409773715,40.40020118769581,40.717864151099256,172393600,AAPL
2018-12-07,39.94268035888672,41.36505601524601,39.89763788433587,41.1279934058528,169126400,AAPL
2018-12-10,40.205810546875,40.32196888310216,38.71942732261499,39.11532135314505,248104000,AAPL
2018-12-11,39.97585678100586,40.724971648959276,39.589443688075356,40.69415597889754,189126800,AAPL
2018-12-12,40.08728790283203,40.755802567115246,40.0683224603809,40.39546639512022,142510800,AAPL
2018-12-13,40.525848388671875,40.90989223808346,40.19396221489692,40.41680162469782,127594400,AAPL
2018-12-14,39.22911071777344,40.08253736549948,39.181698930074774,40.06357192696252,162814800,AAPL
2018-12-17,38.86403274536133,39.909479397667184,38.57718548508604,39.221995872633826,177151600,AAPL
2018-12-18,39.368980407714844,39.71508971376303,38.97071343268076,39.205406665323395,135366000,AAPL
2018-12-19,38.140995025634766,39.69612483606224,37.71428169538635,39.352384848493756,196189200,AAPL
2018-12-20,37.17851638793945,38.43020623587975,36.815811012529885,38.02482772479942,259092000,AAPL
2018-12-21,35.73243713378906,37.493813760545514,35.47167049927005,37.18563172221628,382978400,AAPL
2018-12-24,34.807899475097656,35.926835155569904,34.751003152988105,35.12082020348033,148676800,AAPL
2018-12-26,37.25911331176758,37.27333648323871,34.78181086894606,35.156370059261675,234330000,AAPL
2018-12-27,37.01731491088867,37.16429614836959,35.575977822212685,36.943826100791895,212468400,AAPL
2018-12-28,37.03630065917969,37.57917620997807,36.63803710194343,37.33737126891929,169165600,AAPL
2018-12-31,37.39425277709961,37.77829300025277,37.095551610391226,37.58153062422218,140014000,AAPL
2019-01-02,37.43691635131836,37.657386397267345,36.56215498900312,36.718617135510485,148158800,AAPL
2019-01-03,33.707923889160156,34.54475438454186,33.66288142679495,34.132264253567534,365248800,AAPL
2019-01-04,35.14690017700195,35.21565035747209,34.089602994553424,34.26265768169811,234428400,AAPL
2019-01-07,35.06867218017578,35.28203071183349,34.58743534355033,35.25121141322671,219111200,AAPL
2019-01-08,35.737178802490234,35.990837462958424,35.2085303378544,35.45507379403959,164101200,AAPL
2019-01-09,36.344051361083984,36.63326790098298,35.47166309582496,35.86518409738925,180396400,AAPL
2019-01-10,36.46022033691406,36.50052053570231,35.76325587216913,36.15203830332984,143122800,AAPL
2019-01-11,36.102237701416016,36.4364966127924,35.917329286034565,36.24210729133648,108092800,AAPL
2019-01-14,35.55937957763672,35.860450004234444,35.37447109321598,35.76088417549152,129756800,AAPL
2019-01-15,36.287174224853516,36.3630323765045,35.57124415396462,35.62339821578827,114843600,AAPL
2019-01-16,36.730472564697266,36.95331194342955,36.270570632809374,36.28953607113632,122278800,AAPL
2019-01-17,36.948577880859375,37.375291294712916,36.332213658927785,36.55505308712287,119284800,AAPL
2019-01-18,37.17616271972656,37.42744852434537,36.97702736488591,37.33736356899576,135004000,AAPL
2019-01-22,36.34169387817383,37.15481678323688,36.18048944437783,37.078958639376545,121576000,AAPL
2019-01-23,36.48867416381836,36.77789081890716,35.96239491388877,36.54319754779106,92522400,AAPL
2019-01-24,36.19945526123047,36.62142636446528,35.97187720999421,36.53371436735213,101766000,AAPL
2019-01-25,37.39897918701172,37.48669477291411,36.58348721486467,36.85847696932407,134142000,AAPL
2019-01-28,37.05288314819336,37.05999473643503,36.42703806191046,36.93197891350897,104768400,AAPL
2019-01-29,36.6688346862793,37.48670340411951,36.53371090938889,37.04102463814137,166348800,AAPL
2019-01-30,39.1745719909668,39.3879267606446,37.98451741446766,38.70044706520623,244439200,AAPL
2019-01-31,39.45668029785156,40.06355967631272,39.01100167173134,39.3784492442909,162958400,AAPL
2019-02-01,39.47564697265625,40.05881867422265,39.33577735397553,39.57995504735243,130672400,AAPL
2019-02-04,40.59695816040039,40.69415466560486,39.655819629284345,39.68663891563872,125982000,AAPL
2019-02-05,41.29155349731445,41.50491196410588,40.85773221114225,40.97863281022283,144406400,AAPL
2019-02-06,41.305789947509766,41.62108364890663,40.97627306845849,41.402982867244425,112958400,AAPL
2019-02-07,40.52347183227539,41.23465946396211,40.38123285902311,40.869581120682014,126966800,AAPL
2019-02-08,40.57108688354492,40.630606697540095,40.09730785633489,40.23301477598845,95280000,AAPL
2019-02-11,40.337764739990234,40.7615491383027,40.29491221963111,40.723455587227264,83973600,AAPL
2019-02-12,40.685367584228516,40.71155645006401,40.402052662772235,40.497286553447424,89134000,AAPL
2019-02-13,40.51633071899414,41.06391379755997,40.45443141309773,40.80440825043843,89960800,AAPL
2019-02-14,40.663936614990234,40.77345103559048,40.325864516022556,40.40443110443633,87342800,AAPL
2019-02-15,40.57347106933594,40.87821226167595,40.41395838528309,40.77107731063168,98507200,AAPL
2019-02-19,40.694889068603516,40.81631182485076,40.35205796132108,40.40443569287842,75891200,AAPL
2019-02-20,40.956783294677734,41.26390763809199,40.709182411399766,40.75679754670684,104457600,AAPL
2019-02-21,40.72584533691406,41.037728645253,40.544906372901146,40.90202533044378,68998800,AAPL
2019-02-22,41.18056869506836,41.18771078203653,40.80202355455081,40.84963867860566,75652800,AAPL
2019-02-25,41.48054885864258,41.870998703552395,41.413886955814164,41.4638851993361,87493600,AAPL
2019-02-26,41.504364013671875,41.73530122089329,41.228191159064565,41.356756012982544,68280800,AAPL
2019-02-27,41.63291549682617,41.66386696049311,41.12342606902132,41.23770671972961,111341600,AAPL
2019-02-28,41.223419189453125,41.64244097925039,41.16866198112314,41.5019750987165,112861600,AAPL
2019-03-01,41.65673065185547,41.699583177214194,41.16152532850225,41.49245537237755,103544800,AAPL
2019-03-04,41.86625671386719,42.318606042636446,41.418666356657766,41.828163144572194,109744800,AAPL
2019-03-05,41.79005432128906,41.90195186974716,41.55435453421323,41.887667694676146,78949600,AAPL
2019-03-06,41.54960250854492,41.78053973159298,41.411516071777896,41.585312952190705,83241600,AAPL
2019-03-07,41.06868362426758,41.53055809671059,40.95440656528032,41.39485113751143,99185600,AAPL
2019-03-08,41.166297912597656,41.20439147735388,40.35444652364181,40.549673318415735,95997600,AAPL
2019-03-11,42.592369079589844,42.64474679624628,41.74719079303466,41.78052173701599,128044000,AAPL
2019-03-12,43.0709114074707,43.489929515629875,42.704267384130986,42.85425845120637,129870400,AAPL
2019-03-13,43.26138687133789,43.63993204857632,43.07330220879454,43.38994808203721,124130000,AAPL
2019-03-14,43.74229431152344,43.83038609370737,43.46374205854323,43.78276734320768,94318000,AAPL
2019-03-15,44.311309814453125,44.59938731167194,43.744683657393075,44.00895177597191,156171600,AAPL
2019-03-18,44.763675689697266,44.85176387742304,44.23275617949558,44.23513929773824,104879200,AAPL
2019-03-19,44.40892028808594,44.99459681614695,44.26369180656518,44.842226248059674,126585600,AAPL
2019-03-20,44.7969970703125,45.11364294068705,43.98038327138836,44.33750218240909,124140800,AAPL
2019-03-21,46.44688034057617,46.74209992048173,45.18982218227039,45.23982042355803,204136800,AAPL
2019-03-22,45.48503875732422,47.06588473880765,45.420756346429926,46.50639708117386,169630800,AAPL
2019-03-25,44.93508529663086,45.706459850538906,44.42559577501445,45.594562296617404,175381200,AAPL
2019-03-26,44.4708137512207,45.920718891716376,43.94466073487566,45.630261966761935,199202000,AAPL
2019-03-27,44.870792388916016,45.17791299458407,44.41368070712132,44.937454282127696,119393600,AAPL
2019-03-28,44.93031692504883,45.13030262573335,44.647002032678536,44.98507413606459,83121600,AAPL
2019-03-29,45.2231559753418,45.2541074425039,44.887463337480106,45.19458762583912,94256000,AAPL
2019-04-01,45.530277252197266,45.6350290710456,44.84937044927723,45.625507499441596,111448000,AAPL
2019-04-02,46.192138671875,46.29689412668294,45.485042984722554,45.494564556613646,91062800,AAPL
2019-04-03,46.5087890625,46.782578782918094,45.98501173731516,46.00882111856958,93087200,AAPL
2019-04-04,46.58973693847656,46.75162911226927,45.98263402115057,46.37546339734885,76457200,AAPL
2019-04-05,46.901615142822266,46.92542452241121,46.64686858586537,46.7706708206856,74106400,AAPL
2019-04-08,47.63965606689453,47.670603896938765,46.744475824121956,46.76352259873422,103526800,AAPL
2019-04-09,47.49681854248047,48.29438562024931,47.43253611674226,47.69204530479587,143072800,AAPL
2019-04-10,47.763458251953125,47.792030232425006,47.1825442973062,47.30158392300267,86781200,AAPL
2019-04-11,47.36587905883789,47.853942381829896,47.24445991582706,47.81823193765084,83603200,AAPL
2019-04-12,47.3468132019043,47.6491748277413,46.71352523919768,47.425379780246224,111042800,AAPL
2019-04-15,47.43252944946289,47.58014105940189,47.142072464719895,47.277779385224925,70146400,AAPL
2019-04-16,47.437278747558594,47.94200546935276,47.27300352472555,47.487276976038274,102785600,AAPL
2019-04-17,48.36104202270508,48.42056183866063,47.28492273304426,47.50633470465432,115627200,AAPL
2019-04-18,48.53483200073242,48.603873379039385,48.21580670422305,48.35865206262389,96783200,AAPL
2019-04-22,48.6943473815918,48.791960743297345,48.17295325708763,48.28961339420896,77758000,AAPL
2019-04-23,49.396690368652344,49.46097279452284,48.54436606939777,48.67054780323138,93292000,AAPL
2019-04-24,49.320499420166016,49.63476214823507,49.294310556760166,49.36811454468543,70162400,AAPL
2019-04-25,48.87290573120117,49.46334122480281,48.83481218121374,49.24192927700253,74172800,AAPL
2019-04-26,48.63960266113281,48.806257447808854,48.12058788799669,48.782448064225754,74596400,AAPL
2019-04-29,48.7133903503418,49.03717824150613,48.53483093167325,48.66339211468231,88818800,AAPL
2019-04-30,47.77536392211914,48.42531927458395,47.403960863567825,48.34437319932044,186139600,AAPL
2019-05-01,50.12043762207031,51.26083546947412,49.8133133987399,49.96806706898253,259309200,AAPL
2019-05-02,49.794273376464844,50.627550746312075,49.55143515858325,49.958548639197176,127985200,AAPL
2019-05-03,50.41328430175781,50.43471056370915,50.05140280221845,50.208535988797536,83569600,AAPL
2019-05-06,49.63477325439453,49.7204819508279,48.4491393144011,48.63722036981776,129772400,AAPL
2019-05-07,48.2967643737793,49.38240534277165,47.81346371111648,49.01576483871082,155054800,AAPL
2019-05-08,48.3062858581543,48.88719989942972,48.03249613134411,48.06820657125792,105358000,AAPL
2019-05-09,47.78726577758789,48.01581981569588,46.82066463565413,47.71107867635127,139634400,AAPL
2019-05-10,47.125244140625,47.524370793548194,46.071274225403876,47.1826045112537,164834800,AAPL
2019-05-13,44.386356353759766,45.28498038440615,43.70043870801492,44.861959909569315,229722400,AAPL
2019-05-14,45.08900833129883,45.3375626885166,44.31227095065522,44.55126706777633,146118800,AAPL
2019-05-15,45.629119873046875,45.82748700801054,44.4580408293417,44.51778983456726,106178800,AAPL
2019-05-16,45.428375244140625,45.999575728464684,45.13201879261702,45.387746348226955,132125600,AAPL
2019-05-17,45.17026901245117,45.62436020518247,44.63491636316234,44.675545268045326,131516400,AAPL
2019-05-20,43.757789611816406,44.058926994173994,43.08621123813103,43.86055981831974,154449200,AAPL
2019-05-21,44.5966796875,44.93127281356524,44.14258484864967,44.266863858384575,113459200,AAPL
2019-05-22,43.683712005615234,44.38397255733177,43.62874391724978,44.13302589344985,118994400,AAPL
2019-05-23,42.93804931640625,43.148363449235205,42.49590497882846,42.971508631637576,146118800,AAPL
2019-05-24,42.77314376831055,43.53076117067269,42.689493652182996,43.06710802896649,94858800,AAPL
2019-05-28,42.59627151489258,43.16030242542194,42.51979466347363,42.76117939821549,111792800,AAPL
2019-05-29,42.393131256103516,42.86395388562777,42.0633154565731,42.163693385388605,113924800,AAPL
2019-05-30,42.613006591796875,42.83527122076542,42.22344177055687,42.52935649566115,84873600,AAPL
2019-05-31,41.84104919433594,42.53891737233829,41.8219290686219,42.118281900211706,108174400,AAPL
2019-06-03,41.41802978515625,42.522190731499684,40.693871807776276,41.96772160988868,161584400,AAPL
2019-06-04,42.933258056640625,42.978667897856404,41.70959922585788,41.92947519408972,123872000,AAPL
2019-06-05,43.6263427734375,44.21188608599536,43.29174972065366,44.04219726486092,119093600,AAPL
2019-06-06,44.26686096191406,44.32660999100133,43.53314113426265,43.75540941879875,90105200,AAPL
2019-06-07,45.44510269165039,45.86812677005471,44.39830235170156,44.575157115158966,122737600,AAPL
2019-06-10,46.02586364746094,46.692661078886516,45.796425815427575,45.84183565226266,104883600,AAPL
2019-06-11,46.558834075927734,46.843240045404315,46.26965080968736,46.57078461142005,107731600,AAPL
2019-06-12,46.41064453125,46.83605721765713,46.2194469577794,46.3532841651717,73012800,AAPL
2019-06-13,46.40109634399414,47.03204596994404,46.269651392297824,46.53254494248193,86698400,AAPL
2019-06-14,46.064117431640625,46.26726196298543,45.48096626534882,45.7797114409662,75046000,AAPL
2019-06-17,46.33895492553711,46.59468250985322,45.927881330772394,46.102347467348565,58676400,AAPL
2019-06-18,47.42877960205078,47.86853159056381,46.65443450201509,46.85519036892868,106204000,AAPL
2019-06-19,47.29015350341797,47.77053796142273,47.15631628119662,47.72273582766585,84496800,AAPL
2019-06-20,47.670166015625,47.94501008519834,47.32839967976791,47.88764970557996,86056000,AAPL
2019-06-21,47.507652282714844,48.002376041571715,47.35708354796855,47.51243322660296,191202400,AAPL
2019-06-24,47.45984649658203,47.837460776342034,47.361857219276544,47.45028461027407,72881600,AAPL
2019-06-25,46.7404670715332,47.622359580324556,46.67354481128587,47.4239923880106,84281200,AAPL
2019-06-26,47.75141525268555,48.03582115790758,47.16587561376463,47.266253524997595,104270000,AAPL
2019-06-27,47.73708724975586,48.174450595474106,47.69645834618091,47.86853220087833,83598800,AAPL
2019-06-28,47.30211639404297,47.679730739267214,47.09419091568719,47.483752150680864,124442400,AAPL
2019-07-01,48.1696662902832,48.87231543119535,47.9545676050374,48.556838818217976,109012000,AAPL
2019-07-02,48.45167922973633,48.54727985958251,48.12425573364212,48.13620626822179,67740800,AAPL
2019-07-03,48.85319137573242,48.86036096665152,48.44211781134659,48.583124628476725,45448000,AAPL
2019-07-05,48.810176849365234,49.013325011259084,48.49231157030816,48.59986274236455,69062000,AAPL
2019-07-08,47.80400466918945,48.13381683307876,47.419220772325794,47.99280999831783,101354400,AAPL
2019-07-09,48.09556198120117,48.16008828306385,47.514799736907214,47.608008041943286,82312000,AAPL
2019-07-10,48.5711669921875,48.6906650190863,48.17204401996033,48.24135491776425,71588400,AAPL
2019-07-11,48.217464447021484,48.84841402179487,48.207906207357404,48.5902977893706,80767200,AAPL
2019-07-12,48.58790969848633,48.75520624546054,48.32501251981883,48.38476154708042,70380800,AAPL
2019-07-15,49.04438781738281,49.20212246066729,48.75520095224477,48.77670972449391,67789600,AAPL
2019-07-16,48.87470626831055,49.25949016524323,48.6357101496391,48.896215043761046,67467200,AAPL
2019-07-17,48.59987258911133,49.01572359062975,48.58075245791166,48.76716917861829,56430000,AAPL
2019-07-18,49.151947021484375,49.204526464021136,48.6835129825546,48.75521255390398,74162400,AAPL
2019-07-19,48.418209075927734,49.352684510163414,48.36324100532279,49.18299570943903,83717200,AAPL
2019-07-22,49.52476501464844,49.527153662460286,48.66198907179927,48.671547309837216,89111600,AAPL
2019-07-23,49.91194152832031,49.928673004733994,49.541496867121964,49.821125495815984,73420800,AAPL
2019-07-24,49.87131881713867,49.98603593109381,49.51282464508648,49.63232270243721,59966400,AAPL
2019-07-25,49.47698211669922,50.00755384131004,49.40767119362579,49.9239037332674,55638400,AAPL
2019-07-26,49.649044036865234,50.124643874002366,49.505644938626475,49.58690272579285,70475600,AAPL
2019-07-29,50.112693786621094,50.34213161648365,49.81634099625393,49.82112193871518,86693600,AAPL
2019-07-30,49.89760971069336,50.2274255237216,49.54628512206538,49.89282876718518,135742800,AAPL
2019-07-31,50.91572570800781,52.90656358701365,50.49987484291198,51.723533663924655,277125600,AAPL
2019-08-01,49.81394958496094,52.108313337109216,49.410049286192155,51.12125839181598,216071600,AAPL
2019-08-02,48.759979248046875,49.33595700548776,48.18877878631925,49.12086200109132,163448400,AAPL
2019-08-05,46.20750045776367,47.4765690378139,46.02586475285165,47.318834399217735,209572000,AAPL
2019-08-06,47.08222961425781,47.337957180388806,46.37479958500888,46.91732172907666,143299200,AAPL
2019-08-07,47.569786071777344,47.694065075152395,46.322229681695646,46.702232636878804,133457600,AAPL
2019-08-08,48.618980407714844,48.642881479152365,47.65343765837779,47.84702393793063,108038000,AAPL
2019-08-09,48.21833801269531,48.64296573649967,47.810498015760096,48.292707715938555,98478800,AAPL
2019-08-12,48.09598159790039,48.472632859788966,47.77690864820563,47.889663888347634,89927600,AAPL
2019-08-13,50.13278579711914,50.89328174511481,48.09599762504255,48.2255479554873,188874000,AAPL
2019-08-14,48.64057540893555,49.525822471872054,48.60218985928062,48.738937007183495,146189600,AAPL
2019-08-15,48.39826202392578,49.213934627282455,47.90165870212019,48.81089743333585,108909600,AAPL
2019-08-16,49.54020690917969,49.69854452652455,48.90206099247231,49.00761940403555,110481600,AAPL
2019-08-19,50.46384048461914,51.03480988446153,50.387069397884126,50.52861197082405,97654400,AAPL
2019-08-20,50.46623611450195,51.18355082625258,50.4566415593816,50.590987294947006,107537200,AAPL
2019-08-21,51.01322555541992,51.255527463503284,50.76372681466608,51.09719348410533,86141600,AAPL
2019-08-22,50.97003936767578,51.44504857878068,50.559801644007706,51.14516837923141,89014800,AAPL
2019-08-23,48.614173889160156,50.87167268359999,48.22073125322143,50.2431213591193,187272000,AAPL
2019-08-26,49.53781509399414,49.70574728667128,49.19475021549554,49.38667429026109,104174400,AAPL
2019-08-27,48.97883605957031,50.03201521587099,48.827695261576054,49.866480753429116,103493200,AAPL
2019-08-28,49.3075065612793,49.353088941865785,48.77732036549846,48.96444533585021,63755200,AAPL
2019-08-29,50.14236831665039,50.21674168290386,49.5785957240762,50.02001851007021,83962000,AAPL
2019-08-30,50.07759475708008,50.4878288131881,49.70814030749895,50.418258218749706,84573600,AAPL
2019-09-03,49.34828186035156,49.65535887288814,48.99322475097742,49.52341086109975,80092000,AAPL
2019-09-04,50.185550689697266,50.255121283851096,49.73693109197349,49.99362663387558,76752400,AAPL
2019-09-05,51.16677474975586,51.33230925696837,50.74214323046918,50.85969762299716,95654800,AAPL
2019-09-06,51.161956787109375,51.4402464746383,50.982028677859134,51.35148311214848,77449200,AAPL
2019-09-09,51.380279541015625,51.92486307314199,50.63657875407816,51.5410149078116,109237600,AAPL
2019-09-10,51.98723220825195,52.00642498087169,50.79011275885333,51.30590525316312,127111600,AAPL
2019-09-11,53.64017105102539,53.66896203989214,52.23433250615887,52.3159027038598,177158400,AAPL
2019-09-12,53.52021408081055,54.31909531176275,53.465037153213494,53.93045177370637,128906800,AAPL
2019-09-13,52.47904968261719,52.968452695257966,52.0640163946801,52.77892996651786,159053200,AAPL
2019-09-16,52.75492477416992,52.810105368157046,52.19354990284835,52.234333171895095,84632400,AAPL
2019-09-17,52.94683837890625,52.97562936245172,52.567789431266945,52.76931167349986,73274800,AAPL
2019-09-18,53.443450927734375,53.462643699876494,52.64456963297275,53.03321320207144,101360000,AAPL
2019-09-19,53.009220123291016,53.68094878345625,52.867673899298595,53.261116540529656,88242400,AAPL
2019-09-20,52.23434066772461,53.39307839803144,52.17196689328703,53.10999319791364,221652400,AAPL
2019-09-23,52.47183609008789,52.74052756724027,52.21513689194302,52.52701301972165,76662000,AAPL
2019-09-24,52.22233963012695,53.37628179948727,52.10478892590082,53.026020089457724,124763200,AAPL
2019-09-25,53.026004791259766,53.13876001506895,52.092777955931126,52.43104362735866,87613600,AAPL
2019-09-26,52.752525329589844,53.00442542844722,52.498227506977486,52.77891493348246,75334000,AAPL
2019-09-27,52.495826721191406,53.009221444627215,52.12637228824465,52.90845848244411,101408000,AAPL
2019-09-30,53.73133850097656,53.877680194515705,52.96844131904631,52.994830924787706,103909600,AAPL
2019-10-01,53.88008117675781,54.750934558240175,53.7865186890434,53.99523782367357,139223200,AAPL
2019-10-02,52.529415130615234,53.63777114984615,52.28231048438784,53.5130199648798,138449200,AAPL
2019-10-03,52.97563171386719,53.009218145622405,51.61057662923273,52.40225732926954,114426000,AAPL
2019-10-04,54.46063232421875,54.57578893613265,53.712132650009956,54.13196485508281,138478800,AAPL
2019-10-07,54.47264099121094,55.161164797015786,54.17995760700077,54.283118305032474,122306000,AAPL
2019-10-08,53.83449172973633,54.71254182883536,53.817700342169445,54.17515885634394,111820000,AAPL
2019-10-09,54.465450286865234,54.64777616121193,54.13198359496226,54.465450286865234,74770400,AAPL
2019-10-10,55.19953918457031,55.283507092490474,54.53020828720955,54.68134539656082,113013600,AAPL
2019-10-11,56.66775894165039,57.01082010729211,55.73213059230201,55.88566909661836,166795600,AAPL
2019-10-14,56.5861930847168,57.12837882948465,56.29830882465834,56.353485756513194,96427600,AAPL
2019-10-15,56.454254150390625,57.01322767590327,56.34869572407409,56.71094972289009,87360000,AAPL
2019-10-16,56.22633743286133,56.4350565436216,55.945650001818564,55.98643327019431,73903200,AAPL
2019-10-17,56.44464874267578,56.65336418407442,56.02241875184439,56.39906636796876,67585200,AAPL
2019-10-18,56.71575164794922,56.99643911696723,56.207152265044876,56.27912425571174,97433600,AAPL
2019-10-21,57.6993408203125,57.81449743804238,56.93404972278588,56.98202981651674,87247200,AAPL
2019-10-22,57.56740188598633,58.10478484329185,57.48583169226944,57.85528613606384,82293600,AAPL
2019-10-23,58.339881896972656,58.35427921905452,57.869671873729565,58.0807886698407,75828800,AAPL
2019-10-24,58.43585205078125,58.72853540039477,58.011220689350694,58.65896114841544,69275200,AAPL
2019-10-25,59.155574798583984,59.19155896233175,58.267930039881136,58.335102919308554,73477200,AAPL
2019-10-28,59.74812316894531,59.7961032619008,59.18914611743011,59.357078273097535,96572800,AAPL
2019-10-29,58.36627960205078,59.91606203658459,58.19355198019087,59.728937090643406,142839600,AAPL
2019-10-30,58.35908508300781,58.84849162305364,57.867284479823844,58.71894132571627,124522000,AAPL
2019-10-31,59.67856216430664,59.776923756110406,56.919664109777756,59.313910448417545,139162000,AAPL
2019-11-01,61.37228012084961,61.398666062574364,59.77451763685892,59.86567872270404,151125200,AAPL
2019-11-04,61.77531433105469,61.859282241976885,61.26671873981368,61.73452740702055,103272000,AAPL
2019-11-05,61.68656921386719,61.940867084683646,61.492247394116795,61.66737277760068,79897600,AAPL
2019-11-06,61.712928771972656,61.77290479739132,61.26430927324781,61.60017355133388,75864400,AAPL
2019-11-07,62.42518997192383,62.64656766388103,62.107563983005626,62.259158538774514,94940400,AAPL
2019-11-08,62.59603500366211,62.668219386425065,61.804378670750026,62.24712668600199,69986400,AAPL
2019-11-11,63.09170913696289,63.15667506956289,62.14845842955894,62.15326827310511,81821200,AAPL
2019-11-12,63.033973693847656,63.233696083194374,62.7837295735389,62.93531679624955,87388800,AAPL
2019-11-13,63.63793182373047,63.7125247961215,62.81981037786936,62.834247253604815,102734400,AAPL
2019-11-14,63.197593688964844,63.736589975912096,63.067654461478035,63.464683238676635,89182800,AAPL
2019-11-15,63.94833755493164,63.953147398951465,63.286620510177045,63.4478347324842,100206400,AAPL
2019-11-18,64.27078247070312,64.35018529631039,63.580191577203664,63.95796632642828,86703200,AAPL
2019-11-19,64.07587432861328,64.48734000161132,63.859313834576106,64.46327609265741,76167200,AAPL
2019-11-20,63.329952239990234,64.02535311116276,62.65860794020665,63.89542118986976,106234400,AAPL
2019-11-21,63.045989990234375,63.52723870318722,62.846267662126294,63.45023714672934,121395200,AAPL
2019-11-22,62.99065399169922,63.3275266769126,62.764466472354414,63.18555916468959,65325200,AAPL
2019-11-25,64.09513854980469,64.11198402499917,63.16873287669626,63.21445211320928,84020400,AAPL
2019-11-26,63.59463882446289,64.28522983057158,63.16391899690021,64.23229215710982,105207600,AAPL
2019-11-27,64.44883728027344,64.48252822045184,63.84005785272113,63.90502379599888,65235600,AAPL
2019-11-29,64.3068618774414,64.48733015212085,63.98201751436383,64.15045750804047,46617600,AAPL
2019-12-02,63.563323974609375,64.54747660436495,63.3924827562088,64.31166211708802,94487200,AAPL
2019-12-03,62.43000030517578,62.44924702514498,61.66962635910549,62.15568497851831,114430400,AAPL
2019-12-04,62.98102569580078,63.3588077517284,62.72596442902417,62.81981146620402,67181600,AAPL
2019-12-05,63.9050407409668,63.97964107924649,63.21926690581925,63.474328245499024,74424400,AAPL
2019-12-06,65.1394271850586,65.20921031494399,64.31889712610206,64.36221509760516,106075600,AAPL
2019-12-09,64.22746276855469,65.16107919501087,63.74380541469702,64.96858262823653,128042400,AAPL
2019-12-10,64.60284423828125,64.98543616897592,63.972402115751365,64.63171799255643,90420400,AAPL
2019-12-11,65.15387725830078,65.23328743607989,64.60766242070665,64.68225540996873,78756800,AAPL
2019-12-12,65.31991577148438,65.58460415390351,64.32373429636719,64.43441949509666,137310400,AAPL
2019-12-13,66.20780181884766,66.24389400998982,65.19236656282973,65.31989720038126,133587600,AAPL
2019-12-16,67.34115600585938,67.5649423284178,66.64816374839715,66.6529735938861,128186000,AAPL
2019-12-17,67.4734878540039,67.80073350823116,67.08607875742219,67.27136424228581,114158400,AAPL
2019-12-18,67.31226348876953,67.8320130444866,67.16307754415392,67.32670036448889,116028400,AAPL
2019-12-19,67.37964630126953,67.65877150492523,67.12218375712777,67.25452424857191,98369200,AAPL
2019-12-20,67.24005126953125,68.01245317379859,67.02830072229112,67.91139508560609,275978000,AAPL
2019-12-23,68.33732604980469,68.39748214667952,67.46385834825841,67.50235913145113,98572000,AAPL
2019-12-24,68.40229797363281,68.55149127528131,68.07746089671582,68.50336345626253,48478800,AAPL
2019-12-26,69.75942993164062,69.7762754042592,68.50577869758881,68.53465245449213,93121200,AAPL
2019-12-27,69.73295593261719,70.73636302317358,69.32870865807601,70.050581938303,146266000,AAPL
2019-12-30,70.14682006835938,70.4283538378636,68.6308893370176,69.6511344086115,144114400,AAPL
2019-12-31,70.65934753417969,70.66656597182994,69.66556767244613,69.76422454918179,100805600,AAPL
2020-01-02,72.27156066894531,72.33171678614215,71.0299375288093,71.28259028372564,135480400,AAPL
2020-01-03,71.56890869140625,72.32687403151142,71.34512977691992,71.50153415769186,146322800,AAPL
2020-01-06,72.13920593261719,72.17770672514841,70.44280652658847,70.69305800640377,118387200,AAPL
2020-01-07,71.7999267578125,72.40388908002937,71.5809576466451,72.14882777323544,108872000,AAPL
2020-01-08,72.95492553710938,73.25570609117467,71.50396043802937,71.50396043802937,132079200,AAPL
2020-01-09,74.50455474853516,74.69705138445374,73.67921459070213,73.92945874874111,170108400,AAPL
2020-01-10,74.67295837402344,75.23602586841082,74.17246290967955,74.73793165436904,140644800,AAPL
2020-01-13,76.26831817626953,76.2947906823847,74.87029080894176,74.98820177445941,121532000,AAPL
2020-01-14,75.23843383789062,76.41509065064128,75.11572039023919,76.20574860255036,161954400,AAPL
2020-01-15,74.91600036621094,75.91699875877144,74.48528063092401,75.03872116096186,121923600,AAPL
2020-01-16,75.85444641113281,75.96513894112196,75.09648089083629,75.4574175522418,108829200,AAPL
2020-01-17,76.69422149658203,76.69662274727602,75.7966897960532,76.10228015577917,137816400,AAPL
2020-01-21,76.1744613647461,76.7639866868858,76.03730370643434,76.32364730468942,110843200,AAPL
2020-01-22,76.44636535644531,76.99738987709428,76.35251832728817,76.65810863389025,101832400,AAPL
2020-01-23,76.8145523071289,76.89395515129645,75.95311259111175,76.49933483845827,104472000,AAPL
2020-01-24,76.59314727783203,77.80107904499712,76.40305195787334,77.05995917143782,146537600,AAPL
2020-01-27,74.34093475341797,75.01949019444557,73.36159137429253,74.60802439684696,161940000,AAPL
2020-01-28,76.44397735595703,76.61481864871986,75.120542963226,75.21919986278621,162234000,AAPL
2020-01-29,78.04410552978516,78.88869939934182,77.33185946671645,78.07057802839189,216229200,AAPL
2020-01-30,77.93101501464844,77.98395267078313,76.6990193918119,77.12973907839535,126743200,AAPL
2020-01-31,74.47566986083984,77.64468949943712,74.18210776179268,77.22359674590982,199588400,AAPL
2020-02-03,74.27113342285156,75.4333461257712,72.7215115901091,73.22200714636392,173788400,AAPL
2020-02-04,76.72309112548828,76.91318645690339,75.46703146839315,75.87127869651542,136616400,AAPL
2020-02-05,77.34873962402344,78.14520604055271,76.7471784427611,77.8468267012188,118826800,AAPL
2020-02-06,78.25347137451172,78.25587996873817,77.06238481315839,77.61822667711162,105425600,AAPL
2020-02-07,77.18978881835938,78.00261640454451,76.70016229061778,77.75418535570422,117684000,AAPL
2020-02-10,77.5563735961914,77.5563735961914,75.69917353628794,75.77876477513706,109348800,AAPL
2020-02-11,77.08848571777344,78.12321641331339,76.87141125259707,78.05086071182195,94323200,AAPL
2020-02-12,78.9191665649414,78.9239878248454,77.53711376977571,77.53711376977571,113730400,AAPL
2020-02-13,78.35717010498047,78.68278545723169,77.99055564537478,78.19315895415963,94747600,AAPL
2020-02-14,78.3764877319336,78.62491882489209,77.86997566415033,78.32583137266305,80113600,AAPL
2020-02-18,76.94134521484375,77.12224179450247,75.88249370210502,76.06339028176376,152531200,AAPL
2020-02-19,78.0556640625,78.28480266581916,77.18253778155818,77.18253778155818,93984000,AAPL
2020-02-20,77.25492095947266,78.30412292796458,76.75082321347557,77.8169106346844,100566000,AAPL
2020-02-21,75.50625610351562,77.2911088758147,74.89121045948235,76.84971694338334,129554000,AAPL
2020-02-24,71.91967010498047,73.36684305832843,69.76097486599113,71.69777437412706,222195200,AAPL
2020-02-25,69.48357391357422,72.9688507048776,69.0132472572126,72.58776517692151,230673600,AAPL
2020-02-26,70.58585357666016,71.84730854807512,69.10250289246999,69.10973846221914,198054800,AAPL
2020-02-27,65.97179412841797,68.98191678336323,65.83672522986622,67.80006024068396,320605600,AAPL
2020-02-28,65.9332046508789,67.15124645876003,61.835295069493725,62.04996261815576,426510000,AAPL
2020-03-02,72.07164764404297,72.7059931705142,66.98483395876607,68.08468516851758,341397200,AAPL
2020-03-03,69.78267669677734,73.32342450844571,68.93366391267253,73.24383324028676,319475600,AAPL
2020-03-04,73.01951599121094,73.17870588852956,70.70163100181635,71.4999874378904,219178400,AAPL
2020-03-05,70.65099334716797,72.2501134253378,70.28678576484225,71.27809579631553,187572800,AAPL
2020-03-06,69.71273803710938,70.14448006147832,67.8314160013331,68.01713389438318,226176800,AAPL
2020-03-09,64.19901275634766,67.07405914136177,63.43441974354321,63.61531637779285,286744800,AAPL
2020-03-10,68.82271575927734,69.08803225317006,64.97082373995369,66.84491728627172,285290000,AAPL
2020-03-11,66.43246459960938,67.82898839120944,65.5713950302336,66.90521300673807,255598800,AAPL
2020-03-12,59.8719596862793,65.1227869054102,59.81648575015455,61.73157866504394,418474000,AAPL
2020-03-13,67.04509735107422,67.51543140756253,61.01038635778413,63.89026420635652,370732000,AAPL
2020-03-16,58.41996383666992,62.488927074911565,57.88692016083435,58.35725065107087,322423600,AAPL
2020-03-17,60.98870086669922,62.13437593513169,57.50101194051955,59.698303330138536,324056000,AAPL
2020-03-18,59.49568557739258,60.29886692649559,57.19226812473029,57.831438322361606,300233600,AAPL
2020-03-19,59.039833068847656,60.98386817289122,58.51643928547833,59.669353459047855,271857200,AAPL
2020-03-20,55.29165267944336,60.74025764199119,54.99256896191713,59.618696461531016,401693200,AAPL
2020-03-23,54.117027282714844,55.113165767293296,51.28056983554764,55.01186410993206,336752800,AAPL
2020-03-24,59.546348571777344,59.741716345644676,56.51210862018161,57.00897078096802,287531200,AAPL
2020-03-25,59.21831130981445,62.28872853386047,58.92405254951491,60.47976255514235,303602000,AAPL
2020-03-26,62.334556579589844,62.392441135780366,59.420914919993635,59.459507077687796,252087200,AAPL
2020-03-27,59.7537727355957,61.71468959022156,59.58734725663957,60.962160830090674,204216800,AAPL
2020-03-30,61.45901870727539,61.63026911474741,60.154150297630075,60.477355032834254,167976400,AAPL
2020-03-31,61.33360290527344,63.3114052959559,60.78126682215682,61.64957210604245,197002000,AAPL
2020-04-01,58.10639190673828,59.99012762560371,57.67706433589815,59.45467347674015,176218400,AAPL
2020-04-02,59.07600021362305,59.129063507420874,57.13920103105384,57.968913973692054,165934000,AAPL
2020-04-03,58.22700500488281,59.26173205327884,57.638487411525155,58.56226659383969,129880000,AAPL
2020-04-06,63.30657196044922,63.46093322552853,60.149324308250385,60.5159387534273,201820400,AAPL
2020-04-07,62.573341369628906,65.53281460871749,62.46962908019549,65.31573278898928,202887200,AAPL
2020-04-08,64.1749038696289,64.48845515067879,63.007518252448094,63.37171853966973,168895200,AAPL
2020-04-09,64.63796997070312,65.13966065726305,63.84444219472263,64.80922404965942,161834800,AAPL
2020-04-13,65.90666961669922,66.0152105347314,64.11699578858152,64.7151632715521,131022800,AAPL
2020-04-14,69.2351303100586,69.52456770793576,67.06437190807621,67.5347058394519,194994800,AAPL
2020-04-15,68.60324096679688,69.0615109892011,67.68670092198845,68.11361434863234,131154400,AAPL
2020-04-16,69.14833068847656,69.51253820784274,68.10154321976958,69.31475615357093,157125200,AAPL
2020-04-17,68.21009063720703,69.21105794148095,66.7773886485133,68.66595370665648,215250000,AAPL
2020-04-20,66.79424285888672,67.93992105182684,66.7749504648714,67.04026688695538,130015200,AAPL
2020-04-21,64.72962951660156,66.8714465476712,64.02051421953927,66.63748663863089,180991600,AAPL
2020-04-22,66.59406280517578,67.02821165517099,65.65340205638569,65.99348115115153,116862400,AAPL
2020-04-23,66.33599090576172,67.95682478512697,66.29739874664567,66.53859422059466,124814400,AAPL
2020-04-24,68.2510757446289,68.26072562347866,66.81113863556433,66.85938066911224,126161200,AAPL
2020-04-27,68.29930877685547,68.6297453170771,67.5226592475762,67.96886487593393,117087600,AAPL
2020-04-28,67.19224548339844,68.94091302319053,67.10059736775176,68.76001638114307,112004800,AAPL
2020-04-29,69.399169921875,69.86708968672151,68.47298027123995,68.67558356725064,137280800,AAPL
2020-04-30,70.86322784423828,71.03930319142114,69.54871691757756,69.93703810047037,183064000,AAPL
2020-05-01,69.7223892211914,72.11745891629081,68.94573936920324,69.04221610297073,240616800,AAPL
2020-05-04,70.70885467529297,70.83668796153681,69.05907878160424,69.74648724414968,133568000,AAPL
2020-05-05,71.77013397216797,72.59984709930193,71.02242643355622,71.16714520888473,147751200,AAPL
2020-05-06,72.5106201171875,73.14013697599987,72.08611358941253,72.46961363455755,142333600,AAPL
2020-05-07,73.2607192993164,73.6056344607325,72.83380591134457,73.13530028833947,115215200,AAPL
2020-05-08,75.00442504882812,75.05763197756472,73.59203166310506,73.91852839032389,133838400,AAPL
2020-05-11,76.18467712402344,76.67804261253256,74.3055100788998,74.51350356888688,145946400,AAPL
2020-05-12,75.31401824951172,77.31652289559408,75.1930940380801,76.86668099114186,162301200,AAPL
2020-05-13,74.40463256835938,76.4119780094735,73.3308254602513,75.49294998490474,200622400,AAPL
2020-05-14,74.86178588867188,74.92224801297091,72.92457706432901,73.64528824300048,158929200,AAPL
2020-05-15,74.4191665649414,74.46511834982786,72.60530362666714,72.63916594421597,166348400,AAPL
2020-05-18,76.17256927490234,76.54501787394523,75.0503965474728,75.73966595706034,135178400,AAPL
2020-05-19,75.73240661621094,77.03354472425552,75.70096514534589,76.18949622469526,101729600,AAPL
2020-05-20,77.20525360107422,77.27538431049794,76.54983924007178,76.58853586283631,111504800,AAPL
2020-05-21,76.62966918945312,77.6067388197399,76.39265509370519,77.06741421541801,102688800,AAPL
2020-05-22,77.12305450439453,77.20528209037693,76.26690893879248,76.36848115298238,81803200,AAPL
2020-05-26,76.60064697265625,78.41692345166804,76.54501918320653,78.23795799610525,125522000,AAPL
2020-05-27,76.93439483642578,77.07950535982266,75.72031846461518,76.45796054995435,112945200,AAPL
2020-05-28,76.96825408935547,78.22344788867842,76.3346124557575,76.61031579665872,133560800,AAPL
2020-05-29,76.89327239990234,77.66960361164463,76.53775499591495,77.21009317848531,153532400,AAPL
2020-06-01,77.83889770507812,77.9598218875062,76.71671774944491,76.84731793304262,80791200,AAPL
2020-06-02,78.19926452636719,78.22345084365439,77.13271214546359,77.57287802595609,87642800,AAPL
2020-06-03,78.62974548339844,78.89094587146293,77.94773126866299,78.51849729325161,104491200,AAPL
2020-06-04,77.95259857177734,78.7506955495374,77.5801498711956,78.45322666286307,87560400,AAPL
2020-06-05,80.17274475097656,80.23320685109042,78.172661136236,78.20168176339025,137250400,AAPL
2020-06-08,80.6467514038086,80.68061371663406,79.1618063233987,79.87042024109125,95654400,AAPL
2020-06-09,83.19343566894531,83.5852289286094,80.2960963197302,80.3275377952439,147712400,AAPL
2020-06-10,85.33379364013672,85.80055930851739,83.70131684314876,84.13906188270568,166651600,AAPL
2020-06-11,81.23686218261719,84.9032841848941,81.13529000514959,84.48004955731804,201662400,AAPL
2020-06-12,81.93824005126953,84.11487578630992,80.83057755802524,83.36998591557237,200146000,AAPL
2020-06-15,82.95158386230469,83.60215667626827,80.43394102615576,80.59598270848474,138808800,AAPL
2020-06-16,85.14997863769531,85.420855036557,83.36997801465319,85.00003381550317,165428800,AAPL
2020-06-17,85.0314712524414,85.95291299210936,84.9105470621372,85.89245089695726,114406400,AAPL
2020-06-18,85.06534576416016,85.4813253336703,84.45830388000144,84.98795249991922,96820400,AAPL
2020-06-19,84.57921600341797,86.2334580419222,83.47396713214061,85.7691132840755,264476000,AAPL
2020-06-22,86.79212951660156,86.93481917934642,84.92505967255737,84.97101145656654,135445200,AAPL
2020-06-23,88.64469146728516,90.05950604686922,87.61441494809407,88.03281532631361,212155600,AAPL
2020-06-24,87.07992553710938,89.19126451334176,86.7074769720713,88.2746571031473,192623200,AAPL
2020-06-25,88.2359619140625,88.27465854046778,86.47772685166568,87.23471346059793,137522400,AAPL
2020-06-26,85.52484130859375,88.35204937887517,85.37730996316603,88.13196647381191,205256800,AAPL
2020-06-29,87.49590301513672,87.59022742215014,84.95649512979536,85.43293671398446,130646000,AAPL
2020-06-30,88.22628784179688,88.51167454519887,87.06541854675757,87.08476317006986,140223200,AAPL
2020-07-01,88.0594253540039,88.84543272516727,88.01106009800148,88.30369462192029,110737200,AAPL
2020-07-02,88.0594253540039,89.59758515519175,87.94576368111557,88.96394347072363,114041600,AAPL
2020-07-06,90.41500854492188,90.88177409640906,89.4524494397654,89.4838909066598,118655600,AAPL
2020-07-07,90.13448333740234,91.5686426186408,90.02323513682953,90.79231129924504,112424400,AAPL
2020-07-08,92.23374938964844,92.26519087150145,91.02208619883986,91.10915548555815,117092000,AAPL
2020-07-09,92.6303482055664,93.1769205126767,91.58556145720479,93.12371357510385,125642800,AAPL
2020-07-10,92.79237365722656,92.85042228036532,91.6169942125863,92.22644940084874,90257200,AAPL
2020-07-13,92.36431884765625,96.69582436714335,92.15149108508342,94.09353334761987,191649200,AAPL
2020-07-14,93.89280700683594,94.08386192882043,90.8164950630273,91.74760549870197,170989200,AAPL
2020-07-15,94.5385513305664,96.01140740726693,93.34381947671102,95.76230381558776,153198000,AAPL
2020-07-16,93.375244140625,94.22896866329947,92.77787832126056,93.41394076875463,110577600,AAPL
2020-07-17,93.18663787841797,93.97990060304143,92.7150303869267,93.82512141270584,92186800,AAPL
2020-07-20,95.15042114257812,95.28827651192833,92.93025444088441,93.27368244127173,90318000,AAPL
2020-07-21,93.8371810913086,96.01381673517915,93.58807752951296,95.93884432011826,103433200,AAPL
2020-07-22,94.10079193115234,94.78038533647508,93.45263999834938,93.53970187859424,89001600,AAPL
2020-07-23,89.81767272949219,93.91216495167265,89.0098998444414,93.83477168133008,197004400,AAPL
2020-07-24,89.59515380859375,89.93858177491317,86.23829692519554,88.0207257853986,185438800,AAPL
2020-07-27,91.71857452392578,91.81047808647506,90.43194679011566,90.6544431599045,121214000,AAPL
2020-07-28,90.21187591552734,91.46706972799262,90.20703422382543,91.29051773530753,103625600,AAPL
2020-07-29,91.94109344482422,92.12490060025137,90.6568789640174,90.69315474979174,90329200,AAPL
2020-07-30,93.05360412597656,93.15759717934402,90.71009225292192,91.11639584326105,158130000,AAPL
2020-07-31,102.79525756835938,102.9452024123297,97.537467741964,99.53030380101023,374336800,AAPL
2020-08-03,105.38544464111328,107.99740451645603,104.37452005882113,104.67198887947312,308151200,AAPL
2020-08-04,106.08921813964844,107.17753592025956,104.85336899973937,105.57407987592546,173071600,AAPL
2020-08-05,106.47376251220703,106.7930041847868,105.34674803582895,105.8111002305475,121776800,AAPL
2020-08-06,110.18853759765625,110.6819103626939,106.2173913049504,106.8050811008857,202428800,AAPL
2020-08-07,107.68333435058594,110.16675013813993,106.88864159432606,109.71125415700284,198045600,AAPL
2020-08-10,109.24849700927734,110.26366958356304,106.6051724150767,109.12492955700957,212403600,AAPL
2020-08-11,105.99943542480469,109.01102903844416,105.74018931676449,108.51434892717005,187902400,AAPL
2020-08-12,109.52228546142578,109.77910643524714,106.89349720537619,107.08732184428196,165598000,AAPL
2020-08-13,111.4605484008789,112.46118443380263,110.41145251692377,110.8984466622293,210082000,AAPL
2020-08-14,111.3612060546875,111.45085012066804,109.55618389407232,111.28609846459923,165565200,AAPL
2020-08-17,111.07044982910156,112.50477691266525,110.44535925101356,112.48054699080019,119561600,AAPL
2020-08-18,111.99600982666016,112.42000770053069,110.48899994491715,110.82335373705627,105633600,AAPL
2020-08-19,112.13651275634766,113.54661008039473,112.04202566230961,112.40302713967982,145538000,AAPL
2020-08-20,114.62474822998047,114.73862219086791,112.16071269074924,112.17767437286571,126907200,AAPL
2020-08-21,120.53167724609375,121.01382096112869,115.56968878487616,115.58180005044522,338054800,AAPL
2020-08-24,121.97327423095703,124.81043082095223,120.11253119545398,124.72562238006333,345937600,AAPL
2020-08-25,120.9726333618164,121.31668056382314,119.25483735042155,120.84907330953439,211495600,AAPL
2020-08-26,122.61773681640625,123.07323276693351,121.22217601375844,122.28580830184438,163022400,AAPL
2020-08-27,121.15191650390625,123.5505310416234,120.01075143908814,123.21860253348014,155552400,AAPL
2020-08-28,120.95568084716797,122.54021598651187,120.73277587733193,122.1234863946809,187630000,AAPL
2020-08-31,125.05756378173828,126.95708081045176,122.11139070318261,123.64263055162438,225702700,AAPL
2020-09-01,130.03892517089844,130.6398007655306,126.50157751038662,128.66275103381622,151948100,AAPL
2020-09-02,127.3447265625,133.72165634087213,123.0805253018372,133.343693114531,200119000,AAPL
2020-09-03,117.14938354492188,124.86372013453284,116.78111381462604,122.99329113592864,257599600,AAPL
2020-09-04,117.22689819335938,119.88233348649146,107.46768160963626,116.36436621062012,332607200,AAPL
2020-09-08,109.338134765625,115.31771368004287,109.202456054635,110.4332579025972,231366600,AAPL
2020-09-09,113.6992416381836,115.4630720645518,111.70282021985868,113.641095738678,176940500,AAPL
2020-09-10,109.9874267578125,116.78108356496357,109.02798258139752,116.64540488926583,182274400,AAPL
2020-09-11,108.5434341430664,111.6737525060593,106.6051585333688,111.03411800577045,180860300,AAPL
2020-09-14,111.79972839355469,112.3521366002866,109.31873818703018,111.17948084192356,140150100,AAPL
2020-09-15,111.97418212890625,115.16264637332723,110.10374588199468,114.6780774740645,184642000,AAPL
2020-09-16,108.66940307617188,112.41996847950239,108.58218423592244,111.6737357351675,154679000,AAPL
2020-09-17,106.93464660644531,108.73724325822185,105.35495487136528,106.33378598514221,178011000,AAPL
2020-09-18,103.54269409179688,107.45801226163356,102.81584063587528,106.99283019044772,287104900,AAPL
2020-09-21,106.68268585205078,106.78929159662262,99.91810106836907,101.31366180172101,195713800,AAPL
2020-09-22,108.35929107666016,109.3768886869023,105.79108191602546,109.20244359354463,183055400,AAPL
2020-09-23,103.81404876708984,108.65004455027305,103.47484460570544,108.17516907584385,150718700,AAPL
2020-09-24,104.8801040649414,106.84745280660479,101.75947886343313,101.92423053085801,167743300,AAPL
2020-09-25,108.81480407714844,108.96986969287116,104.34707769075096,105.08362457756284,149981400,AAPL
2020-09-28,111.4120864868164,111.76097670476364,109.29936567544041,111.46054633695047,137672400,AAPL
2020-09-29,110.56895446777344,111.75130404926564,110.06500594471166,111.01476446893967,99382200,AAPL
2020-09-30,112.23584747314453,113.64110173479544,110.11344069592683,110.27819234917513,142675200,AAPL
2020-10-01,113.18560791015625,114.0869063866764,112.25523648180236,114.00937358582986,116120400,AAPL
2020-10-02,109.53195190429688,111.80943167027127,108.75664609356778,109.40596665096126,144712000,AAPL
2020-10-05,112.90457153320312,113.04994370495149,110.04561752920706,110.39450778382883,106243800,AAPL
2020-10-06,109.66763305664062,112.53627995429564,108.78571414124006,112.12923647353072,161498200,AAPL
2020-10-07,111.52838897705078,111.9838849635665,110.60770355491991,111.08258643963451,96849000,AAPL
2020-10-08,111.42176055908203,112.80762774105104,111.05348350755155,112.66225560986447,83477200,AAPL
2020-10-09,113.36004638671875,113.38911933685253,111.37331099631979,111.72220118579409,100506900,AAPL
2020-10-12,120.56074523925781,121.31667154926015,115.59875698215505,116.35468329215739,240226800,AAPL
2020-10-13,117.36257934570312,121.52018115565947,115.95733257416443,121.4038819645373,262330500,AAPL
2020-10-14,117.4498062133789,119.23301612314903,115.92826024261022,117.26566767493782,150712000,AAPL
2020-10-15,116.98463439941406,117.459509897586,114.50364375467132,115.0560520589753,112559200,AAPL
2020-10-16,115.34677124023438,117.7986959477676,115.14325320090887,117.53702461582463,115393800,AAPL
2020-10-19,112.4006118774414,116.70357893346838,112.09048805904365,116.25777640664253,120639300,AAPL
2020-10-20,113.88340759277344,115.30804162507589,112.06142343437362,112.6138317944566,124423700,AAPL
2020-10-21,113.26313781738281,115.04634782768703,112.85609432030498,113.06930582021845,89946000,AAPL
2020-10-22,112.17769622802734,114.39702259575029,111.0534928722476,113.8252274699149,101988000,AAPL
2020-10-23,111.48961639404297,112.95301658165369,110.75306957595657,112.79795098039979,82572600,AAPL
2020-10-26,111.49931335449219,112.95302013932815,109.39627858637218,110.49140909640037,111850700,AAPL
2020-10-27,113.00148010253906,113.66049418453407,111.00505835146696,111.92573641878347,92276800,AAPL
2020-10-28,107.76812744140625,111.86758385649746,107.67121513386326,111.49931413026005,143937800,AAPL
2020-10-29,111.76097106933594,113.32128352260756,108.7372584642391,108.90201751002611,146129200,AAPL
2020-10-30,105.5003433227539,108.53374202736012,104.39552680317541,107.63244356202665,190272600,AAPL
2020-11-02,105.41311645507812,107.26417322328109,104.00786958662283,105.74262715568275,122866900,AAPL
2020-11-03,107.0315933227539,108.04918369356872,105.3743683811965,106.27566693473848,107624400,AAPL
2020-11-04,111.40237426757812,112.02262179632525,108.88261775780121,110.61737510643056,138235500,AAPL
2020-11-05,115.3564682006836,115.92826333290571,113.26313445106743,114.3097976289083,126387100,AAPL
2020-11-06,115.22542572021484,115.72053342058035,112.74014741905776,114.8662234022807,114457900,AAPL
2020-11-09,112.92462921142578,118.42912063626632,112.66251374644474,116.9826156781041,154515300,AAPL
2020-11-10,112.58480834960938,114.15751541071181,110.79851455087879,112.1770700305599,138023400,AAPL
2020-11-11,116.00205993652344,116.13797271482636,113.0410945158488,113.76920185962483,112295000,AAPL
2020-11-12,115.73025512695312,117.01172398546103,115.1089373414155,116.12829076811843,103162300,AAPL
2020-11-13,115.77879333496094,116.17682155137521,114.42936813634326,115.95353941713333,81581900,AAPL
2020-11-16,116.78842163085938,117.45827535475047,114.70117908437909,115.44869936969526,91183000,AAPL
2020-11-17,115.90497589111328,117.14761119066519,115.48752740079281,116.06030900690259,74271000,AAPL
2020-11-18,114.58467102050781,116.32242132257835,114.55554791373581,115.14774244040137,76322100,AAPL
2020-11-19,115.17686462402344,115.58460292894434,113.40028105826617,114.15751145503081,74113000,AAPL
2020-11-20,113.91482543945312,115.30308383579212,113.8662893904585,115.17688122037637,73604300,AAPL
2020-11-23,110.5267105102539,114.1866681424837,110.42963099730896,113.7595093974955,127959300,AAPL
2020-11-24,111.80816650390625,112.46831748552103,109.30347536130687,110.58495144916897,113874200,AAPL
2020-11-25,112.64306640625,113.34205068763839,111.80816933755735,112.17708182311867,76499200,AAPL
2020-11-27,113.18672180175781,114.060452186272,112.82752688184597,113.1673088628538,46691300,AAPL
2020-11-30,115.57489776611328,117.43885061280498,113.40027870494941,113.5556118121855,169410200,AAPL
2020-12-01,119.1377944946289,119.86590193418374,116.50690050184049,117.47771042124693,127728200,AAPL
2020-12-02,119.48727416992188,119.76880990592802,117.36119829848747,118.45821072635326,89004200,AAPL
2020-12-03,119.35136413574219,120.16684084637635,118.64266969338425,119.91442821402666,78967600,AAPL
2020-12-04,118.6815185546875,119.27371322753666,117.97282401930184,119.02130056205368,78260400,AAPL
2020-12-07,120.13772583007812,120.93378965648249,118.68151097153174,118.73975719573221,86712000,AAPL
2020-12-08,120.74932098388672,121.33181279274314,119.49697544555106,120.73961821864586,82225500,AAPL
2020-12-09,118.22522735595703,122.27350282433629,117.46799682595132,120.89495455654684,115089200,AAPL
2020-12-10,119.64259338378906,120.25420827611856,116.64279476467264,116.98257670113864,81312200,AAPL
2020-12-11,118.83682250976562,119.17660443365664,117.03111582087004,118.85623544540636,86939800,AAPL
2020-12-14,118.22522735595703,119.74939858875337,117.99223505596105,119.02129117041069,79184500,AAPL
2020-12-15,124.14715576171875,124.16657610565406,120.50661897640848,120.71048814758292,157243700,AAPL
2020-12-16,124.07917785644531,124.62282888531004,122.86566580509383,123.69085992536465,98208600,AAPL
2020-12-17,124.9432144165039,125.79753175425047,124.30247641319399,125.13737340779682,94359800,AAPL
2020-12-18,122.96277618408203,125.33155453096758,122.43853798895042,125.19564174778804,192541500,AAPL
2020-12-21,124.48692321777344,124.56458977108868,119.84645405419545,121.37062498122869,121251600,AAPL
2020-12-22,128.0303955078125,130.48654300822767,125.86547908382497,127.76827272564631,168904800,AAPL
2020-12-23,127.13723754882812,128.5643140977905,126.96248410987832,128.30220615943512,88223700,AAPL
2020-12-24,128.1177978515625,129.56431009529325,127.27319788547423,127.48677727215622,54930100,AAPL
2020-12-28,132.6999969482422,133.33101740723168,129.61281401111586,130.07881339134244,124486200,AAPL
2020-12-29,130.93307495117188,134.73864648409148,130.41854709170684,134.0202569213398,121047300,AAPL
2020-12-30,129.81671142578125,132.02045422329275,129.50604512243837,131.62241857715392,96452100,AAPL
2020-12-31,128.8167266845703,130.8068893039239,127.87504019853539,130.16615142022158,99116600,AAPL
2021-01-04,125.63249969482422,129.70989788960378,123.05985224509121,129.62252856286995,143301900,AAPL
2021-01-05,127.185791015625,127.89449286005866,124.68109986637585,125.12767890789046,97664900,AAPL
2021-01-06,122.90452575683594,127.2246340413711,122.6909464043688,123.99183545726343,155088000,AAPL
2021-01-07,127.09839630126953,127.78767766361115,124.12772117277477,124.61312599281324,109578200,AAPL
2021-01-08,128.19544982910156,128.75852134682515,126.42856870658443,128.56434751676753,105158200,AAPL
2021-01-11,125.21502685546875,126.37029273075628,124.74904236248368,125.41890340367594,100384500,AAPL
2021-01-12,125.040283203125,125.9043031805743,123.156910152344,124.74903735169032,91951100,AAPL
2021-01-13,127.06929779052734,127.61294892404966,124.73936012875102,125.00146811666775,88636800,AAPL
2021-01-14,125.14708709716797,127.1760758978846,125.00145674818756,126.9819169126251,90221800,AAPL
2021-01-15,123.42877197265625,126.41886828778621,123.29285917712234,125.02089964036091,111598500,AAPL
2021-01-19,124.0986328125,124.95295027523217,123.2346125834672,124.05008935422954,90757300,AAPL
2021-01-20,128.17599487304688,128.62257382285637,124.79758149233558,124.90437114467832,104319500,AAPL
2021-01-21,132.87472534179688,135.59299559628155,129.6904705564632,129.89434712123654,120150900,AAPL
2021-01-22,135.01051330566406,135.76774369341513,131.07873102256855,132.3019459227709,114459400,AAPL
2021-01-25,138.74813842773438,140.8547939706266,132.55436700322258,138.89376878953092,157611700,AAPL
2021-01-26,138.9811248779297,140.08784738058793,137.24336716103608,139.40828353042602,98390600,AAPL
2021-01-27,137.91322326660156,140.08784232197448,136.31139319096383,139.24322781199024,140843800,AAPL
2021-01-28,133.08831787109375,137.8452949915903,132.7097026247184,135.44739349341899,142621100,AAPL
2021-01-29,128.10804748535156,132.7485164111063,126.40913060377333,131.8650760774745,177523800,AAPL
2021-02-01,130.22442626953125,131.42823575703017,127.1081202867018,129.84581103922318,106239800,AAPL
2021-02-02,131.0496063232422,132.33106742025004,130.6806938981219,131.76799601841705,83305400,AAPL
2021-02-03,130.0302734375,131.80685723730443,129.70990440998943,131.79713965825755,89880900,AAPL
2021-02-04,133.37957763671875,133.38928040334213,130.66130683037125,132.32139835278772,84183100,AAPL
2021-02-05,132.96636962890625,133.60806525933478,132.09134092233725,133.54001472396752,75693800,AAPL
2021-02-08,133.1121826171875,133.16079860710033,131.1773789685877,132.2565886683768,71297200,AAPL
2021-02-09,132.23716735839844,134.055304885325,132.08161692740265,132.8302469559109,76774200,AAPL
2021-02-10,131.63433837890625,133.1899609934861,130.67179521713933,132.69409868188646,73046600,AAPL
2021-02-11,131.38157653808594,132.60661952451218,130.05930155973675,132.13020650092022,64280000,AAPL
2021-02-12,131.6149444580078,131.77050975209954,129.98155337661348,130.62324908809967,60145100,AAPL
2021-02-16,129.49537658691406,132.23714344471992,129.10646349095452,131.731578673249,80576300,AAPL
2021-02-17,127.21058654785156,128.5523110624879,125.87859413495782,127.6092169957538,97918500,AAPL
2021-02-18,126.1119155883789,126.39386460486962,123.8757134782661,125.61605324019762,96856700,AAPL
2021-02-19,126.26749420166016,127.08420447655753,125.22718295197116,126.62724075405677,87668800,AAPL
2021-02-22,122.50481414794922,126.12162413344431,122.11590849249929,124.45905227095189,103916400,AAPL
2021-02-23,122.36870574951172,123.1951256816812,115.10591870921408,120.32696020598745,158273000,AAPL
2021-02-24,121.87284851074219,122.07702231944482,118.83940058972168,121.47422557501572,111039900,AAPL
2021-02-25,117.63378143310547,122.95204690459941,117.19626722871075,121.2214246130711,148199500,AAPL
2021-02-26,117.89630126953125,121.3867126364465,117.83796059992733,119.18940199791072,164560400,AAPL
2021-03-01,124.24517059326172,124.38128647028813,119.38386807729292,120.31723727022785,116307900,AAPL
2021-03-02,121.64923095703125,125.14936711599789,121.5422817134225,124.84796874824156,102260900,AAPL
2021-03-03,118.67411804199219,122.22287046374831,118.46021953832745,121.34783450228308,112966300,AAPL
2021-03-04,116.79765319824219,120.1713983779594,115.3295451588436,118.37271790565526,178155000,AAPL
2021-03-05,118.05187225341797,118.55745188502343,114.30867068121566,117.62408266255089,153766600,AAPL
2021-03-08,113.13224029541016,117.6435287378886,112.98639972664601,117.57547079483327,154376600,AAPL
2021-03-09,117.73103332519531,118.67412730069942,115.49483838005335,115.72817884872909,129525800,AAPL
2021-03-10,116.65180206298828,118.78104722203169,116.13649783770954,118.31436639995009,111943300,AAPL
2021-03-11,118.57688903808594,119.79221465640565,117.89630965893046,119.14080190524842,103026500,AAPL
2021-03-12,117.67269134521484,117.80880722667213,115.8545688924242,117.06016987865702,88105100,AAPL
2021-03-15,120.55056762695312,120.56029230814386,117.07959821769512,118.0421413761026,92403800,AAPL
2021-03-16,122.08673858642578,123.69096973595795,121.26031872689654,122.21312976850402,115227900,AAPL
2021-03-17,121.29924011230469,122.36872533794525,118.9463637145834,120.60893594468433,111932600,AAPL
2021-03-18,117.18657684326172,119.76306909077105,116.98240299360765,119.4713879239737,121229700,AAPL
2021-03-19,116.66154479980469,118.06160240727854,116.3601463939911,116.57404490821733,185549500,AAPL
2021-03-22,119.96721649169922,120.43390477213393,116.92404394954326,116.99210188442348,111912300,AAPL
2021-03-23,119.14079284667969,120.79363259482143,118.75188719483505,119.90887946918929,95467100,AAPL
2021-03-24,116.75874328613281,119.4907999468216,116.7393013427106,119.41301733761696,88530500,AAPL
2021-03-25,117.24488067626953,118.28520644839449,115.69899016650163,116.22401168427893,98844700,AAPL
2021-03-26,117.84770965576172,118.1102241788797,115.62123193079763,117.01156492349538,94071200,AAPL
2021-03-29,118.02269744873047,119.1796897776827,117.3810093980004,118.27548724702227,80819200,AAPL
2021-03-30,116.57401275634766,117.0601429117805,115.56286114291645,116.77818653149856,85671900,AAPL
2021-03-31,118.76163482666016,120.09362711310527,117.78937421803873,118.27550452234945,118323800,AAPL
2021-04-01,119.58802795410156,120.73529551085936,119.0921730782952,120.22972337194014,75089100,AAPL
2021-04-05,122.4075927734375,122.66038256872103,119.65609390540438,120.43390523654203,88651200,AAPL
2021-04-06,122.708984375,123.60346216405839,122.16452092387894,122.99094078154718,80171300,AAPL
2021-04-07,124.35211944580078,124.37156139198876,121.66867838856395,122.33954050731289,83466700,AAPL
2021-04-08,126.74388885498047,126.77305548532095,124.9549329616751,125.37299788690146,88844600,AAPL
2021-04-09,129.3106231689453,129.34950705430177,125.8785454100243,126.19939309739704,106686700,AAPL
2021-04-12,127.59947967529297,129.16481975117756,127.00640014752257,128.84397199003766,91420000,AAPL
2021-04-13,130.7009735107422,130.9246041100814,128.27032223067465,128.76618458654,91266500,AAPL
2021-04-14,128.36753845214844,131.255153005102,128.00780685424039,131.19681975522676,87222800,AAPL
2021-04-15,130.76902770996094,131.2551579244961,129.93288314753977,130.10789773924117,89347100,AAPL
2021-04-16,130.4384765625,130.9343240931431,129.58288254678484,130.57459244358938,84922400,AAPL
2021-04-19,131.09962463378906,131.71215360069297,129.6412336348906,129.80651616783663,94264200,AAPL
2021-04-20,129.41758728027344,131.77045575605666,128.15364574587304,131.27460827428777,94812300,AAPL
2021-04-21,129.7967987060547,130.0398638721709,127.65782821133615,128.6884221419856,68847100,AAPL
2021-04-22,128.28005981445312,130.42874732999832,127.7647629078915,129.3495375220918,84566500,AAPL
2021-04-23,130.5940399169922,131.37183646308597,128.49395363729542,128.49395363729542,78657500,AAPL
2021-04-26,130.98294067382812,131.3135056957382,129.85511489088012,131.08988992627178,66905100,AAPL
2021-04-27,130.662109375,131.65381940116677,130.38987757731036,131.26490623623846,66015800,AAPL
2021-04-28,129.87451171875,131.27456869874598,129.3883816471132,130.58425746939625,107760100,AAPL
2021-04-29,129.77734375,133.2677706601101,128.775916495569,132.68440835234537,151101000,AAPL
2021-04-30,127.81334686279297,129.85508461220547,127.43416593536529,128.12446244748273,109839500,AAPL
2021-05-03,128.86337280273438,130.35094470080776,128.17307630207762,128.3772426558717,75135100,AAPL
2021-05-04,124.30349731445312,127.84253218435018,123.18539631101322,127.55085108162373,137564700,AAPL
2021-05-05,124.54656982421875,126.83137298490321,124.42017121810461,125.61604742001238,84000900,AAPL
2021-05-06,126.1410903930664,126.15080765787947,123.60348232032891,124.34240242288911,78128300,AAPL
2021-05-07,126.81306457519531,127.83566009725462,126.10209824713681,127.436367545342,78973300,AAPL
2021-05-10,123.54073333740234,126.16055151436144,123.50177596650869,126.03395306208488,88071200,AAPL
2021-05-11,122.62527465820312,122.97587617421408,119.5671838636692,120.2781429577982,126142800,AAPL
2021-05-12,119.5671615600586,121.38837950118456,119.06073063774643,120.18073081693389,112172300,AAPL
2021-05-13,121.70977783203125,122.85899423262195,121.01830123774441,121.32995276517451,105861300,AAPL
2021-05-14,124.12507629394531,124.55359993393608,122.56681864446786,122.95638491442686,81918000,AAPL
2021-05-17,122.97586059570312,123.61864605940792,121.9045589198871,123.51151514879045,74244600,AAPL
2021-05-18,121.5929183959961,123.6770895961018,121.52474484946401,123.25830711587349,63342900,AAPL
2021-05-19,121.43709564208984,121.66109125212728,119.65483481097455,119.94701139751646,92612000,AAPL
2021-05-20,123.98872375488281,124.3880312073582,121.83637931031465,121.96299261493283,76857100,AAPL
2021-05-21,122.15778350830078,124.66073707262268,121.94352167759979,124.48543261389995,79295400,AAPL
2021-05-24,123.78421783447266,124.60230780549196,122.65448374065255,122.72265728570756,63092900,AAPL
2021-05-25,123.58943176269531,124.9723924215316,123.02456103094238,124.48542900111524,72009500,AAPL
2021-05-26,123.54073333740234,124.06664669892854,123.12195088824402,123.64786424977021,56575900,AAPL
2021-05-27,122.01168823242188,124.31012103497811,121.816908814046,123.14142966400581,94625600,AAPL
2021-05-28,121.35916900634766,122.51812660764142,121.30073666690714,122.29412358918856,71311100,AAPL
2021-06-01,121.03778076171875,122.07986629236983,120.70665425214682,121.8169133247897,67637100,AAPL
2021-06-02,121.79742431640625,121.97272876206887,120.81377861108228,121.03777419532105,59278900,AAPL
2021-06-03,120.31708526611328,121.59290756486408,119.91777779316642,121.42734431379967,76229200,AAPL
2021-06-04,122.60578155517578,122.86874195718396,120.61900017592295,120.83326200560104,75169300,AAPL
2021-06-07,122.61551666259766,123.0245579005518,121.57343116760482,122.87846962118002,71057600,AAPL
2021-06-08,123.43359375,125.10873085926178,122.91742162506401,123.2972466766342,74403800,AAPL
2021-06-09,123.81343078613281,124.41725890545642,123.21934386738059,123.89134552998598,56877900,AAPL
2021-06-10,122.82003784179688,124.84577650141729,122.65447459192099,123.70629386140669,71186400,AAPL
2021-06-11,124.0276870727539,124.1153430132604,122.81029711830921,123.22907955985254,53522400,AAPL
2021-06-14,127.0760269165039,127.13445925571631,123.75499103493249,124.48542499652146,96906500,AAPL
2021-06-15,126.25791931152344,127.19288113494692,126.01444137279705,126.5500958101379,62746300,AAPL
2021-06-16,126.75464630126953,127.47534656209021,125.10874743356234,126.96890813933193,91815000,AAPL
2021-06-17,128.35186767578125,129.0920503743114,126.26769639966578,126.41379212945316,96721700,AAPL
2021-06-18,127.05654907226562,128.0791446469785,126.84228727205331,127.30002703971456,108953300,AAPL
2021-06-21,128.8485565185547,128.95568742961305,125.8391720998025,126.90073257983343,79663300,AAPL
2021-06-22,130.48471069335938,130.5821078265205,128.18627804148716,128.68298261560656,74783600,AAPL
2021-06-23,130.21202087402344,130.81585637036997,129.75428108226635,130.28020184164183,60214200,AAPL
2021-06-24,129.9296417236328,131.12754967516477,129.46215312633856,130.94250396299273,68711000,AAPL
2021-06-25,129.63742065429688,130.39707078875628,129.3452440962624,129.97829578212327,70783700,AAPL
2021-06-28,131.2638397216797,131.72157948620062,129.87115289056985,129.9295852246422,62111300,AAPL
2021-06-29,132.77342224121094,132.92925172484664,130.84508067855094,131.28333809814853,64556100,AAPL
2021-06-30,133.386962890625,133.8252202160753,132.32538776453424,132.61756426840589,63261400,AAPL
2021-07-01,133.68887329101562,133.74730561970333,132.21825700237508,133.03635418614581,52485800,AAPL
2021-07-02,136.30870056152344,136.34765049437885,134.15634896857634,134.30242979267734,78852600,AAPL
2021-07-06,138.31497192382812,139.41548226335163,136.4158466947496,136.4158466947496,108181800,AAPL
2021-07-07,140.7984619140625,141.11010601971827,138.93828646790567,139.7953189039971,104911600,AAPL
2021-07-08,139.50314331054688,140.3017433261173,137.00018264096806,137.88644602005195,105575500,AAPL
2021-07-09,141.3243408203125,141.8502466496084,138.9285112717733,139.0259083953203,99890800,AAPL
2021-07-12,140.7303009033203,142.50282808936566,140.2433448448313,142.3956971620693,76299700,AAPL
2021-07-13,141.84054565429688,143.61307265954179,139.882987848704,140.2725467114718,100827100,AAPL
2021-07-14,145.2589874267578,145.6680435964864,143.8273354148668,144.23639158459537,127050800,AAPL
2021-07-15,144.6063995361328,146.08674942463531,143.25266291922637,145.34658191074038,106820300,AAPL
2021-07-16,142.57095336914062,145.85303150774294,142.07426368162248,144.5869580069263,93251400,AAPL
2021-07-19,138.73374938964844,140.31149679803218,137.97409928442224,139.99983785193092,121434600,AAPL
2021-07-20,142.33724975585938,143.26247815428886,139.23048258998614,139.71743864780393,96350000,AAPL
2021-07-21,141.6068115234375,142.31777804675525,140.85690991607032,141.73342485019364,74993500,AAPL
2021-07-22,142.9702606201172,144.33373124740575,142.006082551789,142.13269584600698,77338200,AAPL
2021-07-23,144.68435668945312,144.84018616778306,143.0871416883638,143.7007109713398,71447400,AAPL
2021-07-26,145.10316467285156,145.92124724515625,143.84680978043045,144.40194679352788,72434100,AAPL
2021-07-27,142.94107055664062,145.31741825019225,141.7528967098648,145.22975487472473,104818600,AAPL
2021-07-28,141.19781494140625,143.13590595835052,138.821466318623,141.03225161745482,118931200,AAPL
2021-07-29,141.84054565429688,142.72680915691933,140.80820129331602,140.91533220968486,56699500,AAPL
2021-07-30,142.0548095703125,142.51254941417247,140.35046351445212,140.61342392407167,70440600,AAPL
2021-08-02,141.72364807128906,143.1163348001012,141.46068772656318,142.54173040964227,62880000,AAPL
2021-08-03,143.51564025878906,144.1778931349551,141.3925048543154,142.00607403013316,64786600,AAPL
2021-08-04,143.1163787841797,143.93446137395492,142.46385946656952,143.42803778640976,56368300,AAPL
2021-08-05,143.22349548339844,143.98314564998552,142.35671440302508,143.14558074057953,46397700,AAPL
2021-08-06,142.54075622558594,143.48686754429556,142.04332223777357,142.74559073997008,54126800,AAPL
2021-08-09,142.491943359375,143.08692025442784,141.9359896381178,142.59923476284288,48908700,AAPL
2021-08-10,142.01402282714844,144.072056221946,141.72140855204836,142.83333089104445,69023100,AAPL
2021-08-11,142.26763916015625,143.10645895995768,141.94576488875748,142.45296206335397,48493500,AAPL
2021-08-12,145.22300720214844,145.37907015513477,142.24812227389452,142.58950812317931,72282600,AAPL
2021-08-13,145.42784118652344,145.75946379823836,144.6182813640554,145.30103817728678,59375000,AAPL
2021-08-16,147.39808654785156,147.46636967362969,142.86261655746753,144.88162714158625,103296000,AAPL
2021-08-17,146.490966796875,147.94426000150526,145.41805278817236,146.52997508674613,92229700,AAPL
2021-08-18,142.75527954101562,147.00789708224372,142.550445112083,146.11055767777995,86326000,AAPL
2021-08-19,143.08694458007812,144.35493005036025,140.94113102889904,141.45807654722455,86960300,AAPL
2021-08-20,144.5402374267578,144.84260006919433,143.1649606824682,143.80870914358007,60549600,AAPL
2021-08-23,146.02284240722656,146.49101645929602,144.24765951519495,144.65731367112883,60131800,AAPL
2021-08-24,145.93502807617188,147.14449367144724,145.4766024407117,145.7692167650667,48606400,AAPL
2021-08-25,144.70608520507812,146.61781948232644,144.15987966385998,146.120370599229,58991300,AAPL
2021-08-26,143.90625,145.44733817166107,143.87699005673284,144.6963131171606,48597200,AAPL
2021-08-27,144.94017028808594,145.08647001894514,143.2137590490284,143.84774439339665,55802400,AAPL
2021-08-30,149.3488311767578,149.70972863585897,144.94991248756867,145.33030665463397,90956700,AAPL
2021-08-31,148.09060668945312,149.03671791602926,147.5638979226051,148.90016654739884,86453100,AAPL
2021-09-01,148.75384521484375,151.1630130890743,148.58803390921838,149.06597111930256,80313700,AAPL
2021-09-02,149.86578369140625,150.9094380524186,148.64656965264444,150.08036655286702,71115500,AAPL
2021-09-03,150.49977111816406,150.82164538297303,149.3195654805312,149.97306236375573,57808700,AAPL
2021-09-07,152.83091735839844,153.3868712092461,150.58756059759483,151.1532776856572,82278300,AAPL
2021-09-08,151.28981018066406,153.17226923823645,150.18763608775444,153.11374935418493,74420200,AAPL
2021-09-09,150.27540588378906,152.2651560265842,150.1583512521099,151.6604308143289,57305700,AAPL
2021-09-10,145.30101013183594,151.650669593774,145.03765581078468,151.18249570977798,140893200,AAPL
2021-09-13,145.86676025390625,147.6906995642944,145.08646034770857,146.92016289482572,102404300,AAPL
2021-09-14,144.47198486328125,147.34934195867896,143.29179398463287,146.6470734676716,109296300,AAPL
2021-09-15,145.3595428466797,145.7594485393446,142.76505234502355,144.9011172737186,83281300,AAPL
2021-09-16,145.12547302246094,145.30104757606733,143.59414799108714,144.78410203525485,68034100,AAPL
2021-09-17,142.46270751953125,145.15474141357228,142.17009319848557,145.15474141357228,129868800,AAPL
2021-09-20,139.41958618164062,141.27278583373996,137.79071777768286,140.25840615619828,123478900,AAPL
2021-09-21,139.89752197265625,141.03871968285046,139.26353647409275,140.38520770477817,75834000,AAPL
2021-09-22,142.25790405273438,142.82360628582634,140.16084691647131,140.89237536058963,76404300,AAPL
2021-09-23,143.21377563476562,143.45761846975984,142.05308135891542,143.0382010544173,64838200,AAPL
2021-09-24,143.30152893066406,143.83798604484667,141.97502355876833,142.07256662788618,53477900,AAPL
2021-09-27,141.78970336914062,142.36518367517027,140.2778899497781,141.8872464401241,74150700,AAPL
2021-09-28,138.41494750976562,141.1849984849811,138.20036462885602,139.72194150586213,108972300,AAPL
2021-09-29,139.31228637695312,140.89238314094982,138.531986350207,138.96115210906663,74602000,AAPL
2021-09-30,138.0150146484375,140.82408826037346,137.80043180958225,140.12181985738948,89056700,AAPL
2021-10-01,139.13665771484375,139.40001203413104,135.68385115865894,138.40512951469634,94639600,AAPL
2021-10-04,135.71311950683594,138.70751560218017,134.8645515046284,138.26858674850567,98322000,AAPL
2021-10-05,137.63462829589844,138.73680249578317,135.92772872481194,136.0545317412187,80861100,AAPL
2021-10-06,138.5027313232422,138.64903107214994,134.962128569818,136.0350430050937,83221100,AAPL
2021-10-07,139.76092529296875,140.66802820004892,139.20497147758243,139.53659409609236,61732700,AAPL
2021-10-08,139.38052368164062,140.62899749402928,139.04890108087716,140.48269778280476,58773200,AAPL
2021-10-11,139.292724609375,141.24346653207863,138.3173536480232,138.7660308387561,64452200,AAPL
2021-10-12,138.02476501464844,139.72191616043952,137.56633938704366,139.7024045703548,73035900,AAPL
2021-10-13,137.43955993652344,137.9174823014052,135.77166862906188,137.76143421982243,78762700,AAPL
2021-10-14,140.21934509277344,140.3363997461316,138.024760100328,138.60998871817293,69907100,AAPL
2021-10-15,141.27273559570312,141.33125547588753,139.97549034735292,140.22909633879294,67940300,AAPL
2021-10-18,142.940673828125,143.22352497013978,139.63416555830162,139.91701670031637,85589200,AAPL
2021-10-19,145.09619140625,145.4960971069184,142.94062972963636,143.38929207620686,76378900,AAPL
2021-10-20,145.58384704589844,146.06178411808008,144.47192487731363,145.03764175367826,58418800,AAPL
2021-10-21,145.79844665527344,145.95450958049068,144.22809881735165,145.14494989927837,61421000,AAPL
2021-10-22,145.0279083251953,146.48120150945985,144.97913680130506,146.0032792710822,58883400,AAPL
2021-10-25,144.97918701171875,145.69120388157359,143.98430413512364,145.0181953145529,50720600,AAPL
2021-10-26,145.64242553710938,147.12497895180522,145.34004798248478,145.6521738906202,60893400,AAPL
2021-10-27,145.18397521972656,146.04229155515878,144.8328410742834,145.68140905786274,56094900,AAPL
2021-10-28,148.81234741210938,149.39756103040457,146.03253435552523,146.13007740006395,100077900,AAPL
2021-10-29,146.110595703125,146.2471470636249,142.804088225394,143.59413644564216,124953200,AAPL
2021-11-01,145.29127502441406,146.0130400607468,144.15984105888933,145.32053496464482,74588300,AAPL
2021-11-02,146.32518005371094,147.8370082711022,144.98891149464504,144.9986747309846,69122000,AAPL
2021-11-03,147.7589874267578,148.2271614322934,146.13011931995035,146.6860731609645,54511500,AAPL
2021-11-04,147.24203491210938,148.6758168059769,146.92990900121129,147.84676026074618,60394600,AAPL
2021-11-05,147.76950073242188,148.66815006608644,146.57781000839395,148.36534609443586,65463900,AAPL
2021-11-08,146.948974609375,148.0527572213007,146.67547332752292,147.8964665160418,55020900,AAPL
2021-11-09,147.31036376953125,147.91597153908737,146.5777679561521,146.71451857846154,56787900,AAPL
2021-11-10,144.4874267578125,146.64614895330263,144.41905889983127,146.53870097244655,65187100,AAPL
2021-11-11,144.43862915039062,145.96242651484354,144.25303577054234,145.5033467129879,41000000,AAPL
2021-11-12,146.50946044921875,146.90993499792881,144.05769591147595,144.98564800973566,63804000,AAPL
2021-11-15,146.51919555664062,148.3555742437889,145.9624154592678,146.88060480284193,59222800,AAPL
2021-11-16,147.4959716796875,147.97460635745318,145.87448920859703,146.4605718791386,59256200,AAPL
2021-11-17,149.92820739746094,151.40316186672771,147.48622091573952,147.49598349597346,88807000,AAPL
2021-11-18,154.20657348632812,154.98801222203343,149.49843081431837,150.14311888912806,137827700,AAPL
2021-11-19,156.8243865966797,157.28348128204507,152.89766786630707,153.9916731226482,117305600,AAPL
2021-11-22,157.28346252441406,161.85485386154411,157.26392246010866,157.92813559947206,117467900,AAPL
2021-11-23,157.66441345214844,158.0453627342285,155.36894027506222,157.3811346832133,96041900,AAPL
2021-11-24,158.18214416503906,158.37750013405517,155.9355132595911,157.01975602804134,69463600,AAPL
2021-11-26,153.17115783691406,156.72668956141257,152.73160325073675,155.86712045424656,76959800,AAPL
2021-11-29,156.52157592773438,157.44952783966656,155.10521179906075,155.67175446958956,88748200,AAPL
2021-11-30,161.4641571044922,161.67905311784355,156.20899716750552,156.27737994661885,174048100,AAPL
2021-12-01,160.94647216796875,166.34814584365344,160.71203606659066,163.5935775451036,152052500,AAPL
2021-12-02,159.95989990234375,160.38969196905754,154.13821164787007,155.05640108044867,136739200,AAPL
2021-12-03,158.08447265625,161.13208267929107,156.0136723737617,160.21389314884243,118023100,AAPL
2021-12-06,161.48370361328125,163.98429560873123,160.4678287996897,160.47759138079394,107497000,AAPL
2021-12-07,167.2076873779297,167.59841414884357,164.43359437560147,165.15642772326544,120405400,AAPL
2021-12-08,171.0171661376953,171.87674998320583,166.73880187624943,168.13562562520406,116998900,AAPL
2021-12-09,170.50927734375,172.6484600825667,169.8841293433167,170.85116144440897,108923700,AAPL
2021-12-10,175.28578186035156,175.46161263264923,170.63624509261138,171.14418244016858,115402700,AAPL
2021-12-13,171.66188049316406,177.90359710458122,171.4567470785072,176.9170250648393,153237000,AAPL
2021-12-14,170.2846221923828,173.6154957034132,168.21382219359762,171.18327152968024,139380400,AAPL
2021-12-15,175.1392822265625,175.33463817394934,168.31148231582245,171.0465102933484,131063300,AAPL
2021-12-16,168.2626495361328,176.93659123544322,166.78769490587976,175.11975249855263,150185800,AAPL
2021-12-17,167.16864013671875,169.44457351876034,165.75229083845704,165.98671202152144,195432700,AAPL
2021-12-20,165.81085205078125,166.62159320430635,163.57399939708904,164.37496306745004,107499100,AAPL
2021-12-21,168.97572326660156,169.18084181030284,165.1955175809284,167.57889907243998,91185900,AAPL
2021-12-22,171.564208984375,171.77910499631244,168.15519034473417,169.02453697313442,92135300,AAPL
2021-12-23,172.18936157226562,172.74614168304623,171.2028043307869,171.76934702247985,68356600,AAPL
2021-12-27,176.14532470703125,176.23323262029706,172.96098053180225,172.98050568717326,74919600,AAPL
2021-12-28,175.12948608398438,177.12215528727302,174.38712760111903,175.97930746687297,79144300,AAPL
2021-12-29,175.21743774414062,176.4384311169709,174.00620695259946,175.16859502828655,62348900,AAPL
2021-12-30,174.0647735595703,176.37978661508689,173.95732557045602,175.30530672394408,59773000,AAPL
2021-12-31,173.44944763183594,175.07091555859822,173.14662874511,173.9573701608435,64062300,AAPL
2022-01-03,177.78640747070312,178.6362290402615,173.58620196027948,173.70341256103026,104487900,AAPL
2022-01-04,175.53001403808594,178.69483440178558,174.9634712930882,178.3920304132724,99310400,AAPL
2022-01-05,170.8609161376953,175.9890879826122,170.587414831676,175.4420853705736,94537600,AAPL
2022-01-06,168.0087127685547,171.2321387270322,167.65706602936248,168.69246617678775,96904000,AAPL
2022-01-07,168.1747283935547,170.09901499255682,167.06118311991872,168.8780217142409,86709100,AAPL
2022-01-10,168.1942901611328,168.4970941484729,164.26757109809446,165.15645789652865,106765600,AAPL
2022-01-11,171.0171661376953,171.11483663533073,166.85602733999164,168.32121894682106,76138300,AAPL
2022-01-12,171.456787109375,173.06849253983535,170.76327115991117,172.03309245435602,74805200,AAPL
2022-01-13,168.1942901611328,172.52148374355693,167.80356331883507,171.7009797317892,84505800,AAPL
2022-01-14,169.05389404296875,169.74741004885496,167.11982948341992,167.36402819909668,80440800,AAPL
2022-01-18,165.85972595214844,168.53613361538314,165.47877665458643,167.53003637041928,90956700,AAPL
2022-01-19,162.37255859375,167.11001826086033,162.08929472408371,166.0550783276264,94815000,AAPL
2022-01-20,160.69247436523438,165.74250066133902,160.3701303584997,163.10515822088573,91420500,AAPL
2022-01-21,158.64122009277344,162.470253269675,158.5337720868401,160.60457194151562,122848900,AAPL
2022-01-24,157.8695068359375,158.53373478123166,151.11009134749582,156.30664473205084,162294600,AAPL
2022-01-25,156.0722198486328,158.98306320756222,153.37627246633923,155.2907812885663,115798400,AAPL
2022-01-26,155.98434448242188,160.57527648713483,154.15774320444362,159.70592982008216,108275300,AAPL
2022-01-27,155.52523803710938,160.03802433796415,154.60704872462142,158.68028043462846,121954600,AAPL
2022-01-28,166.37742614746094,166.39696621279427,159.02216399560837,161.86463986114418,179935700,AAPL
2022-01-31,170.72415161132812,170.9390476064095,165.57644011866424,166.2113655240236,115541600,AAPL
2022-02-01,170.55813598632812,170.7827946109015,168.3115050264779,169.9720531603827,86213900,AAPL
2022-02-02,171.75955200195312,171.79863213102016,169.30780301992357,170.69484950775998,84914300,AAPL
2022-02-03,168.88778686523438,172.15029228212393,168.12588824034546,170.43112418107953,89418100,AAPL
2022-02-04,168.6041717529297,170.27662529840396,166.93171820745542,167.90975737649003,82465400,AAPL
2022-02-07,167.8901824951172,170.129885294368,167.19576822143142,169.06382633955357,77251200,AAPL
2022-02-08,170.9906005859375,171.499185164809,167.66525824555538,167.9586729996618,74829200,AAPL
2022-02-09,172.40875244140625,172.77062217708496,171.05905354274313,172.1838075995271,71285000,AAPL
2022-02-10,168.34010314941406,171.6263154743887,167.78262856301606,170.31574652168356,90865900,AAPL
2022-02-11,164.9365692138672,169.27906667969495,164.34973958519416,168.54553710570235,98670700,AAPL
2022-02-14,165.17127990722656,165.85590442480958,162.9022215932997,163.69443102962404,86185500,AAPL
2022-02-15,168.99537658691406,169.1518664311418,166.5111637354937,167.2153531108256,62527400,AAPL
2022-02-16,168.76063537597656,169.5332796330186,166.31553783336227,168.07601104878276,61177400,AAPL
2022-02-17,165.17127990722656,168.13473775909648,164.7702802170368,167.27405840916626,69589300,AAPL
2022-02-18,163.62594604492188,166.7947832093295,162.54032203615824,166.09060878011084,82772700,AAPL
2022-02-22,160.71141052246094,163.02935867994262,158.58905229899906,161.35690506054718,91162800,AAPL
2022-02-23,156.55471801757812,162.5011823133144,156.24173835796486,161.90457789540673,90009200,AAPL
2022-02-24,159.16604614257812,159.2736310118908,148.66190363185234,149.2291679497112,141147500,AAPL
2022-02-25,161.229736328125,161.49379611504713,157.33713033388693,160.2419073795577,91974200,AAPL
2022-02-28,161.49380493164062,161.78721963459702,158.86287747049465,159.47904685433394,95056600,AAPL
2022-03-01,159.61598205566406,162.94132403155473,158.41299811175085,161.08304074169718,83474400,AAPL
2022-03-02,162.90219116210938,163.6846254319098,159.37146939131958,160.7798480922219,79724800,AAPL
2022-03-03,162.57943725585938,165.20058983386846,161.91437782369874,164.77025023720336,76678400,AAPL
2022-03-04,159.58663940429688,161.91437725608384,158.54014531943216,160.87765818976635,83737200,AAPL
2022-03-07,155.80165100097656,161.39603654297554,155.5473512521712,159.7724878532729,96418800,AAPL
2022-03-08,153.98248291015625,159.30301816152476,152.37849933499598,155.33218168421902,131148300,AAPL
2022-03-09,159.37144470214844,159.82134918778635,155.9091933685317,157.93372624467713,91454900,AAPL
2022-03-10,155.0387420654297,156.8676701680238,152.55451471855633,156.681840375499,105342000,AAPL
2022-03-11,151.33204650878906,155.78212918478306,151.10710160413043,155.43980939289955,96970100,AAPL
2022-03-14,147.31224060058594,150.73537736075448,146.80367102699051,148.1240148231261,108732100,AAPL
2022-03-15,151.68409729003906,152.15356685525754,147.07754097449947,147.58611061794517,92964300,AAPL
2022-03-16,156.0852813720703,156.48628104894496,151.06795013405093,153.60106822684398,102300200,AAPL
2022-03-17,157.0926513671875,157.46431103838808,154.16832371335292,155.12679794973494,75615400,AAPL
2022-03-18,160.37887573242188,160.8678953686917,156.25154880840884,156.9850782628136,123511700,AAPL
2022-03-21,161.7481231689453,162.69682236043158,159.4301601813594,159.9191797677464,95811400,AAPL
2022-03-22,165.11256408691406,165.69937857870127,161.2884277154457,161.8752422072329,81532000,AAPL
2022-03-23,166.47201538085938,168.84864285363813,163.9682231459706,164.30076772924696,98062700,AAPL
2022-03-24,170.24729919433594,170.31575418142768,166.47206709718986,167.30339150441574,90131400,AAPL
2022-03-25,170.88299560546875,171.43069512284325,168.95625735233114,170.061446329407,80546200,AAPL
2022-03-28,171.74371337890625,171.87084834447882,168.2227657996674,168.38903069595148,90371900,AAPL
2022-03-29,175.02989196777344,175.0787819860724,172.46741925958432,172.8097389298353,100589400,AAPL
2022-03-30,173.86598205566406,175.66557007713848,172.819473253499,174.62885121528234,92633200,AAPL
2022-03-31,170.77542114257812,174.1203133341303,170.5700263491638,173.93448350287292,103049300,AAPL
2022-04-01,170.48199462890625,171.0394840841696,168.16404671715162,170.20814487239906,78751300,AAPL
2022-04-04,174.52133178710938,174.57023673592576,170.60917466091976,170.73632454310336,76468400,AAPL
2022-04-05,171.21551513671875,174.38436705774205,170.589570736433,173.6019328264619,73401800,AAPL
2022-04-06,168.0564727783203,169.81694627331598,166.3938091700385,168.57483234577828,89058800,AAPL
2022-04-07,168.35968017578125,169.5528892849942,166.11997680279987,167.40120586506256,77594700,AAPL
2022-04-08,166.35467529296875,168.00756384278074,165.48422104719532,168.00756384278074,76575500,AAPL
2022-04-11,162.11000061035156,165.31796805598518,161.8654908055094,165.00500326610816,72246700,AAPL
2022-04-12,163.97802734375,166.13948524268093,162.98042335456353,164.33012199148104,79265200,AAPL
2022-04-13,166.65786743164062,167.28381189911025,163.10759541750994,163.7139749230824,70618900,AAPL
2022-04-14,161.66004943847656,167.50873303070674,161.41553970406295,166.87299876701744,75329400,AAPL
2022-04-18,161.4449005126953,162.94129894819648,159.97784205250275,160.3201467390001,69023900,AAPL
2022-04-19,163.72377014160156,164.1345597736567,160.31042259224273,161.39604679422817,67723800,AAPL
2022-04-20,163.5574951171875,165.17126878968486,162.45232094308298,165.05389393478876,67929800,AAPL
2022-04-21,162.7652587890625,167.7630389892028,162.26646424033356,165.200581424204,87227800,AAPL
2022-04-22,158.23695373535156,164.18343379206294,157.95332893712188,162.80440987833427,84882400,AAPL
2022-04-25,159.302978515625,159.5866032261211,154.98004843066343,157.58162052522974,96046400,AAPL
2022-04-26,153.35653686523438,158.77486701882205,153.2782919448604,158.68684707978605,95623200,AAPL
2022-04-27,153.13160705566406,156.2808795981602,151.967738002025,152.48609759207858,88063200,AAPL
2022-04-28,160.04632568359375,160.9070049099631,155.43975472715812,155.7527344180899,130216800,AAPL
2022-04-29,154.18788146972656,162.55012002443183,153.7966717400247,158.2858683064252,131747600,AAPL
2022-05-02,154.49105834960938,154.75511815394006,149.9040527150275,153.26850950984627,123055300,AAPL
2022-05-03,155.9776611328125,157.18065989099466,152.88706912402677,154.67686742533908,88966500,AAPL
2022-05-04,162.3740692138672,162.82395888042848,155.76251479077115,156.1635144371754,108256500,AAPL
2022-05-05,153.3271942138672,160.47665766238154,151.5471558846843,160.25171284753384,130525300,AAPL
2022-05-06,154.052001953125,156.16767394547392,151.0156200226824,152.8080631040653,116124600,AAPL
2022-05-09,148.93914794921875,152.63177739233632,148.38085428930862,151.75023984870148,131577900,AAPL
2022-05-10,151.33885192871094,153.52309446613708,149.79127784510368,152.328132388233,115366700,AAPL
2022-05-11,143.4932403564453,152.25954795565056,142.81739949520818,150.34957266016625,142689800,AAPL
2022-05-12,139.63409423828125,143.19938623116693,135.95126990961808,139.83979077150929,182602000,AAPL
2022-05-13,144.0907440185547,145.0604308345469,140.17283922837782,141.62245981596948,113990900,AAPL
2022-05-16,142.55294799804688,144.49232147743598,141.22085987637433,142.56275232444813,86643800,AAPL
2022-05-17,146.17701721191406,146.69613834453236,143.66954586445135,145.80481151470883,78336300,AAPL
2022-05-18,137.9298553466797,144.33562356857507,137.02872402723415,143.83609605190958,109742900,AAPL
2022-05-19,134.53103637695312,138.7525756020971,133.79642936713128,137.00910949443605,136095600,AAPL
2022-05-20,134.76612854003906,137.81230015984903,129.8883411847853,136.23534285932448,137426100,AAPL
2022-05-23,140.17283630371094,140.31975175202894,134.82488980062982,134.96201586760006,117726300,AAPL
2022-05-24,137.479248046875,139.0562049598391,134.51143704695141,137.92000924521287,104132700,AAPL
2022-05-25,137.63600158691406,138.87992561613757,135.50073567160547,135.5888849437953,92482700,AAPL
2022-05-26,140.82908630371094,141.37759058232152,134.3253649583187,134.57023400738558,90601500,AAPL
2022-05-27,146.56881713867188,146.6079896103765,142.27870662441157,142.4060433122878,90978500,AAPL
2022-05-31,145.78521728515625,147.5678709384086,143.82626511004062,146.01050754614022,103718400,AAPL
2022-06-01,145.6579132080078,148.62572491730577,144.6490389655957,146.8234773391278,74286600,AAPL
2022-06-02,148.1066131591797,148.16537934399943,143.84588541228797,144.79597858853165,72348100,AAPL
2022-06-03,142.39622497558594,144.93306421639832,141.49510885340763,143.8850177275583,88570300,AAPL
2022-06-06,143.14065551757812,145.5207905259265,141.9260996131152,144.01238876362018,71598400,AAPL
2022-06-07,145.6579132080078,145.94195473174813,141.14252729935507,141.3873963509184,67808200,AAPL
2022-06-08,144.9232940673828,146.79408210793065,144.4335560047601,145.5305644824367,53950200,AAPL
2022-06-09,139.71246337890625,144.91347882072873,139.60472041542363,144.06133943857793,69473000,AAPL
2022-06-10,134.31558227539062,137.87107088214006,134.24701176433422,137.40092646925825,91437900,AAPL
2022-06-13,129.17337036132812,132.4252246894008,128.74239829415114,130.1430425668505,122207100,AAPL
2022-06-14,130.03526306152344,131.14207601932122,128.7815346427886,130.3976794412042,84784300,AAPL
2022-06-15,132.65045166015625,134.52125474775525,129.4475753177957,131.5338494146611,91533000,AAPL
2022-06-16,127.39066314697266,129.6728443246095,126.39159330904647,129.36920911544067,108123900,AAPL
2022-06-17,128.85987854003906,130.34868645706888,127.14579529566508,127.40046865716874,134520300,AAPL
2022-06-21,133.08143615722656,134.24701531100777,130.58378362269173,130.68172228241795,81000500,AAPL
2022-06-22,132.5720977783203,134.93262385029735,131.16164978530637,132.0235786011109,73409200,AAPL
2022-06-23,135.4322052001953,135.74562987459043,132.8463881175349,134.01196741784136,72433800,AAPL
2022-06-24,138.75262451171875,138.99749360130787,136.90141479225005,137.02873655581266,89116800,AAPL
2022-06-27,138.75262451171875,140.54506804098577,138.07678343315314,139.77127334833523,70207900,AAPL
2022-06-28,134.61920166015625,140.47646473111445,134.50166930718802,139.21294709984699,67083400,AAPL
2022-06-29,136.3724365234375,137.78288432606877,133.86498040570075,134.63877479951915,66242400,AAPL
2022-06-30,133.9139862060547,135.53011594509118,131.0245344279122,134.43310739232075,98964500,AAPL
2022-07-01,136.07859802246094,136.18634098386156,132.87572215700436,133.2479128863371,71051600,AAPL
2022-07-05,138.65464782714844,138.70362462604172,134.11966825992553,134.94243962271915,73353800,AAPL
2022-07-06,139.98670959472656,141.16207781793045,138.18447732277275,138.44894003031942,74064300,AAPL
2022-07-07,143.34637451171875,143.54226679903198,140.33937484449694,140.34916422789436,66253700,AAPL
2022-07-08,144.02215576171875,144.52169812610057,142.02403114104803,142.2786895406023,64547800,AAPL
2022-07-11,141.896728515625,143.63040577238007,140.82910292265402,142.68031255423233,63141600,AAPL
2022-07-12,142.86639404296875,145.40323372369386,142.07302074051665,142.76844044820817,77588800,AAPL
2022-07-13,142.50399780273438,143.44428658574307,139.20315284375937,140.05530730128564,71185600,AAPL
2022-07-14,145.4228057861328,145.89295009063997,140.30993976956114,141.12290665908233,78140700,AAPL
2022-07-15,147.0879364013672,147.76377735798872,145.1583671279135,146.7059412883577,76259900,AAPL
2022-07-18,144.05154418945312,148.4591862413332,143.6891279021673,147.64621935829007,81420900,AAPL
2022-07-19,147.90087890625,148.1261542059037,143.89482557447934,144.88409097349603,82982400,AAPL
2022-07-20,149.8990478515625,150.56509951384282,147.2838478982926,148.01845513052425,64823400,AAPL
2022-07-21,152.16162109375,152.3771070356204,148.821603940378,151.32906041419434,65086600,AAPL
2022-07-22,150.92745971679688,153.0725146399616,150.26142318216912,152.20078156045275,66675400,AAPL
2022-07-25,149.8108367919922,151.85793784801606,149.1545897286283,150.8490788607654,53623900,AAPL
2022-07-26,148.4885711669922,149.9479808770686,147.70498735893062,149.1350139839463,55138700,AAPL
2022-07-27,153.57208251953125,154.1010080911438,149.03711741300498,149.44849566558014,78620700,AAPL
2022-07-28,154.12057495117188,154.40461645264705,151.24091273921562,153.7581586202447,81378700,AAPL
2022-07-29,159.17466735839844,160.27169083424704,156.22644946059978,157.93074338059327,101786900,AAPL
2022-08-01,158.19515991210938,160.23247174092782,157.58788958801776,157.7054219228439,67829400,AAPL
2022-08-02,156.7259979248047,159.076750020311,156.35380709254014,156.81416215078264,59907000,AAPL
2022-08-03,162.7204132080078,163.17096396610395,157.45082558468908,157.53897487053965,82507500,AAPL
2022-08-04,162.40695190429688,163.7586338892835,161.05526991931026,162.6028441618955,55474100,AAPL
2022-08-05,162.1813201904297,162.67173843719075,159.8763484441019,160.0823306929475,56697000,AAPL
2022-08-08,161.71055603027344,164.59421857415984,161.05339717997808,163.18181120847004,60276900,AAPL
2022-08-09,161.7595672607422,162.64232916411427,160.12157196524083,160.87682032374863,63135500,AAPL
2022-08-10,165.99679565429688,166.0948703368816,163.70162657940335,164.46667794890814,70170500,AAPL
2022-08-11,165.2611846923828,167.71327649760102,164.9669306824805,166.8010905635419,57149200,AAPL
2022-08-12,168.80198669433594,168.87063747457046,166.1537158722437,166.5656804191666,68039400,AAPL
2022-08-15,169.87110900878906,170.06727335382837,168.0663730882192,168.2331135298216,54091700,AAPL
2022-08-16,169.7141876220703,170.3811644180383,168.37044601656845,169.46897842594916,56377100,AAPL
2022-08-17,171.20506286621094,172.77439273368478,169.26301023326062,169.45917459589717,79542000,AAPL
2022-08-18,170.8126983642578,171.54832585930868,169.80243780169835,170.42036968678258,62290100,AAPL
2022-08-19,168.23313903808594,170.41059802085272,168.0271567164156,169.71419727903458,70346300,AAPL
2022-08-22,164.3588104248047,166.6049198473659,163.9370428679026,166.43817940694694,69026800,AAPL
2022-08-23,164.0253143310547,165.47696339789675,163.4564272588674,163.87819481513557,54147100,AAPL
2022-08-24,164.31956481933594,164.88845187937156,163.06409508904346,164.11359750144874,53841500,AAPL
2022-08-25,166.77166748046875,166.87956011908489,165.1238689631101,165.5456215718219,51218200,AAPL
2022-08-26,160.48448181152344,167.7721056277997,160.42563400937078,167.3013082441995,78961000,AAPL
2022-08-29,158.28744506835938,159.77830620497173,156.7573420791942,158.0618418321346,73314000,AAPL
2022-08-30,155.86474609375,159.44479366035216,154.69754815714236,159.02304111055471,77906200,AAPL
2022-08-31,154.2071533203125,157.50276536238007,154.1286845852179,157.23793525223348,87991100,AAPL
2022-09-01,154.93296813964844,155.38414463005734,151.70600708998924,153.63825654168207,74229900,AAPL
2022-09-02,152.8241424560547,157.2869518100939,152.0002433352291,156.6886409081276,76957800,AAPL
2022-09-06,151.56869506835938,154.07963464254792,150.7447958267751,153.4715206737186,73714800,AAPL
2022-09-07,152.97128295898438,153.6676685648947,150.66631095885003,151.85312983190147,87449600,AAPL
2022-09-08,151.5000457763672,153.36362955067995,149.75414265238146,151.67658920142858,84923800,AAPL
2022-09-09,154.354248046875,154.79563648166842,151.7844609924952,152.49066452851048,68028800,AAPL
2022-09-12,160.298095703125,161.11219176205415,156.24725129466944,156.53168728327037,104956000,AAPL
2022-09-13,150.89187622070312,157.46347745743722,150.4308818908401,156.83574272665854,122656600,AAPL
2022-09-14,152.333740234375,154.08944624806267,150.66632089509483,151.82370097735972,87965400,AAPL
2022-09-15,149.45004272460938,152.26505346855464,148.4790242330061,151.68634859779593,90481100,AAPL
2022-09-16,147.8120880126953,148.44964084888636,145.52673670084437,148.31232430924803,162278800,AAPL
2022-09-19,151.51963806152344,151.59810678770754,146.2427471814607,146.44871449211215,81474200,AAPL
2022-09-20,153.8932647705078,155.05065980282333,150.14647654096675,150.4603364872082,107689800,AAPL
2022-09-21,150.7742156982422,155.69802002410492,150.6565200858437,154.32483969180942,101696800,AAPL
2022-09-22,149.81300354003906,151.50984684718208,148.0180705759549,149.4599017279835,86652500,AAPL
2022-09-23,147.5472869873047,148.5673657396687,145.71312678219724,148.29273260627454,96029900,AAPL
2022-09-26,147.8807373046875,150.82324708343862,146.77238716545008,146.79200808789446,93339400,AAPL
2022-09-27,148.85177612304688,151.75505941669135,147.07646404392761,149.81300689014782,84442700,AAPL
2022-09-28,146.96859741210938,147.75326992489508,142.06441291517794,144.81075922673622,146691400,AAPL
2022-09-29,139.74960327148438,143.9083561021041,137.98409428837317,143.3002421615135,128138200,AAPL
2022-09-30,135.55162048339844,140.35772899315157,135.35545614892226,138.5725991267457,124925300,AAPL
2022-10-03,139.72021484375,140.32834390512355,135.05143653979655,135.56147592361143,114311700,AAPL
2022-10-04,143.30023193359375,143.41792753527417,141.4954812316815,142.25072959734777,87830100,AAPL
2022-10-05,143.594482421875,144.55571313373582,140.26944671107276,141.3091461524557,79471000,AAPL
2022-10-06,142.64305114746094,144.7126168501461,142.43708385477177,143.01577382273572,68402200,AAPL
2022-10-07,137.40542602539062,140.35775442140775,136.77769106151405,139.80847323243142,85925600,AAPL
2022-10-10,137.7290802001953,139.17091126885134,135.91454138275128,137.7290802001953,74899000,AAPL
2022-10-11,136.31668090820312,138.64127407342733,135.57125040118655,137.21904887976436,77033700,AAPL
2022-10-12,135.68893432617188,137.67022848780448,135.51239091855444,136.4638036366148,70433700,AAPL
2022-10-13,140.24981689453125,140.83830981626429,131.79499606499104,132.40312487373902,113224000,AAPL
2022-10-14,135.72817993164062,141.75051634248345,135.5418185741853,141.54453406151188,88598000,AAPL
2022-10-17,139.68093872070312,140.1615390587515,137.58194907165392,138.36662131640782,85250900,AAPL
2022-10-18,140.99525451660156,143.8887193551449,137.91542833833753,142.70191550699425,99136600,AAPL
2022-10-19,141.10316467285156,142.1722730567363,138.78838952105372,138.974750883936,61758300,AAPL
2022-10-20,140.6421661376953,143.09425775385319,139.91634163141597,140.2792613677454,64522000,AAPL
2022-10-21,144.44781494140625,145.0167019837592,139.916339525803,140.13212478208789,86548600,AAPL
2022-10-24,146.58602905273438,147.35108041478094,143.20214572577777,144.36934369172494,75981900,AAPL
2022-10-25,149.42066955566406,149.5678040506047,146.49778017936205,147.2137868289863,74732300,AAPL
2022-10-26,146.48797607421875,149.07738452163943,145.20306734701933,148.06712385627637,88194300,AAPL
2022-10-27,142.02517700195312,146.19373355952823,141.36801811707775,145.23251764978033,109180200,AAPL
2022-10-28,152.7554931640625,154.48176014348397,144.98726930709842,145.35997702745019,164762400,AAPL
2022-10-31,150.40147399902344,151.2842358798015,149.0086878845991,150.22493060269468,97943200,AAPL
2022-11-01,147.76300048828125,152.47101829124242,146.27213990767143,152.10811360556946,80379300,AAPL
2022-11-02,142.250732421875,149.2539052221096,142.22130852087065,146.09561013902547,93604600,AAPL
2022-11-03,136.21861267089844,140.0634909361085,136.09109910411752,139.33766635298934,97918500,AAPL
2022-11-04,135.9533233642578,140.16808578570755,132.02346880241154,139.59825507529519,140814800,AAPL
2022-11-07,136.48387145996094,136.70983394000362,133.29086405936027,134.70561435237354,83374600,AAPL
2022-11-08,137.05369567871094,138.9498435557623,135.0789489012502,137.94774130575934,89908500,AAPL
2022-11-09,132.50486755371094,136.12034157773797,132.22977893126608,136.07121539704306,74917800,AAPL
2022-11-10,144.29443359375,144.29443359375,137.05368118428237,138.7631733571785,118854000,AAPL
2022-11-11,147.07485961914062,147.3794210643103,141.8383246354882,143.26290944606035,93979700,AAPL
2022-11-14,145.67974853515625,147.64467637079764,144.8446482085248,146.35765103704608,73374100,AAPL
2022-11-15,147.40882873535156,150.89657743758315,145.95478683657723,149.55060713210176,89868300,AAPL
2022-11-16,146.18077087402344,147.24183349471545,144.70707528826344,146.51481993344615,64218300,AAPL
2022-11-17,148.076904296875,148.82357118211542,143.5870387733641,143.86212736220023,80389400,AAPL
2022-11-18,148.636962890625,150.02224064395415,147.34011828521793,149.63908030699184,74829600,AAPL
2022-11-21,145.41445922851562,147.73307435769456,145.12955132737417,147.52676535819396,58724100,AAPL
2022-11-22,147.54640197753906,147.7821986794849,144.3533947208252,145.53236323934706,51804100,AAPL
2022-11-23,148.42080688476562,149.16747394284351,146.72113379241404,146.82920540527334,58301400,AAPL
2022-11-25,145.5126953125,146.2691965387926,144.5400508786952,145.70918504900035,35195900,AAPL
2022-11-28,141.69093322753906,144.06849387144769,140.8656672171658,142.5947981424062,69246000,AAPL
2022-11-29,138.69436645507812,142.27053289123535,137.88875420397602,141.7596476885835,83763800,AAPL
2022-11-30,145.43411254882812,146.11201495746124,138.0852876520207,138.92037287256267,111380900,AAPL
2022-12-01,145.7091827392578,146.51481013470644,144.03899751867118,145.61094536816785,71250400,AAPL
2022-12-02,145.2179718017578,145.40464232225125,143.09584639700262,143.4004227674544,65447400,AAPL
2022-12-05,144.0586700439453,148.27343309869434,143.21375058654476,145.17867816271277,68826400,AAPL
2022-12-06,140.40390014648438,144.71691547188212,139.43125562304482,144.49095300364328,64727200,AAPL
2022-12-07,138.46844482421875,140.85582456681212,137.54492649061714,139.69652452502783,69721100,AAPL
2022-12-08,140.1484375,141.00319109284194,138.62563079391435,139.86352962985669,62128300,AAPL
2022-12-09,139.6670684814453,143.01727390300547,138.42915440090607,139.8439047836886,76097000,AAPL
2022-12-12,141.95620727539062,141.9660265170688,138.58634846990296,140.1975885864345,70462700,AAPL
2022-12-13,142.91900634765625,147.34009332894186,141.71058010364294,146.87833415604433,93886200,AAPL
2022-12-14,140.69859313964844,144.08808894439065,138.68454012804153,142.80106426127074,82291200,AAPL
2022-12-15,134.1062774658203,139.31333739130548,133.64451838807022,138.63543512859985,98931900,AAPL
2022-12-16,132.15118408203125,135.23611943482993,131.38486361161162,134.29296269794702,160156900,AAPL
2022-12-19,130.04872131347656,132.82909551472687,129.01714637272462,132.74067737544078,79592600,AAPL
2022-12-20,129.97994995117188,130.91328746393052,127.61220884643005,129.08590439011405,77432800,AAPL
2022-12-21,133.07472229003906,134.41087369361549,130.42207295695286,130.64803543949063,85928000,AAPL
2022-12-22,129.91116333007812,132.20030541745464,128.01501569466643,131.9939964474779,77852100,AAPL
2022-12-23,129.54766845703125,130.0978457490201,127.3665977700706,128.62415014924704,63814900,AAPL
2022-12-27,127.74979400634766,129.10559913717967,126.46276855198909,129.07612641617993,69007800,AAPL
2022-12-28,123.82972717285156,128.73221899747332,123.66271014073895,127.39606774936588,85438400,AAPL
2022-12-29,127.3371353149414,128.19187403447657,125.49010604619004,125.74554124055933,75703700,AAPL
2022-12-30,127.65145111083984,127.67110457464344,125.19530032300636,126.15811766817649,77034200,AAPL
2023-01-03,122.87673950195312,128.6044974020352,121.99252063798394,127.9953746812147,112117500,AAPL
2023-01-04,124.14411926269531,126.40378887161263,122.88656686996354,124.66482384759799,89113600,AAPL
2023-01-05,122.8276138305664,125.52938912334946,122.57217865426507,124.90061292758642,80962700,AAPL
2023-01-06,127.34693908691406,128.0051879622661,122.69989001665523,123.80025205121024,87754700,AAPL
2023-01-09,127.86766052246094,131.07050217869943,127.61222532540481,128.18205614149144,70790800,AAPL
2023-01-10,128.4375,128.95820466182693,125.87326865028986,127.97574077291436,63896200,AAPL
2023-01-11,131.14910888671875,131.16874737067045,128.1722445262406,128.94838439618852,69458900,AAPL
2023-01-12,131.0704803466797,131.90556546211644,129.1350257391296,131.53223946571177,71379600,AAPL
2023-01-13,132.3968048095703,132.55400260182785,129.35117628841525,129.71468306570503,57809700,AAPL
2023-01-17,133.55613708496094,134.88245427698436,131.77787992946924,132.4656016206527,63646600,AAPL
2023-01-18,132.83892822265625,136.1792989256054,132.6620769549058,134.42069543585905,69672800,AAPL
2023-01-19,132.8979034423828,133.86071392112063,131.42420750930626,131.72876893688178,58280400,AAPL
2023-01-20,135.45225524902344,135.59963378756996,131.8662690124696,132.9076780568954,80223600,AAPL
2023-01-23,138.63548278808594,140.80673462294286,135.48176704430378,135.6979103035641,81760300,AAPL
2023-01-24,140.0305633544922,140.64952034187644,137.83967329148908,137.84949253259393,66435100,AAPL
2023-01-25,139.37228393554688,139.9322803802267,136.37576702094836,138.4192930644909,65799300,AAPL
2023-01-26,141.4355010986328,141.72040901629467,139.41161299424252,140.65934626942868,54105100,AAPL
2023-01-27,143.3709259033203,144.64813175929368,140.57091324840124,140.64951214628343,70555800,AAPL
2023-01-30,140.49229431152344,142.9975794810538,140.34493076851774,142.41792955695834,64015300,AAPL
2023-01-31,141.75970458984375,141.80883078137197,139.78495761656453,140.19759064122545,65874500,AAPL
2023-02-01,142.87966918945312,144.03898399261212,138.84175832526216,141.44528077834974,77663600,AAPL
2023-02-02,148.17520141601562,148.52887400177488,145.57166328269082,146.28885767804982,118339000,AAPL
2023-02-03,151.79066467285156,154.62016535520215,145.23763259886508,145.4341223704264,154357300,AAPL
2023-02-06,149.06919860839844,150.4151839414419,148.1358611817687,149.89447943002094,69858300,AAPL
2023-02-07,151.9380340576172,152.5078649107581,147.9983592694092,147.9983592694092,83322600,AAPL
2023-02-08,149.2559051513672,151.86926257026718,148.51905726950346,151.18154087876943,64120100,AAPL
2023-02-09,148.2242889404297,151.62361983119905,147.78218328763404,151.08326181502397,56007100,AAPL
2023-02-10,148.58837890625,148.913088785703,146.82709018156558,147.06324691592152,57450700,AAPL
2023-02-13,151.3828582763672,151.78627208132363,148.49983612289876,148.52935383999073,62199000,AAPL
2023-02-14,150.74325561523438,151.30412220458746,148.44078385852455,149.68057287811524,61707600,AAPL
2023-02-15,152.83908081054688,153.00635283510616,150.42837278798947,150.65468023132328,65573800,AAPL
2023-02-16,151.24508666992188,153.82306709582505,150.8908590911332,151.0482818929642,68167900,AAPL
2023-02-17,150.10365295410156,150.54643357945778,148.43091780603734,149.90686323328694,59144100,AAPL
2023-02-21,146.0989227294922,148.87370750867322,146.03005307934987,147.79134145705774,58867200,AAPL
2023-02-22,146.52203369140625,147.5453493019233,144.80009726904348,146.4826667367167,51011300,AAPL
2023-02-23,147.0041961669922,147.92912460701393,144.87884561858363,147.68313363952294,48394200,AAPL
2023-02-24,144.3573455810547,144.8296440334222,143.38321594733068,144.75092512234477,55469600,AAPL
2023-02-27,145.5478973388672,146.77785186784027,145.08543323484585,145.341273385892,44998500,AAPL
2023-02-28,145.04611206054688,146.68932985809187,144.47541123636594,144.69188448050687,50547000,AAPL
2023-03-01,142.97976684570312,144.8689754008769,142.68457472462396,144.47539591550134,55479000,AAPL
2023-03-02,143.57015991210938,144.3573339453376,141.59238308918532,142.0646965175798,52238100,AAPL
2023-03-03,148.6080322265625,148.68675112203792,144.96736964186593,145.66597544130724,70732300,AAPL
2023-03-06,151.36312866210938,153.79352005595112,150.9990669195326,151.32376170858595,87558000,AAPL
2023-03-07,149.1688995361328,151.55992406603715,148.70643540651363,151.23521425072406,56182000,AAPL
2023-03-08,150.41851806640625,151.0089022608483,149.39520247867964,150.3594826497808,47204800,AAPL
2023-03-09,148.1751251220703,152.06177965604292,147.82089750549494,151.09749920529256,53833600,AAPL
2023-03-10,146.11863708496094,148.5195113692859,145.24290982690115,147.80122193638456,68572400,AAPL
2023-03-13,148.0570068359375,150.68418789491582,145.33142340949902,145.43966000806788,84457100,AAPL
2023-03-14,150.14303588867188,150.94004418166887,147.6929755826584,148.85404568502526,73695900,AAPL
2023-03-15,150.53660583496094,150.7924309816341,147.51583019026035,148.7654682431246,77167900,AAPL
2023-03-16,153.35076904296875,153.9509875803486,149.20827470890512,149.71994010489203,76161100,AAPL
2023-03-17,152.51438903808594,154.22649145558808,151.80593390078133,153.57707174404283,98944600,AAPL
2023-03-20,154.87588500976562,155.28916298853815,151.6780028890537,152.5832627325511,73641400,AAPL
2023-03-21,156.72573852539062,156.8438093660786,154.0296725549558,154.79717806171172,73938300,AAPL
2023-03-22,155.2989959716797,159.53987720924363,155.27931249330243,156.74542384346483,75701800,AAPL
2023-03-23,156.38134765625,158.95934282613845,155.15139299961646,156.28296029217628,67622100,AAPL
2023-03-24,157.68019104003906,157.76874417421377,155.3186840441415,156.31248202721346,59196500,AAPL
2023-03-27,155.74180603027344,158.19188156427322,155.33837722493854,157.37518971960662,52390300,AAPL
2023-03-28,155.1219024658203,155.94844355059743,153.47868455836303,155.4367781198492,45992200,AAPL
2023-03-29,158.19186401367188,158.46737267599337,156.7946372221569,156.8143056879684,51305700,AAPL
2023-03-30,159.75637817382812,159.8646148025582,158.68386113447403,158.9396863414281,49501700,AAPL
2023-03-31,162.25563049316406,162.35403288236776,159.31358823359025,159.8350878653574,68749800,AAPL
2023-04-03,163.50527954101562,163.62335040456196,161.58655293789977,161.63575413574327,56976200,AAPL
2023-04-04,162.97393798828125,164.16452584406122,162.4622725801105,163.92838412805693,46278300,AAPL
2023-04-05,161.13392639160156,162.40324825832465,159.20536551321473,162.09822184489292,51511700,AAPL
2023-04-06,162.01950073242188,162.31469290771022,159.40215313314846,159.82525040692016,45390100,AAPL
2023-04-10,159.43162536621094,159.43162536621094,157.51289929536236,158.83140695285897,47716900,AAPL
2023-04-11,158.2213897705078,159.75637097122245,157.93603184667685,159.7465367378167,47644200,AAPL
2023-04-12,157.5325927734375,159.46115319792995,157.2177171858746,158.6346273017189,50133100,AAPL
2023-04-13,162.905029296875,163.14118599216286,158.8314201412513,159.03805912639,68445600,AAPL
2023-04-14,162.56065368652344,163.6528540223282,161.19294470872245,161.95058596716467,49386500,AAPL
2023-04-17,162.5803680419922,162.73780588588528,161.39961424099232,162.44261368211053,41516200,AAPL
2023-04-18,163.80044555664062,164.72537387764507,162.99358808032773,163.4363837761115,49923000,AAPL
2023-04-19,164.94183349609375,165.46333303592274,162.88533803142178,163.14117819260926,47720200,AAPL
2023-04-20,163.97756958007812,165.17800667808302,162.90505258707114,163.42655222639002,52456400,AAPL
2023-04-21,162.37374877929688,163.7808101384165,161.8522490434176,162.40326649913158,58337300,AAPL
2023-04-24,162.67872619628906,162.94440060882783,161.26181601487568,162.3540163618739,41949600,AAPL
2023-04-25,161.1437225341797,163.64298346512717,161.10435558239553,162.5409490406581,48714100,AAPL
2023-04-26,161.13392639160156,162.62955575633885,160.18932943478703,160.44515464932056,45498800,AAPL
2023-04-27,165.7093048095703,165.85689333621136,162.54094098220978,162.54094098220978,64902300,AAPL
2023-04-28,166.95896911621094,167.12625617335198,165.1878463008649,165.78806481489534,55275900,AAPL
2023-05-01,166.8704376220703,167.71664719399982,165.93567490070697,166.5654112090663,52472900,AAPL
2023-05-02,165.83726501464844,167.6182522416185,164.8533011388869,167.36241202489828,48425700,AAPL
2023-05-03,164.76475524902344,168.17911124939818,164.47941231869004,166.78188428598025,65136000,AAPL
2023-05-04,163.13136291503906,164.36131774887434,161.67510059572527,162.24580144031648,81235400,AAPL
2023-05-05,170.78662109375,171.50491053581004,168.02166992672903,168.23814318555767,113453200,AAPL
2023-05-08,170.7177276611328,171.06212101363838,169.35001851271124,169.71408033203093,55962800,AAPL
2023-05-09,169.01547241210938,170.7570775926942,168.84820036158354,170.27494492179522,45326900,AAPL
2023-05-10,170.7768096923828,171.2392740283604,169.1434256552748,170.24547567556863,53724500,AAPL
2023-05-11,170.96368408203125,171.79020994413887,169.4090197142991,171.06208645260807,49514700,AAPL
2023-05-12,170.0375213623047,171.50564580777203,168.49055408757272,171.07210045600348,45533100,AAPL
2023-05-15,169.54486083984375,170.66813061172948,168.95365989259247,170.61886136031444,37266700,AAPL
2023-05-16,169.54486083984375,170.5991506527755,169.2788189100942,169.4660330445526,42110300,AAPL
2023-05-17,170.15573120117188,170.39219951568867,167.91903983890595,169.19011716888295,57951600,AAPL
2023-05-18,172.48110961914062,172.6683237371227,170.04735615510018,170.46119076780954,65496700,AAPL
2023-05-19,172.5894775390625,173.80142270664055,172.37270490292832,173.80142270664055,55809500,AAPL
2023-05-22,171.6436004638672,172.14612580242743,170.9046067635048,171.42682777563832,43570900,AAPL
2023-05-23,169.04229736328125,170.83559547287618,168.76640765947607,170.58926430627432,50747300,AAPL
2023-05-24,169.3182373046875,169.8897275849513,168.01761617725649,168.57924358561866,45143500,AAPL
2023-05-25,170.45135498046875,171.34798918728478,169.17042964019168,169.87986475065702,56058300,AAPL
2023-05-26,172.8555145263672,173.1905363695113,170.56956891324683,170.7764937271046,54835000,AAPL
2023-05-30,174.69808959960938,176.36329091292328,173.978806707213,174.36308277683443,55964400,AAPL
2023-05-31,174.6488037109375,176.7179916024166,174.16598919362923,174.72763149140792,99625300,AAPL
2023-06-01,177.44717407226562,177.47673261921489,174.33354349143505,175.09224794448755,68901800,AAPL
2023-06-02,178.2945098876953,179.11233123154489,176.62930866038764,178.37333767160567,61996900,AAPL
2023-06-05,176.9446258544922,182.23581511366768,175.42721727327233,179.9498694414483,121946500,AAPL
2023-06-06,176.580078125,177.476712338109,174.8261860088602,177.32891962025158,64848400,AAPL
2023-06-07,175.21047973632812,178.55073052308683,174.71781728969785,175.82137635899298,61944600,AAPL
2023-06-08,177.9201202392578,178.18614713091944,174.85575927069235,175.2892895872439,50214900,AAPL
2023-06-09,178.3043670654297,179.55571862854532,177.97920810525306,178.83643579626113,48900000,AAPL
2023-06-12,181.09286499023438,181.191403498661,178.3142564640164,178.6098569544308,54274900,AAPL
2023-06-13,180.61990356445312,181.44757286544584,179.7626757194867,180.1173932820357,54929100,AAPL
2023-06-14,181.25050354003906,181.684048880549,179.34883379218707,180.67901332162722,57462900,AAPL
2023-06-15,183.2802734375,183.78279874291368,181.08300318978328,181.26036948430115,65433200,AAPL
2023-06-16,182.20628356933594,184.245913383536,181.56582838117956,183.98971928038128,101256200,AAPL
2023-06-20,182.29493713378906,183.36895259993452,181.7037512704965,181.7037512704965,49799100,AAPL
2023-06-21,181.26039123535156,182.6891094596189,179.910485779367,182.18658409390272,49515700,AAPL
2023-06-22,184.2557830810547,184.3050523401888,180.9746488829674,181.04362885272855,51245300,AAPL
2023-06-23,183.94049072265625,184.8075816608051,182.29499953584633,182.82708353329897,53117000,AAPL
2023-06-26,182.5511474609375,185.29034946556595,182.51172604562308,184.08825189117624,48088700,AAPL
2023-06-27,185.30020141601562,185.6253604426876,182.94527546666254,183.16204815111053,50730800,AAPL
2023-06-28,186.47271728515625,187.11317238738192,184.84693738882143,185.17208134019785,51216800,AAPL
2023-06-29,186.80775451660156,187.28072131986815,186.1672993101183,186.30524420235466,46347300,AAPL
2023-06-30,191.12344360351562,191.62595381515632,188.45320690668942,188.81778728912292,85213200,AAPL
2023-07-03,189.63563537597656,191.03479491877454,188.94589592351636,190.9362564156046,31458200,AAPL
2023-07-05,188.522216796875,190.14799688410469,187.82262949557398,188.7587001877792,46920300,AAPL
2023-07-06,188.99514770507812,189.20207252866174,186.42344937265386,187.05405664400223,45094300,AAPL
2023-07-07,187.88169860839844,189.8425000907618,187.4481683880748,188.60099643398274,46815000,AAPL
2023-07-10,185.84213256835938,187.20188576037833,184.29516523716504,186.4825877482977,59922200,AAPL
2023-07-11,185.3198699951172,186.52196732292174,183.86159365977753,186.38402246734722,46638100,AAPL
2023-07-12,186.985107421875,188.88677723101014,185.70418206587038,186.8964167558296,60750200,AAPL
2023-07-13,187.7437744140625,188.38424453327508,186.99493300399138,187.7043680387378,41342300,AAPL
2023-07-14,187.89158630371094,188.37438582770977,186.8471444335954,187.4383302857117,41616200,AAPL
2023-07-17,191.14315795898438,191.46831693797242,188.9951421376018,189.08381775872684,50520200,AAPL
2023-07-18,190.88697814941406,191.47817907078496,189.5962050071137,190.5125649317522,48288200,AAPL
2023-07-19,192.23687744140625,195.32093388898534,189.82281961650222,190.26622781119138,80507300,AAPL
2023-07-20,190.29579162597656,193.58677299126168,189.67503216410122,192.22701989757815,59581200,AAPL
2023-07-21,189.12327575683594,192.10880919119532,188.42368841793873,191.25158128475522,71951700,AAPL
2023-07-24,189.92138671875,192.04969224832402,189.4287242369893,190.5717048030419,45377800,AAPL
2023-07-25,190.77857971191406,191.58655325087184,190.08885537064708,190.49284214012596,37283200,AAPL
2023-07-26,191.6456756591797,192.7689453418544,190.48299959942145,190.82785426220883,47471900,AAPL
2023-07-27,190.38446044921875,194.30604897209747,189.72429463258098,193.1433729163405,47460200,AAPL
2023-07-28,192.95614624023438,193.7444090416655,191.29094501886246,191.8131659299023,48291400,AAPL
2023-07-31,193.56707763671875,193.60649905306556,192.39453857567588,193.1828015190956,38824100,AAPL
2023-08-01,192.7393798828125,193.8429388199064,192.41422090280528,193.36013930235927,35175100,AAPL
2023-08-02,189.75384521484375,192.3156805851802,189.03456234552243,192.17773571935334,50389300,AAPL
2023-08-03,188.3645477294922,189.54693452970886,187.8915960163783,188.75868668614032,61235200,AAPL
2023-08-04,179.31924438476562,184.63014382216585,179.25026444025556,182.79743931128007,115956800,AAPL
2023-08-07,176.22532653808594,180.44251500174,174.74733950545405,179.45719031331873,97576100,AAPL
2023-08-08,177.16140747070312,177.62451134366992,174.97398514494694,177.05302113799038,67823000,AAPL
2023-08-09,175.5749969482422,178.27477679249466,174.41230607517141,178.21565972070235,60378500,AAPL
2023-08-10,175.35824584960938,178.0974474344709,174.99368050557445,176.84608080013524,54686900,AAPL
2023-08-11,175.41746520996094,176.23639103718068,174.19402209160106,174.95375100085724,52036700,AAPL
2023-08-14,177.06517028808594,177.2920967961584,174.9438523177461,175.59504844195268,43675600,AAPL
2023-08-15,175.08200073242188,177.08491002448199,174.68734458769583,176.4929258073929,43622600,AAPL
2023-08-16,174.2137451171875,176.15744233651847,174.14467201512105,174.76626971305478,46964900,AAPL
2023-08-17,171.67803955078125,175.1411945839284,171.1649745274817,174.7761369036864,66062900,AAPL
2023-08-18,172.16152954101562,172.76339001893962,169.66529224450343,170.00075151281027,61172200,AAPL
2023-08-21,173.49346923828125,173.77960771425435,171.4215020828672,172.7337554755455,46311900,AAPL
2023-08-22,174.8649139404297,175.30890581271296,173.89799596554266,174.69718434668556,42038900,AAPL
2023-08-23,178.70301818847656,179.12728783194132,175.9502562936072,176.1377232252428,52722800,AAPL
2023-08-24,174.02627563476562,178.68329009610582,173.6612029173666,178.25902046647073,54945800,AAPL
2023-08-25,176.2265167236328,176.7593040006282,173.4737548580186,175.0129348306344,51449600,AAPL
2023-08-28,177.78546142578125,178.18011761364104,176.16734696728648,177.68678985123202,43820700,AAPL
2023-08-29,181.66297912597656,182.4325690983829,177.1046362040057,177.30196426395187,53003900,AAPL
2023-08-30,185.1458740234375,185.34321714142652,182.27471834075723,182.47204640358012,60813900,AAPL
2023-08-31,185.36293029785156,186.59624944883035,184.9781353249528,185.33333184264131,60794500,AAPL
2023-09-01,186.9317626953125,187.3856158066575,185.7675013452281,186.96136115669725,45766500,AAPL
2023-09-05,187.16851806640625,187.44478036173828,185.10641198511868,185.76746926717502,45280000,AAPL
2023-09-06,180.46913146972656,186.32986658571798,179.04834537431464,185.88585963952747,81755800,AAPL
2023-09-07,175.19052124023438,175.83185624974686,171.22416252451072,172.84227669356144,112488800,AAPL
2023-09-08,175.80226135253906,177.83478423163749,175.41746632815568,175.97000602806156,65551300,AAPL
2023-09-11,176.96649169921875,177.89395007164453,174.9734438173143,177.66702357259294,58953100,AAPL
2023-09-12,173.9473419189453,177.72623373133553,172.487096210491,177.09477490699047,90370200,AAPL
2023-09-13,171.88522338867188,174.93398459835862,171.6582818339781,174.15451849429098,84267900,AAPL
2023-09-14,173.3948211669922,173.75001770449512,171.26364194197464,171.67803539320033,60895800,AAPL
2023-09-15,172.67454528808594,174.14466716160445,171.50043808217407,174.12492983939754,109259500,AAPL
2023-09-18,175.5950469970703,176.9862345995646,173.81906442528665,174.12492516303394,67257600,AAPL
2023-09-19,176.68038940429688,177.23291401853146,174.7662755227223,175.15107052586188,51826900,AAPL
2023-09-20,173.14816284179688,177.3019736755132,173.0593524132158,176.8678428874874,58436200,AAPL
2023-09-21,171.6089630126953,173.94734650075085,171.53990496478352,172.22069958579337,63149100,AAPL
2023-09-22,172.45750427246094,174.71695374662696,171.7273888544839,172.33911043282527,56725400,AAPL
2023-09-25,173.7302703857422,174.6083930174941,171.82601779128095,171.87535356826675,46172700,AAPL
2023-09-26,169.66526794433594,172.8620217812148,169.3692683155077,172.4871029695211,64588900,AAPL
2023-09-27,168.15570068359375,170.73087230994705,166.79412624167495,170.31647877934836,66921800,AAPL
2023-09-28,168.41221618652344,169.7343308371659,165.38317681816312,167.08022534636603,56294400,AAPL
2023-09-29,168.9252471923828,170.7604265076125,168.06684691168314,169.7244355134215,51861100,AAPL
2023-10-02,171.43133544921875,171.97399880268054,168.64896064883084,168.93509907845757,52164500,AAPL
2023-10-03,170.09938049316406,171.31297744317223,168.54047825044546,169.96124934298015,49594600,AAPL
2023-10-04,171.34255981445312,171.8852232303615,168.68845469814508,168.80684851428336,53020300,AAPL
2023-10-05,172.575927734375,173.1087151128758,170.37567499430378,171.4708632688818,48527900,AAPL
2023-10-06,175.12144470214844,175.6147723242181,170.86894795356997,171.48068444244805,57266700,AAPL
2023-10-09,176.60147094726562,176.66066786762835,173.45403753652568,174.45055415802327,42390800,AAPL
2023-10-10,176.00946044921875,177.32171396949087,175.57532965392068,175.72333700059065,43698000,AAPL
2023-10-11,177.400634765625,177.4499705441094,175.22999600880442,175.82198018511957,47551100,AAPL
2023-10-12,178.2985076904297,179.90674578858014,176.6507798893927,177.6670488234186,56743100,AAPL
2023-10-13,176.46331787109375,179.50220314362676,175.7627859383901,178.9990143278533,51427100,AAPL
2023-10-16,176.3350372314453,176.6902337432856,174.15452238414363,174.39132507709223,52517000,AAPL
2023-10-17,174.78598022460938,176.03903666999224,172.46734930467605,174.29265257502803,57549400,AAPL
2023-10-18,173.49346923828125,175.21025492862336,172.77321506438722,173.23694427289632,54764400,AAPL
2023-10-19,173.11859130859375,175.46682130559762,172.8521900917514,173.69083828526382,59302900,AAPL
2023-10-20,170.572998046875,173.0790962513972,170.3361953203569,172.97056355030566,64244000,AAPL
2023-10-23,170.69140625,171.68792291287053,167.6623665542272,168.62929981085605,55980100,AAPL
2023-10-24,171.12550354003906,171.35243005141567,169.1620540054936,170.74070856198063,43816600,AAPL
2023-10-25,168.81674194335938,170.75057806188605,168.3727349771656,169.58633193718455,57157000,AAPL
2023-10-26,164.66290283203125,169.09299056011605,163.45918215856796,168.0964590692853,70625300,AAPL
2023-10-27,165.9751739501953,166.70530437202822,164.60372353518264,164.6826577744484,58499100,AAPL
2023-10-30,168.01751708984375,168.88577853365425,166.61646843152695,166.76447575317525,51131000,AAPL
2023-10-31,168.4911651611328,168.61942013954004,165.65945361827133,167.09011614768582,44846000,AAPL
2023-11-01,171.6484375,171.90496247869652,167.849808268541,168.71806981976965,56934900,AAPL
2023-11-02,175.2003936767578,175.40758286457637,173.11855033416663,173.17774724497193,77334800,AAPL
2023-11-03,174.29266357421875,174.46040823420765,171.03671292563865,171.91483559510309,79829200,AAPL
2023-11-06,176.83824157714844,177.0355696443862,173.85855313497558,174.02628274488598,63841300,AAPL
2023-11-07,179.39369201660156,180.00541354681909,176.58171810512866,176.7889073081916,70530000,AAPL
2023-11-08,180.44943237304688,181.00195707049215,179.1667771510238,179.91664500198718,49340300,AAPL
2023-11-09,179.9757843017578,181.6629563158929,179.38378514108624,180.51844768984608,53763500,AAPL
2023-11-10,184.1548614501953,184.3228271167955,181.31943456996746,181.75413731292954,66133400,AAPL
2023-11-13,182.5741424560547,183.7893232540613,181.9912524470517,183.58186108306094,43627500,AAPL
2023-11-14,185.1823272705078,185.84425545326624,184.0560589323069,185.4391901985185,60108400,AAPL
2023-11-15,185.74545288085938,187.21751156501972,185.5182274044454,185.5873915048758,53790500,AAPL
2023-11-16,187.42501831054688,188.65996251273407,186.37777296409004,187.286705162902,54412900,AAPL
2023-11-17,187.4052276611328,188.08691917335904,186.29872264128753,187.95848017105547,50922700,AAPL
2023-11-20,189.14402770996094,189.598493753426,187.59294582194016,187.60281994734135,46505100,AAPL
2023-11-21,188.34378051757812,189.21318592585277,187.45462685911554,189.10451024981845,38134500,AAPL
2023-11-22,189.00570678710938,190.60618938615343,188.53149251239262,189.18354656200316,39617700,AAPL
2023-11-24,187.6818389892578,188.6006300326625,186.97051008307392,188.57099258448812,24048300,AAPL
2023-11-27,187.5040283203125,188.37343380166539,186.6247487130357,187.63246733233092,40552600,AAPL
2023-11-28,188.1066436767578,188.77846097899538,187.11868858376013,187.49411634309874,38415400,AAPL
2023-11-29,187.0890655517578,189.77630481775705,186.69388951411068,188.60063575450744,43014200,AAPL
2023-11-30,187.662109375,188.02766309314677,185.92331344476767,187.55343368717286,48794400,AAPL
2023-12-01,188.93655395507812,189.2526917735191,186.95075439627809,188.0375111237308,45704800,AAPL
2023-12-04,187.1483612060547,187.76090372984268,185.1922139752508,187.69173962433385,43389500,AAPL
2023-12-05,191.09030151367188,192.05849343193452,187.8893210956394,187.91897362196437,66628400,AAPL
2023-12-06,190.00357055664062,192.41416882595195,189.79609331061306,192.1079050949125,41089700,AAPL
2023-12-07,191.93008422851562,192.65128739108172,191.25826677194576,191.29779342674496,47477700,AAPL
2023-12-08,193.3527374267578,193.629363703371,191.33730018286,191.86091528323507,53406400,AAPL
2023-12-11,190.8531951904297,191.15947399253523,189.11439931154695,190.78404615931,60943700,AAPL
2023-12-12,192.36476135253906,192.3746354774224,189.41076991243543,190.75438957156285,52696900,AAPL
2023-12-13,195.5756072998047,195.6151188726379,192.50306619330016,192.74016578029781,70404200,AAPL
2023-12-14,195.7238006591797,197.2156075489979,193.79729107961322,195.63488831127654,66831600,AAPL
2023-12-15,195.19032287597656,196.01031245444227,194.62718115642724,195.1507962246044,128538400,AAPL
2023-12-18,193.53054809570312,194.26164038796966,192.0486152607036,193.72813612536964,55751900,AAPL
2023-12-19,194.56790161132812,194.57777573643529,193.5305456250714,193.79729775296602,40714100,AAPL
2023-12-20,192.48330688476562,195.29897006409448,192.48330688476562,194.52836624027822,52242800,AAPL
2023-12-21,192.33511352539062,194.70621508029078,191.16933361068988,193.73802319308166,46482500,AAPL
2023-12-22,191.26815795898438,193.05635469466722,190.64574127695036,192.8291141147171,37149600,AAPL
2023-12-26,190.72476196289062,191.55464074590694,190.5074106042434,191.27801448490152,28919300,AAPL
2023-12-27,190.82351684570312,191.16930715220508,188.78833180171554,190.17147795272518,48087700,AAPL
2023-12-28,191.24838256835938,192.31537606668746,190.84331729052167,191.80163510638113,34049900,AAPL
2023-12-29,190.21102905273438,192.0585006042798,189.4206618129017,191.56452296375952,42672100,AAPL
2024-01-02,183.4040069580078,186.17028459685415,181.6750853181039,184.89581391743906,82488700,AAPL
2024-01-03,182.03074645996094,183.64111826756874,181.22061595613366,182.0011090098209,58414500,AAPL
2024-01-04,179.7189483642578,180.88472835710988,178.70135563320858,179.95604798314233,71983600,AAPL
2024-01-05,178.99771118164062,180.5586821654936,177.99988188294327,179.79796753554595,62379700,AAPL
2024-01-08,183.3249969482422,183.36452360523833,179.3139005382843,179.89679059145493,59144500,AAPL
2024-01-09,182.91001892089844,182.91989304556353,180.52904335165846,181.7047124117811,42841800,AAPL
2024-01-10,183.9473876953125,184.1548498527509,181.70472508990332,182.12955368013527,46792900,AAPL
2024-01-11,183.3546142578125,184.7970355796361,181.4083411771675,184.29316874581366,49128400,AAPL
2024-01-12,183.68063354492188,184.49076406507768,182.95943045197853,183.81894667336306,40477800,AAPL
2024-01-16,181.41822814941406,182.04062970854807,178.7507369031224,179.96593271976667,65603000,AAPL
2024-01-17,180.4796600341797,180.72664884969066,178.12833676151584,179.08665457169852,47317400,AAPL
2024-01-18,186.35801696777344,186.86186875433015,183.59173905481111,183.84860201119264,78005800,AAPL
2024-01-19,189.25270080566406,189.63800274105876,186.5457131326349,187.0495648712278,68903000,AAPL
2024-01-22,191.55465698242188,192.97731505960866,189.94428498185601,189.9838116367789,60133900,AAPL
2024-01-23,192.82908630371094,193.39222799671276,191.49535584528522,192.67102493067515,42355600,AAPL
2024-01-24,192.1572723388672,194.0146328029546,191.99919590043444,193.06618924735707,53631300,AAPL
2024-01-25,191.83128356933594,193.90599578100486,190.78405333725613,192.86863967517039,54822100,AAPL
2024-01-26,190.10232543945312,192.41413683944202,189.6281111952244,191.93004847085402,44594000,AAPL
2024-01-29,189.420654296875,189.88499446653958,187.29655655692048,189.69728055859,47145600,AAPL
2024-01-30,185.77511596679688,189.48983770252025,185.21198926058483,188.64019550498801,55859400,AAPL
2024-01-31,182.17892456054688,184.84641553917146,182.129538862794,184.78712556686926,55467800,AAPL
2024-02-01,184.6093292236328,184.69824158324056,181.6059517240919,181.77390231724044,64885400,AAPL
2024-02-02,183.61151123046875,185.07368095456727,177.0909997696198,177.69365314728918,102551700,AAPL
2024-02-05,185.41943359375,186.97053056814926,183.60159955655655,185.88377376602236,69668800,AAPL
2024-02-06,187.01991271972656,187.02978684421677,184.5203873987695,184.60929974417922,43490800,AAPL
2024-02-07,187.12860107421875,188.74884702540382,186.33823388644547,188.3437817688575,53439000,AAPL
2024-02-08,186.0517578125,187.25704946443747,185.0934399218184,187.1088621926835,40962000,AAPL
2024-02-09,186.81344604492188,187.9411516715375,185.97260641439556,186.61559077121817,45155200,AAPL
2024-02-12,185.1317596435547,186.63537211912902,184.7756412965565,186.38806813077576,41781900,AAPL
2024-02-13,183.04449462890625,184.20189045877694,181.53099558275042,183.76663306878044,56529500,AAPL
2024-02-14,182.16409301757812,183.52921572281525,180.4725423642709,183.32148884677065,54630500,AAPL
2024-02-15,181.8772430419922,182.50045391335385,179.39431647047905,181.57058851615943,65434500,AAPL
2024-02-16,180.34396362304688,182.8565806751117,179.71086599707365,181.44199396902647,49752500,AAPL
2024-02-20,179.60203552246094,180.46264852115328,178.0588611409836,179.82955095197704,53665600,AAPL
2024-02-21,180.35385131835938,180.91769653606136,178.71174929095213,179.9779444437335,41371400,AAPL
2024-02-22,182.38172912597656,182.9653779737103,180.49233824441416,181.50132758611662,52292200,AAPL
2024-02-23,180.55169677734375,183.04451006700117,180.2648157032703,183.0148347964746,45119700,AAPL
2024-02-26,179.2063446044922,180.78908088671756,178.70183486744935,180.2746995194681,40867400,AAPL
2024-02-27,180.66049194335938,181.9365737231629,177.62359209867634,179.14699293032547,54318900,AAPL
2024-02-28,179.4635467529297,181.14521076395337,178.1874648834917,180.54178846123017,48953900,AAPL
2024-02-29,178.80076599121094,180.6011460945577,177.59392143922238,179.31516246277232,136682600,AAPL
2024-03-01,177.72254943847656,178.58316252471684,175.46713817545924,177.61373507516265,73563100,AAPL
2024-03-04,173.21170043945312,174.9922768844708,171.91581500377694,174.25036500096815,81510100,AAPL
2024-03-05,168.285400390625,170.1846930657021,167.7907924514621,168.91849794898403,95132400,AAPL
2024-03-06,167.2961883544922,169.39333632878757,166.86093094295472,169.21526961759642,68587700,AAPL
2024-03-07,167.177490234375,168.88882954707424,166.67299554984157,167.32586658446218,71765100,AAPL
2024-03-08,168.8888397216797,171.82681238429842,167.11814976227143,167.17750030588184,76267000,AAPL
2024-03-11,170.88706970214844,172.49949666610803,170.19462149789052,171.07502316349817,60139500,AAPL
2024-03-12,171.36187744140625,172.1532532324886,169.16581679091567,171.28273835287425,59825400,AAPL
2024-03-13,169.28453063964844,171.3223130850131,168.91851047344855,170.90684419661972,52488700,AAPL
2024-03-14,171.1343536376953,172.43022407386235,170.19460153541087,171.04532782778392,72913500,AAPL
2024-03-15,170.75843811035156,170.75843811035156,168.4535633292171,169.32407812222547,121752700,AAPL
2024-03-18,171.8466033935547,175.79358063684148,171.6487632139381,173.67665901704393,75604200,AAPL
2024-03-19,174.18115234375,174.7054356079408,171.1640405724947,172.45991109697533,55215200,AAPL
2024-03-20,176.7432098388672,176.7432098388672,173.2018149693641,173.82502584048726,53423100,AAPL
2024-03-21,169.5219268798828,175.57593855649498,168.99764365136926,175.14068113790177,106181300,AAPL
2024-03-22,170.42210388183594,171.18380430580046,168.22604350725265,169.90770741812418,71160100,AAPL
2024-03-25,169.0075225830078,170.0857641639875,167.62261143010488,168.73054337127422,54288300,AAPL
2024-03-26,167.8798370361328,169.57138777241732,167.7512341389727,168.16670300567833,57388400,AAPL
2024-03-27,171.44097900390625,171.72786002382026,168.2754916266955,168.5722593701728,60273300,AAPL
2024-03-28,169.63075256347656,170.37266455083602,168.67121185228598,169.8978451053126,65672700,AAPL
2024-04-01,168.19638061523438,169.40322523760474,167.65230884379906,169.3438746978549,46240500,AAPL
2024-04-02,167.01922607421875,167.51383407497934,166.4158037095213,167.2566433485096,49329500,AAPL
2024-04-03,167.82046508789062,168.83935621904524,166.76201196368757,166.96973884210524,47691700,AAPL
2024-04-04,166.99942016601562,170.06598011820813,166.99942016601562,168.45355351894443,53704400,AAPL
2024-04-05,167.75123596191406,168.5524984345705,167.12802510796487,167.7611226870966,42104800,AAPL
2024-04-08,166.63340759277344,167.37531948329715,166.425680716199,167.20715459942008,37425500,AAPL
2024-04-09,167.8402862548828,168.24586846008486,166.53452891117558,166.8807454739117,42373800,AAPL
2024-04-10,165.9706573486328,167.26652787853376,165.30788444762385,166.97966188332379,49709300,AAPL
2024-04-11,173.15234375,173.5678277091418,166.34654865134516,166.5246002673459,91070300,AAPL
2024-04-12,174.6460723876953,176.43655077441642,172.33131077483722,172.38075949507746,101670900,AAPL
2024-04-15,170.8276824951172,174.72519524382946,170.6397290741028,173.46888692512982,73531800,AAPL
2024-04-16,167.5533905029297,171.88614579113815,166.45536027289515,169.8978273072319,73711200,AAPL
2024-04-17,166.1882781982422,168.80969440593617,166.1882781982422,167.78091646807817,50901200,AAPL
2024-04-18,165.2386016845703,166.8213530127437,164.75389559967167,166.21793076697907,43122900,AAPL
2024-04-19,163.22061157226562,164.60550769336635,162.31053482208006,164.41756936525925,68149400,AAPL
2024-04-22,164.05154418945312,165.45622881020677,162.9930911354229,163.7350029833429,48116400,AAPL
2024-04-23,165.1001434326172,165.24853488832454,163.14149999003314,163.56687071664174,49537800,AAPL
2024-04-24,167.19729614257812,167.47427542099652,164.4176015378687,164.74402954196006,48251800,AAPL
2024-04-25,168.05787658691406,168.77011319134087,166.33663561051003,167.70175828470067,50558300,AAPL
2024-04-26,167.4742431640625,169.49223681731962,167.35552700029277,168.04799015720317,44838400,AAPL
2024-04-29,171.6289825439453,174.13169791183088,171.23330216655395,171.50037962888564,68169400,AAPL
2024-04-30,168.4931640625,173.1029142716877,168.1667209693098,171.46081207960546,65934800,AAPL
2024-05-01,167.4742431640625,170.84747276952126,167.28628974114312,167.75122238913238,50383100,AAPL
2024-05-02,171.16403198242188,171.54982559320527,169.04711048582428,170.64963546996492,94214900,AAPL
2024-05-03,181.4024200439453,184.98337684032407,180.69018337477516,184.637145231003,163224100,AAPL
2024-05-06,179.7504119873047,182.21354970089277,178.474315136007,180.38350950373416,78569700,AAPL
2024-05-07,180.43299865722656,182.90603874350563,179.36465862288415,181.47167851231154,77305800,AAPL
2024-05-08,180.76930236816406,181.09574539643793,179.49320552179933,180.878116710922,45057100,AAPL
2024-05-09,182.57962036132812,182.6686461865106,180.14614214666233,180.59128636681447,48983000,AAPL
2024-05-10,181.3215789794922,183.34230991411323,180.4102677646858,183.15410154420678,50759500,AAPL
2024-05-13,184.5210723876953,185.3333368917867,182.87674310968822,183.68900761377958,72044800,AAPL
2024-05-14,185.6602020263672,186.52199740854093,184.53096697721375,185.73944844741243,52393600,AAPL
2024-05-15,187.92860412597656,188.84981551266446,185.60078753373725,186.13569714479723,70400000,AAPL
2024-05-16,188.04745483398438,189.29556710780693,187.86916171755817,188.67151097089564,52845200,AAPL
2024-05-17,188.07716369628906,189.0082902438942,187.3936765447615,187.72056236134898,41282900,AAPL
2024-05-20,189.2361297607422,190.10782534306233,187.22529890901677,187.54228461702792,44361300,AAPL
2024-05-21,190.5337677001953,190.91016932460286,189.11726241831752,189.28565540299905,42309400,AAPL
2024-05-22,189.0974578857422,190.99934196064652,188.47341681604038,190.45453220558076,34648500,AAPL
2024-05-23,185.11541748046875,189.19651013997458,184.86777806929078,189.1766947549615,51005900,AAPL
2024-05-24,188.1861114501953,188.78045200186543,186.26442746313117,187.03707622618555,36327000,AAPL
2024-05-28,188.196044921875,191.1776178733189,187.31444925751387,189.70168159973719,52280100,AAPL
2024-05-29,188.4932098388672,190.43470949642946,187.72057607583483,187.81963788738682,53068000,AAPL
2024-05-30,189.4837646484375,190.36536034504638,188.83000809203267,188.9587703074631,49889100,AAPL
2024-05-31,190.43470764160156,190.7516933437122,188.11680637508078,189.63235836586054,75158300,AAPL
2024-06-03,192.19789123535156,193.14883318833753,190.7021546904014,191.07855630297723,50080500,AAPL
2024-06-04,192.51487731933594,193.47571940906454,191.2073340206378,192.80213237542046,47471400,AAPL
2024-06-05,194.0205078125,195.04078090785526,193.02995023528447,193.55494454203196,54156800,AAPL
2024-06-06,192.64364624023438,194.64457691185422,192.33657578915964,193.8422276391208,41181800,AAPL
2024-06-07,195.0308837890625,195.08041469163098,192.30685040959915,192.81202934049514,53103900,AAPL
2024-06-10,191.2965087890625,195.43704806418344,190.33566655763516,195.04081589339742,97010200,AAPL
2024-06-11,205.19400024414062,205.20391549352811,191.8016724106265,191.82147267998263,172373300,AAPL
2024-06-12,211.05813598632812,218.12080209568063,204.94638168818946,205.41194501546696,198134300,AAPL
2024-06-13,212.21705627441406,214.7033502990969,209.60198493072278,212.71233505249734,97862700,AAPL
2024-06-14,210.48361206054688,213.13829945342002,209.30484597389386,211.8307711431916,70122700,AAPL
2024-06-17,214.62411499023438,216.88258512602053,210.71141546378874,211.35527186274084,93728300,AAPL
2024-06-18,212.26657104492188,216.56560230529576,210.9887584540523,215.5354139875743,79943300,AAPL
2024-06-20,207.7001190185547,212.2170745602359,206.87796947703916,211.90998899500866,86172500,AAPL
2024-06-21,205.53082275390625,209.8892705909824,205.15440599094305,208.40343403997312,241805100,AAPL
2024-06-24,206.1746826171875,210.69162338847192,204.63931513285507,205.75865018980198,80727000,AAPL
2024-06-25,207.09591674804688,209.3841027399326,206.64025353103247,207.17514806736853,55549700,AAPL
2024-06-26,211.23641967773438,212.83121810497767,208.6510635966682,209.5029437835443,66213200,AAPL
2024-06-27,212.07838439941406,213.70289822966825,210.3449086305272,212.6628097453943,49772700,AAPL
2024-06-28,208.63125610351562,214.02980761283354,208.3142855019514,213.73263728250333,82542700,AAPL
2024-07-01,214.70335388183594,215.45617219578955,209.91895899194967,210.08735196554287,60402900,AAPL
2024-07-02,218.19015502929688,218.2991169839906,213.0689733881142,214.10904691098634,58046200,AAPL
2024-07-03,219.45803833007812,219.45803833007812,216.96182895702523,217.92267103394255,37369800,AAPL
2024-07-05,224.20281982421875,224.3117817727132,219.55710192478037,219.55710192478037,60412400,AAPL
2024-07-08,225.6688690185547,225.69858454124022,221.14201294311235,224.945750993976,59085900,AAPL
2024-07-09,226.52073669433594,227.23393947620644,224.23255073363126,225.7778183894468,48076100,AAPL
2024-07-10,230.78012084960938,230.87918266211804,227.08534498663496,227.1348758928893,62627700,AAPL
2024-07-11,225.42120361328125,230.19568345608255,223.63819688403007,229.2051258414663,64710600,AAPL
2024-07-12,228.36314392089844,230.44332094014862,226.5207061684713,226.7584454352943,53046500,AAPL
2024-07-15,232.1867218017578,234.99000194235262,230.88909361652622,234.2470836578572,62631300,AAPL
2024-07-16,232.60275268554688,234.03905824310993,230.1362587163494,232.781045805997,43234300,AAPL
2024-07-17,226.71885681152344,229.27449755440023,224.50000206743292,227.28346685481674,57345900,AAPL
2024-07-18,222.06320190429688,228.26410233218343,220.17124832102243,228.10560948409145,66034600,AAPL
2024-07-19,222.19198608398438,224.65848009632384,221.1717129043359,222.6971801635164,49151500,AAPL
2024-07-22,221.8452911376953,225.62921338494564,220.98349573063444,224.86647978572938,48201800,AAPL
2024-07-23,222.88534545898438,224.7971293607533,220.57734458918785,222.25138924131514,39960300,AAPL
2024-07-24,216.47645568847656,222.67735606492835,215.0797809310421,221.88490694575157,61777600,AAPL
2024-07-25,215.43637084960938,218.7646448818125,212.59346035218633,216.86276105080302,51391200,AAPL
2024-07-26,215.90196228027344,217.41751434744816,213.97036267942912,216.6349653026102,41601300,AAPL
2024-07-29,216.17930603027344,217.22929471632008,213.71281205128278,214.91139345300462,36311800,AAPL
2024-07-30,216.73402404785156,218.24957609355639,214.07932159795172,217.1203409396055,41643800,AAPL
2024-07-31,219.98304748535156,221.70662325926872,218.54674189777583,219.34909118598728,50036300,AAPL
2024-08-01,216.2981719970703,222.36038006072013,214.97082835556836,222.25141811315143,62501000,AAPL
2024-08-02,217.7839813232422,223.4697870434651,215.6542886583774,217.08067881945357,105568600,AAPL
2024-08-05,207.2939910888672,211.484045462397,194.14928763761037,197.21010696314244,119548600,AAPL
2024-08-06,205.2732696533203,208.00721860156926,199.17144565753833,203.36150053141452,69660500,AAPL
2024-08-07,207.8388214111328,211.62274392073394,204.4412006806638,204.94637966039352,63516400,AAPL
2024-08-08,211.29586791992188,212.1774636990054,206.85817350164743,211.0977593959716,47161100,AAPL
2024-08-09,214.1981964111328,214.7330909034816,209.96851092003678,210.09728825409005,42201600,AAPL
2024-08-12,215.7254180908203,217.68898821235913,213.81143620679725,214.27753840147545,38028100,AAPL
2024-08-13,219.43441772460938,220.04926955678368,217.19315629108402,217.19315629108402,44155300,AAPL
2024-08-14,219.88064575195312,221.1797757696837,217.87739912826086,218.7401920302427,41960600,AAPL
2024-08-15,222.85577392578125,223.48055242779947,220.9120269929499,222.73677426147512,46414000,AAPL
2024-08-16,224.1747283935547,224.94825642777528,221.79462933024135,222.06239369045758,44340200,AAPL
2024-08-19,224.01605224609375,224.11522871504155,221.18968933533225,223.84746435464618,40687800,AAPL
2024-08-20,224.63092041015625,225.28544883578485,223.57971634413767,223.8970689622142,30299000,AAPL
2024-08-21,224.5218505859375,226.08874521756795,223.18305884166446,224.64086539349128,34765500,AAPL
2024-08-22,222.66734313964844,226.4457337259973,222.04256465043304,225.90029338876204,43695300,AAPL
2024-08-23,224.9581756591797,226.32673228874265,222.46900358067504,223.78797197411373,38677300,AAPL
2024-08-26,225.29537963867188,225.39455612332776,222.03267909150793,224.87886564108967,30602200,AAPL
2024-08-27,226.13832092285156,226.95152567852384,223.02437015551794,224.1251624880706,35934600,AAPL
2024-08-28,224.611083984375,227.95312221094204,223.80779089178384,226.02921369079436,38052200,AAPL
2024-08-29,227.88368225097656,230.98772097763546,226.98124300552124,228.191123238114,51906300,AAPL
2024-08-30,227.1002655029297,228.4886453526855,225.59287085733376,228.28039594132485,52990800,AAPL
2024-09-03,220.92196655273438,227.1002799762046,219.33523365285652,226.65401607692846,50190600,AAPL
2024-09-04,219.01788330078125,219.94016096302124,215.67582978550038,219.82116129878526,43840200,AAPL
2024-09-05,220.53517150878906,223.60944526365165,219.6823053430495,219.79139340374425,36615400,AAPL
2024-09-06,218.98812866210938,223.37145940933704,217.94683622588397,222.09215251756703,48423000,AAPL
2024-09-09,219.07737731933594,219.4343914347755,214.91222272734436,218.98812757352732,67180000,AAPL
2024-09-10,218.2840118408203,219.6426417511051,214.9320468059923,217.10388142289187,51591000,AAPL
2024-09-11,220.81288146972656,221.23930705217748,216.08244775598524,219.62283934479092,44587100,AAPL
2024-09-12,220.92196655273438,221.6954946800681,217.99644195502805,220.65420216028613,37455600,AAPL
2024-09-13,220.65419006347656,222.18140791181287,220.06908820245332,221.72523244234597,36766600,AAPL
2024-09-16,214.5254669189453,215.4179946756504,212.14536768072225,214.74362792854853,59357400,AAPL
2024-09-17,214.99154663085938,215.1006346980314,212.72055067344832,213.96018092212807,45519300,AAPL
2024-09-18,218.85919189453125,220.86243852013078,215.7353147340035,215.745241460142,59894900,AAPL
2024-09-19,226.97132873535156,227.91345980340301,222.7665127356472,223.12352684243388,66781300,AAPL
2024-09-20,226.306884765625,231.1563174701668,225.73169454082358,228.0622053540531,318679900,AAPL
2024-09-23,224.5912628173828,227.54653724680347,223.93673438033483,225.45404067299683,54146000,AAPL
2024-09-24,225.48377990722656,227.44736512534206,223.85738561877668,226.75316007712865,43556100,AAPL
2024-09-25,224.49208068847656,225.40444676008957,222.1615848378298,223.06402418257602,42308700,AAPL
2024-09-26,225.6325225830078,226.604388370512,223.54002631267903,225.41434646896755,36636700,AAPL
2024-09-27,225.90029907226562,227.6159582791164,225.41437368594384,226.56475422029098,34026000,AAPL
2024-09-30,231.0670623779297,231.0670623779297,227.7448474882838,228.1316114938428,54541900,AAPL
2024-10-01,224.3334197998047,227.74486962890148,221.88390914906273,227.6159583693189,63285000,AAPL
2024-10-02,224.898681640625,225.48378349827837,221.16987922367838,224.0160654907427,32880600,AAPL
2024-10-03,223.79788208007812,224.928424248049,221.46738631978812,223.27228007150777,34044200,AAPL
2024-10-04,224.9185028076172,226.1085447535635,222.27065455992025,226.00936828631617,37245100,AAPL
2024-10-07,219.8509063720703,223.81772316941647,219.49389225502094,222.63759275105315,39505400,AAPL
2024-10-08,223.89706420898438,224.10531361949606,221.3979653574062,222.43925780658088,31855700,AAPL
2024-10-09,227.63575744628906,227.84402197002447,222.96483950692257,223.36151510273743,33591100,AAPL
2024-10-10,227.13990783691406,227.59609839600836,225.2854259515482,225.8903660776275,28183500,AAPL
2024-10-11,225.66229248046875,227.5068628874906,225.4540279414576,227.39777482080956,31759200,AAPL
2024-10-14,229.38119506835938,229.80762063057296,226.70359663127624,226.80275797652766,39882100,AAPL
2024-10-15,231.91000366210938,235.51980588469206,230.44227073800852,231.6719892368544,64751400,AAPL
2024-10-16,229.85720825195312,230.19438406287304,227.9332995992129,229.67870875165642,34082200,AAPL
2024-10-17,230.22412109375,231.91003031839952,228.60765355789445,231.49350124327563,32993800,AAPL
2024-10-18,233.05047607421875,234.2206797118992,232.0686835146529,234.2206797118992,46431500,AAPL
2024-10-21,234.5181884765625,234.8851292946414,232.5050303027995,232.5050303027995,36254500,AAPL
2024-10-22,233.90335083007812,234.26036494372266,230.67040061866737,231.94969236544068,38846600,AAPL
2024-10-23,228.84564208984375,233.18931106897517,225.87052966736016,232.1381071008503,52287000,AAPL
2024-10-24,228.65724182128906,228.90516786821388,226.51515714412935,228.07212485007065,31109500,AAPL
2024-10-25,229.49026489257812,231.28524701350278,227.665532857223,227.83412074973037,38802300,AAPL
2024-10-28,231.46376037597656,232.78272881287972,230.62082086290692,231.38443735420992,36087100,AAPL
2024-10-29,231.73150634765625,232.38603471678388,230.39271482775456,231.1662428522856,35417200,AAPL
2024-10-30,228.19114685058594,231.53318522639518,227.64570650368097,230.68031899274527,47070900,AAPL
2024-10-31,224.03591918945312,227.92339818004348,223.50039040024254,227.43745763164222,64370100,AAPL
2024-11-01,221.060791015625,223.4805517303345,218.44269248362247,219.13688241025088,65276700,AAPL
2024-11-04,220.16822814941406,220.94175615916865,217.88732075932978,219.15670083339904,44944500,AAPL
2024-11-05,221.59629821777344,222.09215031274817,219.3054639601429,219.9599923572388,28111300,AAPL
2024-11-06,220.87234497070312,224.19455985797964,219.3550388628842,220.76325691115125,54561100,AAPL
2024-11-07,225.59288024902344,225.9895710313294,222.70703236030374,222.7665321945981,42137700,AAPL
2024-11-08,225.32481384277344,227.01256271730918,224.77877343219782,225.53329235935942,38328800,AAPL
2024-11-11,222.61448669433594,224.07389700260043,219.90415975706793,223.3789433198207,42005600,AAPL
2024-11-12,222.61448669433594,223.96468891324545,221.75075962779928,222.93218846295187,40398300,AAPL
2024-11-13,223.49806213378906,225.01703765642938,221.15506473467502,222.39605879884869,48566200,AAPL
2024-11-14,226.57571411132812,227.22102491001456,223.37891246327882,223.39877260828746,44923900,AAPL
2024-11-15,223.37892150878906,225.28508648780175,222.65418524957263,224.76882873863602,47923700,AAPL
2024-11-18,226.37716674804688,228.08477571151616,223.54769435597734,223.62711979019133,44633700,AAPL
2024-11-19,226.63531494140625,228.501774994788,225.02699136706502,225.34467799276683,36211800,AAPL
2024-11-20,227.35012817382812,228.27342054954684,224.26253412411586,226.41689814964724,35169600,AAPL
2024-11-21,226.87356567382812,228.50174921258224,224.08381355701644,227.2309725554499,42108300,AAPL
2024-11-22,228.21383666992188,229.05771868234922,226.4168797117104,226.4168797117104,38168300,AAPL
2024-11-25,231.19224548339844,231.56951255942457,228.08480637706975,229.79241557012372,90152800,AAPL
2024-11-26,233.366455078125,233.87279036398945,231.6489234928732,231.6489234928732,45986200,AAPL
2024-11-27,233.2373809814453,233.99191506726265,232.12545514826604,232.78070364946953,33498400,AAPL
2024-11-29,235.6200714111328,236.0966088346664,232.2842791486946,233.11822342709127,28481400,AAPL
2024-12-02,237.8638153076172,239.0551666028684,235.45133007089746,235.5605381566453,48137100,AAPL
2024-12-03,240.90174865722656,241.01095673492534,237.17876666593097,238.0822139315433,38861000,AAPL
2024-12-04,241.2592010498047,242.35128203282213,239.51188662583215,241.12021030186204,44383900,AAPL
2024-12-05,241.28895568847656,242.77814859306412,240.38552350615552,242.2321233137982,40033900,AAPL
2024-12-06,241.0903778076172,242.86748966267425,240.33585892461636,241.1598807416467,36870600,AAPL
2024-12-09,244.9722442626953,245.4587194212017,240.00826768189094,240.08769312504634,44649200,AAPL
2024-12-10,245.98487854003906,246.4217108653419,243.57237825215392,245.11121388943334,36914800,AAPL
2024-12-11,244.714111328125,248.9930565140259,244.48575750906295,246.17352158557497,45205800,AAPL
2024-12-12,246.17352294921875,246.9479020514793,243.9099357862414,245.11122473397327,32777500,AAPL
2024-12-13,246.34228515625,247.49391610940148,244.46590277835176,246.0345210589055,33155300,AAPL
2024-12-16,249.23130798339844,249.56886987487528,245.86573275817128,246.20329464964811,51694800,AAPL
2024-12-17,251.6537322998047,252.0012166921119,247.98039295462073,248.2782345553336,51356400,AAPL
2024-12-18,246.26287841796875,252.4479889260113,245.95511429725673,250.34326772719038,56774100,AAPL
2024-12-19,247.99034118652344,250.18442555229956,245.3097967996626,245.71684652457995,60882300,AAPL
2024-12-20,252.656494140625,253.1628143156686,243.91989202858784,246.25295201238012,147495300,AAPL
2024-12-23,253.43087768554688,253.80812962394884,251.62398284537375,252.93448000183187,40858800,AAPL
2024-12-24,256.33978271484375,256.34969006633503,253.4507293352449,253.64930053302467,23234700,AAPL
2024-12-26,257.1538391113281,258.2260750496306,255.77386933789322,256.32983230675023,27237100,AAPL
2024-12-27,253.74855041503906,256.8361595932908,251.23677948504655,255.9724022209019,42355300,AAPL
2024-12-30,250.3829345703125,251.67357129905236,248.94338462815534,250.41271721299594,35557500,AAPL
2024-12-31,248.61578369140625,251.45517870098834,247.63291094425557,250.62123433005314,39480700,AAPL
