Date,Close,High,Low,Open,Volume,Symbol
2015-01-02,29.39026641845703,29.571603204500235,29.153135540155954,29.473958887111642,9921100,KO
2015-01-05,29.39026641845703,29.969145756279154,29.34842151439753,29.77385978203758,26292600,KO
2015-01-06,29.613445281982422,29.94821778518274,29.460009547516876,29.57857364508277,16897500,KO
2015-01-07,29.983083724975586,30.06677616231296,29.697132125249507,29.850567816945585,13412300,KO
2015-01-08,30.34575843811035,30.387605996144913,30.05980677621216,30.11560352025824,21743600,KO
2015-01-09,30.010982513427734,30.380629248999625,29.955188436315964,30.317859249414578,12733500,KO
2015-01-12,29.738981246948242,30.12955044434391,29.613441242804452,30.038882072343398,11415800,KO
2015-01-13,29.732009887695312,30.157450744464093,29.60646987551649,29.871499085731248,12529500,KO
2015-01-14,29.683185577392578,29.71108128529173,29.341437215413166,29.34841313778909,13447600,KO
2015-01-15,29.557647705078125,29.89242016875072,29.411182590536644,29.871497721188383,11193100,KO
2015-01-16,29.662267684936523,29.704115247765237,29.46001111593646,29.5437035810584,15114900,KO
2015-01-20,30.101654052734375,30.220220802455863,29.718060752878117,29.780830759075336,17047300,KO
2015-01-21,30.24114227294922,30.289963091686403,29.82267469165681,29.913343066683762,10720600,KO
2015-01-22,30.534082412719727,30.568956723953892,30.038898055416926,30.24813062013987,14709100,KO
2015-01-23,30.206274032592773,30.513148164915762,30.115605647381404,30.408530592707613,12357700,KO
2015-01-26,29.99005699157715,30.15046860505864,29.871492927039156,30.115596977873032,11151900,KO
2015-01-27,29.564624786376953,29.738985633345948,29.397239863186535,29.669242358772504,15274000,KO
2015-01-28,29.236825942993164,29.85057687767696,29.222879416315838,29.70411440274624,14278500,KO
2015-01-29,29.36236572265625,29.397240020665176,28.9229783015261,29.132210786902657,13657900,KO
2015-01-30,28.71373176574707,29.243790023014064,28.671886881591597,29.174046775732045,19193700,KO
2015-02-02,29.006671905517578,29.03457028080887,28.525436904152475,28.741642661321265,15197500,KO
2015-02-03,29.03456687927246,29.188002604327867,28.853230121658992,29.11825933480588,13193100,KO
2015-02-04,29.06943130493164,29.355382895913245,29.027583757275355,29.1322012961488,16400000,KO
2015-02-05,29.146150588989258,29.167073032629304,28.95086469305551,29.153123850024425,11078500,KO
2015-02-06,28.909027099609375,29.125232833197977,28.818358720069035,29.034567114192853,12366400,KO
2015-02-09,28.75559425354004,28.90903266993735,28.623080950628733,28.860211839362883,13371100,KO
2015-02-10,29.571605682373047,30.010993175028755,29.43211644923683,29.927300699361357,32184200,KO
2015-02-11,29.550674438476562,29.634369557319246,29.083388664013654,29.362364411883437,20496300,KO
2015-02-12,29.411184310913086,29.75293271745337,29.341441041269043,29.571598620057742,13818200,KO
2015-02-13,29.285648345947266,29.45303326524193,29.125234029198168,29.306570795725268,10792100,KO
2015-02-17,29.16010093688965,29.20892174769043,29.041534210277298,29.16010093688965,12804200,KO
2015-02-18,29.10431480407715,29.15313563265855,28.922980677994182,29.11826399231978,9789800,KO
2015-02-19,29.36934471130371,29.46001310662488,28.964826224898253,29.069443808771574,16578300,KO
2015-02-20,29.271696090698242,29.36933772680691,29.04153852512634,29.320516908752577,15982400,KO
2015-02-23,29.187999725341797,29.411181358440647,29.07640890879237,29.090358093427916,11830300,KO
2015-02-24,29.383289337158203,29.522778540483905,29.132209303278994,29.188003388288116,12782700,KO
2015-02-25,29.32749366760254,29.460009612864667,29.111287922023884,29.411186128454425,10323300,KO
2015-02-26,29.613445281982422,29.676215292615943,29.271699515616316,29.320520339382902,14346500,KO
2015-02-27,30.199298858642578,30.450378909747876,29.620422216847977,29.65529385493806,28312800,KO
2015-03-02,30.129554748535156,30.199298022784962,30.045862287328315,30.199298022784962,13514600,KO
2015-03-03,29.9551944732666,30.101656948303724,29.878475273808466,30.06678531051423,10036300,KO
2015-03-04,29.641340255737305,29.9761127205379,29.620417808104474,29.93426516473718,16263000,KO
2015-03-05,29.571605682373047,29.71806817992495,29.466988092386924,29.683196536774854,9223000,KO
2015-03-06,28.95785140991211,29.432113153141287,28.825338116567547,29.376316401921134,18180500,KO
2015-03-09,28.8671817779541,28.978772615059682,28.818360953003875,28.964823427854558,10123300,KO
2015-03-10,28.37896728515625,28.699793229299964,28.371994022701752,28.664918935422218,14599100,KO
2015-03-11,27.967472076416016,28.406862050258436,27.953525553277302,28.406862050258436,18549700,KO
2015-03-12,28.53006362915039,28.53006362915039,28.143287357339783,28.199544407230132,17728700,KO
2015-03-13,28.065927505493164,28.530059501031268,27.85495890435972,28.438638790249296,17438400,KO
2015-03-16,28.333160400390625,28.375352517855024,28.122191765233424,28.129222890606908,15238800,KO
2015-03-17,28.487869262695312,28.64258084681534,28.35425641989003,28.600386046797585,21661800,KO
2015-03-18,28.551151275634766,28.684766759654735,27.98856752942435,28.46676438435593,26247500,KO
2015-03-19,28.143280029296875,28.494895218044796,28.101085240907164,28.466765359118323,16057600,KO
2015-03-20,28.586315155029297,28.593346278267692,28.13624547205505,28.17844025931821,31608500,KO
2015-03-23,28.565217971801758,28.79025148420761,28.480831075302333,28.57928290165351,17060500,KO
2015-03-24,28.45973014831543,28.82541021400774,28.45973014831543,28.769150504234794,13485700,KO
2015-03-25,28.4456787109375,28.621486363436976,28.29800092666479,28.544130567119304,22811300,KO
2015-03-26,28.375347137451172,28.523027568409294,28.2909602359117,28.368316013410897,17359600,KO
2015-03-27,28.185483932495117,28.466774564892486,28.108128136736987,28.466774564892486,14384400,KO
2015-03-30,28.487869262695312,28.558193929391567,28.087028051667733,28.2065786437455,12561400,KO
2015-03-31,28.5159969329834,28.762129223544814,28.375350293035662,28.487867068471544,16604800,KO
2015-04-01,28.60741424560547,28.69883495307952,28.290960014050082,28.684770022498036,14300700,KO
2015-04-02,28.60741424560547,28.741027062212765,28.46676762240183,28.64257523075358,14343100,KO
2015-04-06,28.95199203491211,29.261415103785225,28.544119829503288,28.670701506294858,19843400,KO
2015-04-07,28.839481353759766,29.09264476059962,28.811354172808677,28.867611217322292,9773400,KO
2015-04-08,28.75509262084961,28.895739247125192,28.64960966310138,28.818383468543058,8954700,KO
2015-04-09,28.867610931396484,28.88870967016512,28.572255414749698,28.691803309789183,12710900,KO
2015-04-10,28.74806022644043,28.944963884959034,28.72696148973404,28.89573797032938,8720000,KO
2015-04-13,28.62148094177246,28.811353492418444,28.62148094177246,28.811353492418444,9616300,KO
2015-04-14,28.487869262695312,28.586323796070072,28.35425641989003,28.54412899605232,11209700,KO
2015-04-15,28.410512924194336,28.698837318349568,28.354253197231643,28.54412575181359,11189100,KO
2015-04-16,28.551151275634766,28.733992669784964,28.34018270613222,28.417538474225697,13121000,KO
2015-04-17,28.34020233154297,28.593365863304523,28.199555626940686,28.459752969369376,15330300,KO
2015-04-20,28.593351364135742,28.762127860597538,28.41754374318493,28.424574867673943,13023700,KO
2015-04-21,28.677736282348633,28.8254167124908,28.50896248020218,28.600380505276835,19673100,KO
2015-04-22,29.050451278686523,29.233290018002666,28.881674787877436,29.22625889374914,26887200,KO
2015-04-23,28.797292709350586,29.12077813144564,28.776193967831855,28.994196412780312,17408800,KO
2015-04-24,28.75509262084961,28.916835302152585,28.69883557990614,28.860578261209113,11623300,KO
2015-04-27,28.712913513183594,28.9379471440845,28.677749828732683,28.832461455956736,10044600,KO
2015-04-28,28.67070960998535,28.81135625535277,28.551159022508976,28.797291322554866,12174800,KO
2015-04-29,28.473804473876953,28.656643225765908,28.410513620797797,28.593352372686752,11371400,KO
2015-04-30,28.523033142089844,28.537098075530054,28.326126756538653,28.410516357179915,12700800,KO
2015-05-01,28.769166946411133,28.78323188189277,28.480842475567894,28.53710221749445,10848300,KO
2015-05-04,28.8043155670166,28.902767390472622,28.670702761270714,28.748058531875014,10204800,KO
2015-05-05,28.656644821166992,28.930904305575023,28.607418897432815,28.930904305575023,11721300,KO
2015-05-06,28.593351364135742,28.89574068678005,28.403478811595495,28.86057969911217,11906900,KO
2015-05-07,28.62148094177246,28.7691586980711,28.48786543431156,28.501930365760675,13834700,KO
2015-05-08,28.81839370727539,28.952006574271593,28.72697296532419,28.832458643161132,11144400,KO
2015-05-11,28.790258407592773,29.10671269882933,28.74806629050238,28.81838827406085,10113500,KO
2015-05-12,28.61444854736328,28.80432110738278,28.4949006480611,28.670708275937134,12384500,KO
2015-05-13,28.867610931396484,29.085613347929645,28.635546265832783,28.656642321990006,13183700,KO
2015-05-14,29.184057235717773,29.254379192157156,29.015280784608294,29.043410640228323,9961000,KO
2015-05-15,29.19813346862793,29.317681377384265,29.134842610282895,29.14890754353865,8479000,KO
2015-05-18,29.057479858398438,29.17703042112995,29.00825394510049,29.17703042112995,11511700,KO
2015-05-19,29.050451278686523,29.106708320548677,28.923869581232537,28.994191554213057,9072000,KO
2015-05-20,29.078596115112305,29.247372708404146,29.050468918407784,29.092661054771035,10965200,KO
2015-05-21,28.99420166015625,29.057492530943307,28.88168485460284,29.015297722881186,9270900,KO
2015-05-22,28.98012924194336,29.0012279818332,28.860581340551022,28.91683838749696,11909500,KO
2015-05-26,28.825422286987305,28.95903512974333,28.649614644229086,28.91684032974113,15194300,KO
2015-05-27,28.91683578491211,28.973095509406093,28.712900990149713,28.790254087411967,9863100,KO
2015-05-28,28.9309024810791,29.04341925432028,28.748063730541492,28.973097277023847,9395200,KO
2015-05-29,28.8043155670166,28.959027108225204,28.670702761270714,28.959027108225204,19628600,KO
2015-06-01,28.790258407592773,29.12077763206337,28.74806629050238,29.085616640284133,12684100,KO
2015-06-02,28.825422286987305,28.944970196409265,28.607419844226886,28.71993662828768,11878600,KO
2015-06-03,28.74102783203125,28.980126293098248,28.67773698402495,28.902770514133735,8153800,KO
2015-06-04,28.544132232666016,28.81839175735031,28.5019374278638,28.628519159658403,10145800,KO
2015-06-05,28.199541091918945,28.494899287607154,28.185478843058377,28.46676942466325,15975600,KO
2015-06-08,28.241735458374023,28.312057432056772,28.143283622173634,28.199540664597567,14339300,KO
2015-06-09,28.269874572753906,28.424583502009714,28.206583702681737,28.248775827655038,10772700,KO
2015-06-10,28.36128807067871,28.50896583559073,28.326124398699296,28.354254263238214,11979900,KO
2015-06-11,28.432199478149414,28.538555424984878,28.382567424224618,28.43929131713529,11944900,KO
2015-06-12,28.332923889160156,28.446368924266928,28.247840789015825,28.389647759085037,15568600,KO
2015-06-15,28.070589065551758,28.26202811248744,28.05640809488131,28.24075800885356,11364800,KO
2015-06-16,28.418010711669922,28.474731878882945,28.077672889419443,28.098945693774525,12517400,KO
2015-06-17,28.552732467651367,28.58818354346831,28.368382545813333,28.418017297649506,13898400,KO
2015-06-18,28.8221492767334,28.885962259155196,28.474722438049792,28.474722438049792,16314600,KO
2015-06-19,28.64491081237793,28.822168917145753,28.64491081237793,28.779625998293625,23550600,KO
2015-06-22,28.70162010192871,28.93560200150828,28.68743913485635,28.722890200165796,8775900,KO
2015-06-23,28.630720138549805,28.729984210827336,28.581088102411037,28.666171206542764,11094900,KO
2015-06-24,28.496000289916992,28.6803501581073,28.496000289916992,28.62362628951246,10385100,KO
2015-06-25,28.375484466552734,28.602374678095067,28.375484466552738,28.55983174915163,10607600,KO
2015-06-26,28.361284255981445,28.60944441132415,28.361284255981445,28.432186384724265,16215600,KO
2015-06-29,27.935867309570312,28.347104543003734,27.935867309570312,28.21947854182782,15500800,KO
2015-06-30,27.81533432006836,28.084767327331804,27.73734034127552,28.084767327331804,14621300,KO
2015-07-01,28.00676918029785,28.07767131151536,27.850781245927823,27.92168608188826,11177400,KO
2015-07-02,27.99968719482422,28.226577318315982,27.9004203991459,28.09895128575891,8975900,KO
2015-07-06,27.950044631958008,28.07767062884079,27.808240372970793,27.8791425024644,10252600,KO
2015-07-07,28.538537979125977,28.630712896386438,27.935861861463767,27.999674849606787,20335000,KO
2015-07-08,28.26201820373535,28.524359307302078,28.247837238036794,28.354193128404663,11383700,KO
2015-07-09,28.3045654296875,28.77252929979961,28.29038716520833,28.68744348446469,13392000,KO
2015-07-10,28.637807846069336,28.729982782061587,28.47473077761719,28.552724746168863,13360400,KO
2015-07-13,28.829242706298828,28.907236663641847,28.708708557490592,28.758340584028407,9854200,KO
2015-07-14,29.190855026245117,29.254668033856927,28.956875801497322,28.999418708152945,19531000,KO
2015-07-15,29.16250228881836,29.325579410206856,29.141229478380655,29.17668326086221,11252100,KO
2015-07-16,29.41065216064453,29.49573525814356,29.318477227253894,29.368109259523568,10483700,KO
2015-07-17,29.247570037841797,29.297202061526622,29.105763096709836,29.290112931604117,9608300,KO
2015-07-20,29.339752197265625,29.453197237224522,29.226307157306724,29.31847939276245,10024200,KO
2015-07-21,29.205034255981445,29.43901617153896,29.141221252169675,29.339752099996897,13653800,KO
2015-07-22,28.999425888061523,29.48865726438435,28.779624873035598,28.93561286465038,15528600,KO
2015-07-23,28.956863403320312,29.08448936389957,28.7016114821618,29.063219272050393,13522200,KO
2015-07-24,28.673263549804688,28.949788402505522,28.65199344757517,28.900153656064283,10912500,KO
2015-07-27,28.74416732788086,28.772529266292807,28.47473432245401,28.55981743294653,10945700,KO
2015-07-28,28.751251220703125,28.878877215555974,28.673257256654956,28.82215605381183,11021800,KO
2015-07-29,28.779619216918945,28.86470232983094,28.70871707361618,28.73707630809125,8479900,KO
2015-07-30,28.75834083557129,28.893055950960452,28.637803980966154,28.751249000436662,9095500,KO
2015-07-31,29.127046585083008,29.22631066888085,28.907245610428202,28.98523959191034,15309500,KO
2015-08-03,29.45319938659668,29.46028851878634,28.956876286278234,28.963965418467893,14672600,KO
2015-08-04,29.67300033569336,29.687181306101337,29.311395056892316,29.431929248244813,17559900,KO
2015-08-05,29.864423751831055,29.93532856676835,29.65171471650342,29.722616826698587,15329200,KO
2015-08-06,29.72262954711914,29.956611479436486,29.68008934469292,29.779353423345146,11378900,KO
2015-08-07,29.616275787353516,29.758082770546764,29.446106866572975,29.644637724940814,10886700,KO
2015-08-10,29.552465438842773,29.772266417803873,29.481563293239056,29.701361567456672,9501900,KO
2015-08-11,29.41065216064453,29.47446515995453,29.1908512286339,29.353930997226147,11254900,KO
2015-08-12,29.254661560058594,29.254661560058594,28.96395852409998,29.16248933981652,9602200,KO
2015-08-13,29.141225814819336,29.33975669373059,29.077412801016347,29.268851842425313,10270900,KO
2015-08-14,29.247570037841797,29.2475700378418,29.041950108437575,29.07740116753496,9904800,KO
2015-08-17,29.3184814453125,29.389386290715212,29.04905114701208,29.091591349510413,8272800,KO
2015-08-18,29.283018112182617,29.446095131202423,29.205024167272672,29.26883714904061,11199400,KO
2015-08-19,28.91432762145996,29.24048443684891,28.914327621459964,29.169579605354457,15796500,KO
2015-08-20,28.751251220703125,28.9426902129824,28.659076290033216,28.729981123141922,14218000,KO
2015-08-21,28.028038024902344,28.694529929400804,28.01385705834463,28.474729004870465,28036200,KO
2015-08-24,27.212657928466797,27.609714248911985,25.922219477533275,26.93613578965866,44065300,KO
2015-08-25,26.936132431030273,27.850781844254684,26.893589528540048,27.744428645143607,31363700,KO
2015-08-26,27.4608211517334,27.5317260058636,26.86523390075785,27.475002122559438,23523300,KO
2015-08-27,27.84369468688965,27.921688661279706,27.368641708669827,27.69479857473218,18871600,KO
2015-08-28,27.971317291259766,27.985498258034387,27.687703365253004,27.730246265576874,14503900,KO
2015-08-31,27.879150390625,27.971325348841074,27.694803178936482,27.758616195433206,12673300,KO
2015-09-01,27.47498893737793,27.673517024182082,27.326092872274813,27.418265081295413,23703200,KO
2015-09-02,27.58135223388672,27.70188640336939,27.340281190178324,27.673524467699448,14054800,KO
2015-09-03,27.765701293945312,27.89332730839383,27.538811202646446,27.581354109043698,13311600,KO
2015-09-04,27.311922073364258,27.503361101780154,27.212657993017498,27.425367123009604,15450500,KO
2015-09-08,27.58135223388672,27.673524467699448,27.368640421105212,27.560079429762737,15273900,KO
2015-09-09,27.155929565429688,27.801148684310576,27.08502743556084,27.737335685531463,13764600,KO
2015-09-10,27.241016387939453,27.404096177479204,27.120482209728532,27.16302511631411,14952500,KO
2015-09-11,27.269622802734375,27.312531555582655,27.062221403380853,27.183799840685715,11802300,KO
2015-09-14,27.248153686523438,27.333976610739384,27.069360020002485,27.333976610739384,8950000,KO
2015-09-15,27.53424072265625,27.627214247427347,27.11943786458245,27.22671521840883,13019800,KO
2015-09-16,27.999107360839844,28.027712292554174,27.51278805540035,27.65582089850182,22233400,KO
2015-09-17,28.16359519958496,28.328085139349806,27.920435565111628,27.99910525982012,21232500,KO
2015-09-18,27.877521514892578,28.10637729944833,27.68442393514064,27.79170127772821,27527300,KO
2015-09-21,28.0277042388916,28.113527193903487,27.848910508213912,27.927580186220226,12935800,KO
2015-09-22,27.741636276245117,27.884671808327738,27.591450195237503,27.662966597190884,15021300,KO
2015-09-23,27.720182418823242,27.806005385027184,27.569996320230615,27.741639524462318,8910800,KO
2015-09-24,27.999107360839844,28.03486557161521,27.54139298711468,27.548546266175716,19385700,KO
2015-09-25,28.335235595703125,28.664218202317905,28.127836898186295,28.199353314133287,22511300,KO
2015-09-28,28.270856857299805,28.47825818855543,28.127824090534,28.263706310231573,19323100,KO
2015-09-29,28.363845825195312,28.39960403641112,28.127839448629654,28.26372174252039,14166900,KO
2015-09-30,28.692821502685547,28.771491192666407,28.463965710837353,28.52118102288752,19752600,KO
2015-10-01,28.463970184326172,28.943138949437188,28.320934609897062,28.76434516344497,19606600,KO
2015-10-02,28.885910034179688,28.885910034179688,28.149280855578866,28.292316362692958,15537300,KO
2015-10-05,29.329328536987305,29.357936194663452,28.91452841338877,28.928832242226843,15664000,KO
2015-10-06,29.2935733795166,29.565340699388152,29.272118998113502,29.35078870082711,14579400,KO
2015-10-07,29.69407081604004,29.758436684896854,29.393695851982734,29.422303511069437,14329700,KO
2015-10-08,30.023046493530273,30.03019977138536,29.508119615009946,29.508119615009946,11960200,KO
2015-10-09,30.051654815673828,30.123171226755304,29.880011609631598,29.90861926533467,13931200,KO
2015-10-12,30.0373477935791,30.24474918310651,29.901465535703856,29.91576936203429,12299100,KO
2015-10-13,29.787031173706055,29.972975419201667,29.708361510089528,29.894305755585144,12903600,KO
2015-10-14,29.808488845825195,30.00873693671782,29.722668625182013,29.722668625182013,14180000,KO
2015-10-15,29.980131149291992,30.05880082650789,29.75127539457799,29.94437294915089,11801600,KO
2015-10-16,30.051654815673828,30.187537087999115,29.951530748889283,30.151778882458377,20384200,KO
2015-10-19,30.030197143554688,30.080259171454962,29.89431215796031,29.965831289372066,15553800,KO
2015-10-20,30.244752883911133,30.32342257426673,30.0373514690057,30.0373514690057,16199300,KO
2015-10-21,30.173229217529297,30.409238253194776,29.829945579614286,29.99443548560424,19254900,KO
2015-10-22,30.92416763305664,31.360422083385092,30.330571084422346,30.35202546101238,35920200,KO
2015-10-23,30.602336883544922,30.974228186363447,30.573729230672125,30.974228186363447,18796100,KO
2015-10-26,30.45930290222168,30.673854853368063,30.366329389727017,30.5808813408734,14788600,KO
2015-10-27,30.473609924316406,30.588037825469787,30.38063640207417,30.39494023074039,30166600,KO
2015-10-28,30.559425354003906,30.638095035186815,30.187534051796675,30.573729180416795,13667300,KO
2015-10-29,30.602336883544922,30.68100656485714,30.280507609165817,30.509363375796305,9427400,KO
2015-10-30,30.287670135498047,30.652411033422442,30.287670135498047,30.609499537143982,15356200,KO
2015-11-02,30.2089900970459,30.294810324340325,29.965830512898492,30.266202672516904,16252200,KO
2015-11-03,30.151784896850586,30.266212814311665,29.901474679959705,30.166088727555312,9693100,KO
2015-11-04,30.01589012145996,30.316262256880776,29.95867482242231,30.23044203649992,10488500,KO
2015-11-05,30.27334976196289,30.28765085677575,30.023036951933374,30.037340774921514,9625100,KO
2015-11-06,30.008747100830078,30.19469415807639,29.75843690243298,30.01590037974231,11926700,KO
2015-11-09,29.708372116088867,29.88716587789271,29.565336561010533,29.822800014516275,10842700,KO
2015-11-10,29.872854232788086,29.9014618819533,29.629694671234958,29.63684521943847,8283100,KO
2015-11-11,30.065959930419922,30.18038782995379,29.980136959637274,29.99444078810105,9101200,KO
2015-11-12,29.736984252929688,30.073114720602625,29.729830973601093,30.044507059641656,10725000,KO
2015-11-13,29.59394645690918,29.880014860535127,29.579642627501407,29.65115904636377,11619500,KO
2015-11-16,30.008747100830078,30.0373547601259,29.601097504482492,29.62970516377832,11244900,KO
2015-11-17,29.801332473754883,30.14461877702036,29.6869046153915,29.9300641554356,12739400,KO
2015-11-18,30.237598419189453,30.287660451419146,29.80849450631319,29.87286036606224,12966300,KO
2015-11-19,30.83118438720703,30.967066609671537,30.26619567118188,30.26619567118188,24090700,KO
2015-11-20,30.34487533569336,31.167327673370945,30.32342095880344,30.974230096833352,19780800,KO
2015-11-23,30.723909378051758,30.881248710267588,30.416383989543768,30.430687813215698,13338100,KO
2015-11-24,31.009984970092773,31.181625423127517,30.509361980419115,30.537969631983508,15767200,KO
2015-11-25,31.009984970092773,31.110109022392344,30.9241647435754,30.981377318528377,10344900,KO
2015-11-27,31.096479415893555,31.16133892443142,30.84424677197978,31.017206377780646,7236700,KO
2015-11-30,30.71452522277832,31.09647685227948,30.70731983313465,31.07485518514958,16063000,KO
2015-12-01,30.909095764160156,31.060433649558163,30.793790315890423,30.793790315890423,11153000,KO
2015-12-02,30.822620391845703,30.937925851437804,30.69290140616722,30.86586097010487,12598500,KO
2015-12-03,30.599210739135742,30.909094635501113,30.498318819221183,30.79378919144181,15004400,KO
2015-12-04,31.197368621826172,31.334293017061167,30.685700737996036,30.685700737996036,16488000,KO
2015-12-07,31.132503509521484,31.3054603198022,30.98837100155493,31.211776526358033,12030700,KO
2015-12-08,30.99556541442871,31.16852491256396,30.844227571746593,31.024392455634246,10736200,KO
2015-12-09,30.74334144592285,31.1829442849603,30.628036008560446,30.829819836670037,12945500,KO
2015-12-10,30.815404891967773,31.038810369283194,30.649653505223434,30.79378598255279,15483300,KO
2015-12-11,30.462291717529297,30.865862216953666,30.368605168732746,30.721729699366456,17313400,KO
2015-12-14,30.592010498046875,30.815413287126407,30.24609410767613,30.491118561159464,20092900,KO
2015-12-15,31.038820266723633,31.161333873704283,30.815414718170224,30.873068827125643,17916400,KO
2015-12-16,31.593713760375977,31.644159707316955,31.16852452966062,31.16852452966062,21868600,KO
2015-12-17,31.34149169921875,31.62975393101611,31.291042990828146,31.57210258429608,14697000,KO
2015-12-18,30.628032684326172,31.29103818992564,30.628032684326172,31.247800373794128,24583700,KO
2015-12-21,30.82982063293457,30.945126073275055,30.5992097522536,30.858647680294325,10444400,KO
2015-12-22,31.197368621826172,31.26943351424471,30.779384548320248,30.887484636047486,12280800,KO
2015-12-23,31.47121810913086,31.514458694999075,31.240607149366046,31.269434206611518,9092300,KO
2015-12-24,31.377521514892578,31.507240470555853,31.29104037838481,31.341489082563527,3036600,KO
2015-12-28,31.34149169921875,31.363110610601435,31.211772732725425,31.305456514782804,6326100,KO
2015-12-29,31.50003433227539,31.550480290554876,31.34869645743693,31.377523504767648,7739800,KO
2015-12-30,31.39914321899414,31.543275710236504,31.31266482388817,31.528862186202403,5112500,KO
2015-12-31,30.959531784057617,31.233383166669533,30.894672318415267,31.20455612658452,9727900,KO
2016-01-04,30.555973052978516,30.62803792492712,30.246089155221952,30.512732480350166,16084100,KO
2016-01-05,30.664064407348633,30.721718492992657,30.39021299873573,30.49110764861278,15781900,KO
2016-01-06,30.498310089111328,30.63523440564398,30.29652630704261,30.411831718095854,16245100,KO
2016-01-07,29.993852615356445,30.346977038767978,29.871341799520746,30.015474273343784,20563600,KO
2016-01-08,29.914581298828125,30.354184131604693,29.842516432414907,30.015475960544443,14645900,KO
2016-01-11,29.965038299560547,30.16682218065684,29.75604628036842,29.96503829956055,15815200,KO
2016-01-12,30.35417938232422,30.591998352655356,30.174014495381723,30.483898320850656,21814800,KO
2016-01-13,30.15961265563965,30.678488610710993,30.11637482544975,30.390223580316007,16854300,KO
2016-01-14,30.181232452392578,30.390221699943865,30.008272895037514,30.260505468301194,16028000,KO
2016-01-15,29.907373428344727,29.972232902370127,29.496597675883272,29.511011197788715,21153600,KO
2016-01-19,30.21004867553711,30.354181143272314,30.01547300555747,30.10195138655933,15462200,KO
2016-01-20,29.82090187072754,29.993858674978814,29.366885448644986,29.8713478343924,19923500,KO
2016-01-21,29.828107833862305,29.914586237655232,29.61191044983054,29.871348410308215,15568900,KO
2016-01-22,30.310956954956055,30.440675959328857,29.87135396781482,30.00827836171971,15209200,KO
2016-01-25,30.38302230834961,30.628046792654825,30.21727085559894,30.440676421879985,12505200,KO
2016-01-26,30.325361251831055,30.628037003831018,30.217261198060463,30.383012597836426,13018500,KO
2016-01-27,30.332563400268555,30.599206688905756,30.130779587148325,30.397422875785526,14167000,KO
2016-01-28,30.67848777770996,30.78658784844765,30.310952485580014,30.397430892710766,16622800,KO
2016-01-29,30.930706024169922,31.175730376838185,30.736130368287384,30.887468211350676,20457000,KO
2016-02-01,30.988372802734375,31.09647287726727,30.6784888547791,30.700107770046046,17097800,KO
2016-02-02,30.584802627563477,30.837035221085948,30.563183712069797,30.772175725505786,12332900,KO
2016-02-03,30.786571502685547,30.945114706732145,30.469479596397285,30.844222827130437,15958300,KO
2016-02-04,30.649662017822266,30.909099999251417,30.555978218272156,30.642456629048837,14413700,KO
2016-02-05,30.584802627563477,30.981167738941775,30.455083636403145,30.937927158855288,17315700,KO
2016-02-08,30.736129760742188,30.772162187078646,30.195635118401572,30.39021077043803,17254400,KO
2016-02-09,31.204559326171875,31.3414864060667,30.455072701699383,30.455072701699383,24853800,KO
2016-02-10,30.664064407348633,31.269418561120343,30.635237364526617,31.233386132141884,16729600,KO
2016-02-11,30.56318473815918,30.707317260853927,30.2533007765502,30.289333219949086,16825300,KO
2016-02-12,31.067636489868164,31.089255398639676,30.671274250833562,30.786579679445413,15222400,KO
2016-02-16,31.247798919677734,31.31986377594216,31.002774559641406,31.21897187753274,12675900,KO
2016-02-17,31.34149169921875,31.435175481276126,31.190151072244138,31.291042990828146,12332500,KO
2016-02-18,31.42797088623047,31.514449283040165,31.204565382948523,31.442384410548527,11170300,KO
2016-02-19,31.54327392578125,31.543273925781246,31.190149479669227,31.40634957885128,12850000,KO
2016-02-22,31.665786743164062,31.82433275945334,31.44238399195496,31.54327591173954,20716100,KO
2016-02-23,31.485614776611328,31.74505265468773,31.4639958698043,31.521649953420397,11166400,KO
2016-02-24,31.644166946411133,31.665785857446377,31.25501005318538,31.391937154004747,10844200,KO
2016-02-25,31.82433319091797,31.83874671523956,31.615341211902955,31.680200696800764,10903300,KO
2016-02-26,31.089256286621094,31.7522645819,31.067637377232092,31.73785105927455,18421000,KO
2016-02-29,31.08205795288086,31.427974327090627,30.930717305521174,31.11088225557411,15049800,KO
2016-03-01,31.485614776611328,31.485614776611328,31.11087148040075,31.262212075343996,12358300,KO
2016-03-02,31.54327392578125,31.543273925781246,31.291041393101672,31.327076575697653,12856300,KO
2016-03-03,31.680194854736328,31.694608376399955,31.377519147094656,31.42796509836827,13134800,KO
2016-03-04,31.788305282592773,31.81713233534208,31.478421338285415,31.550486221059614,13691500,KO
2016-03-07,31.716228485107422,31.80991500491884,31.608131192184953,31.64416362315911,10695300,KO
2016-03-08,31.939640045166016,32.0477401077966,31.572104780599854,31.651375044216987,18900200,KO
2016-03-09,32.29275894165039,32.307172464111694,31.918015604951474,31.99008046815967,18466600,KO
2016-03-10,32.59544372558594,32.61706264073747,32.199081369579694,32.314386832219675,28908600,KO
2016-03-11,32.82784652709961,32.864159961900285,32.631750654530954,32.6825900173594,16129300,KO
2016-03-14,32.89320373535156,32.98761808852609,32.71163383542651,32.71163383542651,13206700,KO
2016-03-15,32.856895446777344,33.089304733376565,32.73342645484431,32.74069080347773,13686300,KO
2016-03-16,32.71890640258789,32.80605920807602,32.35576648075997,32.71890640258789,15386100,KO
2016-03-17,33.2418327331543,33.34351148008225,32.66080934318169,32.71891029690992,24080000,KO
2016-03-18,33.11836242675781,33.3144583327847,32.965844312249544,33.29267082229437,23853400,KO
2016-03-21,33.16920852661133,33.31446509060066,32.944063484439454,32.987638514259295,9740400,KO
2016-03-22,33.045738220214844,33.212782278753544,32.965846981231515,33.0820516641514,13788300,KO
2016-03-23,33.016685485839844,33.19825547127082,32.93679424896411,32.9731104624808,9292100,KO
2016-03-24,33.103824615478516,33.11834776901902,32.82057325177764,33.00940749424489,10890200,KO
2016-03-28,33.26360321044922,33.35802032876263,33.05298147364878,33.089297667987,13306600,KO
2016-03-29,33.757476806640625,33.779264308927964,33.27087078531073,33.307184212635256,25010400,KO
2016-03-30,33.830108642578125,33.93904893167081,33.648538723553216,33.86642207227569,14312200,KO
2016-03-31,33.692115783691406,34.04799406569868,33.641276424909975,33.80832042812571,15544500,KO
2016-04-01,34.011688232421875,34.04073732211743,33.48876583037151,33.51055334027765,14922900,KO
2016-04-04,34.05526351928711,34.08431537974836,33.77201480613462,34.018950078979486,10629800,KO
2016-04-05,33.793800354003906,33.99716059488686,33.72843505703042,33.8591656509774,10696700,KO
2016-04-06,33.92452621459961,33.939052141960055,33.6848553394956,33.82284749361382,9122700,KO
2016-04-07,33.67033004760742,33.830112481050634,33.52507354179881,33.77200877051223,9292000,KO
2016-04-08,34.04072952270508,34.12062073477342,33.72842902309462,33.72842902309462,11959300,KO
2016-04-11,33.72844314575195,34.22957813290969,33.70665563171498,34.06253406070324,11880100,KO
2016-04-12,33.880958557128906,33.96084701914563,33.663072369965974,33.706650161506154,11219100,KO
2016-04-13,33.437923431396484,33.97536894434341,33.278140985123684,33.96810736521175,13234100,KO
2016-04-14,33.28540802001953,33.568656728144404,33.227304300128345,33.452452058899894,12982200,KO
2016-04-15,33.48150634765625,33.52508414434184,33.17647008247198,33.2781488375334,13647800,KO
2016-04-18,33.568660736083984,33.61223576066717,33.278147643017896,33.48150514584125,11538100,KO
2016-04-19,33.844635009765625,33.859160937130525,33.51781134093604,33.634015989317916,14418300,KO
2016-04-20,32.22503662109375,32.958580831391686,31.999891637577544,32.929528972054825,40360300,KO
2016-04-21,31.709379196166992,32.15967194241211,31.135617430630468,32.14514601246383,37206900,KO
2016-04-22,32.3484992980957,32.435652088487615,31.803789509706053,31.803789509706053,25134200,KO
2016-04-25,32.47197341918945,32.47923776963592,32.232302494676624,32.31945530626875,11173800,KO
2016-04-26,32.341243743896484,32.65354432913938,32.268616860576834,32.62449246759632,13935500,KO
2016-04-27,32.4501838684082,32.58091446284482,32.137883311758266,32.42113200952501,11335500,KO
2016-04-28,32.41386795043945,32.6099638270932,32.29039894490003,32.319450801560784,10932500,KO
2016-04-29,32.53733825683594,32.58091604727995,32.31945484569166,32.341242355644724,11716000,KO
2016-05-02,32.668067932128906,32.820586038555206,32.370293298875644,32.370293298875644,12577500,KO
2016-05-03,32.5663948059082,32.73343887085373,32.42840260544145,32.588182318998136,10420500,KO
2016-05-04,32.668067932128906,32.76248509014711,32.326715509666215,32.479236386630326,9350500,KO
2016-05-05,32.726173400878906,33.03847398056674,32.588178446272956,32.63175623781241,8801100,KO
2016-05-06,32.915008544921875,32.980373854088306,32.624495444062575,32.72617696874011,8564000,KO
2016-05-09,32.856895446777344,33.045726953187746,32.806053317955104,32.91499638315853,8110600,KO
2016-05-10,33.227298736572266,33.2926640252362,32.98762508795872,33.0021510154993,8933500,KO
2016-05-11,33.016685485839844,33.3217245020437,33.00942390545937,33.212781402569874,8833100,KO
2016-05-12,33.28540802001953,33.336247389655384,33.03847275155772,33.082047770938246,10463400,KO
2016-05-13,32.936790466308594,33.28540723637239,32.849637659061536,33.227303517849165,10341200,KO
2016-05-16,33.13288879394531,33.21278002751343,32.78427476881553,32.79880069951319,9413600,KO
2016-05-17,32.50102233886719,33.08930999758997,32.471970480786084,33.00941877313578,17457000,KO
2016-05-18,32.30492401123047,32.55912359442285,32.12335406775197,32.36302772300158,12524300,KO
2016-05-19,32.188724517822266,32.239563888502396,31.985367035101746,32.137885147142136,10659500,KO
2016-05-20,31.919998168945312,32.348503367201495,31.91273381935214,32.326713088959586,12914100,KO
2016-05-23,31.934524536132812,32.0725167043844,31.91273425759167,32.00715140983625,13554700,KO
2016-05-24,32.22503662109375,32.261350059995934,31.956313848572247,32.02894072637661,12634200,KO
2016-05-25,32.2322998046875,32.41386976316506,32.13788265052861,32.32671418830869,9218100,KO
2016-05-26,32.45743942260742,32.5155431295877,32.27586949409992,32.34123477918411,8695800,KO
2016-05-27,32.52281188964844,32.65354248868583,32.42839750076198,32.471972520082545,7893900,KO
2016-05-31,32.39207458496094,32.66806165585503,32.145139367958286,32.66806165585503,18935200,KO
2016-06-01,32.464717864990234,32.52281882665634,32.312199723760955,32.392088199734545,8916000,KO
2016-06-02,32.4792366027832,32.4792366027832,32.31945414515639,32.464710672950055,6693900,KO
2016-06-03,32.711639404296875,32.7189009824939,32.45017826060744,32.501017619598464,13434900,KO
2016-06-06,32.95131301879883,33.031204238311425,32.740693987082686,32.747955565884965,10310600,KO
2016-06-07,32.915008544921875,33.03121323115794,32.82785572287939,32.936796057797935,9812600,KO
2016-06-08,33.08204650878906,33.161937735322496,32.82058532032975,32.85690152914512,7915400,KO
2016-06-09,33.23455810546875,33.263609958618396,32.9077344544154,32.922260380990224,8042900,KO
2016-06-10,33.401615142822266,33.41613830332402,33.08931455181136,33.13288957439275,12357000,KO
2016-06-13,33.02104949951172,33.423566176408976,32.999094907323396,33.28451577290901,10613500,KO
2016-06-14,32.962493896484375,33.02836044666329,32.52338263136374,32.823440739560226,11298200,KO
2016-06-15,32.9405403137207,33.182051956129676,32.84540190166618,33.0210441945237,8360400,KO
2016-06-16,33.160099029541016,33.18205361930265,32.72830774959655,32.83808349018878,11305400,KO
2016-06-17,32.779537200927734,33.09423268455818,32.47947904116197,33.05763797900444,20805400,KO
2016-06-20,32.91858673095703,33.16009838074591,32.903949407474315,32.99909061421999,10712400,KO
2016-06-21,33.02837371826172,33.13814948481475,32.93323248715467,33.05032831321538,7919400,KO
2016-06-22,32.83076858520508,33.1747387390554,32.79417666904285,33.11618943976843,10738900,KO
2016-06-23,32.99177551269531,33.05763928501235,32.81613041116402,32.95518080569583,9655300,KO
2016-06-24,32.15015411376953,32.61122015727142,32.06965020867407,32.34775384669891,26003700,KO
2016-06-27,32.04036331176758,32.12086718610407,31.703713284345604,31.95985943743109,15779500,KO
2016-06-28,32.33310317993164,32.34042044474663,31.959858463344492,32.24528204323379,16509800,KO
2016-06-29,32.52339172363281,32.72099142941072,32.377024052790844,32.48679980592232,12250900,KO
2016-06-30,33.17473602294922,33.17473602294922,32.55998238968884,32.58193697923185,16056500,KO
2016-07-01,33.02104949951172,33.23328652994669,32.9844575819364,33.174740020183044,11799700,KO
2016-07-05,33.247920989990234,33.42356329592847,33.04300403580092,33.05032130197163,12339100,KO
2016-07-06,33.13082504272461,33.33574199601062,32.87467605933299,33.29915008175013,10902600,KO
2016-07-07,32.99909973144531,33.31379529381011,32.911278558069135,33.24060865617599,9741100,KO
2016-07-08,33.211334228515625,33.31379272150736,32.98445985704496,33.15278492292917,11127100,KO
2016-07-11,33.350372314453125,33.49674273253243,33.013722307119174,33.18936457538753,10937800,KO
2016-07-12,33.35768127441406,33.45281964150187,33.06494053563557,33.40159043098303,9739000,KO
2016-07-13,33.47479248046875,33.48942701156604,33.247918163486325,33.37965127763304,8028400,KO
2016-07-14,33.438201904296875,33.62116427521688,33.35770080619082,33.46747655367229,7621200,KO
2016-07-15,33.394283294677734,33.591882934502266,33.25523014529189,33.57724561394674,10621000,KO
2016-07-18,33.394283294677734,33.44551252073038,33.284504786402955,33.43819246456089,7958300,KO
2016-07-19,33.394283294677734,33.45282978511643,33.247912880905844,33.269867465847426,7761100,KO
2016-07-20,33.30646514892578,33.49674755737203,33.21864400214193,33.48211023427741,8478200,KO
2016-07-21,33.26255416870117,33.3064633438214,33.1235010027304,33.182050291935724,8045100,KO
2016-07-22,33.54066467285156,33.547981939629615,33.269878341729644,33.29915299241056,8836100,KO
2016-07-25,33.350372314453125,33.540654695491284,33.277188501305226,33.526017374504995,9134300,KO
2016-07-26,32.84540939331055,33.40893389568076,32.80881747326771,33.321109937436496,15819900,KO
2016-07-27,31.762277603149414,32.2452982859722,31.542720463133147,32.12820244746319,37461100,KO
2016-07-28,31.945226669311523,31.974498522861737,31.63053121143005,31.667123122205695,13077800,KO
2016-07-29,31.93057632446289,32.01839743286531,31.820797845122843,31.996442853710377,16530500,KO
2016-08-01,31.798860549926758,32.076964134774705,31.784223225273266,31.97450286220025,12349700,KO
2016-08-02,31.857402801513672,31.893997504151507,31.69639783539936,31.725669689012243,12825200,KO
2016-08-03,31.937910079956055,31.981822052725168,31.74031039017126,31.952547404212424,12119100,KO
2016-08-04,31.842758178710938,32.054995121505115,31.762257110000956,31.87935287295926,11244100,KO
2016-08-05,31.82081413269043,32.01841382157481,31.769584893918637,31.94522999241058,10398200,KO
2016-08-08,31.791545867919922,31.850095176435065,31.630540853072652,31.78422860024787,8680300,KO
2016-08-09,31.813495635986328,31.937908699110228,31.747629075572494,31.835450225529602,7281300,KO
2016-08-10,31.915956497192383,31.974503004282298,31.83545260713255,31.937911088378073,8412100,KO
2016-08-11,32.018409729003906,32.106230871132574,31.923268529823982,31.996455141417684,11303300,KO
2016-08-12,32.22333526611328,32.34043108416067,32.04769293493445,32.135514100523864,10928900,KO
2016-08-15,32.37702560424805,32.4428921759969,32.2086977495019,32.274564321250764,10390600,KO
2016-08-16,32.07696533203125,32.384340785874606,32.07696533203125,32.384340785874606,9706100,KO
2016-08-17,32.24529266357422,32.25260993079923,32.040372888075204,32.20869795209561,11208500,KO
2016-08-18,32.27455520629883,32.39165099058399,32.2013713880395,32.208688653151945,9144300,KO
2016-08-19,32.142826080322266,32.24528734707054,32.01109574949975,32.237967289267914,9385900,KO
2016-08-22,32.011085510253906,32.164773173540816,32.00376545479272,32.15745311807963,8687500,KO
2016-08-23,32.091590881347656,32.18673207261941,32.01108980296153,32.091590881347656,8421100,KO
2016-08-24,32.091590881347656,32.15745743041525,31.952540518553207,32.06963629558631,11508900,KO
2016-08-25,31.959857940673828,32.15745758885014,31.930586090108992,32.09159103945804,9815700,KO
2016-08-26,31.703718185424805,32.142826741962786,31.696400919255623,31.996459084306203,11824900,KO
2016-08-29,31.864715576171875,31.915944798015946,31.711027910639665,31.718345174424588,9544600,KO
2016-08-30,31.645166397094727,31.85740058197481,31.55734246702333,31.806171351991654,9720100,KO
2016-08-31,31.784212112426758,31.806166695838815,31.52806600000859,31.784212112426754,10217900,KO
2016-09-01,31.725677490234375,31.769589469127254,31.615901730678974,31.62321899793552,8457800,KO
2016-09-02,31.95254135131836,32.076957188036864,31.8134909848999,31.850082892717012,9026000,KO
2016-09-06,32.04768753051758,32.055004796505855,31.76226669664603,32.0110956170081,8600400,KO
2016-09-07,31.937910079956055,32.05500588222288,31.857406192438084,31.996459376981537,8656600,KO
2016-09-08,31.93057632446289,32.00376011616779,31.798843265967914,31.95984816607523,10020400,KO
2016-09-09,30.93527603149414,31.78422126659157,30.935276031494137,31.78422126659157,23624200,KO
2016-09-12,31.608579635620117,31.637854286329688,30.986508662855666,31.001145988210453,15932300,KO
2016-09-13,31.195390701293945,31.556927935101683,31.143742927120353,31.556927935101683,12962700,KO
2016-09-14,31.069965362548828,31.29131339791245,30.981426711321973,31.188017835715623,9823900,KO
2016-09-15,31.25442886352539,31.276562827170746,30.900271372231966,30.996187091090874,10158500,KO
2016-09-16,31.09209632873535,31.180634971439343,30.96666681945409,31.114230285763174,16354000,KO
2016-09-19,31.062583923339844,31.261797989434875,31.047829827711617,31.106854654003016,7659900,KO
2016-09-20,31.239662170410156,31.379848587269855,31.165880438292977,31.217528213693534,8407200,KO
2016-09-21,31.379854202270508,31.43888185020058,31.062587631129286,31.195397024378785,13654700,KO
2016-09-22,31.69710922241211,31.734000081628125,31.497895205135055,31.51265211173989,9288300,KO
2016-09-23,31.534801483154297,31.682364978998322,31.468396784187178,31.58644926961836,8852700,KO
2016-09-26,31.025691986083984,31.520038610381643,30.996178166658776,31.512658748228972,15036000,KO
2016-09-27,31.424114227294922,31.45362804120016,30.98879532326536,31.12898171742694,11920400,KO
2016-09-28,31.0994815826416,31.549554736263527,31.010940109994138,31.453639029451892,15523800,KO
2016-09-29,31.01093292236328,31.2765516495549,30.87812355876747,31.00355587531575,12671700,KO
2016-09-30,31.224897384643555,31.35770672062769,31.033063240773117,31.143735811031924,14375700,KO
2016-10-03,31.01093292236328,31.217526829397062,30.90763737614266,31.217526829397062,11152800,KO
2016-10-04,30.87074089050293,31.239655096740012,30.82647017250135,31.239655096740012,13682700,KO
2016-10-05,30.848613739013672,31.040447930124067,30.745315374239073,30.937152379942113,9607300,KO
2016-10-06,30.77483367919922,30.944533938465106,30.67891797695745,30.75269971938851,9722900,KO
2016-10-07,30.789587020874023,30.94453035077103,30.671534557915436,30.863371569343595,8122800,KO
2016-10-10,30.789587020874023,30.981424032302183,30.693668515159942,30.929773441077117,8983600,KO
2016-10-11,30.649394989013672,30.76744743035781,30.54609945466158,30.73793361637372,12249100,KO
2016-10-12,30.82646942138672,30.870740138309603,30.619878371597178,30.715796850967447,12216300,KO
2016-10-13,30.811723709106445,30.907642223322235,30.627266543472302,30.730564920485527,17655600,KO
2016-10-14,30.74530601501465,30.922386057558974,30.70841516040719,30.878115343274946,9893800,KO
2016-10-17,30.693666458129883,30.885503456701503,30.671532502368752,30.789584957415695,10792500,KO
2016-10-18,30.966665267944336,30.98879922386319,30.789585176815816,30.848612812056178,11297300,KO
2016-10-19,31.025691986083984,31.07733976278173,30.848614698718208,30.937153342401096,16367400,KO
2016-10-20,30.937156677246094,31.06996606438287,30.907642854639466,30.966670499852718,10620500,KO
2016-10-21,31.0847225189209,31.114233526500843,30.752699055957777,30.87812857830329,14401500,KO
2016-10-24,31.401987075805664,31.556930410480454,31.1732591903861,31.22490696861103,13439200,KO
2016-10-25,31.387229919433594,31.63809176081224,31.306068321547443,31.46101165500675,16484700,KO
2016-10-26,31.31343650817871,31.74875537989634,31.291302556688798,31.72662142840643,16886200,KO
2016-10-27,31.077335357666016,31.468386373137914,30.91501500302125,31.453629465517057,14537000,KO
2016-10-28,31.15851402282715,31.335594196757306,31.062595478006898,31.18064798909571,13398400,KO
2016-10-31,31.283933639526367,31.291310687075775,31.07733971843744,31.07733971843744,13327500,KO
2016-11-01,31.077335357666016,31.306063203900813,30.92239204953551,31.28392924976569,12223400,KO
2016-11-02,31.025691986083984,31.23966295502764,30.996178166658776,31.062582853069127,12034300,KO
2016-11-03,31.01093292236328,31.151122147599157,30.95928514925297,31.151122147599157,11258000,KO
2016-11-04,30.760082244873047,31.01832401854989,30.760082244873047,30.87813474253877,14464200,KO
2016-11-07,31.32820701599121,31.357720840519953,31.018320302219053,31.018320302219053,14038500,KO
2016-11-08,31.63809585571289,31.711877600835578,31.261801637644975,31.261801637644975,12036600,KO
2016-11-09,31.188016891479492,31.224907760491043,30.76745479264349,30.81172270962019,21351000,KO
2016-11-10,30.206703186035156,31.180636755275664,30.140298496559993,30.885506991180495,33245500,KO
2016-11-11,30.27310562133789,30.346890167812244,29.97797587921844,30.214080798751063,13421000,KO
2016-11-14,30.376399993896484,30.56085713104065,30.14029508351936,30.346888991043752,19514200,KO
2016-11-15,30.57561492919922,30.634642565806868,30.376400877537336,30.383780739409605,16554000,KO
2016-11-16,30.442806243896484,30.730561756920796,30.369024511075498,30.546104610275638,12681400,KO
2016-11-17,30.339523315429688,30.472332741439434,30.250984636287807,30.45757582581681,12398800,KO
2016-11-18,30.1845760345459,30.398547061616846,30.17719898498192,30.27311470228117,16345300,KO
2016-11-21,30.516597747802734,30.516597747802734,30.05176484420875,30.184574245235606,12307000,KO
2016-11-22,30.523969650268555,30.76745444929481,30.428053954827476,30.582997291702625,12743500,KO
2016-11-23,30.339523315429688,30.479712606547675,30.273118602424812,30.413307893542804,9281300,KO
2016-11-25,30.642013549804688,30.678907222680458,30.42804544592241,30.538718020773505,7402300,KO
2016-11-28,30.804346084594727,30.833859906046342,30.45018867095413,30.627265970477964,19424400,KO
2016-11-29,30.618328094482422,30.89363181917199,30.610885842297872,30.89363181917199,11421900,KO
2016-11-30,30.023069381713867,30.65552734099177,30.023069381713864,30.50671353655066,22410400,KO
2016-12-01,29.88913917541504,30.052834654730255,29.67336212532102,29.9933108321349,20409900,KO
2016-12-02,30.03050994873047,30.12723934195002,29.904017228614578,29.985864958385964,11176300,KO
2016-12-05,30.223976135253906,30.276060555772723,29.99331736963858,30.01563845317863,15977800,KO
2016-12-06,30.186765670776367,30.335579479261558,30.075154604815648,30.32069781457431,11303500,KO
2016-12-07,30.72249984741211,30.72249984741211,30.142126172342646,30.164450092637363,13726500,KO
2016-12-08,30.491840362548828,30.66297529187213,30.39511093697026,30.558806451274297,13077100,KO
2016-12-09,31.250778198242188,31.414473658993042,30.72249191467528,30.878745124453587,28125800,KO
2016-12-12,31.17637825012207,31.258223156631246,31.042446092725097,31.250783742725904,17561900,KO
2016-12-13,31.07221031188965,31.221024153325764,30.90851764085907,31.042449814312782,18986000,KO
2016-12-14,30.66297721862793,31.243350970180003,30.551368955997756,31.168942623371684,17937900,KO
2016-12-15,30.91594886779785,31.109407661945067,30.5811185228409,30.5811185228409,14265300,KO
2016-12-16,31.057323455810547,31.072202281559715,30.863864660424895,30.96059405811772,19675200,KO
2016-12-19,31.00522804260254,31.10195741480824,30.93826482921374,31.02010970281776,8687300,KO
2016-12-20,30.99779510498047,31.042440094949377,30.834099646814867,31.027558431626407,10603500,KO
2016-12-21,30.930831909179688,31.124290711941562,30.893629166613884,30.953152987041705,9693600,KO
2016-12-22,30.91594886779785,30.968033272748137,30.566239697186983,30.93083053183896,11894100,KO
2016-12-23,30.953157424926758,31.02012350650134,30.767140847040448,30.96803909176419,6436600,KO
2016-12-27,30.960596084594727,31.07220431534186,30.90851167590192,30.92339334101235,6999200,KO
2016-12-28,30.79690170288086,31.005239345067178,30.79690170288086,30.87131003108133,8988000,KO
2016-12-29,30.953157424926758,31.02012350650134,30.789464766490457,30.789464766490457,6875300,KO
2016-12-30,30.848995208740234,31.131741262489985,30.767147442782015,31.020130156476355,11470200,KO
2017-01-03,31.10196876525879,31.109411017275626,30.715053973620545,30.87874945734105,14711000,KO
2017-01-04,30.9903621673584,31.228463153498456,30.94571716806177,31.161497073747338,9959400,KO
2017-01-05,31.064767837524414,31.146615584172494,30.901072344228258,30.99780175739305,8968300,KO
2017-01-06,31.057323455810547,31.109407861094255,30.908509652834017,31.0275601275378,10246600,KO
2017-01-09,30.74482536315918,30.93828422887779,30.662977599846553,30.677859269393235,14822500,KO
2017-01-10,30.536483764648438,30.834108602389936,30.402551594229006,30.834108602389936,19706800,KO
2017-01-11,30.543916702270508,30.59600110879018,30.380224069660372,30.395102895762612,9266200,KO
2017-01-12,30.46950912475586,30.536475191164044,30.35789806794653,30.51415127676993,8541200,KO
2017-01-13,30.417423248291016,30.536473711873125,30.27604887139624,30.50671038638086,8123500,KO
2017-01-17,30.670412063598633,30.7299358882782,30.35790275927147,30.387666090805013,12469400,KO
2017-01-18,30.72249984741211,30.789465931520592,30.610888761102025,30.69273651261104,10390500,KO
2017-01-19,30.610889434814453,30.722500523580972,30.529041681504054,30.610889434814453,10987100,KO
2017-01-20,30.74482536315918,30.834112542051024,30.60345376004807,30.707622608486595,14695400,KO
2017-01-23,30.826669692993164,30.878754111411258,30.66297418460034,30.737382524046136,11628900,KO
2017-01-24,31.17637825012207,31.228462662622274,30.856429522827916,30.856429522827916,17040100,KO
2017-01-25,31.340070724487305,31.436800135035938,31.17637807400606,31.206138567846914,12538200,KO
2017-01-26,31.109411239624023,31.33263054913718,31.09452957387148,31.273103886126993,8976800,KO
2017-01-27,30.8415470123291,31.21358014193889,30.819223094448997,31.183816810357104,12967400,KO
2017-01-30,30.78946876525879,30.863874270721602,30.66297599990629,30.72994209017806,11626200,KO
2017-01-31,30.930831909179688,31.020119059015073,30.77457868737093,30.796899765232947,12678000,KO
2017-02-01,30.700170516967773,30.997798135753225,30.692731103772434,30.893629320694515,11136100,KO
2017-02-02,30.804336547851562,30.87130260793594,30.692725501581993,30.811775959689022,9459700,KO
2017-02-03,30.90850830078125,31.09452483676806,30.848981646839672,30.93827162775204,11882400,KO
2017-02-06,30.923397064208984,31.005241974589435,30.80434656737918,30.901073144661826,15742800,KO
2017-02-07,31.17637825012207,31.235902076527616,31.005240508035577,31.02756442652681,13315200,KO
2017-02-08,31.265674591064453,31.36240403056713,31.13174239433411,31.18382682213053,14219700,KO
2017-02-09,30.69273567199707,31.265667078480877,30.298381431040948,31.265667078480877,27240300,KO
2017-02-10,30.19422149658203,30.655541955731117,30.17189757032144,30.521609751721932,28847300,KO
2017-02-13,30.223976135253906,30.3802322351984,30.134688962705653,30.335587229730255,23617100,KO
2017-02-14,30.157005310058594,30.209089722397504,29.926346580668444,30.045397071498467,32177800,KO
2017-02-15,30.09004020690918,30.231414620743827,30.060279712027707,30.0751585402746,26600800,KO
2017-02-16,30.65553092956543,30.715054755277464,30.13468397224419,30.171886718112656,22214800,KO
2017-02-17,30.67784309387207,30.774572475728828,30.543910976958635,30.603437623758715,15065100,KO
2017-02-21,30.848995208740234,30.878758548795645,30.65553917515672,30.65553917515672,17072600,KO
2017-02-22,30.953157424926758,31.012684092276483,30.80434643332789,30.886191343352177,11186800,KO
2017-02-23,30.99779510498047,31.25077770469683,30.96803177833453,31.00523451744843,12856800,KO
2017-02-24,31.087081909179688,31.18381130053577,30.95314977911343,31.02755809492081,13215300,KO
2017-02-27,31.00522804260254,31.06475468346342,30.94570424012812,31.06475468346342,12186400,KO
2017-02-28,31.221023559570312,31.30287131272301,30.982922553155866,31.012685888554643,15946800,KO
2017-03-01,31.369834899902344,31.511206474205963,31.161497245478554,31.258223820239508,14662000,KO
2017-03-02,31.600500106811523,31.667466194631658,31.302872419080277,31.31031467238695,15507600,KO
2017-03-03,31.607929229736328,31.6153714806197,31.43679435845062,31.60048981724002,11740000,KO
2017-03-06,31.384723663330078,31.570740279239626,31.340078653691993,31.503774183976656,16307800,KO
2017-03-07,31.243345260620117,31.42936183606504,31.213581927335884,31.25078467474733,11273700,KO
2017-03-08,31.243345260620117,31.27310575551666,31.05732868517519,31.25078467474733,14636000,KO
2017-03-09,31.273101806640625,31.33262846569262,31.1912540696378,31.317746800929623,14496400,KO
2017-03-10,31.466552734375,31.548400450892075,31.362383945493857,31.421907751260246,16369700,KO
2017-03-13,31.549129486083984,31.616686625037826,31.40651013204364,31.466559331424854,12831500,KO
2017-03-14,31.50410270690918,31.601683042963007,31.39901442904148,31.511607785282237,9844500,KO
2017-03-15,31.616680145263672,31.736781382851554,31.50408684570968,31.511591920304195,22757800,KO
2017-03-16,31.71427345275879,31.81936171137488,31.451552806218558,31.549133124396192,16004200,KO
2017-03-17,31.549129486083984,31.78933201048876,31.53411647037869,31.73678788724021,37526500,KO
2017-03-20,31.661733627319336,31.781834919697758,31.57916345191404,31.601681549409783,11484200,KO
2017-03-21,31.90192985534668,31.99951303078509,31.684245411461042,31.759310493890627,17187300,KO
2017-03-22,31.811847686767578,32.05205017131208,31.71426453259653,31.946961942253797,11605500,KO
2017-03-23,31.654216766357422,31.819357070634894,31.57164947765856,31.684242796851485,11503300,KO
2017-03-24,31.616680145263672,31.71426329562863,31.459047807824458,31.69925028300022,13804400,KO
2017-03-27,31.766820907592773,31.781833926601042,31.56414944614199,31.609188503166806,12387400,KO
2017-03-28,31.84939193725586,31.94697513171459,31.706772548001304,31.706772548001304,14123800,KO
2017-03-29,31.841888427734375,31.92445861427345,31.744308083134616,31.909445592771707,9580100,KO
2017-03-30,31.976993560791016,31.992006577974816,31.72177799554691,31.789335141153888,11999900,KO
2017-03-31,31.856891632080078,32.01452687755034,31.849386555362532,31.93946179317398,11551800,KO
2017-04-03,31.83437728881836,31.99951763046095,31.729289021751445,31.96198651557141,11240000,KO
2017-04-04,32.03704071044922,32.04454578616865,31.804343274989854,31.9094315157006,10946200,KO
2017-04-05,31.95447540283203,32.17215985640143,31.92444936852448,32.01452747144714,10142800,KO
2017-04-06,32.029544830322266,32.09710199099137,31.879420351893934,31.961990533094045,14597800,KO
2017-04-07,31.984500885009766,32.082084063104666,31.90943580053669,32.00701897863159,11028800,KO
2017-04-10,32.04454803466797,32.127118190574414,31.946967726269442,32.07457406653213,9426900,KO
2017-04-11,32.02201843261719,32.089575548309085,31.916930222305126,32.037031443153055,8909400,KO
2017-04-12,32.23221206665039,32.269746044754314,31.90943932635204,31.9319602859025,13417200,KO
2017-04-13,32.11960983276367,32.33729424637869,32.112101893844695,32.17965902691695,9891900,KO
2017-04-17,32.32978820800781,32.32978820800781,32.11210378159594,32.119611720956286,11318100,KO
2017-04-18,32.6375617980957,32.72013198567562,32.34481503372405,32.35982805541504,13181600,KO
2017-04-19,32.44989013671875,32.870245982939636,32.41986410553727,32.832714875682754,13893100,KO
2017-04-20,32.34480285644531,32.50243522969315,32.31477682436763,32.42737301293895,10838300,KO
2017-04-21,32.32978820800781,32.35230629920908,32.194673933920434,32.26223107096413,13833800,KO
2017-04-24,32.48741912841797,32.60001530629636,32.38983882859243,32.457395962631516,16703800,KO
2017-04-25,32.35982131958008,32.6000238897546,32.14213684553425,32.16465494166296,18745100,KO
2017-04-26,32.4574089050293,32.600028305563654,32.26224250067608,32.32229458307427,13626600,KO
2017-04-27,32.284751892089844,32.48742332035834,32.21719474933368,32.4048531610519,10386200,KO
2017-04-28,32.38984298706055,32.42737409669198,32.16465060239176,32.24722076164497,10337800,KO
2017-05-01,32.4423942565918,32.652570807557794,32.35231613751429,32.3898501188503,13208200,KO
2017-05-02,32.56999969482422,32.6075308116417,32.39735426671126,32.44239332495664,11823900,KO
2017-05-03,32.5174560546875,32.645065289942586,32.38984968287312,32.524963996229936,10389000,KO
2017-05-04,32.772674560546875,32.88527078611709,32.57751101479159,32.59252117232272,10193100,KO
2017-05-05,32.795188903808594,32.90778511648164,32.697608573828624,32.87025400007084,8133000,KO
2017-05-08,32.9453125,32.96032551755139,32.682591851451484,32.720122963609796,14284300,KO
2017-05-09,32.66007614135742,32.94531779378696,32.56249580675426,32.94531779378696,8694400,KO
2017-05-10,32.705108642578125,32.74263975324062,32.54747625973154,32.63755149800956,7597700,KO
2017-05-11,32.78017044067383,32.78767838077351,32.60001996644373,32.64505901672133,6860100,KO
2017-05-12,32.720123291015625,32.78768043895271,32.62254010767531,32.75765440354949,7275800,KO
2017-05-15,32.82521057128906,32.8477286654489,32.6225391335298,32.6225391335298,8493000,KO
2017-05-16,32.915283203125,33.110449548512534,32.85523400231039,32.930296219188655,10454100,KO
2017-05-17,32.97533416748047,33.155484627355364,32.810193859728535,32.91528210522888,14538800,KO
2017-05-18,32.87776184082031,32.99786314149184,32.757660540148784,32.93030598089905,13832200,KO
2017-05-19,32.95283126831055,33.027893517291524,32.84774011091942,32.9152972803788,11796800,KO
2017-05-22,33.16299057006836,33.19301659938624,32.88525695747732,32.945306152673325,12857900,KO
2017-05-23,33.32063674926758,33.47826917340823,33.185522424735325,33.21554846650715,11996100,KO
2017-05-24,33.80103302001953,33.846072070759824,33.410703170590885,33.410703170590885,12738300,KO
2017-05-25,34.086273193359375,34.13881731864561,33.75599542535449,33.778513518065715,16704200,KO
2017-05-26,34.07125473022461,34.19886391654794,34.026218552001936,34.04122870244975,11341400,KO
2017-05-30,34.10128402709961,34.12380211836963,33.8610815087531,33.89861261534976,13093500,KO
2017-05-31,34.13131332397461,34.3039587215926,34.05624824015799,34.101287290447964,14148000,KO
2017-06-01,34.37151336669922,34.37151336669922,33.95115751820403,34.1162978271557,11049300,KO
2017-06-02,34.446563720703125,34.446563720703125,34.23638730054513,34.40152755263439,9923700,KO
2017-06-05,34.52164077758789,34.52164077758789,34.29644840518117,34.36400554421519,10015200,KO
2017-06-06,34.51413345336914,34.57418551733228,34.36400615690131,34.454084252846016,9836700,KO
2017-06-07,34.16133499145508,34.303957212713264,34.04123372607137,34.15382991512361,12776300,KO
2017-06-08,33.8760986328125,34.16133736829482,33.80103354707486,34.16133736829482,12879000,KO
2017-06-09,34.018714904785156,34.04123299673714,33.75599428721209,33.82355142650802,9358800,KO
2017-06-12,34.02621841430664,34.1388117228473,33.92863525615305,34.0187104756735,11228500,KO
2017-06-13,34.079193115234375,34.13973937159667,33.90512695869939,34.056489712600715,10023400,KO
2017-06-14,34.28353500366211,34.412194364701,34.17758193398575,34.19271849922589,11497500,KO
2017-06-15,34.24570083618164,34.31381394780011,34.08677120474026,34.19272429236785,9908700,KO
2017-06-16,34.29110336303711,34.321373605306285,34.064057780489016,34.29110336303711,27025300,KO
2017-06-19,34.344085693359375,34.344085693359375,34.13217663967594,34.32137939906883,7624700,KO
2017-06-20,34.51815414428711,34.71492375664932,34.29867823614855,34.32138164491971,14920900,KO
2017-06-21,34.22298812866211,34.57112043255722,34.1851452759308,34.52571074148225,9515800,KO
2017-06-22,34.10947799682617,34.268407644034404,34.07920485821354,34.18515795635236,7446300,KO
2017-06-23,34.24570083618164,34.344087083409455,34.07920147733537,34.094338045140034,9544800,KO
2017-06-26,34.38191604614258,34.4424594109628,34.28352983043001,34.298666393386114,7747100,KO
2017-06-27,34.09433364868164,34.359219220598774,34.05649367755198,34.313809523040334,11432200,KO
2017-06-28,34.29866409301758,34.434890263481776,34.23055100778547,34.245687569726385,9218800,KO
2017-06-29,33.92783737182617,34.23812975588393,33.79161116545889,34.15488008677006,9283500,KO
2017-06-30,33.9429817199707,34.14732109375115,33.9429817199707,33.97325486134684,9352800,KO
2017-07-03,33.87485885620117,34.260834080263166,33.87485885620117,34.13974443657809,6434500,KO
2017-07-05,33.92027282714844,34.04893221370748,33.85215971355957,33.89756941828721,6853600,KO
2017-07-06,33.60240173339844,33.94296429452412,33.51915208085512,33.84458096606763,13113000,KO
2017-07-07,33.59484100341797,33.693227245221436,33.481321081649305,33.65538727129855,9566000,KO
2017-07-10,33.5872802734375,33.73864308366904,33.47375744401247,33.64025682396772,9672000,KO
2017-07-11,33.54943084716797,33.66295075762727,33.41320464501308,33.54186112093455,10300700,KO
2017-07-12,33.68565368652344,33.8824261477477,33.63267715165644,33.74619994751694,7737400,KO
2017-07-13,33.62511444091797,33.70079438944697,33.57970473959759,33.67052414223836,6371900,KO
2017-07-14,33.8143196105957,33.84459274696812,33.67809338392503,33.69322995211124,8558700,KO
2017-07-17,33.85216522216797,33.89757493428492,33.761348684939726,33.79918866820102,7189200,KO
2017-07-18,33.80674743652344,33.9429736533359,33.76890746229886,33.889997112020495,9037200,KO
2017-07-19,33.92783737182617,33.935404211288905,33.71592833580775,33.80674484438436,6986900,KO
2017-07-20,33.92027282714844,34.04136248608361,33.86729628180212,33.98081910011862,7430300,KO
2017-07-21,34.079193115234375,34.10946624341552,33.80674073561286,33.889990394608816,8545600,KO
2017-07-24,33.93540573120117,34.094335350079625,33.92783889139953,34.08676851027798,9103600,KO
2017-07-25,34.238136291503906,34.27597627005026,34.011090646215166,34.07163692149358,14096300,KO
2017-07-26,34.61653137207031,34.65437133916198,33.53429156862292,33.7159245654647,13608900,KO
2017-07-27,34.90412521362305,35.13873768110652,34.58626595477938,34.66194590583595,15195200,KO
2017-07-28,34.82087326049805,34.90412293342482,34.608967101778894,34.81330642068874,11945300,KO
2017-07-31,34.692222595214844,34.873858538165976,34.65438261580992,34.81331226151381,13622900,KO
2017-08-01,34.586265563964844,34.85871800389797,34.54842558886414,34.79060489391469,10306800,KO
2017-08-02,34.50300979614258,34.81330215640426,34.344080196570516,34.51057663502502,10187900,KO
2017-08-03,34.56355667114258,34.77546571238629,34.533286425540474,34.54842299184394,14261400,KO
2017-08-04,34.43489456176758,34.63166411755291,34.41219115952429,34.56355102381869,9523600,KO
2017-08-07,34.54085922241211,34.63167574889111,34.43490612701906,34.450042695933114,6226300,KO
2017-08-08,34.510581970214844,34.67708132141397,34.47274199594367,34.540855104433774,5747900,KO
2017-08-09,34.50300979614258,34.555986329333265,34.30624022814924,34.480306392490725,9635300,KO
2017-08-10,34.61653137207031,34.69221130625365,34.404622359749,34.48030518093677,8901600,KO
2017-08-11,34.50300979614258,34.737622219561715,34.487873231373165,34.70734909002289,8357600,KO
2017-08-14,34.661949157714844,34.76790225393626,34.52572292342863,34.56356290250695,8421200,KO
2017-08-15,34.95710754394531,35.00251725429992,34.661951644154264,34.661951644154264,9638100,KO
2017-08-16,34.96467971801758,35.07063282925004,34.90413343331002,34.926839733578234,8087300,KO
2017-08-17,34.70734786987305,35.06304991193814,34.699778144252186,34.90411743094887,8477000,KO
2017-08-18,34.56355667114258,34.73762574013004,34.533286425540474,34.6619429086127,10879800,KO
2017-08-21,34.57112503051758,34.66194153774179,34.480308523293374,34.56355530416281,9429700,KO
2017-08-22,34.510581970214844,34.624104780033335,34.46517515589143,34.58626480576217,10536700,KO
2017-08-23,34.46517562866211,34.55599214555968,34.38949279207662,34.53328873808654,6528400,KO
2017-08-24,34.366798400878906,34.518161226755545,34.29111843144347,34.46518467074959,7534400,KO
2017-08-25,34.487876892089844,34.631669942155405,34.48031005240422,34.51058029815155,8807100,KO
2017-08-28,34.37435531616211,34.578694639034225,34.34408506933305,34.53328782528816,8024000,KO
2017-08-29,34.39706802368164,34.48788455511227,34.24570521329361,34.35922804283601,7762200,KO
2017-08-30,34.35164260864258,34.465165386281534,34.27596268155272,34.328939207916456,7134900,KO
2017-08-31,34.472747802734375,34.54843065103016,34.31381815182143,34.3592278607989,14264600,KO
2017-09-01,34.64680480957031,34.66194137520416,34.46517179597362,34.54085173713813,7391200,KO
2017-09-05,34.75277328491211,34.76034301458639,34.54843677580223,34.62411675050915,9916700,KO
2017-09-06,34.78303909301758,34.84358536961723,34.65438258575137,34.798175662167495,9238900,KO
2017-09-07,35.02521514892578,35.05548828439366,34.78303583919289,34.820875815025204,9418400,KO
2017-09-08,35.04035186767578,35.09332841147035,34.82844569249752,34.95710218828286,10534900,KO
2017-09-11,35.206844329833984,35.259820863251036,34.97980163133167,35.07818497224646,10430300,KO
2017-09-12,35.35821533203125,35.380918741071554,35.15387598965288,35.191715967055124,8567600,KO
2017-09-13,35.47172927856445,35.55497894700456,35.30523282868898,35.32793623389819,10218000,KO
2017-09-14,35.17420959472656,35.448829780263765,35.044526547122764,35.39543173418434,13768800,KO
2017-09-15,35.22762680053711,35.364936967986466,35.090316633087745,35.31916594217773,16141400,KO
2017-09-18,35.17420959472656,35.27337864172061,35.02164250165309,35.20472359533631,8535300,KO
2017-09-19,35.07505798339844,35.2352522012686,35.00640290288598,35.19711113653428,7297900,KO
2017-09-20,34.92249298095703,35.204743279449595,34.7470417443134,34.90723597212147,11026600,KO
2017-09-21,34.63261032104492,34.930114647767034,34.60209631061799,34.869086626913166,7555300,KO
2017-09-22,34.701271057128906,34.808067201089536,34.60972901089693,34.67075704171825,8024800,KO
2017-09-25,34.85383605957031,34.90723413269254,34.594472742986625,34.708898848235236,9215300,KO
2017-09-26,34.762290954589844,34.99114021582954,34.754663906871556,34.85383007709048,6480100,KO
2017-09-27,34.052860260009766,34.708897020947,33.854524985994054,34.68601296509272,14816200,KO
2017-09-28,34.25882339477539,34.32747846811067,34.060488132904815,34.07574222922252,8789500,KO
2017-09-29,34.335113525390625,34.41139857465566,34.16729223696172,34.2206903164587,10082200,KO
2017-10-02,34.1749153137207,34.53344772864064,34.13677424851101,34.365623549745905,10707800,KO
2017-10-03,34.4724235534668,34.52582163273046,34.14440511800311,34.22069016693482,12038100,KO
2017-10-04,34.70889663696289,34.754667658141656,34.281709169224094,34.41139227424232,14060300,KO
2017-10-05,34.724159240722656,34.89961048522161,34.708902231204,34.71652928097482,10215300,KO
2017-10-06,34.701271057128906,34.724155113698565,34.54107393121128,34.62498601860226,5437900,KO
2017-10-09,34.64025115966797,34.82333238514182,34.58685307515004,34.747047328703815,5268300,KO
2017-10-10,34.99114227294922,35.01402923740207,34.731778985636,34.78517705273198,6310400,KO
2017-10-11,35.166587829589844,35.166587829589844,34.99113665018558,34.9987666071026,6638200,KO
2017-10-12,35.17420959472656,35.19709364019624,35.044526547122764,35.07504054773251,7710200,KO
2017-10-13,35.22762680053711,35.38019397658938,35.204742742621164,35.28102487565888,7126000,KO
2017-10-16,35.56328201293945,35.66245114106664,35.16660841040835,35.181865423195426,12708600,KO
2017-10-17,35.48698043823242,35.57089250765047,35.326786256603086,35.494607485463135,7699400,KO
2017-10-18,35.39544677734375,35.50224291489125,35.27339363300711,35.40307382575008,6272200,KO
2017-10-19,35.54039001464844,35.69295719848221,35.33442475296939,35.37256582143359,7515500,KO
2017-10-20,35.38018798828125,35.54038218653273,35.30390295817839,35.53275513851062,9646800,KO
2017-10-23,35.33441925048828,35.58615550110872,35.2657641739533,35.38019027150378,7153600,KO
2017-10-24,35.22762680053711,35.3115388928647,35.05217556656889,35.28865192497191,9539500,KO
2017-10-25,35.12845230102539,35.67006292829761,35.036913173452604,35.372558581203755,11994200,KO
2017-10-26,35.265769958496094,35.662443475766025,35.25814290873073,35.33442504629237,10569100,KO
2017-10-27,35.14371871948242,35.34205694398158,35.02166554670493,35.18948975051542,9988000,KO
2017-10-30,34.983524322509766,35.14371856545741,34.95301030195483,35.09032048447486,7201900,KO
2017-10-31,35.07505798339844,35.21999519337953,34.96826183815166,35.02928695973123,6560500,KO
2017-11-01,34.9377555847168,35.1589778832936,34.80807535381289,34.89961451150843,7067600,KO
2017-11-02,34.99877166748047,35.05216973371654,34.899602583052186,34.9453736012444,8317800,KO
2017-11-03,35.06743240356445,35.212369619617576,35.029288427255416,35.06743240356445,4730400,KO
2017-11-06,34.68601989746094,35.029292443787995,34.647875916778226,35.021665393637754,7451300,KO
2017-11-07,35.04454803466797,35.05217799448634,34.5639653252841,34.64024746360556,9868000,KO
2017-11-08,35.22762680053711,35.23525384985014,34.99114753215724,35.07505962448484,7586900,KO
2017-11-09,35.265769958496094,35.38782312458092,35.10557572363045,35.181857861192086,6532400,KO
2017-11-10,35.50225067138672,35.578532812021976,35.19711628889142,35.242887319258855,8022900,KO
2017-11-13,35.63956069946289,35.715842839770566,35.502250518927376,35.54801863912113,7653600,KO
2017-11-14,36.1811637878418,36.21930484990621,35.56326810648291,35.631923182189446,17200700,KO
2017-11-15,35.70820999145508,36.20404964289509,35.68532302509745,36.09725349981499,12419100,KO
2017-11-16,35.50988006591797,35.837898530265086,35.479366043658395,35.81501446855907,12506400,KO
2017-11-17,34.86909484863281,35.38019445887851,34.51819237591302,35.34968044125674,19720700,KO
2017-11-20,34.67838668823242,34.99877805409052,34.64787267053605,34.823326817301734,19160900,KO
2017-11-21,34.92249298095703,35.05217610107086,34.73941469488407,34.75467170371963,10280800,KO
2017-11-22,34.968257904052734,35.03691297684116,34.739408631416765,35.00639896449599,8434400,KO
2017-11-24,34.99877166748047,35.12845185406053,34.98351466141639,35.00639871552432,2996300,KO
2017-11-27,35.01403045654297,35.08268553233919,34.945375380746746,34.99877344970197,5649200,KO
2017-11-28,34.96063232421875,35.20473861327918,34.92248835219715,35.08268546874896,8432800,KO
2017-11-29,34.70889663696289,34.95300292996318,34.4876743995637,34.91486186730249,16502100,KO
2017-11-30,35.20111846923828,35.25495433390233,34.6319926992881,34.716592753427214,17147600,KO
2017-12-01,35.35493469238281,35.39338846036201,34.77042685729495,35.22418836065219,12468800,KO
2017-12-04,35.554901123046875,35.67026537729174,35.201121712987074,35.37032183685692,17523600,KO
2017-12-05,35.577972412109375,35.71640834215856,35.4241573199079,35.57028283103323,13670800,KO
2017-12-06,35.72410202026367,35.74717369807816,35.5779735705455,35.65488405298531,8154000,KO
2017-12-07,35.208805084228516,35.62411280565872,35.16266173773694,35.60104113241293,9106500,KO
2017-12-08,34.84733581542969,35.1703509730441,34.64737153647707,35.1472793000243,13238600,KO
2017-12-11,34.862709045410156,34.924234469099154,34.547380613857364,34.84732695602951,9698700,KO
2017-12-12,34.83195495605469,35.00884463441948,34.65506527768989,34.80119076838227,13999300,KO
2017-12-13,35.30109405517578,35.416455343508176,34.916550559733054,34.95500432251052,12418700,KO
2017-12-14,35.40108108520508,35.508752818341264,35.22419139021924,35.23188390477736,9029000,KO
2017-12-15,35.52412796020508,35.70101762056691,35.408766668926035,35.601038421558556,21181600,KO
2017-12-18,35.32416915893555,35.67025892523437,35.308787065562896,35.53182301871484,10156800,KO
2017-12-19,35.47799301147461,35.67026480959948,35.30879289029759,35.408775046796265,8253200,KO
2017-12-20,35.43952560424805,35.60872272649639,35.34723306429403,35.539504788447715,7311000,KO
2017-12-21,35.070369720458984,35.54720582304508,35.03960846693277,35.485677448323884,9657100,KO
2017-12-22,35.06267547607422,35.17034718367813,35.03191129280625,35.139583000410155,5406300,KO
2017-12-26,35.231868743896484,35.270322498635714,35.07805079110615,35.14726872317013,6100400,KO
2017-12-27,35.32416915893555,35.33185873870471,35.1626615792742,35.30109748579373,5660600,KO
2017-12-28,35.162654876708984,35.370308696906136,35.10112651494667,35.30878033514382,6538900,KO
2017-12-29,35.285709381103516,35.51643487471794,35.139580985875114,35.1472734981681,8371500,KO
2018-01-02,35.024227142333984,35.33186022119198,35.00115253438966,35.3087885470821,10872200,KO
2018-01-03,34.94731140136719,35.13958314684225,34.87040387671076,34.9857680975294,12635600,KO
2018-01-04,35.43952560424805,35.54719730036073,34.955000037907325,35.039600065948335,12709400,KO
2018-01-05,35.431846618652344,35.53182877485447,35.21650314421834,35.39339284590839,13113100,KO
2018-01-08,35.378013610839844,35.45492116254678,35.285723962024505,35.339559834986375,7068600,KO
2018-01-09,35.554901123046875,35.65488328113677,35.33186512955206,35.378011418016975,9962400,KO
2018-01-10,35.431846618652344,35.5779721286133,35.32417488143534,35.554900451733886,10700700,KO
2018-01-11,35.40876388549805,35.55488934983179,35.27032799977813,35.55488934983179,7583200,KO
2018-01-12,35.493377685546875,35.677956982206695,35.40108510338194,35.59335691547302,14570100,KO
2018-01-16,35.78562545776367,35.85484342114528,35.4856819277216,35.493374442449976,16459300,KO
2018-01-17,36.0086555480957,36.14709145219383,35.80100169194852,35.82407629852106,12143100,KO
2018-01-18,36.054813385009766,36.20093891558403,35.847159462297775,35.954831214703574,11952900,KO
2018-01-19,36.27014923095703,36.33936719057818,36.04711325730725,36.13940582602519,16187400,KO
2018-01-22,36.4393424987793,36.53163211633651,36.216306567001496,36.25476032983083,9577400,KO
2018-01-23,36.49318313598633,36.68545490916451,36.24707550102501,36.30860094284812,11463700,KO
2018-01-24,36.78543472290039,36.877724346707154,36.51625249719882,36.554706262632116,15964500,KO
2018-01-25,36.793121337890625,36.91617513766281,36.68544962981922,36.68544962981922,11755000,KO
2018-01-26,37.323795318603516,37.3930132736484,36.71621875080334,36.74698000450764,16671200,KO
2018-01-29,36.685455322265625,37.26996022842205,36.5931656915745,37.077688453078764,11662600,KO
2018-01-30,36.46241760253906,37.03923290078667,36.45472802278286,36.70852522841796,12404800,KO
2018-01-31,36.600868225097656,36.83928636708219,36.431668064086985,36.493196462212865,10960100,KO
2018-02-01,36.49318313598633,36.70852658311888,36.23169340711062,36.462418948157556,10279400,KO
2018-02-02,35.9394416809082,36.462421170535116,35.8625341404832,36.416274885979355,12912300,KO
2018-02-05,34.524322509765625,36.08556852232488,34.15516102110389,35.87791756869336,23261500,KO
2018-02-06,34.355125427246094,34.40896423289955,33.40914847893358,33.73985622515279,25184300,KO
2018-02-07,34.2705192565918,34.99346001164099,34.05517289228213,34.285901349316354,18041600,KO
2018-02-08,33.14765167236328,34.31666437536919,33.12457999900055,34.31666437536919,23295300,KO
2018-02-09,33.17073440551758,33.42453167618428,32.44779050215014,33.34762412357863,22853100,KO
2018-02-12,33.81676483154297,34.01672621093325,33.35531075521685,33.501439199612456,14689000,KO
2018-02-13,33.98595428466797,34.1551543675317,33.6014107754934,33.778300437653606,13163200,KO
2018-02-14,33.916748046875,33.98596601978026,33.55527901844544,33.85522258975652,13457900,KO
2018-02-15,34.43971633911133,34.47817303776191,33.9321190155661,34.03210115115606,13467300,KO
2018-02-16,34.59354019165039,35.101137601172255,34.39357882043528,35.04730173454378,17202300,KO
2018-02-20,33.83213424682617,34.47816736447479,33.79367755450353,34.41663900382554,14137300,KO
2018-02-21,33.33222961425781,34.039788223026086,33.32454003539467,33.924426937075076,12792900,KO
2018-02-22,33.470672607421875,33.701398162121144,33.239947052722606,33.40145464762863,12377800,KO
2018-02-23,33.8705940246582,33.88597611755416,33.39375794638626,33.51681468955391,8277200,KO
2018-02-26,33.86289978027344,34.13977157057892,33.69370263473549,34.01671776753583,12713300,KO
2018-02-27,33.54757308959961,34.078244980977345,33.54757308959961,33.955191182104855,12774400,KO
2018-02-28,33.23994445800781,33.77061348577549,33.23994445800781,33.70908804511452,11929400,KO
2018-03-01,33.40145492553711,33.56296252178692,32.9323112979056,33.14765475957201,17746800,KO
2018-03-02,33.624488830566406,33.68601427275244,33.25532737594688,33.26301695603221,14050100,KO
2018-03-05,33.755226135253906,33.79367989640768,33.45528269088697,33.50911854326904,11992700,KO
2018-03-06,33.78599548339844,33.878285111044846,33.524505760204974,33.80137757697857,10010500,KO
2018-03-07,33.701393127441406,33.77830065624035,33.43221384281095,33.524503464136515,10881700,KO
2018-03-08,34.185909271240234,34.19359884844906,33.686001671499746,33.7629121127547,12361100,KO
2018-03-09,34.47048568725586,34.47048568725586,34.13977797940219,34.278213900542546,9778600,KO
2018-03-12,34.24745559692383,34.67814552936814,34.09364048818349,34.57047377971584,11857700,KO
2018-03-13,34.27821350097656,34.478177799774905,34.14747009577616,34.355121041231556,11342100,KO
2018-03-14,33.96784973144531,34.47217030640855,33.929056524078604,34.43337709904184,15321200,KO
2018-03-15,33.882511138916016,34.1385516973176,33.789406826648495,34.04544738505008,12456700,KO
2018-03-16,33.719573974609375,34.15406564811048,33.711816516034524,33.90578553746196,26603300,KO
2018-03-19,33.564395904541016,33.91354071153762,33.50232736092616,33.71957170317641,12380300,KO
2018-03-20,33.486820220947266,33.73510039446954,33.37043759472546,33.6109603077084,13559800,KO
2018-03-21,33.36267852783203,33.71182342995362,33.19974522675296,33.4635432683856,13054000,KO
2018-03-22,33.176475524902344,33.64976063046589,33.12992483237724,33.26958282942005,12274100,KO
2018-03-23,32.842838287353516,33.48681394175692,32.81180253154953,33.223015936888245,13475200,KO
2018-03-26,33.122154235839844,33.2152615117564,32.780769770011005,33.06008567829498,11276100,KO
2018-03-27,33.2773323059082,33.603201874052516,32.99801637885109,33.12991688206497,11627000,KO
2018-03-28,33.61096954345703,33.90580344043022,33.362689301711384,33.362689301711384,16277400,KO
2018-03-29,33.69631576538086,34.07649358315473,33.58769353173118,33.78166265174386,10450500,KO
2018-04-02,33.10664367675781,33.75062249210688,32.951470768718835,33.70406884385508,14207900,KO
2018-04-03,33.65751266479492,33.78165274681526,33.23853877807639,33.34716097987756,15484600,KO
2018-04-04,34.32475280761719,34.448892839337624,33.448012168742444,33.47128749977383,13563300,KO
2018-04-05,34.44890213012695,34.611835410753045,34.09199685290882,34.35579486142694,11707800,KO
2018-04-06,34.076480865478516,34.54200835560985,33.913547575812295,34.35579676761076,11495100,KO
2018-04-09,34.00664520263672,34.379065313253584,33.96784903633193,34.161818028928124,11913400,KO
2018-04-10,34.13078689575195,34.27820227177509,33.92130001841459,34.19285543733408,10379500,KO
2018-04-11,34.13078689575195,34.24716652111798,33.95233280933961,33.99112897752704,8424300,KO
2018-04-12,34.161827087402344,34.456660863052704,34.09975853237385,34.20062326399447,8476400,KO
2018-04-13,34.534244537353516,34.67390247467434,34.24717120385293,34.285964417612604,10774200,KO
2018-04-16,34.666141510009766,34.82907476716237,34.44889716713963,34.642866176054305,8962100,KO
2018-04-17,34.821327209472656,34.93770687207116,34.64287602570185,34.8756383106319,8406400,KO
2018-04-18,34.534244537353516,34.89114979924701,34.39458955976519,34.836838708036964,7429000,KO
2018-04-19,34.37907409667969,34.50321416526822,34.1540692974465,34.40234943462357,10370400,KO
2018-04-20,33.936832427978516,34.45666815532242,33.81269233191629,34.37908170518354,14690700,KO
2018-04-23,34.12302017211914,34.130780588215295,33.79715372963747,33.93681162205291,11878500,KO
2018-04-24,33.41698455810547,34.216136021920484,33.15318655649674,34.12303171539168,18523900,KO
2018-04-25,32.920433044433594,33.27733544726095,32.516976996124406,33.160955773156374,20774700,KO
2018-04-26,33.16870880126953,33.44026429762067,32.78852814664501,32.89715330491839,13561000,KO
2018-04-27,33.60319900512695,33.62647434381686,33.137671513199216,33.153189392236754,9777900,KO
2018-04-30,33.525611877441406,33.89803212033254,33.33940323586234,33.75061669910469,16037700,KO
2018-05-01,33.04456329345703,33.35491491806443,32.72645421011405,33.331636622392786,11514200,KO
2018-05-02,32.63336181640625,33.044575353313824,32.54025451920438,32.897159905677825,13736400,KO
2018-05-03,32.5014533996582,32.89715191734586,32.214380035662224,32.75749396518937,18352200,KO
2018-05-04,32.86611557006836,32.97473776208032,32.408348503923115,32.42386638274379,10946200,KO
2018-05-07,32.69541931152344,32.96697773009618,32.55576137276775,32.85059512788893,9336000,KO
2018-05-08,32.439388275146484,32.6566326860491,32.34628099070269,32.56352836133843,15062200,KO
2018-05-09,32.416114807128906,32.76525977651481,32.33076793019751,32.56353321627716,9295200,KO
2018-05-10,32.726463317871094,32.86612129183792,32.540251699337574,32.57904788300979,7924200,KO
2018-05-11,32.69541931152344,32.95145985248638,32.61783288320695,32.77300869957244,6331900,KO
2018-05-14,32.61783981323242,32.83508422646061,32.50921760661833,32.78077312315356,10715500,KO
2018-05-15,32.36955642700195,32.524729301209376,32.1600694951425,32.41610710537103,16449700,KO
2018-05-16,32.23765563964844,32.540246885232506,32.22989817990162,32.38507401243348,11590500,KO
2018-05-17,32.819557189941406,32.85835040151963,32.485930242850486,32.59455241916245,14857400,KO
2018-05-18,32.726463317871094,32.88163917336015,32.6488768699932,32.81956764727122,11950200,KO
2018-05-21,32.9049186706543,32.99026554993662,32.7962964460163,32.82733221297963,9110200,KO
2018-05-22,32.780765533447266,33.05232098710947,32.74972977881946,32.974734560272395,8222900,KO
2018-05-23,32.89714050292969,32.93593370735012,32.5324778699677,32.780757929936605,8971400,KO
2018-05-24,32.8350715637207,32.951454145772175,32.73420685659156,32.89714306341003,9269600,KO
2018-05-25,32.89714050292969,33.03679840662867,32.741964725516176,32.8505868817861,8806500,KO
2018-05-29,33.11439514160156,33.24629266970727,32.66438554274811,32.67990342130161,14826900,KO
2018-05-30,33.46355438232422,33.57993408186152,33.12992724946279,33.184238367860324,10114200,KO
2018-05-31,33.36267852783203,33.52561182891111,33.11439836626401,33.51785436874529,15571300,KO
2018-06-01,33.455780029296875,33.61095585713406,33.39371147400164,33.44026215053988,10664700,KO
2018-06-04,33.74285888671875,33.82044532661134,33.58768304720059,33.641994147072005,11727600,KO
2018-06-05,33.448028564453125,33.781655618190385,33.44026814381741,33.75061985511407,9975900,KO
2018-06-06,33.719573974609375,33.719573974609375,33.39370743928283,33.40922531616491,9202900,KO
2018-06-07,33.70405197143555,33.92905671908045,33.61870809863108,33.61870809863108,11948100,KO
2018-06-08,34.09975814819336,34.1385513646157,33.797166916473316,33.8049243758647,12078800,KO
2018-06-11,34.23942184448242,34.33252617147639,34.0532102307613,34.099763874124875,7526100,KO
2018-06-12,34.456661224365234,34.464418683925366,34.20062362262219,34.23941683988838,8243300,KO
2018-06-13,34.27820587158203,34.542003860406666,34.254930536010924,34.41010338612815,16745000,KO
2018-06-14,34.11381912231445,34.32516873815215,34.06685088207722,34.2468913238487,12696200,KO
2018-06-15,34.536529541015625,34.560015159757036,34.01206417124238,34.09817113907802,21562500,KO
2018-06-18,34.0903434753418,34.41128574555939,33.972927319560426,34.34866439302789,12161900,KO
2018-06-19,34.129486083984375,34.2469052392419,33.816373313452914,33.89465075956249,12936400,KO
2018-06-20,33.86333084106445,34.27038003713414,33.83984820982143,34.14513436035058,10893700,KO
2018-06-21,33.730262756347656,33.894647167412224,33.628499698315515,33.87116453328667,10465200,KO
2018-06-22,33.855499267578125,33.98074492577173,33.72242706216269,33.77722185099164,14924400,KO
2018-06-25,34.11381912231445,34.2468913238487,33.78504741283769,33.78504741283769,12092400,KO
2018-06-26,33.918128967285156,34.31734863291795,33.87898726669414,34.098169442852296,13974700,KO
2018-06-27,33.714599609375,34.13730485164804,33.65197826945986,33.91812568280671,15332600,KO
2018-06-28,34.0277214050293,34.192105811311386,33.7928831262346,33.84768091442138,12668900,KO
2018-06-29,34.3330078125,34.520874853473956,33.90247594200084,34.10599906740476,11485600,KO
2018-07-02,34.24690246582031,34.56784474662771,34.11383022099201,34.270385100532856,9232500,KO
2018-07-03,34.43476104736328,34.70090843458109,34.43476104736328,34.48955583419413,8214300,KO
2018-07-05,34.95923614501953,34.96706269416256,34.544360360305774,34.567842993827604,11653000,KO
2018-07-06,34.943580627441406,35.17841592474715,34.89661535963595,34.96706326134414,8733900,KO
2018-07-09,34.755699157714844,35.01401698170132,34.70873092331204,34.86528871856314,7373100,KO
2018-07-10,35.201900482177734,35.22538311537164,34.833989969645295,34.84181651867902,10606100,KO
2018-07-11,35.060997009277344,35.22538140584239,34.94357787682084,35.217554857188496,7715600,KO
2018-07-12,34.96705627441406,35.19406497709017,34.82615751305851,35.092304926449614,6331600,KO
2018-07-13,35.02185821533203,35.05316739597003,34.81050556903955,34.990546048601466,5585900,KO
2018-07-16,35.0140380859375,35.06883289938848,34.85748019632326,35.0140380859375,5831400,KO
2018-07-17,35.42107009887695,35.530659672236894,34.974882272430385,35.029677059110355,11592200,KO
2018-07-18,35.319313049316406,35.4523882581244,35.100133865506095,35.37410784526899,7351600,KO
2018-07-19,35.31148910522461,35.5619804726503,35.16275780287692,35.21755558896314,10097500,KO
2018-07-20,35.444576263427734,35.444576263427734,35.1471195056589,35.2410530614757,8588400,KO
2018-07-23,35.18623733520508,35.50717953083535,35.04533559213889,35.444555206764996,9055700,KO
2018-07-24,35.42891311645508,35.43674265310178,34.92010371987159,35.05317598193251,13786100,KO
2018-07-25,36.07862091064453,36.462187513908916,35.81247344754692,36.00817002376302,21330600,KO
2018-07-26,36.196041107177734,36.470015127438984,36.164728937407055,36.2899746303969,12673100,KO
2018-07-27,36.17255401611328,36.39956275858175,36.055137863386406,36.2586609864353,10516900,KO
2018-07-30,36.18821334838867,36.35259776861606,36.04731156359577,36.08645028468424,8967900,KO
2018-07-31,36.501312255859375,36.5326214266354,36.25082097310139,36.3212718330078,12438800,KO
2018-08-01,36.313446044921875,36.391726445162284,36.1412321504849,36.36041428506612,9904100,KO
2018-08-02,36.149070739746094,36.501325163846104,36.149070739746094,36.3839060271152,12009700,KO
2018-08-03,36.49349594116211,36.60308554379949,36.11775888093706,36.18820976636005,11462800,KO
2018-08-06,36.51698684692383,36.68919782481665,36.43870641506968,36.47784513795018,10056100,KO
2018-08-07,36.39956283569336,36.48566980619779,36.10993274170886,36.415218919975324,8632900,KO
2018-08-08,36.125587463378906,36.44652971382179,36.10210184479543,36.39173491394808,6810000,KO
2018-08-09,36.282135009765625,36.33692979858688,36.0707853877934,36.203857593190136,8924100,KO
2018-08-10,36.07079315185547,36.33693761993524,35.984686183433105,36.17255321808856,7535400,KO
2018-08-13,35.87510299682617,36.1099383251814,35.77333992630473,36.0473139783703,8143400,KO
2018-08-14,35.92205810546875,36.08644249018992,35.9064020231964,35.9377141877411,6846100,KO
2018-08-15,36.07079315185547,36.12558795247103,35.73419481316405,35.82812833049178,9686400,KO
2018-08-16,36.18037796020508,36.30562362874808,35.98468141647587,36.09427100318946,10600700,KO
2018-08-17,36.47783660888672,36.57959965345681,36.196036078380416,36.2351747921097,8885700,KO
2018-08-20,36.57960891723633,36.68919853786885,36.4700192966038,36.54047019359517,6392000,KO
2018-08-21,36.18037796020508,36.59525367736146,36.172548426244234,36.57959759553206,13986300,KO
2018-08-22,35.953369140625,36.30562351545682,35.94553960668859,36.27431135189571,7159100,KO
2018-08-23,35.77333068847656,36.07079028682923,35.765501154100406,35.92205899460668,13144900,KO
2018-08-24,35.71852493286133,35.85159711550164,35.67938623126662,35.73418101071751,10952900,KO
2018-08-27,35.765506744384766,36.04731030412453,35.66374667032878,36.04731030412453,9581200,KO
2018-08-28,35.515018463134766,35.79682204753799,35.44456756703396,35.734200687722364,8476800,KO
2018-08-29,35.483699798583984,35.554147689775,35.39759283900513,35.42107546940214,12410900,KO
2018-08-30,35.18623733520508,35.47586736880017,35.139269092152304,35.444555206764996,9716500,KO
2018-08-31,34.8887825012207,35.28017562148218,34.74788073903917,35.22538082353297,19834100,KO
2018-09-04,35.037513732910156,35.14710632403754,34.84181715646472,34.91226804342879,11138500,KO
2018-09-05,35.5228385925293,35.55414777109946,34.95923157297302,34.95923157297302,10554900,KO
2018-09-06,35.8281364440918,36.00817697061366,35.460225854276956,35.53850629152126,11439400,KO
2018-09-07,35.78898239135742,35.86725980898492,35.44455458717548,35.695045906893945,10208100,KO
2018-09-10,36.05512619018555,36.25082270079775,35.85160014693746,35.93770708938151,8568900,KO
2018-09-11,36.02381134033203,36.12557435435292,35.91422178035179,36.0864326662815,9278300,KO
2018-09-12,36.196041107177734,36.24300637574088,36.02382715953188,36.13341676763638,13216400,KO
2018-09-13,36.18024826049805,36.40918491080704,36.08551273813685,36.3223455210554,8294800,KO
2018-09-14,36.30656051635742,36.3381360133952,36.006570708306036,36.25129662068357,7612900,KO
2018-09-17,36.56707000732422,36.57496613897733,36.24339787385946,36.31444800127815,8527300,KO
2018-09-18,36.259193420410156,36.73285901110374,36.259193420410156,36.62233724070806,9847400,KO
2018-09-19,36.28288650512695,36.40130444349673,36.211836344403736,36.31446502355799,7119000,KO
2018-09-20,36.8197021484375,36.85128066075859,36.43287591272856,36.48813680354412,9736700,KO
2018-09-21,36.7723274230957,36.859163791199805,36.6144379157841,36.819692167244874,19240300,KO
2018-09-24,36.369712829589844,36.732856626311516,36.18814093122901,36.701281130742984,10778900,KO
2018-09-25,36.061832427978516,36.45655475927295,36.00657154251669,36.36182224298015,7919100,KO
2018-09-26,36.19602584838867,36.36970458636599,35.97498237204772,36.13287186007333,10162600,KO
2018-09-27,36.32233810424805,36.45654522777599,36.06182299968096,36.10129462019214,10826900,KO
2018-09-28,36.464447021484375,36.464447021484375,36.29077124762267,36.314453623264654,9071900,KO
2018-10-01,36.49602508544922,36.59075759835553,36.353924810343614,36.448657323249925,9364700,KO
2018-10-02,36.717063903808594,36.756538539651075,36.36181627316145,36.53549202260239,7462700,KO
2018-10-03,36.211822509765625,36.748645072028545,36.156561629370216,36.677594938449865,10542300,KO
2018-10-04,36.19602584838867,36.2355004790137,35.86446063387724,36.04603249108467,9582300,KO
2018-10-05,36.2197265625,36.44077013241863,36.06973013020426,36.26709132091526,8734100,KO
2018-10-08,36.693382263183594,36.77232852495089,36.29076686839223,36.30655612074569,9808100,KO
2018-10-09,36.6223258972168,36.74863688304403,36.48812179230287,36.6144327781301,10824500,KO
2018-10-10,36.061832427978516,36.867066345198246,36.05393629491689,36.55128727556574,13917000,KO
2018-10-11,35.240806579589844,36.29076934660474,35.130284817060314,36.15656219818162,17677900,KO
2018-10-12,35.27238082885742,35.43027033262372,34.932919449782005,35.114491325091116,12420100,KO
2018-10-15,35.45396041870117,35.73816098502222,35.20133836230301,35.24080999396039,11608500,KO
2018-10-16,35.91181945800781,35.99865579392218,35.414468748363504,35.54077970509165,10442500,KO
2018-10-17,36.20392608642578,36.30655471700931,35.80920382732649,35.848675450938046,11055800,KO
2018-10-18,36.00656509399414,36.37760498263784,35.88814721121666,36.235504727901606,12716900,KO
2018-10-19,36.5749626159668,36.70127360682318,36.18024039310417,36.18024039310417,13989200,KO
2018-10-22,36.290767669677734,36.677593820656604,36.16445665955312,36.60654368924325,14283600,KO
2018-10-23,36.598655700683594,36.677598963771786,35.880261165208246,36.01446531475666,17483900,KO
2018-10-24,36.89075469970703,37.41178814099174,36.503928438787334,36.57497859039402,21626000,KO
2018-10-25,36.717063903808594,36.898638796506695,36.40918101778539,36.82758866807889,14220200,KO
2018-10-26,36.25130081176758,36.69339094782304,35.86447457777514,36.60655154507173,21458000,KO
2018-10-29,36.67759704589844,36.75654331635098,36.35392486577378,36.43287113622631,20932200,KO
2018-10-30,37.601253509521484,37.68809291206771,36.34603626247302,36.803912642044935,20895400,KO
2018-10-31,37.798614501953125,37.956504050194575,37.27758110080119,37.498624661443635,25309400,KO
2018-11-01,37.68808364868164,38.011755789484766,37.34072612387404,37.74334452553886,16494500,KO
2018-11-02,37.89333724975586,37.89333724975586,37.4512472310383,37.75123699414993,17584900,KO
2018-11-05,38.438053131103516,38.50910325935477,37.83018048084104,37.89333748883855,16543500,KO
2018-11-06,38.769630432128906,38.785419687806645,38.36701194107794,38.4064865860186,14373400,KO
2018-11-07,38.974876403808594,39.11697666304808,38.70646513763312,38.990665656112085,12239700,KO
2018-11-08,38.94330596923828,38.97488146645482,38.7617310499084,38.777520304262836,9762800,KO
2018-11-09,39.219600677490234,39.38538328991099,38.96697869337529,38.99066106329494,12398100,KO
2018-11-12,39.36960220336914,39.66169887990978,39.10908704575629,39.164347928022416,13918300,KO
2018-11-13,39.3617057800293,39.47222753528939,39.14066226950911,39.322234154792405,13872900,KO
2018-11-14,39.282752990722656,39.42485322715725,39.148548884918576,39.35380310893995,12106800,KO
2018-11-15,39.26698303222656,39.27487615463804,38.895943037540256,39.20382600696391,12080100,KO
2018-11-16,39.6064338684082,39.66959088149696,39.18013607602763,39.20381845018985,13405800,KO
2018-11-19,39.874847412109375,40.07220857196468,39.669593130916475,39.71696089341898,13575800,KO
2018-11-20,38.98278045654297,40.13536900546265,38.84857329043996,40.119579749950965,16255300,KO
2018-11-21,38.46963882446289,39.03014382347667,38.359117051304395,38.86436116373893,13559200,KO
2018-11-23,38.698570251464844,38.864352875849164,38.32753036799268,38.48541987233138,4792500,KO
2018-11-26,38.58015823364258,38.864358782345874,38.42226870530828,38.69068000002891,9341900,KO
2018-11-27,38.974876403808594,39.00645490841558,38.46963237606463,38.58805026259485,9180700,KO
2018-11-28,39.24329376220703,39.25118989533057,38.84857142781792,38.84857142781792,11368700,KO
2018-11-29,38.972755432128906,39.33081524924237,38.96479989632884,39.21146096510271,11564300,KO
2018-11-30,40.102638244628906,40.17425021788134,38.980719353878165,38.988674890770234,25538200,KO
2018-12-03,39.537689208984375,39.75252508099838,38.90114016337175,39.680913123660375,14877200,KO
2018-12-04,39.450172424316406,40.1901587201702,39.38651599202899,39.760489943453166,19059900,KO
2018-12-06,39.291038513183594,39.489960332054075,38.71814270353866,39.394475673575876,17674900,KO
2018-12-07,39.06028747558594,39.52974307752298,38.893193880482755,39.44221699381007,15565700,KO
2018-12-10,39.17964172363281,39.34673531850423,38.566962173798295,39.34673531850423,12331100,KO
2018-12-11,39.41835021972656,39.792321192877985,39.13190230135954,39.4581339783206,18083600,KO
2018-12-12,39.163719177246094,39.800268236271144,39.139846500760235,39.74457038331303,12316900,KO
2018-12-13,39.362648010253906,39.47404373615649,38.646528293300335,38.76588259122789,13766200,KO
2018-12-14,39.25920104980469,39.40242496849273,39.00458142442714,39.1716749844614,13835900,KO
2018-12-17,38.455562591552734,39.410384772485244,38.20889847480528,39.25920530207559,18482700,KO
2018-12-18,38.44761276245117,38.853415013395974,38.073638734189565,38.678362823944774,14765700,KO
2018-12-19,38.11341857910156,38.79770703015202,37.89062409625865,38.38395235195623,17903800,KO
2018-12-20,37.82696533203125,38.2964208408246,37.47686106664308,38.04180121252706,21130000,KO
2018-12-21,37.85083770751953,38.78974879292136,37.58030395350027,37.60417359684427,32477700,KO
2018-12-24,36.56978225708008,38.08954465747827,36.46634510855499,37.89062286142979,10733700,KO
2018-12-26,37.34956359863281,37.3654777100751,36.33108474877792,36.50613693933663,14342600,KO
2018-12-27,37.819007873535156,37.83492198018496,36.62547719254948,37.190417355048204,16966500,KO
2018-12-28,37.55643081665039,38.2009354094314,37.42116243457064,38.1054538096315,13218200,KO
2018-12-31,37.67580032348633,37.826982884713004,37.36548269721002,37.787199118450594,10576300,KO
2019-01-02,37.34160614013672,37.57235619122305,37.04720268186126,37.34956167779552,11603700,KO
2019-01-03,37.11085510253906,37.691706465990514,37.02332901408775,37.254079059040095,14714400,KO
2019-01-04,37.85083770751953,37.85083770751953,37.110848410799356,37.19837448346818,13013700,KO
2019-01-07,37.35750961303711,37.99405868019927,37.31772586545923,37.85083476067461,13135500,KO
2019-01-08,37.779239654541016,37.85085164625004,37.429138270245076,37.596231905797225,15420700,KO
2019-01-09,37.055152893066406,37.62009008012839,36.94375717001822,37.46095506737716,18032500,KO
2019-01-10,37.45298385620117,37.46889795916688,36.87213275682422,37.12675233366604,15976600,KO
2019-01-11,37.6678352355957,37.683749345127815,37.373431797516716,37.62805147941844,11088600,KO
2019-01-14,37.51666259765625,37.71558445016703,37.389352733461614,37.596230124537925,11514300,KO
2019-01-15,37.85083770751953,37.87470735086354,37.246116805461796,37.309770199481,11342900,KO
2019-01-16,37.333641052246094,37.77127142976722,37.28590176401158,37.715573569956476,16907800,KO
2019-01-17,37.44504165649414,37.50869505571909,37.30181771410569,37.33364289606523,12044600,KO
2019-01-18,37.8826789855957,37.94633240156507,37.492790809796674,37.59623102546689,12760700,KO
2019-01-22,37.970191955566406,38.02588981351519,37.56438980730454,37.954277848251664,11700400,KO
2019-01-23,38.40781784057617,38.42373194729319,37.91449267357067,38.049758027707064,12058300,KO
2019-01-24,37.946311950683594,38.280502069160164,37.69965092319175,38.280502069160164,10272000,KO
2019-01-25,37.69169998168945,38.21685338674629,37.588262836138334,38.097502133732156,12066500,KO
2019-01-28,37.532562255859375,37.636002437580125,37.34955457146461,37.57234904250205,9966900,KO
2019-01-29,37.715576171875,37.89858387177928,37.50074025408147,37.55643811773469,11998600,KO
2019-01-30,38.08159637451172,38.10546602328612,37.548484281201794,37.596226614056896,12952500,KO
2019-01-31,38.296417236328125,38.81361197968251,37.77126392297922,38.07362280605836,32181500,KO
2019-02-01,38.749969482421875,38.81362288373482,38.511263915712874,38.57491731702583,19130100,KO
2019-02-04,39.1876106262207,39.3467487383632,38.62267321165648,38.74998309430909,15105700,KO
2019-02-05,39.19554901123047,39.36264562526582,39.06823918429754,39.25124990611272,12651900,KO
2019-02-06,39.19554901123047,39.27511955012961,39.00458578848393,39.15576525943375,8689100,KO
2019-02-07,39.322853088378906,39.35468129928465,38.98866597978442,39.123931323175924,10047800,KO
2019-02-08,39.386505126953125,39.386505126953125,39.076187693419854,39.28306497067373,9813300,KO
2019-02-11,39.47404098510742,39.68887688522102,39.370600803132945,39.44221276983748,9369300,KO
2019-02-12,39.51382064819336,39.62521635480678,39.35468262361475,39.537690289523276,10983300,KO
2019-02-13,39.61726760864258,39.736618871050645,39.43425991137218,39.4740436655082,12748800,KO
2019-02-14,36.27537536621094,37.36546585401732,36.20376340509633,37.1585885415226,58905400,KO
2019-02-15,35.996883392333984,36.80848151034444,35.965055181936066,36.5220367226788,35701600,KO
2019-02-19,35.670650482177734,36.27537128046406,35.6229081683768,36.06053542131751,25511300,KO
2019-02-20,35.8854866027832,35.99688534521947,35.6467810824591,35.73430714814919,27464000,KO
2019-02-21,36.490196228027344,36.52997995997913,35.77407691167844,35.80590511136155,23121200,KO
2019-02-22,36.028717041015625,36.56182906699507,35.96506364055436,36.41064654970097,24728400,KO
2019-02-25,35.758182525634766,36.25946632344113,35.678615017864935,36.15602613509566,23774400,KO
2019-02-26,35.55925369262695,35.9173134774325,35.535384052075,35.88548526649306,20463200,KO
2019-02-27,35.758182525634766,35.82183896009532,35.34442480755874,35.48764874978913,17827500,KO
2019-02-28,36.07645797729492,36.29129388676956,35.893450284477076,35.90140582098837,22533900,KO
2019-03-01,36.1082878112793,36.31516515820309,35.96506386521439,36.17989978431175,16291600,KO
2019-03-04,36.32312774658203,36.33903882207657,36.04463536052727,36.227643081777174,15973800,KO
2019-03-05,36.283348083496094,36.36291865313991,36.12421301482221,36.323134885971434,13062300,KO
2019-03-06,36.16398239135742,36.43451614987989,36.15602381990654,36.33903150430326,14232100,KO
2019-03-07,36.028717041015625,36.2276388498292,35.90936577691104,36.19581366725152,12084000,KO
2019-03-08,35.678611755371094,36.00484336388579,35.49560407599022,35.925275863391704,15579100,KO
2019-03-11,36.74483108520508,36.79257340464832,35.885487547059434,35.917315760021594,22126900,KO
2019-03-12,36.641380310058594,36.800518293523936,36.52202909893801,36.56181283597821,19348500,KO
2019-03-13,36.77666091918945,36.872142526979076,36.52999681081855,36.70504895452084,16222500,KO
2019-03-14,36.68034362792969,37.00942316927339,36.624159540027335,36.79271180373439,18504100,KO
2019-03-15,36.35929489135742,36.840876801336535,36.23087366105705,36.696402534523166,47254500,KO
2019-03-18,36.44757843017578,36.66428979096839,36.407447377096354,36.46363146376817,24006400,KO
2019-03-19,36.56797790527344,36.67231804020419,36.39139758184699,36.55994985686131,14987000,KO
2019-03-20,36.54389572143555,36.84087226767448,36.262975271537385,36.439555589646666,13376100,KO
2019-03-21,36.5278434753418,36.72850181868686,36.47165938414945,36.5438965102258,20043000,KO
2019-03-22,36.864952087402344,37.00942634348623,36.487713411871816,36.487713411871816,19055900,KO
2019-03-25,36.94521713256836,37.08166641271623,36.75258681704669,36.808770914224155,11668200,KO
2019-03-26,37.434818267822266,37.555214492836356,37.05757962046111,37.05757962046111,11434900,KO
2019-03-27,37.41073226928711,37.6515216061611,37.18599596311173,37.44283833068432,11543600,KO
2019-03-28,37.386653900146484,37.65954623403127,37.30638874741346,37.46691599107701,11121100,KO
2019-03-29,37.61140441894531,37.651535479577596,37.30640284689335,37.4589021020175,16045600,KO
2019-04-01,37.4990348815918,37.86021747615188,37.394691678241514,37.71574627540998,11522700,KO
2019-04-02,37.378631591796875,37.667580062385944,37.378631591796875,37.52310582709141,8495000,KO
2019-04-03,37.065616607666016,37.39469623202616,36.953248403514344,37.258246939982044,12854500,KO
2019-04-04,37.306400299072266,37.35455940562421,37.00942679651061,37.194032112254526,7814900,KO
2019-04-05,37.298370361328125,37.38666051405222,37.08165900331527,37.3144233947146,7677600,KO
2019-04-08,37.362586975097656,37.378640011724606,37.137850585927715,37.35456198768602,9421300,KO
2019-04-09,37.45890426635742,37.499038391112286,37.13785270094542,37.28232697701217,8641800,KO
2019-04-10,37.434818267822266,37.72376675841352,37.37060919313709,37.59534554723999,8059900,KO
2019-04-11,37.49100875854492,37.52311483227174,37.354562537911534,37.49903680787848,7352400,KO
2019-04-12,37.515079498291016,37.66757871372937,37.37863025348586,37.45889235386334,10690000,KO
2019-04-15,37.723758697509766,37.755864758893445,37.48296936073723,37.62744357516126,10261300,KO
2019-04-16,37.683631896972656,37.804025048020684,37.482973583423075,37.76389399767134,10804600,KO
2019-04-17,37.9484977722168,38.16520910966354,37.844157657811245,37.88428870656744,11849300,KO
2019-04-18,38.109031677246094,38.18929685056367,37.94047940598413,37.98863850997467,12167000,KO
2019-04-22,38.044822692871094,38.21337496454276,37.739821157129526,38.044822692871094,9834700,KO
2019-04-23,38.6949577331543,39.104302505608615,38.16521978076912,38.59864257684889,25327800,KO
2019-04-24,38.510345458984375,38.71100378446583,38.462186358619725,38.550476511720056,15997300,KO
2019-04-25,38.397979736328125,38.43811079162409,38.10100625297403,38.31771762573618,11444400,KO
2019-04-26,38.735084533691406,38.88758683135923,38.51034817309034,38.51837622128511,10154300,KO
2019-04-29,38.86349868774414,38.88757976615005,38.61468435137064,38.66284038457701,9731500,KO
2019-04-30,39.377197265625,39.47351242013421,38.83943127419115,38.95179946475249,17912900,KO
2019-05-01,38.99995040893555,39.39324205537491,38.967844343552144,39.28889887378032,10551200,KO
2019-05-02,38.839420318603516,39.14442179395388,38.74310519126229,38.95178847746873,8724600,KO
2019-05-03,39.10430145263672,39.29693176006053,38.94377415524785,39.00798323712128,7076900,KO
2019-05-06,38.90363693237305,39.01600510420033,38.73508161282907,38.79126876054576,8657800,KO
2019-05-07,38.52640151977539,38.75916593045683,38.341796213242866,38.71100682630792,12487500,KO
2019-05-08,38.406005859375,38.71100739989742,38.381927837845424,38.56653314711329,9281400,KO
2019-05-09,38.044822692871094,38.51034845203141,37.77995221298421,38.36587420151189,11450500,KO
2019-05-10,38.67889404296875,38.76718418768131,38.044816121656595,38.052841106720116,9653800,KO
2019-05-13,38.5665397644043,38.63075191523855,38.30969728467504,38.45417156224823,11911500,KO
2019-05-14,39.08021545410156,39.585875305666065,38.80732000139409,38.95179424469823,16844200,KO
2019-05-15,39.473506927490234,39.634034203870975,39.0079781321664,39.06416221962919,11422500,KO
2019-05-16,39.794559478759766,39.85876854900075,39.497582960760916,39.54574205979389,17771300,KO
2019-05-17,39.489559173583984,39.77047960529422,39.4654780924352,39.54574325992603,11257000,KO
2019-05-20,39.20863723754883,39.4414016398137,39.136400114839155,39.3611395309377,13850500,KO
2019-05-21,39.00798034667969,39.353112938860626,38.887587178911666,39.329034917667684,10587400,KO
2019-05-22,39.850738525390625,39.89889455653264,39.10428942466348,39.1524454558055,16050400,KO
2019-05-23,40.01128005981445,40.05141418557106,39.698253474457964,39.73035955034169,12199400,KO
2019-05-24,39.818634033203125,40.04337035219925,39.75442190674554,39.98718627245022,6887600,KO
2019-05-28,39.40929412841797,39.86679486822503,39.35311004190153,39.81061078170859,18614000,KO
2019-05-29,39.01600646972656,39.35311099700678,38.85547919215367,39.12034965941941,12534600,KO
2019-05-30,39.52969741821289,39.57785652746915,39.064168547479866,39.10430266942857,9087200,KO
2019-05-31,39.43336868286133,39.57784289907767,39.152445234972845,39.32902551297117,11368600,KO
2019-06-03,40.11561965942383,40.11561965942383,39.34509227849506,39.45746047215505,14167200,KO
2019-06-04,40.131675720214844,40.35641212447081,39.82667412743613,40.131675720214844,12010600,KO
2019-06-05,40.757728576660156,41.04667712957196,39.88285793003446,40.13970040777743,15837600,KO
2019-06-06,41.25536346435547,41.36773166539193,40.60522922175388,40.86207169892403,15190400,KO
2019-06-07,41.32758712768555,41.88942794968131,41.29548106305641,41.31153409537097,15293600,KO
2019-06-10,41.23930740356445,41.367728632735,41.0065429688792,41.367728632735,9737400,KO
2019-06-11,41.19917297363281,41.40785630578925,41.078776741594204,41.29548812218168,9915600,KO
2019-06-12,41.44799041748047,41.849307138117275,41.31154420212968,41.33562222559074,11088100,KO
2019-06-13,41.359004974365234,41.82007713789239,41.07588848498764,41.6259400284419,10353600,KO
2019-06-14,41.504608154296875,41.682563833245425,41.29429268957847,41.29429268957847,8694300,KO
2019-06-17,41.1486930847168,41.64212199023842,40.9383806931314,41.45607558230001,12322400,KO
2019-06-18,40.96265411376953,41.49652745086537,40.87367470996931,41.45608310887586,9221100,KO
2019-06-19,41.350929260253906,41.447999393051866,40.82514659327434,40.881769294553585,9414100,KO
2019-06-20,41.7877197265625,41.8928774542938,41.536959940650824,41.658296017702675,10656600,KO
2019-06-21,41.69873809814453,41.97376385034472,41.58549274471583,41.68255974969694,21264400,KO
2019-06-24,41.9980354309082,42.22452925367467,41.82007974566189,41.85243644687208,10780000,KO
2019-06-25,41.868614196777344,42.14364000197768,41.77154717309047,42.06275132985613,11519900,KO
2019-06-26,41.350929260253906,41.771557245261036,41.326663269907314,41.67449019816886,12405100,KO
2019-06-27,41.31855773925781,41.57740514319625,41.22957836558439,41.48842576952283,12374900,KO
2019-06-28,41.189125061035156,41.57739919711932,40.865567395237036,41.472241490025525,16339900,KO
2019-07-01,41.73918533325195,41.76345440046574,41.07588842922891,41.310469869499286,14976400,KO
2019-07-02,42.04656982421875,42.10319250759736,41.6987430059188,41.88478940640636,8569200,KO
2019-07-03,42.14364242553711,42.32969193638493,42.06275374876389,42.06275374876389,7253700,KO
2019-07-05,42.15172576904297,42.159813401023044,41.64211855456671,41.97376700843434,8916300,KO
2019-07-08,42.062747955322266,42.329686106177036,41.97376857170401,42.22452837229139,9495100,KO
2019-07-09,41.731117248535156,42.038499863018245,41.60169347702219,41.836275027172604,10584900,KO
2019-07-10,41.91714859008789,42.038484682060776,41.78772486531248,41.90097023877784,7620900,KO
2019-07-11,42.09510803222656,42.11128638379159,41.78772552390114,42.05466369616652,10376500,KO
2019-07-12,42.15981674194336,42.29733118213943,41.989948685558446,42.264974480245655,7347400,KO
2019-07-15,42.167911529541016,42.297335263900784,41.95759603264064,42.28924454479411,5876100,KO
2019-07-16,42.175987243652344,42.44292535603958,41.909052216969464,42.03038519793283,7132500,KO
2019-07-17,42.208351135253906,42.273061452325386,42.07083669720658,42.24070783664209,8264200,KO
2019-07-18,42.08701705932617,42.20026243389215,41.79581290432506,42.095107777912325,11911800,KO
2019-07-19,41.56931686401367,42.18408179869969,41.553138514605656,42.175991081143366,10355500,KO
2019-07-22,41.43180847167969,41.6744775586636,41.35900743701403,41.6744775586636,12090700,KO
2019-07-23,43.947479248046875,44.198235935219614,42.67750512088575,43.073866944374934,33417900,KO
2019-07-24,43.502586364746094,44.343842048533126,43.37316265075614,43.77761214268782,15633400,KO
2019-07-25,42.92827224731445,43.518768182301095,42.64515881468558,43.38125682522564,19135000,KO
2019-07-26,43.81805419921875,43.93130264307048,43.025333606484104,43.14666968204438,11451900,KO
2019-07-29,43.672462463378906,43.92321920204417,43.59966142312333,43.81806145818498,12283900,KO
2019-07-30,43.454063415527344,43.923223318933346,43.3327273084936,43.648197483934865,8127100,KO
2019-07-31,42.57236099243164,43.28418998700779,42.09511039444945,43.28418998700779,16865500,KO
2019-08-01,42.08701705932617,43.03343056307978,42.07083870785888,42.69369135367681,19527200,KO
2019-08-02,42.329689025878906,42.65324679642983,41.989949818239666,41.989949818239666,13102300,KO
2019-08-05,41.779640197753906,42.59662693981334,41.577415420583186,42.37822381018433,19986500,KO
2019-08-06,42.281150817871094,42.677509597228955,41.747277604865246,41.95758998575037,19903100,KO
2019-08-07,43.01725769042969,43.18712577391361,41.87670999521484,42.28115957629394,17937000,KO
2019-08-08,43.42979049682617,43.50259153745853,42.75031514615917,43.04151930868861,10799000,KO
2019-08-09,43.21138000488281,43.59965421250221,42.93635732685133,43.51067483516046,9260900,KO
2019-08-12,43.03343200683594,43.227566059546454,42.86356393928796,43.09814232917107,6588600,KO
2019-08-13,43.276100158691406,43.36507954992676,42.76649288161033,42.790761951941384,8581200,KO
2019-08-14,42.86357116699219,43.65629203492408,42.847392812254114,43.14668466064442,17088900,KO
2019-08-15,43.57538986206055,43.68054759990956,43.05769497681144,43.219475399878014,12393200,KO
2019-08-16,44.0121955871582,44.076908989944165,43.64010277825357,43.664368761445864,14288700,KO
2019-08-19,44.23869323730469,44.311494283960805,43.93131378316138,44.0364684505605,10936200,KO
2019-08-20,43.58348846435547,44.23060718797692,43.55113175674803,44.182072126565764,8176700,KO
2019-08-21,43.76143264770508,44.01219243699528,43.55920790703046,43.88276872639171,10886500,KO
2019-08-22,44.076900482177734,44.19823346042428,43.76142733304643,43.777605680620155,7467900,KO
2019-08-23,43.47023391723633,44.25486385436346,43.187117413862666,44.02028240217795,14160400,KO
2019-08-26,44.117347717285156,44.117347717285156,43.46213848301497,43.68054156110503,9226900,KO
2019-08-27,44.26295852661133,44.449004944228996,44.012198701628336,44.246780174769995,13537000,KO
2019-08-28,44.57843780517578,44.61079451548674,44.02029535228184,44.21443252844185,10046400,KO
2019-08-29,44.52988815307617,44.76446959743028,44.16588299557923,44.699756198006504,9262800,KO
2019-08-30,44.52180862426758,44.667410713766905,44.33576219561961,44.61887565536537,8746700,KO
2019-09-03,44.73212432861328,44.7563934024513,44.384297432088225,44.47327683618145,12991400,KO
2019-09-04,45.1123046875,45.23363770513873,44.732121110347016,44.77256544955993,10718100,KO
2019-09-05,44.58651351928711,45.11229912129649,44.513712483404355,45.09612077046644,13677000,KO
2019-09-06,44.67549133300781,44.845359382185016,44.29530781614995,44.845359382185016,9093500,KO
2019-09-09,44.10116958618164,44.554154093236704,43.9717458821237,44.51370667858368,10814900,KO
2019-09-10,44.00410461425781,44.03645822748991,43.55920771813919,43.86659018662897,12038200,KO
2019-09-11,44.30339813232422,44.32766411464237,43.656279556300454,43.91512698670996,9740400,KO
2019-09-12,44.57843780517578,44.74021827102483,44.47328003951804,44.57034708474517,12357900,KO
2019-09-13,44.211753845214844,44.643606866737976,44.05694048777224,44.39101370729105,11486100,KO
2019-09-16,43.967308044433594,44.27693784989154,43.698421374948566,44.08138136532208,11172000,KO
2019-09-17,44.19546127319336,44.57027453083356,43.967311505193365,44.0813848350608,11347400,KO
2019-09-18,44.18730926513672,44.236199164829195,43.85323605456721,44.162865869422966,9700400,KO
2019-09-19,44.42361068725586,44.48879411910796,44.10583407484678,44.18731414172823,7560300,KO
2019-09-20,43.92658233642578,44.5621356789981,43.918435571534346,44.5621356789981,19211500,KO
2019-09-23,44.113975524902344,44.29323538036887,43.90212551156776,43.92656890703503,6485300,KO
2019-09-24,44.24435043334961,44.49694361175515,44.03250039630308,44.20361040025589,10093000,KO
2019-09-25,44.13842010498047,44.391013261893,43.999903382595065,44.358419994885246,10248400,KO
2019-09-26,44.317684173583984,44.47250065243937,44.105834134446766,44.38287071378948,10031200,KO
2019-09-27,44.252506256103516,44.521392997294804,43.999913043728675,44.45620955723189,7939900,KO
2019-09-30,44.358428955078125,44.55398548836109,44.12213549220433,44.12213549220433,9808700,KO
2019-10-01,44.529541015625,44.63546448984948,44.008057975509296,44.431761197203926,14261500,KO
2019-10-02,43.25028991699219,44.35843335461761,43.103623279549744,44.17102667527803,14343600,KO
2019-10-03,43.869544982910156,43.983618339231775,43.03843510479658,43.5925083568723,13817500,KO
2019-10-04,44.43990707397461,44.43990707397461,43.91027731740861,43.999907255436575,9295400,KO
2019-10-07,43.893985748291016,44.293245579694684,43.8125056724612,44.268802178598875,5964900,KO
2019-10-08,43.65768814086914,44.05694482610769,43.551761565732946,43.902131453420445,13301900,KO
2019-10-09,43.861392974853516,44.056946388523436,43.62509641742569,44.04879962473113,7135000,KO
2019-10-10,43.72288131713867,43.90214123681405,43.47843795011426,43.63325135730098,8942900,KO
2019-10-11,43.429542541503906,43.75546906183199,43.34806246555472,43.714729023857394,8981700,KO
2019-10-14,43.429542541503906,43.73917242498902,43.364359102397685,43.58435903737929,7306300,KO
2019-10-15,43.60065460205078,43.7391744675519,43.40510116733437,43.53547115990058,9564300,KO
2019-10-16,43.584354400634766,43.649537832806416,43.291021185199035,43.559907893838236,10454800,KO
2019-10-17,43.828800201416016,44.097686925335324,43.65769018544322,43.747317021239326,13190300,KO
2019-10-18,44.635467529296875,45.13250409452018,44.366580780993026,44.81472743367664,18122400,KO
2019-10-21,44.18730926513672,44.45619905104789,43.7391627302164,44.36656912241084,12778900,KO
2019-10-22,43.877685546875,44.34212877955831,43.7880587140497,44.18731540475234,9533400,KO
2019-10-23,44.521385192871094,44.53768182709651,44.00805209369847,44.04879523339459,8556600,KO
2019-10-24,44.49694061279297,44.668050605213466,44.399163918304836,44.464347345208566,11051400,KO
2019-10-25,43.79620361328125,44.45620333554526,43.731017074075545,44.44805346401191,9782400,KO
2019-10-28,43.6495361328125,43.959165971298496,43.48657289633223,43.788055971713554,8866100,KO
2019-10-29,43.51918029785156,43.72288363253693,43.39695705373385,43.502883658084784,7999700,KO
2019-10-30,43.95101547241211,44.04064540660981,43.31546227830497,43.608795478128314,8620900,KO
2019-10-31,44.35028076171875,44.382874034259935,43.87768763466818,43.96731758002367,13982000,KO
2019-11-01,43.91842269897461,44.602865755081865,43.87767956166164,44.51323582621729,9889500,KO
2019-11-04,43.299171447753906,43.999911272753586,43.160654700529385,43.96731799990114,17515100,KO
2019-11-05,42.71250534057617,43.095468529255804,42.46806200859017,43.095468529255804,19284000,KO
2019-11-06,43.022125244140625,43.022125244140625,42.704348675408845,42.80212536388058,13288900,KO
2019-11-07,42.6065788269043,43.185095396611054,42.337689005108956,43.087318692442466,11725500,KO
2019-11-08,42.541385650634766,42.85916222082208,42.443608961715185,42.745088899038414,7141800,KO
2019-11-11,42.23991775512695,42.67176777021034,42.19102784259711,42.639177603456226,8198300,KO
2019-11-12,42.13398361206055,42.29694684967973,42.028060149633525,42.29694684967973,12656900,KO
2019-11-13,42.70436477661133,42.73695805447913,42.33769817126371,42.51695809127056,12257900,KO
2019-11-14,42.88362121582031,42.91621138277676,42.655471397530334,42.80213802776468,8660300,KO
2019-11-15,42.91620635986328,42.92435623184789,42.67991291282224,42.89176296044035,8982400,KO
2019-11-18,43.209537506103516,43.543610751286515,42.91620429408619,42.9243541656785,13782000,KO
2019-11-19,43.25028991699219,43.43769659633176,43.07917676779869,43.30732659730136,12679500,KO
2019-11-20,43.36434555053711,43.51101212802317,43.19323247129358,43.266565760036606,11970300,KO
2019-11-21,43.15250015258789,43.46212999460641,43.00583354890887,43.27472335840882,7856100,KO
2019-11-22,43.209537506103516,43.33990747719285,42.981390833763506,43.15250083801851,9113300,KO
2019-11-25,43.36434555053711,43.50286225801579,42.99767910682195,43.41323233752267,10963500,KO
2019-11-26,43.91842269897461,43.95101285725402,43.36434960077993,43.437682896372316,13219800,KO
2019-11-27,43.95916748046875,44.08138758082601,43.673981029771184,43.94287084543472,9595200,KO
2019-11-29,43.83604431152344,44.106939578459865,43.68828211810946,44.08231359005213,7222300,KO
2019-12-02,44.12334442138672,44.12334442138672,43.38453368080758,43.770357415496996,13173800,KO
2019-12-03,44.16438293457031,44.19721965903379,43.836025084382676,44.090501870268675,14498300,KO
2019-12-04,44.5666389465332,44.58305731391002,44.098726436485705,44.1643967745096,13624000,KO
2019-12-05,44.48453903198242,44.56663085395998,44.189017867311655,44.500957396377935,14068100,KO
2019-12-06,44.67335510253906,44.73902857420042,44.46813020082255,44.583058776229926,7843500,KO
2019-12-09,44.38603973388672,44.74723441926102,44.34499538146654,44.57484626020624,13887200,KO
2019-12-10,44.139766693115234,44.386035917947524,44.106929961408774,44.36140993490922,8993900,KO
2019-12-11,44.287532806396484,44.45171334809668,44.049471177505374,44.279322056995625,8879100,KO
2019-12-12,44.44349670410156,44.69797666655905,44.27931618417683,44.33677889642804,11233300,KO
2019-12-13,44.67335510253906,44.78007292824703,44.197234958928156,44.27932366702137,13072200,KO
2019-12-16,44.67335510253906,45.00992694757829,44.63231074849246,44.89499837217092,9538100,KO
2019-12-17,44.67335510253906,44.80470204586178,44.56664040831458,44.65693986610721,9230000,KO
2019-12-18,44.25469970703125,44.94425553362846,44.23828133836422,44.763656609774735,15132100,KO
2019-12-19,44.59125900268555,44.60767736787926,44.262897961777156,44.361408152939454,13385900,KO
2019-12-20,45.12485122680664,45.313657755734624,44.71440143396753,45.100222109827584,23832800,KO
2019-12-23,45.075592041015625,45.34649038286128,45.018129325742265,45.14947312229325,9300800,KO
2019-12-24,44.911415100097656,45.149476728951775,44.85395238023402,44.98529618727709,3359300,KO
2019-12-26,45.1658935546875,45.1658935546875,44.97708703422504,45.08380172091039,6228500,KO
2019-12-27,45.43678665161133,45.51887848154764,45.14947307554204,45.15768069279411,6895500,KO
2019-12-30,45.371116638183594,45.46962370331673,45.19872849132983,45.29723555646296,6431700,KO
2019-12-31,45.43678665161133,45.461415766333786,45.13305470955478,45.31365360393154,7982600,KO
2020-01-02,45.141265869140625,45.50246052969843,44.952456224310225,45.41216108168819,11867700,KO
2020-01-03,44.89499282836914,45.141265185205114,44.40245437766339,44.59126088815003,11354500,KO
2020-01-06,44.87857437133789,45.07559163010993,44.75544132465307,44.86215913696639,14698300,KO
2020-01-07,44.53379440307617,44.82110795308353,44.45170571206917,44.697974916573024,9973900,KO
2020-01-08,44.615882873535156,44.85394446035464,44.451705492332714,44.550212547350746,10676000,KO
2020-01-09,45.4285774230957,45.47783251931051,45.01812768242136,45.14947147417783,15398000,KO
2020-01-10,45.584556579589844,45.91291769230694,45.51888623593661,45.54351222337112,13040100,KO
2020-01-13,46.077083587646484,46.15917227396458,45.49424264145046,45.58454207528996,14302900,KO
2020-01-14,45.970367431640625,46.20842901453891,45.830816033620586,46.167384669914355,16345300,KO
2020-01-15,46.54499816894531,46.7748490065876,45.97036794335679,45.97036794335679,17735400,KO
2020-01-16,46.64351272583008,46.75023054539312,46.47112456987053,46.66813871054336,10234100,KO
2020-01-17,46.74202346801758,46.91441476900275,46.62709802168317,46.68456074485037,14264300,KO
2020-01-21,46.93083190917969,46.996505384882084,46.438293367346446,46.66814426933747,11968900,KO
2020-01-22,47.29202651977539,47.31665250573335,46.939039440788434,46.99650216234599,12869600,KO
2020-01-23,47.472618103027344,47.48903333680872,46.98828728791933,47.10321271328682,12858900,KO
2020-01-24,47.349491119384766,47.50546092244396,47.16889219790727,47.489042553992945,8594300,KO
2020-01-27,47.185302734375,47.48903467159517,46.897989162880656,46.963659494300906,14359900,KO
2020-01-28,46.79948043823242,47.40694746323293,46.76664683723271,47.16067823257771,15240200,KO
2020-01-29,46.79948043823242,47.00470531902563,46.51216685771519,46.79127282085329,13163600,KO
2020-01-30,48.31814193725586,48.4166489940517,47.41515066693153,47.554705201251615,20225600,KO
2020-01-31,47.94053649902344,48.49874846131561,47.735311604989064,48.40844900690314,17685200,KO
2020-02-03,48.08829116821289,48.408441451904025,48.03903607399776,48.227842571264766,12333600,KO
2020-02-04,48.30173110961914,48.8024803513169,48.12113220107677,48.22785002262302,15417900,KO
2020-02-05,48.3099365234375,48.498746172744895,48.05545967099255,48.35098400549411,11414900,KO
2020-02-06,48.42486572265625,48.712179311912095,48.30172953784189,48.41665497354422,9347000,KO
2020-02-07,48.58904266357422,48.69576048062974,48.309936694609725,48.3345658102276,8757800,KO
2020-02-10,49.04875946044922,49.12264056230172,48.67114633164041,48.69577232176324,7984900,KO
2020-02-11,48.91739273071289,49.089780843851585,48.6957495288992,49.02411052376745,7431200,KO
2020-02-12,48.7696418762207,49.06516621365817,48.69576079186133,48.82710459389096,9179100,KO
2020-02-13,48.93382263183594,49.122629152385464,48.60546155954259,48.745016111286404,8173200,KO
2020-02-14,49.21292495727539,49.31143201907094,48.94202662298383,48.95023737149857,9965500,KO
2020-02-18,48.8681526184082,49.19651371390758,48.80248227819842,49.098006637851164,10075700,KO
2020-02-19,49.06516647338867,49.253972994088016,48.81889723471489,48.85173083678366,6265700,KO
2020-02-20,49.02412414550781,49.13904958619989,48.523374898363734,48.991287410600535,7597200,KO
2020-02-21,49.36069107055664,49.36069107055664,48.78606075632353,48.851731092287814,10842400,KO
2020-02-24,48.145755767822266,49.08978829119186,48.080082306292375,48.5233687771701,14415500,KO
2020-02-25,47.464412689208984,48.59725496790644,47.30023214959606,48.186805184615814,15915100,KO
2020-02-26,47.28380584716797,47.9979906049049,47.18529879252532,47.59574850693297,15837800,KO
2020-02-27,45.092010498046875,47.52187230488677,45.050966148694926,46.914408418918356,23754000,KO
2020-02-28,43.90991973876953,44.23827769058369,42.342001672416394,44.189025720127425,40890600,KO
2020-03-02,45.90470504760742,45.937541783820635,44.082310028543446,44.27111656454414,25698600,KO
2020-03-03,46.019615173339844,47.19350140469662,45.6748358443033,46.59424216926364,27099200,KO
2020-03-04,48.36739730834961,48.433070771830074,46.306940929637875,46.306940929637875,20526100,KO
2020-03-05,46.57784652709961,47.75173012063988,46.12634922402614,47.44799813342248,17948500,KO
2020-03-06,45.36290740966797,45.89649336569754,44.31215699574503,45.10021980618723,22353900,KO
2020-03-09,42.571861267089844,43.98380983024475,42.25991848724502,42.727831091270254,27898300,KO
2020-03-10,44.04947280883789,44.16439825283918,42.005431408512145,43.68827810890764,27457400,KO
2020-03-11,42.85915756225586,43.22035530779683,41.980795441662075,42.97408297893426,22653900,KO
2020-03-12,38.713619232177734,40.98751116054476,38.32779547569275,39.84646138790016,31913100,KO
2020-03-13,40.13795471191406,41.040582639677865,38.597690251789906,40.99917516750195,33697200,KO
2020-03-16,37.47975158691406,39.64937279196409,34.092827252086956,34.978895904787535,28682300,KO
2020-03-17,39.0697021484375,39.33469351519257,37.57084216358529,37.99317432612675,32106700,KO
2020-03-18,37.14022445678711,37.38865658742443,34.44062415556625,37.04913625569196,35408300,KO
2020-03-19,34.639366149902344,36.982883558484545,33.98516749406117,36.73445460887076,41956900,KO
2020-03-20,31.716182708740234,34.838115494962494,31.061983913020878,34.73874452565897,51513500,KO
2020-03-23,31.103397369384766,32.204767318552946,30.035148977065777,32.097113571689455,44978500,KO
2020-03-24,32.668495178222656,34.283288316109314,32.15507485566063,34.13423029360003,49096200,KO
2020-03-25,34.457191467285156,35.980893380949205,33.049422879832576,33.64565502485866,42511700,KO
2020-03-26,36.6765022277832,37.48803879701042,35.1528000760442,35.47575815207938,37821700,KO
2020-03-27,35.450923919677734,36.4612026824694,35.11140341205275,36.1548068972828,23297900,KO
2020-03-30,37.26445007324219,37.728186589152195,35.64137700597704,35.64137700597704,23446000,KO
2020-03-31,36.64337158203125,37.6867746710409,36.48603394861718,37.32241233942325,25373900,KO
2020-04-01,34.8795280456543,36.14652162923544,34.61453662558631,35.177644182967505,21936400,KO
2020-04-02,36.39494705200195,36.59368901770975,34.664220235809175,34.96233634331746,17621900,KO
2020-04-03,36.29558181762695,36.717910930854266,35.86496994513115,36.088557061173994,14207100,KO
2020-04-06,38.647369384765625,38.92892310243182,37.00773414386706,37.587403934232306,22850000,KO
2020-04-07,38.5148811340332,40.24560808204442,38.49003917616432,40.16279944985026,21279600,KO
2020-04-08,39.59968948364258,39.8232765676266,38.365823881109954,38.62253252057756,18937100,KO
2020-04-09,40.57684326171875,41.18135503736059,40.038577750790864,40.11310677293555,19165300,KO
2020-04-13,38.8626823425293,40.27873072935506,38.50659955628235,40.03858128580309,19586000,KO
2020-04-14,40.510597229003906,40.78387138605767,38.86268216434389,39.69906067491331,21801900,KO
2020-04-15,39.42578887939453,40.07998776430985,39.260168468676575,39.508597505280214,12893200,KO
2020-04-16,39.00344467163086,39.62451865149088,38.721891007736495,39.25187679073136,17606800,KO
2020-04-17,39.798439025878906,39.9971810166122,39.22704869488995,39.9971810166122,19844600,KO
2020-04-20,38.53144454956055,39.74875106168775,38.34926492194505,39.57485103394012,18957900,KO
2020-04-21,37.57912826538086,38.837838948970344,36.65165524024342,37.993177707655825,26863700,KO
2020-04-22,37.82755661010742,38.21676408962122,37.6784985608871,38.13395230730632,15811600,KO
2020-04-23,37.322410583496094,38.175351289103254,37.23960197168909,38.051138371392746,17668200,KO
2020-04-24,37.62052917480469,37.8855205411748,37.36381740659465,37.67849583876401,15175000,KO
2020-04-27,38.73846435546875,38.904084762231676,37.852398812075556,38.09254824393448,19175500,KO
2020-04-28,38.70534896850586,39.74875232715704,38.56457049469473,39.66594369005428,17246700,KO
2020-04-29,39.02001953125,39.63281411107741,38.821277562998205,39.144235630617345,15780000,KO
2020-04-30,38.00144958496094,38.92063966547042,37.84411196608701,38.92063966547042,20801100,KO
2020-05-01,37.76130676269531,38.415505620420454,37.43834871263888,37.77786911897339,14290400,KO
2020-05-04,37.380374908447266,37.661928593527264,36.93320085115328,37.52943292754526,22544200,KO
2020-05-05,37.5956916809082,38.175358389260374,37.38866695394053,37.562566966446184,13370500,KO
2020-05-06,37.05742263793945,37.78615049275475,37.032580683905344,37.59568814095175,11892900,KO
2020-05-07,36.93320846557617,37.46319439771588,36.850399841869674,37.38866537280143,16466000,KO
2020-05-08,38.183631896972656,38.27472326020207,37.16507086612216,37.33069123936239,13985100,KO
2020-05-11,37.71161651611328,38.18363253441299,37.69505416261818,37.83582942890767,10874600,KO
2020-05-12,37.11539840698242,37.96833940012401,37.09883604724848,37.76131464187045,13424400,KO
2020-05-13,36.386661529541016,37.0822646745625,36.038861536503454,37.02429800905624,15854800,KO
2020-05-14,36.18791961669922,36.48603570186902,35.798712154511264,35.9229282429808,18000800,KO
2020-05-15,35.82356262207031,37.00774448683347,35.773878702032235,36.40323257444237,31579400,KO
2020-05-18,37.23960876464844,37.5874087884161,36.544005558166496,37.115392665333346,26118500,KO
2020-05-19,36.88353729248047,37.537736386104385,36.64338777827205,37.27274174904667,17839900,KO
2020-05-20,38.00144958496094,38.2333162146585,37.28100458629645,37.43006260794371,22295900,KO
2020-05-21,37.405216217041016,38.167068652579,37.28928290616358,38.15878905563596,13193500,KO
2020-05-22,37.2892951965332,37.52116505365705,36.97461986584922,37.446636020822034,13008400,KO
2020-05-26,38.16707229614258,38.86267538675773,38.034576619784744,38.85439263007818,22223100,KO
2020-05-27,38.697052001953125,38.99516804038617,38.23331559117441,38.920639030777906,18447600,KO
2020-05-28,38.99516677856445,39.30156240417466,38.771579756974596,39.169066742374646,16230600,KO
2020-05-29,38.65565490722656,39.07798393446666,38.20848076618661,38.65565490722656,51125000,KO
2020-06-01,38.91236877441406,39.11111074177924,38.58112795020994,38.63909462060367,17010700,KO
2020-06-02,38.83784103393555,39.15251635251599,38.55628727171582,39.053145365540416,15255100,KO
2020-06-03,39.66593551635742,39.84811511223238,39.02001627605745,39.14423236506224,15508300,KO
2020-06-04,39.682498931884766,39.972335450726554,39.235327913610455,39.69906128944259,13604700,KO
2020-06-05,40.6513671875,40.98260794638206,40.129664097891855,40.19591351324666,20504800,KO
2020-06-08,41.280723571777344,41.38009770138897,40.966048304845785,41.02401496764613,19896700,KO
2020-06-09,40.57684326171875,41.06542170490138,40.311851884970174,41.06542170490138,16713700,KO
2020-06-10,40.26216506958008,40.800430583881706,40.22076075900605,40.70933920525099,15716600,KO
2020-06-11,37.71161651611328,39.68248919784173,37.645367102132866,39.59140099203755,26070400,KO
2020-06-12,38.104366302490234,38.64752193994763,37.61134913834509,38.61409629107279,21822700,KO
2020-06-15,38.689300537109375,38.81464512050861,37.1601138329227,37.2436747634254,15622300,KO
2020-06-16,39.08203887939453,39.85080954126704,38.59737661962249,39.74218098316207,18803500,KO
2020-06-17,38.923274993896484,39.324373178631916,38.80628523415926,39.090396846802484,12602800,KO
2020-06-18,39.2658805847168,39.30766104867975,38.497106659689116,38.68929934403477,9380800,KO
2020-06-19,38.455322265625,39.93437348980036,38.455322265625,39.91766066839419,30464600,KO
2020-06-22,38.22135543823242,38.56396036439133,37.92053097864992,38.46368341943364,20876200,KO
2020-06-23,38.137794494628906,38.68095016830728,38.08765920561865,38.43861897927259,14675300,KO
2020-06-24,37.31052017211914,37.970659069300424,37.18517560849332,37.91216578964695,17631800,KO
2020-06-25,37.544498443603516,37.58627890799815,36.79243733391978,37.16011307094076,13829700,KO
2020-06-26,36.408042907714844,37.61133719634205,36.357904450322096,37.53613110407508,21955100,KO
2020-06-29,37.06819534301758,37.24367521177283,36.39134032227492,36.767370889354176,17603900,KO
2020-06-30,37.335594177246094,37.46093876224901,36.80079656483804,36.97627643372595,23679800,KO
2020-07-01,37.452579498291016,38.04587038039686,37.36066056406291,37.54449843251913,14316500,KO
2020-07-02,37.502708435058594,37.96229980172726,37.435857158924236,37.84531325613643,15111900,KO
2020-07-06,37.795188903808594,37.82861455434988,37.27710407100062,37.719982783913444,15146000,KO
2020-07-07,37.77846908569336,38.02080022579363,37.43586420017552,37.6029892343014,13043600,KO
2020-07-08,37.66147994995117,37.75339887183467,37.160108069407144,37.719973229759816,13851200,KO
2020-07-09,36.692161560058594,37.64477012140465,36.625313458239624,37.64477012140465,16087100,KO
2020-07-10,37.728336334228516,37.811897263066754,36.65038313893168,36.667095962228345,15627800,KO
2020-07-13,37.811893463134766,38.171211158790506,37.56956233115396,38.04586659048463,16705300,KO
2020-07-14,38.32997512817383,38.38846840534997,37.327228224569986,37.52777888034857,17080100,KO
2020-07-15,38.772857666015625,39.43299654833799,38.6057326474912,38.68929356293111,23738000,KO
2020-07-16,38.563961029052734,39.01519453855837,38.388477966174925,38.6558767820469,13306100,KO
2020-07-17,39.12382507324219,39.19903118706886,38.547246992334514,38.83135862371914,13899800,KO
2020-07-20,38.53888702392578,39.13218108618675,38.31326869393556,39.04026215311906,16633200,KO
2020-07-21,39.44136047363281,40.10150264270411,39.2157421429004,39.708759268357504,25681500,KO
2020-07-22,40.51095199584961,40.54437763908433,39.29929952357164,40.05136055812894,29831200,KO
2020-07-23,40.34382629394531,40.58615742188514,40.13492080868231,40.502596502837825,15935000,KO
2020-07-24,40.519317626953125,40.77835844166644,40.16835468222052,40.444111509342235,16196800,KO
2020-07-27,40.51095199584961,40.53601963445326,40.260266046878776,40.260266046878776,17346500,KO
2020-07-28,40.2602653503418,41.17944820988048,40.19341406502894,40.39396473332278,13872700,KO
2020-07-29,40.126564025878906,40.52766215541515,39.959439008327664,40.226837761351824,13758100,KO
2020-07-30,39.85081481933594,40.302051495927074,39.441361795782825,39.83410199564977,17276500,KO
2020-07-31,39.474788665771484,39.91766735041382,39.04861961768768,39.64191053251897,14849200,KO
2020-08-03,38.689300537109375,39.575061063605844,38.63080724822845,39.391223191325686,14137500,KO
2020-08-04,39.015193939208984,39.15725135100919,38.62245372748077,38.68094701832636,11717200,KO
2020-08-05,39.458072662353516,39.49985312567406,39.115467762893076,39.190673871928055,10498700,KO
2020-08-06,39.67534255981445,39.71712303321867,38.93999411484625,38.99013259551879,10745000,KO
2020-08-07,39.94273376464844,40.17671010866159,39.44971662255508,39.66698014287835,11669700,KO
2020-08-10,39.87588882446289,40.343835174362965,39.825750349411265,40.16000047446455,11888000,KO
2020-08-11,40.05136489868164,40.653013791530974,39.85917221072035,40.49424356278177,16531600,KO
2020-08-12,40.46916961669922,40.68642991213349,40.21012567538041,40.360537875159764,9562200,KO
2020-08-13,40.427398681640625,40.71986514585872,40.15999986074254,40.3271217330698,9882900,KO
2020-08-14,40.48589324951172,40.686440777678456,40.1349302937517,40.39397430424968,10075800,KO
2020-08-17,40.28534698486328,40.73658375456423,40.27699216511882,40.37726594028153,9102400,KO
2020-08-18,40.46082305908203,40.52767436129423,40.0764376342985,40.27698835328956,9829000,KO
2020-08-19,39.58340835571289,40.42738825649442,39.45806698378965,40.210124778262816,17371000,KO
2020-08-20,39.566707611083984,39.7756131490256,39.34944725418874,39.49985949651835,11308700,KO
2020-08-21,39.508201599121094,39.69203943338512,39.24916085554307,39.5583400596416,14734100,KO
2020-08-24,40.08479309082031,40.09314790924256,39.42465086787608,39.63355639253094,9257700,KO
2020-08-25,40.03465270996094,40.151639288170756,39.81739237723487,40.10985882275942,7827800,KO
2020-08-26,40.243560791015625,40.26027361577498,39.66698268122204,39.90931067111925,10124200,KO
2020-08-27,40.30205154418945,40.79506868676383,40.27698390245276,40.31876436789564,10931600,KO
2020-08-28,41.63904571533203,41.65575535017448,40.55273456716588,40.7365724268823,16420300,KO
2020-08-31,41.38835525512695,41.83959188506367,41.23794304514805,41.61397357009531,18510800,KO
2020-09-01,41.04575729370117,41.23794999715351,40.803429303567164,41.20452753524752,12588400,KO
2020-09-02,42.77549362182617,42.91755103464288,41.246306855335256,41.246306855335256,26332600,KO
2020-09-03,42.18220520019531,43.56933782362656,41.86466789478946,42.950979225760186,22289400,KO
2020-09-04,42.6501579284668,43.009475730113955,42.01508327026199,42.56659379573157,21019500,KO
2020-09-08,41.622337341308594,42.65015212679598,41.246306764265576,42.558233187113764,17776700,KO
2020-09-09,41.93987274169922,42.41617709152666,41.405075098920705,41.44685556707927,15252300,KO
2020-09-10,41.78110122680664,42.349324458502814,41.73932076310884,42.073567660336266,15439500,KO
2020-09-11,42.666866302490234,42.783852888465624,41.86466665017468,42.11535583457382,18272300,KO
2020-09-14,42.717403411865234,43.15544462128515,42.59946985806916,42.93642562329936,10911700,KO
2020-09-15,43.00381088256836,43.28179984526504,42.82691056818758,42.961692219160746,12838400,KO
2020-09-16,42.78479766845703,43.34077245529951,42.74267899937548,42.91957933758707,15353900,KO
2020-09-17,42.58261489868164,42.650007326266355,42.06875888541552,42.30462916851422,13287100,KO
2020-09-18,42.498382568359375,43.09647597289445,42.29620847531113,42.75109777458353,23816600,KO
2020-09-21,41.35273361206055,42.13615293900145,40.94838867129233,41.908708307297836,17514800,KO
2020-09-22,41.8328971862793,42.15300483150655,41.33588921610339,41.369585434221676,13034600,KO
2020-09-23,40.61144256591797,42.05192236109806,40.577746342844485,41.89187012167206,17121200,KO
2020-09-24,41.024208068847656,41.36116061655821,40.06388832702772,40.61143742210048,16788100,KO
2020-09-25,41.04104995727539,41.07474295752548,40.41768285765558,40.60300881954618,12603400,KO
2020-09-28,41.51279830932617,41.87502469698611,41.394864734450636,41.53807208497729,11215700,KO
2020-09-29,41.20952224731445,41.74865199537277,41.20109980109449,41.605444702052516,12426600,KO
2020-09-30,41.58860778808594,41.79920434818241,41.184262778314526,41.504370449426744,15755900,KO
2020-10-01,41.42855453491211,41.832899534685886,40.93154653683526,41.64757353807975,17577300,KO
2020-10-02,41.58018493652344,41.76551093591531,40.89785093158392,41.07475126912246,13610100,KO
2020-10-05,41.5970344543457,41.74023857621357,41.37801222702611,41.63915312469222,10628700,KO
2020-10-06,41.22637939453125,41.89186526252191,41.13371961200008,41.74023548972788,10077400,KO
2020-10-07,41.7486572265625,41.917131879652835,41.23480117967212,41.29376795094334,10135600,KO
2020-10-08,42.50680923461914,42.57420167680625,41.73181543015848,41.87501954963331,12143900,KO
2020-10-09,42.8016471862793,43.15544787433695,42.624743628801895,42.68371041014484,11407800,KO
2020-10-12,43.037513732910156,43.40816252685991,42.81849472135996,42.826917169960595,11386500,KO
2020-10-13,42.304630279541016,42.953267951563625,42.03506698901836,42.953267951563625,14365300,KO
2020-10-14,42.220394134521484,42.53207933253554,41.82447481794811,42.16142735942655,10582100,KO
2020-10-15,42.11088562011719,42.228819168555354,41.52963711217452,41.61387765637906,9961700,KO
2020-10-16,42.14458084106445,42.414144169801055,42.009799176696156,42.11088783505865,13569800,KO
2020-10-19,41.7992057800293,42.523658485729314,41.6644241054885,42.14458402188063,9930400,KO
2020-10-20,42.329898834228516,42.641580771650496,41.94240202408791,42.02663934335404,10970700,KO
2020-10-21,42.11088562011719,42.4815343742726,41.92555963631539,42.085611850131734,12517400,KO
2020-10-22,42.69213104248047,43.130172233311505,42.439415836006305,43.10489846325035,20189200,KO
2020-10-23,42.557350158691406,43.11332490842409,42.515231492421165,42.961695139092605,13491300,KO
2020-10-26,41.95083999633789,42.54893353944167,41.44540946678942,42.405729401000876,14696400,KO
2020-10-27,42.03507995605469,42.3636101168841,41.74024280684835,41.959265056367215,13892100,KO
2020-10-28,40.40083694458008,41.403278469114454,40.24920718815384,41.27691926760993,19886200,KO
2020-10-29,40.45138168334961,40.83887852555313,39.844862651415056,40.2070889384373,15369900,KO
2020-10-30,40.48508834838867,40.53562947179583,39.90383972161563,40.274491764995275,15804000,KO
2020-11-02,40.95682144165039,41.2348104660611,40.6367169579304,41.06633256158025,15156100,KO
2020-11-03,41.57175064086914,42.08560664995517,41.27691680620394,41.46224276710652,15285100,KO
2020-11-04,41.420127868652344,42.29621028697272,41.344316195641255,41.63915007995661,12930800,KO
2020-11-05,41.6475715637207,42.29620930764422,41.5633342311377,41.91713488412421,12452400,KO
2020-11-06,41.6559944152832,42.110883692824196,41.48751654803306,41.82447228253335,9294900,KO
2020-11-09,44.28424072265625,44.86548602341457,43.86304763743909,44.2252739478017,33442000,KO
2020-11-10,45.472007751464844,45.724722974672225,44.183157863693296,44.28424331028657,29706700,KO
2020-11-11,45.13505935668945,45.74157530566618,44.92446278234159,45.42989327539698,17399900,KO
2020-11-12,44.65488815307617,44.8233660248433,44.317935622990035,44.68858437011922,15024400,KO
2020-11-13,45.025543212890625,45.06766188036953,44.55380578216124,44.85706532952668,12447900,KO
2020-11-16,45.36249542236328,46.011133179656966,44.882335547156636,45.91004773578407,14908200,KO
2020-11-17,45.21928024291992,45.27824700519973,44.67172806352454,45.202432137490334,14248400,KO
2020-11-18,44.31793975830078,45.50570420558968,44.27582108979093,45.27825953949839,15278200,KO
2020-11-19,44.7559814453125,44.84021878320725,43.76196543360185,44.2168547705098,17189500,KO
2020-11-20,44.36847686767578,44.857062375915504,44.30108764683645,44.806518050199905,15645600,KO
2020-11-23,44.37690353393555,44.789670956228036,43.972558559395715,44.60434818463574,13191900,KO
2020-11-24,44.831787109375,45.14346905158625,44.66330925480618,44.76439468216835,13827600,KO
2020-11-25,44.58749771118164,44.8823315686125,44.4695641682093,44.705431254153986,10194800,KO
2020-11-27,44.39375686645508,44.806524337315615,44.31794197396763,44.73913510702043,8499300,KO
2020-11-30,43.807945251464844,44.30885019617892,43.36647267115414,44.22395237042174,43203600,KO
2020-12-01,44.18150329589844,44.427711523795715,43.96925549363756,44.266401121345005,18968800,KO
2020-12-02,44.24093246459961,44.25791267743438,43.84190555959367,44.062645087801215,14913100,KO
2020-12-03,44.809757232666016,44.94559570340528,44.06264726292233,44.06264726292233,17318900,KO
2020-12-04,45.718170166015625,45.735150376922725,44.792769722765016,44.80974993367212,18122400,KO
2020-12-07,44.98804473876953,45.65874531982055,44.741836515542964,45.64176510732447,16210900,KO
2020-12-08,45.149349212646484,45.40404590764172,44.81824318528825,44.94558991346378,12485800,KO
2020-12-09,45.27670669555664,45.505931492053534,44.99653801750197,45.31066388552061,11508400,KO
2020-12-10,45.03898620605469,45.429521412809,44.97955707627228,45.33613509361141,12097300,KO
2020-12-11,45.2936897277832,45.45500016592221,44.80976489065649,44.826745107231396,10638100,KO
2020-12-14,45.22576141357422,45.70968613635265,45.14935207636476,45.54837897497464,22292000,KO
2020-12-15,45.70969772338867,46.03231536657004,45.50593835963065,45.66724880054394,16193700,KO
2020-12-16,45.04747772216797,45.67572944512005,44.94559643846385,45.50593054425785,15679600,KO
2020-12-17,45.22576141357422,45.59931637401801,45.12388337684307,45.2512301130959,12677300,KO
2020-12-18,45.62479019165039,45.70968801931622,44.673917680841505,45.06445610858011,35480100,KO
2020-12-21,44.835227966308594,44.996535133895435,44.13056369173784,44.724858199725745,14926600,KO
2020-12-22,44.79277801513672,45.1493560329101,44.4786521518122,44.83523016958558,9689500,KO
2020-12-23,45.06446075439453,45.3276459904778,44.94559924930628,44.954090976135014,7040300,KO
2020-12-24,45.370094299316406,45.463483861308994,45.013519504775424,45.013519504775424,3265500,KO
2020-12-28,45.98136520385742,46.21908171352796,45.61629871335221,45.718176754833216,9020500,KO
2020-12-29,45.955894470214844,46.26153181978206,45.862504920219926,46.22757139457583,8320600,KO
2020-12-30,46.21908187866211,46.38039228678164,45.87099560026749,45.88797581368242,8142700,KO
2020-12-31,46.558677673339844,46.63508701110848,46.074752947019974,46.22757162255724,8495000,KO
2021-01-04,44.79277801513672,46.3803940230993,44.17301477619064,46.07475664747774,25611100,KO
2021-01-05,44.30036544799805,44.67392044695982,44.17301545996951,44.427715436026574,20323800,KO
2021-01-06,42.89103698730469,44.164523822181984,42.61086832908232,44.1220749087483,38724500,KO
2021-01-07,42.41560363769531,42.670300374363705,42.04204863982465,42.52597341108801,53225700,KO
2021-01-08,43.366477966308594,43.40892688437031,42.31372730969599,42.47503449378843,29674000,KO
2021-01-11,42.6193733215332,43.17970757375453,42.40712544965171,42.975948191744266,19304400,KO
2021-01-12,42.54295349121094,42.763689798655626,42.24580460049748,42.48352436079718,18538700,KO
2021-01-13,42.58539581298828,42.75519469015306,42.40710844935515,42.432577147404395,18864100,KO
2021-01-14,41.795841217041016,42.60238359796913,41.78735272906368,42.585403383369666,34303600,KO
2021-01-15,41.345882415771484,41.75339790492996,41.20155219162326,41.736417688051034,24366800,KO
2021-01-19,41.184566497802734,41.634534088642056,40.95534169703386,41.37983734661958,29114500,KO
2021-01-20,41.32890319824219,41.44776148062347,41.01477727499948,41.21004491586091,23115800,KO
2021-01-21,41.55812454223633,41.67698280536534,41.14211738264001,41.41379433797626,19702500,KO
2021-01-22,41.16759490966797,41.549638453379536,41.16759490966797,41.43927190186719,15400300,KO
2021-01-25,41.413795471191406,41.464736116202644,40.95534262066972,41.1081580784137,16604200,KO
2021-01-26,41.846778869628906,41.940168423928064,41.26946456909281,41.52416129258943,12922600,KO
2021-01-27,41.2015495300293,41.87225347951619,40.94685277058915,41.50718693681548,21242400,KO
2021-01-28,41.72792053222656,42.025066169278794,41.269464487650644,41.33738210241492,17498900,KO
2021-01-29,40.87893295288086,41.702452322932594,40.84497252313887,41.626042975335544,18670300,KO
2021-02-01,41.15909194946289,41.337379319692396,40.9043952436144,40.98080457923338,12183600,KO
2021-02-02,41.566612243652344,41.89771832428785,41.286446805670266,41.43077376855458,13319800,KO
2021-02-03,41.405311584472656,41.676988577434905,41.32041050001869,41.55813029784458,12274100,KO
2021-02-04,41.60905838012695,41.659999019377224,41.3034242605588,41.56660946674064,20597400,KO
2021-02-05,42.15242385864258,42.26279040764817,41.829806223241675,42.02507385453442,12742000,KO
2021-02-08,42.38164520263672,42.59389303295116,42.016581914049176,42.4156056327618,17833200,KO
2021-02-09,42.194862365722656,42.466539284694655,42.1354332421128,42.322209099753344,14592900,KO
2021-02-10,42.10997009277344,42.941984474242076,42.05054095676068,42.79765425917894,22965400,KO
2021-02-11,42.704261779785156,42.95047003427619,42.27976612941225,42.288257856060795,21928600,KO
2021-02-12,43.035369873046875,43.1712083579464,42.780673118690885,42.93349181903346,13137100,KO
2021-02-16,42.678794860839844,43.060841609871616,42.58540529567153,42.97594053306182,15093400,KO
2021-02-17,42.559940338134766,42.8655777642628,42.356180974501,42.44957054788959,12794300,KO
2021-02-18,43.10329055786133,43.17120818070978,42.47503554362719,42.58540532423149,12747100,KO
2021-02-19,42.54295349121094,43.15422824820347,42.424095230383436,43.12026781978283,15968800,KO
2021-02-22,42.98443603515625,43.196683887853936,42.16940181942677,42.32222053246072,14370900,KO
2021-02-23,42.908023834228516,43.73154324582497,42.806142539862876,43.29855908002848,16222300,KO
2021-02-24,43.052345275878906,43.21365568523339,42.55993203765445,42.78066833644929,14442000,KO
2021-02-25,42.59388732910156,43.08630378403992,42.43258016557578,42.8485872822873,14211100,KO
2021-02-26,41.592079162597656,42.62784619567092,41.57509895042999,42.61935770890924,23638400,KO
2021-03-01,42.364662170410156,42.82311495698578,41.94016657046073,41.974123757086936,13901200,KO
2021-03-02,42.53445816040039,42.92499657685389,42.19486362090555,42.31372187166097,11755100,KO
2021-03-03,42.432586669921875,42.92500320034108,42.20335862010379,42.21185034712202,15410700,KO
2021-03-04,42.39862823486328,43.374969614640335,42.1269512531009,42.71275737642517,22036400,KO
2021-03-05,43.12026596069336,43.256104429874625,42.364664273457265,42.49201101657713,21310800,KO
2021-03-08,43.84191131591797,44.563555882245595,43.43439587031119,43.69758434583937,25084900,KO
2021-03-09,43.17969512939453,44.04566658573608,43.145734702405946,43.909828116426304,23082700,KO
2021-03-10,43.672115325927734,43.83342576050837,43.06084373594114,43.45137899261356,21331600,KO
2021-03-11,43.196678161621094,43.663622727927915,43.137249029835395,43.6466425133256,17417700,KO
2021-03-12,43.11106491088867,43.38500310484881,42.9740958139086,43.307957783697475,17598600,KO
2021-03-15,43.68462371826172,43.761669042471745,43.205233492600215,43.23091417880323,13411900,KO
2021-03-16,43.8472785949707,44.10409526447823,43.69318794014596,43.830157048256716,14214200,KO
2021-03-17,43.864402770996094,44.18970238125748,43.787357438965486,43.87296191206557,17502700,KO
2021-03-18,43.29084396362305,43.8215989009339,43.222361035712666,43.71031373487936,18007300,KO
2021-03-19,43.49629592895508,43.72743191585579,42.94841621985644,43.19667375381659,67845700,KO
2021-03-22,43.65894317626953,43.7274293605051,43.07682367267119,43.07682367267119,17911400,KO
2021-03-23,43.9928092956543,44.215386149740695,43.51341902334756,43.65038813909253,16936700,KO
2021-03-24,44.10409927368164,44.42083975268027,43.78735879468301,43.804477077351976,14997400,KO
2021-03-25,44.532127380371094,44.566370476294196,43.80447628721127,44.25818914418899,17091900,KO
2021-03-26,45.405311584472656,45.46523537594041,44.309555257058584,44.634858171884765,17126700,KO
2021-03-29,46.09870910644531,46.17575443553068,45.12280378176487,45.13992532885064,17514100,KO
2021-03-30,45.49946975708008,46.04734618300417,45.31113601106826,46.013103089983645,14871800,KO
2021-03-31,45.122802734375,45.51658851140354,44.943031392549074,45.396740950186256,15826500,KO
2021-04-01,44.951595306396484,45.49947506179818,44.908793067931114,45.33682198378773,15834700,KO
2021-04-05,45.20841598510742,45.559399571050136,44.76326551368714,44.814626894419256,16368700,KO
2021-04-06,45.533714294433594,45.927503373700404,45.28546000835846,45.40530758072607,15614300,KO
2021-04-07,45.610755920410156,45.79908967059,45.473786810897856,45.610755920410156,10062700,KO
2021-04-08,45.473777770996094,45.696354570707435,45.34537109325541,45.516579996909655,9695600,KO
2021-04-09,45.525146484375,45.61075094387956,45.208406065487175,45.51658407906406,10828200,KO
2021-04-12,45.67068099975586,45.84189320791265,45.45666655596019,45.65356271798131,8565300,KO
2021-04-13,45.44811248779297,45.61932471505972,45.208417328980495,45.40531024737669,11071700,KO
2021-04-14,45.43954849243164,45.53371210504895,45.071443386086976,45.353940755141444,9787600,KO
2021-04-15,45.653564453125,45.93606183155944,45.47378983164703,45.48235223846099,13078100,KO
2021-04-16,45.95317459106445,46.05590059397601,45.69635795098518,46.00453922532061,17974100,KO
2021-04-19,46.22712326049805,46.53530460473094,45.627882120667586,46.22712326049805,19352900,KO
2021-04-20,46.372650146484375,46.73219612593121,46.064472077017456,46.090152766406014,14419200,KO
2021-04-21,46.74930953979492,46.86059795045044,46.432569118576254,46.432569118576254,13866500,KO
2021-04-22,46.60377883911133,46.97188390209219,46.501052832065774,46.62946279007338,12558900,KO
2021-04-23,46.62947463989258,46.732200673043614,46.37265465861242,46.569550848420995,9020500,KO
2021-04-26,45.936065673828125,46.6637135650117,45.86758274159517,46.629473731696045,11684600,KO
2021-04-27,45.86757278442383,45.970298793273784,45.644995955381155,45.85045123868201,9852400,KO
2021-04-28,45.876136779785156,46.26992257672034,45.74772680593176,46.209998793082434,10868100,KO
2021-04-29,46.44969177246094,46.53529950625827,45.73916554274935,45.833332417125845,15391000,KO
2021-04-30,46.209999084472656,46.45825662716732,45.96174154177799,46.441135079505486,14912600,KO
2021-05-03,46.63802719116211,46.91196541792008,46.36408896440413,46.45825584215242,10417900,KO
2021-05-04,46.34695816040039,46.75786541846903,46.17574598647164,46.715063191386996,14151000,KO
2021-05-05,46.22712326049805,46.43257857852048,45.97886570368805,46.34697083534384,9665900,KO
2021-05-06,46.689388275146484,46.749312053583004,46.269918560489835,46.329842338926355,11572700,KO
2021-05-07,46.6637077331543,46.88628458269827,46.3640888190773,46.6037839503389,10637500,KO
2021-05-10,47.00613784790039,47.511212125443585,46.937654915922515,46.98045715660889,15545800,KO
2021-05-11,46.501068115234375,47.203035381024435,46.26993207421541,47.10886848294982,12986700,KO
2021-05-12,46.261356353759766,46.706506725210104,46.124387259898185,46.535294541482926,15836500,KO
2021-05-13,46.6637077331543,46.89484372355709,46.08159145231917,46.201439017949966,15475800,KO
2021-05-14,46.852046966552734,47.16878746498561,46.8178038679109,46.99757850297971,11725300,KO
2021-05-17,46.77499008178711,47.100292907385715,46.655142531724685,46.946202267133785,12119800,KO
2021-05-18,46.51818084716797,46.70651460761199,46.31272553890164,46.56098308392306,13232500,KO
2021-05-19,46.372650146484375,46.381212553348156,45.89325986135712,46.32984790896964,15126100,KO
2021-05-20,46.7835578918457,46.91196459648939,46.32984505842132,46.32984505842132,10948400,KO
2021-05-21,46.75788116455078,47.185910110714445,46.41545996698086,46.911971846417835,16033200,KO
2021-05-24,46.91196823120117,47.02325666299589,46.64659239501567,46.76643996820931,10326100,KO
2021-05-25,46.90340805053711,46.92908873976631,46.52674052530147,46.92908873976631,11916500,KO
2021-05-26,47.10886001586914,47.125981563860094,46.732195756872166,47.066057778692425,16064300,KO
2021-05-27,47.50264358520508,47.57112650363369,46.894840131545806,47.26294520670245,59109600,KO
2021-05-28,47.3314323425293,47.69097501911187,47.25438701674717,47.38279371598335,17011600,KO
2021-06-01,47.322879791259766,47.63962356632466,47.16878910760704,47.37424444101125,13304000,KO
2021-06-02,47.51121139526367,47.562576042658904,47.305756071284314,47.51121139526367,11328500,KO
2021-06-03,47.631046295166016,47.7166540180377,47.16877438846107,47.237260566758415,17364300,KO
2021-06-04,48.144691467285156,48.35014350781053,47.75090240267579,47.853631688539785,18935100,KO
2021-06-07,47.97348403930664,48.23030074836812,47.77659112017278,48.20462005714246,14010800,KO
2021-06-08,47.63961410522461,48.153247438326325,47.554006372640266,48.153247438326325,10968300,KO
2021-06-09,47.494083404541016,47.87074763754792,47.494083404541016,47.72521938806837,9838800,KO
2021-06-10,47.862186431884766,48.04195776722704,47.733776469154,47.862186431884766,12444400,KO
2021-06-11,48.076202392578125,48.11900462631973,47.648173523959876,47.93067414473646,11825800,KO
2021-06-14,47.912330627441406,48.05033181006671,47.61045406863847,48.03308125096258,9710800,KO
2021-06-15,47.791568756103516,48.11932272152913,47.60181594082443,48.11069579890356,11154200,KO
2021-06-16,47.153324127197266,47.83470642970855,47.12744993273992,47.81745587000104,15211700,KO
2021-06-17,47.39481735229492,47.56731961795873,47.13606559890274,47.15331286428277,10658400,KO
2021-06-18,46.377071380615234,47.11020211470724,46.33394662394065,47.01532567589834,31445600,KO
2021-06-21,46.88594436645508,46.9463196747764,46.57544090068398,46.76519374981243,14404300,KO
2021-06-22,47.058448791503906,47.308573670089,46.79969369815541,46.8686959337704,13072800,KO
2021-06-23,46.67894744873047,47.09295103057947,46.67032381357461,47.05845319974805,12339200,KO
2021-06-24,46.911808013916016,46.93768220017855,46.57543043167588,46.799681056433705,11488400,KO
2021-06-25,46.85145950317383,46.98083708886258,46.584080694847806,46.78246053695953,18880300,KO
2021-06-28,46.7996940612793,46.89457049088221,46.575443374205996,46.79107042686436,10556900,KO
2021-06-29,46.454689025878906,46.86869253895847,46.33393841250663,46.68756661890006,12300900,KO
2021-06-30,46.67032241821289,46.73069773312275,46.35981891855766,46.402943673463575,14614200,KO
2021-07-01,46.54094696044922,46.989451670138,46.454697446750934,46.86870103487718,13214700,KO
2021-07-02,46.73068618774414,46.96356375495036,46.57543447627333,46.57543447627333,10604600,KO
2021-07-06,46.4719352722168,46.653061175471706,46.187306032638666,46.566811685409505,15278200,KO
2021-07-07,46.85145950317383,46.90321119549107,46.3339557408362,46.3339557408362,14377700,KO
2021-07-08,46.687564849853516,46.7220626736474,46.35118721386008,46.5840615078499,11943900,KO
2021-07-09,46.972190856933594,47.023942527981774,46.73068963912342,46.79106494357596,10847000,KO
2021-07-12,46.98944091796875,47.09294096876532,46.80831500652293,46.85143975350423,15107600,KO
2021-07-13,47.45520782470703,47.696709099727876,47.22233018513346,47.39483250595182,15170800,KO
2021-07-14,48.52471160888672,48.60233748125387,47.40345156707844,47.455203245392475,22002700,KO
2021-07-15,48.67996597290039,48.705843458553666,48.22283763892412,48.50746694965438,15068200,KO
2021-07-16,48.64546585083008,48.886967104164455,48.52471193395508,48.697214239282985,14860500,KO
2021-07-19,48.06757736206055,48.602331477753296,47.57594799453204,48.36945717962495,19527000,KO
2021-07-20,48.15383529663086,48.58508940479252,47.88645656509584,48.06758250087388,16257900,KO
2021-07-21,48.774845123291016,49.64598037410371,48.671345045543816,49.44760385416818,20918200,KO
2021-07-22,48.70584487915039,48.938722515574376,48.343589681310384,48.83521915035834,13402700,KO
2021-07-23,49.17158889770508,49.44759453670314,48.68858643242541,48.80933704874533,12144000,KO
2021-07-26,49.2147216796875,49.266470068691824,48.78346755687631,49.06809356702362,8681100,KO
2021-07-27,49.387210845947266,49.62871534389274,49.09395796931912,49.257836609033404,12794400,KO
2021-07-28,48.938720703125,49.30097259734091,48.84384426696142,49.15434777069388,9858000,KO
2021-07-29,49.206092834472656,49.37859513490689,49.04221745867438,49.22334339353685,9599100,KO
2021-07-30,49.1888427734375,49.37859563485714,49.07671907369657,49.29234612887062,11727000,KO
2021-08-02,49.05947494506836,49.36997847165237,48.91284681742228,49.335477348652326,9778000,KO
2021-08-03,49.093971252441406,49.1629734962975,48.947346419559345,49.1629734962975,8825500,KO
2021-08-04,48.38670349121094,49.119837356354935,48.30907762996527,48.94733507689709,11888400,KO
2021-08-05,48.73171615600586,48.80934203016356,48.5505902130405,48.6799644764981,9806800,KO
2021-08-06,48.85246276855469,48.93871556064356,48.67996047458454,48.81796165171914,10409300,KO
2021-08-09,48.861087799072266,49.05946427787645,48.671334954038926,48.9904620468798,8859900,KO
2021-08-10,48.9904670715332,49.30959419710499,48.86971644511186,49.0249681905701,10906900,KO
2021-08-11,48.93009948730469,49.31822891225907,48.91284892506135,49.0681006950431,8370700,KO
2021-08-12,49.02497100830078,49.145721641662306,48.93009457060015,48.93009457060015,6169200,KO
2021-08-13,49.3613395690918,49.421714874588716,48.96458662148137,48.99908773611028,7714200,KO
2021-08-16,49.57698059082031,49.58560751701575,49.18885116723341,49.335479300681044,7972000,KO
2021-08-17,49.404476165771484,49.645980735885715,49.17159852148714,49.55972792862771,10346400,KO
2021-08-18,48.73171615600586,49.36134678408152,48.66271391666218,49.32684566440968,13873700,KO
2021-08-19,49.042213439941406,49.145713495637615,48.25733116297966,48.352207584954286,9223700,KO
2021-08-20,48.85246276855469,49.188840432182296,48.80071438350896,49.024965062524835,10543600,KO
2021-08-23,48.67996597290039,48.94734472326446,48.628217582009775,48.87834248179968,8912800,KO
2021-08-24,48.309078216552734,48.852459251870314,48.21420508739589,48.852459251870314,12067200,KO
2021-08-25,48.360836029052734,48.44708553567743,48.06758310023787,48.352212394473376,11270700,KO
2021-08-26,47.90370559692383,48.28320801553156,47.87782811391793,48.25733382273329,10331500,KO
2021-08-27,47.99858093261719,48.11933154987337,47.82607864073369,48.007204566617965,8844100,KO
2021-08-30,48.45570755004883,48.47295810766718,47.98995236497559,48.033077113917756,10034700,KO
2021-08-31,48.567840576171875,48.748966518403655,48.300461835109836,48.43846302303041,14185700,KO
2021-09-01,48.89559555053711,48.99047199231441,48.54196727040871,48.6282200766645,9518900,KO
2021-09-02,48.96458435058594,49.18883500485878,48.65408091374105,48.96458435058594,11653200,KO
2021-09-03,48.93009948730469,48.964600611791376,48.51609586408946,48.69722183233206,13220400,KO
2021-09-07,48.01582717895508,48.895585887654946,47.877826006426126,48.81796002246944,20035300,KO
2021-09-08,48.66270446777344,48.71445613723252,47.964075026215575,47.964075026215575,12040100,KO
2021-09-09,48.17970275878906,48.66270518671411,48.1279510885654,48.455705086234026,12545400,KO
2021-09-10,47.96408462524414,48.41258931302686,47.8864587506239,48.30908595339462,10573700,KO
2021-09-13,48.360836029052734,48.64546532328824,48.076210025025006,48.076210025025006,20274300,KO
2021-09-14,48.39558792114258,48.647603815391214,48.27392599013675,48.595461567086296,13918900,KO
2021-09-15,48.560699462890625,48.664980636042735,48.16094888823656,48.386895297611304,15746000,KO
2021-09-16,48.100128173828125,48.6563022842047,47.63954985550945,48.42166710835195,17430400,KO
2021-09-17,47.309322357177734,47.96108563166238,47.24849138342899,47.813354213998124,33370200,KO
2021-09-20,46.97909927368164,47.27456543194528,46.69232183402596,47.02254949680051,27542500,KO
2021-09-21,46.97040939331055,47.63955346814335,46.874816909043055,47.265875565119316,16418200,KO
2021-09-22,47.03993225097656,47.413610152772925,46.979101273013406,47.370156612765236,12719700,KO
2021-09-23,46.96171569824219,47.46574422319166,46.92695419582103,47.1528973314799,13836200,KO
2021-09-24,46.83135986328125,47.13551802483754,46.80529039501956,46.92695233362639,9682200,KO
2021-09-27,46.588035583496094,47.14420633520095,46.55327408275475,46.79659795786583,12429500,KO
2021-09-28,45.745094299316406,46.457688596430344,45.562601365552034,46.457688596430344,19926100,KO
2021-09-29,46.023170471191406,46.19697465106779,45.67556542647764,45.74508510940479,13941500,KO
2021-09-30,45.597354888916016,46.34471056115892,45.562593389035165,46.20566456163551,17672000,KO
2021-10-01,46.0753173828125,46.2317408290285,45.6842587672725,45.86675168284472,16277400,KO
2021-10-04,46.04924774169922,46.518514763557576,45.536527184356785,46.110078713329735,18973400,KO
2021-10-05,46.12746047973633,46.46637684771966,45.997106500493786,46.07531822503143,17173100,KO
2021-10-06,46.6749382019043,46.727080455453454,45.63211633619644,45.8580627865368,21284500,KO
2021-10-07,46.822669982910156,47.17027503957859,46.761839015117204,46.91826245088169,13774400,KO
2021-10-08,47.03124237060547,47.265877574224746,46.8400607089837,46.92696116289906,13786800,KO
2021-10-11,47.12682342529297,47.2658661068477,46.93563849501559,47.10944267571875,12378500,KO
2021-10-12,47.12682342529297,47.64823596740247,47.11813470802537,47.29193557368952,19474400,KO
2021-10-13,47.13552474975586,47.30063693070213,46.74446609484136,47.0746904567339,12143300,KO
2021-10-14,47.457061767578125,47.63086598757993,47.196357095095294,47.265876794072156,13704000,KO
2021-10-15,47.344078063964844,47.6916864271447,47.178965914725886,47.48312074622898,17867000,KO
2021-10-18,46.874813079833984,47.26587170396463,46.80529338834377,47.23111020069981,15861800,KO
2021-10-19,47.05731201171875,47.100762235770574,46.72708434185361,46.96171952978098,11068500,KO
2021-10-20,47.474430084228516,47.58739997985121,47.022540556621,47.083371520429814,12474800,KO
2021-10-21,47.23110580444336,47.50919117459896,47.10944386938017,47.44836020706737,14388300,KO
2021-10-22,47.31801223754883,47.38753192651009,46.98778459862478,47.26586998454842,12828600,KO
2021-10-25,47.12682342529297,47.33538910514457,46.9443305273222,47.2571773895801,11855000,KO
2021-10-26,47.33539581298828,47.43098829167327,47.12683010358107,47.205041830228836,12086700,KO
2021-10-27,48.247867584228516,48.734518734854596,48.03061313904469,48.63892624856735,24019800,KO
2021-10-28,48.69975662231445,48.76058760100616,48.3347674351245,48.44774067342611,15928000,KO
2021-10-29,48.98652648925781,49.07343024769334,48.47380591712623,48.552017642198486,24463700,KO
2021-11-01,48.8127326965332,49.01260972603811,48.578100786321606,49.00391769082131,11651100,KO
2021-11-02,48.751888275146484,49.09949665714194,48.6389183687813,49.07342718875601,11498900,KO
2021-11-03,48.91700744628906,48.951768950124276,48.47380655998871,48.66499151604294,10788300,KO
2021-11-04,49.18639373779297,49.21246651943846,48.69105398203547,48.760576979704794,10820200,KO
2021-11-05,49.394962310791016,49.67304768768888,49.17770790289961,49.394962310791016,12886700,KO
2021-11-08,48.95176696777344,49.43841474160132,48.777962770675195,49.31675279814435,12828000,KO
2021-11-09,49.09080505371094,49.11687452056446,48.74319669214855,49.021282055382855,10155800,KO
2021-11-10,49.290679931640625,49.46448080172087,48.91700209389772,49.13425649653713,8813600,KO
2021-11-11,49.30807113647461,49.42973309734248,49.1603363875352,49.38628287060964,7257700,KO
2021-11-12,49.19508743286133,49.52531505287466,49.14294518284687,49.31674936785595,10162500,KO
2021-11-15,49.20377731323242,49.255919564479214,48.89962246855743,49.12556559388183,10289200,KO
2021-11-16,48.85617446899414,49.481864937177406,48.83010168466698,49.203779547976104,13756500,KO
2021-11-17,48.58677673339844,48.70843867412862,48.36083360276226,48.69974995623615,13288700,KO
2021-11-18,48.15226364135742,48.60415317762914,47.917628498579475,48.517252746247216,15380100,KO
2021-11-19,47.90895080566406,48.22179773468974,47.709077115462044,48.17834419396083,15813700,KO
2021-11-22,48.20441436767578,48.682373454420436,47.8654979846212,47.88287542192286,16905600,KO
2021-11-23,48.560699462890625,48.7605730926983,48.23047188036378,48.3695145495795,13835900,KO
2021-11-24,48.16965103149414,48.525948153342846,47.8220426279659,48.41297492494026,12598900,KO
2021-11-26,46.692317962646484,47.57871636394385,46.561967304097585,47.43967367246814,14754300,KO
2021-11-29,47.43098449707031,47.56133515436187,46.866121703689224,46.970402892530316,22712500,KO
2021-11-30,45.93343734741211,46.966830470373075,45.924677910020314,46.94055549894422,30485200,KO
2021-12-01,45.80207824707031,46.870502571875456,45.784562710840255,46.39759311590463,18719600,KO
2021-12-02,46.47640609741211,46.71286079863072,45.98598116072759,46.06479939446713,17074200,KO
2021-12-03,46.88801193237305,46.94931463073046,46.397587004767196,46.70410383730079,21064400,KO
2021-12-06,48.08780288696289,48.385560314837925,47.41346979028277,47.56235017459372,26624100,KO
2021-12-07,48.35052490234375,48.53443300108741,48.03525196692801,48.18413233787281,23832700,KO
2021-12-08,48.16661834716797,48.473131854896735,47.606134595465846,48.27170821542545,18026300,KO
2021-12-09,48.04401779174805,48.28047252474581,47.80756305875028,47.94768401081411,13846400,KO
2021-12-10,49.2875862121582,49.32261728208325,48.227921402525745,48.385557876441766,23153600,KO
2021-12-13,50.58369827270508,50.73257862755667,49.88309368126106,49.900609213640436,31362800,KO
2021-12-14,50.61874008178711,50.942769147718394,50.26843938208345,50.26843938208345,24806600,KO
2021-12-15,50.84642791748047,51.01282046396468,50.487367855569964,50.73257862738801,24923800,KO
2021-12-16,51.363128662109375,51.564552289948466,50.70631117712458,50.77636997166812,24696900,KO
2021-12-17,50.55743408203125,51.59958335631854,50.531162449970466,51.22301104737599,51874400,KO
2021-12-20,50.39104080200195,50.601220537024176,49.918131387081985,50.0932833934316,20879500,KO
2021-12-21,50.59246826171875,50.76762028129908,50.382285170072976,50.45234731420387,15864900,KO
2021-12-22,50.9515266418457,50.960282739186724,50.34725570291152,50.5399199111351,12447400,KO
2021-12-23,50.98655319213867,51.32809775085195,50.74133905862295,51.24927951878377,11027300,KO
2021-12-27,51.363128662109375,51.3981563890079,50.79388550549062,50.79388550549062,9860000,KO
2021-12-28,51.56455612182617,51.61709938645181,51.056615625466755,51.144193301087384,8979900,KO
2021-12-29,51.6258544921875,51.75721598347509,51.371884265319785,51.6258544921875,9996000,KO
2021-12-30,51.47698211669922,51.87107333322531,51.45946658032617,51.72219628517488,7703900,KO
2021-12-31,51.85355758666992,51.976163000037296,51.406923103582045,51.450710273963686,10021300,KO
2022-01-03,51.93238067626953,51.94114011561152,51.12668597566523,51.51201778803069,20187300,KO
2022-01-04,52.799373626708984,53.01831280743933,52.18634325251467,52.30894865920418,26141600,KO
2022-01-05,53.237247467041016,53.59630755931603,52.58918607718669,52.62421714490778,22507300,KO
2022-01-06,52.957008361816406,53.52624820853933,52.9307333892854,52.957008361816406,17902300,KO
2022-01-07,52.83440399169922,53.17594857455708,52.59794927877914,52.79061348354063,12307900,KO
2022-01-10,52.921974182128906,53.26351873823994,52.70303502146835,53.027064043836965,20954300,KO
2022-01-11,52.93949890136719,52.97452997493025,52.40528672214521,52.92198336458566,19369600,KO
2022-01-12,53.01831817626953,53.14967969356182,52.711801287759954,53.00955873733511,15753800,KO
2022-01-13,53.333580017089844,53.45618541057223,52.8869422656938,53.018307096280026,14318000,KO
2022-01-14,53.76270294189453,53.81524954623437,52.8606746155807,53.368611761212435,19729600,KO
2022-01-18,53.333580017089844,53.58754690041205,52.93948886607757,53.473700944033496,21976700,KO
2022-01-19,53.42115783691406,53.57879430762698,53.03582609780839,53.12340043009484,18654700,KO
2022-01-20,53.20221710205078,53.80648799486211,53.17594547128619,53.421156267079795,23002400,KO
2022-01-21,52.93949890136719,53.68389084047342,52.89571172978689,53.49122661737069,26643200,KO
2022-01-24,52.510372161865234,52.851916748356786,51.29307085483259,52.4578288967107,30185100,KO
2022-01-25,52.38777160644531,52.589195269931324,51.39816548519048,51.98492427947328,19027100,KO
2022-01-26,52.195098876953125,52.851916413193706,51.8535542926275,52.36149479087866,19190200,KO
2022-01-27,52.238887786865234,53.35985527871022,52.10752294733799,52.44031142425946,18893800,KO
2022-01-28,53.28104019165039,53.324827360498084,51.61710104946344,52.01119225058633,19101500,KO
2022-01-31,53.4299201965332,53.54376951444753,52.67677216464962,52.808133678476594,22045300,KO
2022-02-01,53.03583526611328,53.54377249452575,52.68553119491714,53.342348822849495,20841700,KO
2022-02-02,53.57878875732422,53.65760698451579,53.03582060375246,53.08836386138265,20225600,KO
2022-02-03,53.95536804199219,54.10424506976433,53.06209585311977,53.36860934603096,19440500,KO
2022-02-04,53.38613510131836,54.016681082598765,53.04459047504053,53.85028848898184,17403700,KO
2022-02-07,53.94660949707031,54.05170270273259,53.29855143255247,53.75394530151595,17846400,KO
2022-02-08,54.29692077636719,54.585922119541905,54.06922548174982,54.1480437261841,18771700,KO
2022-02-09,53.45619583129883,54.577163465368955,53.33359041391579,54.445798609174524,23595600,KO
2022-02-10,53.75395584106445,54.559650531301855,52.7205625013271,52.860683462270444,23561500,KO
2022-02-11,52.799373626708984,54.27940128577727,52.676768220019476,54.09549317574301,22781400,KO
2022-02-14,53.14091110229492,53.237244863443436,51.91485051798964,52.685517266431425,23641300,KO
2022-02-15,53.342342376708984,54.1042497976288,53.09713156095245,53.38612954513025,13408700,KO
2022-02-16,53.333580017089844,53.77145833138205,53.03582262974128,53.29854895016732,15484700,KO
2022-02-17,54.40200424194336,54.5421251776692,52.904461114983455,53.027066516150235,21468700,KO
2022-02-18,54.769832611083984,55.01504345292761,54.28816702571379,54.40201300757138,21975000,KO
2022-02-22,54.54213333129883,54.857406318999516,54.05171165331743,54.673498189756494,21731400,KO
2022-02-23,53.93785095214844,54.58591232799834,53.71891179474253,54.50709409770236,19248500,KO
2022-02-24,52.992042541503906,53.08837632410239,51.86231880754575,52.51913640808408,27207400,KO
2022-02-25,55.04130935668945,55.085099865955954,53.35109859400462,53.36861412956185,21487800,KO
2022-02-28,54.50709533691406,54.594669665568844,53.780215714242665,53.99039878005924,25879100,KO
2022-03-01,54.27065658569336,54.953745903986594,53.867805869580515,54.419533656296764,15871100,KO
2022-03-02,54.67349624633789,55.067587466955416,54.10425300091846,54.49834422153599,17319100,KO
2022-03-03,54.70852279663086,55.19018831945599,54.55088632141584,54.83112820163216,21262800,KO
2022-03-04,54.79609680175781,54.8136123367593,53.59631105050309,53.824006324028986,17163000,KO
2022-03-07,53.49123001098633,54.35822742182067,53.1759570104112,54.30568080814239,29151400,KO
2022-03-08,51.37189483642578,53.89407540896011,51.31059212639432,53.81525716167007,30242100,KO
2022-03-09,51.634620666503906,52.40528759397702,51.37189429190426,52.3877720569041,23022700,KO
2022-03-10,50.68880844116211,51.371897728973124,50.35601989600534,51.21426122551715,20887300,KO
2022-03-11,50.72382354736328,51.53827749884878,50.67128028645873,50.758854615130645,19855600,KO
2022-03-14,51.65923309326172,52.10046329727047,51.15623092999728,51.15623092999728,17799400,KO
2022-03-15,52.61229705810547,52.850561810607665,52.047522844612786,52.13577091942092,18607200,KO
2022-03-16,52.47110366821289,52.89468432965212,51.72101354476589,52.75349077583905,17347300,KO
2022-03-17,53.02705383300781,53.071176186618835,52.26813723214693,52.471102751813476,15586200,KO
2022-03-18,53.035865783691406,53.212358527272094,52.691706785184564,53.212358527272094,30197800,KO
2022-03-21,53.45945739746094,53.91833388386905,53.1682438237547,53.38885894335534,17440100,KO
2022-03-22,53.65359878540039,53.78596920954012,53.00057988765438,53.76831959523351,17559500,KO
2022-03-23,53.300621032714844,53.81244642491037,52.94763544985448,53.60948089297766,15529200,KO
2022-03-24,53.81243896484375,53.84773819150023,53.353559117268205,53.5124022709028,13151300,KO
2022-03-25,54.29779052734375,54.368388979328,53.87420991439665,53.93598187672313,12259800,KO
2022-03-28,54.6419563293457,54.65960594452669,54.01541013886006,54.29779724911612,11485200,KO
2022-03-29,54.85374450683594,55.1802539490372,54.48311271292958,54.89786685854103,14720600,KO
2022-03-30,54.89786911010742,54.89786911010742,54.32427178177655,54.72137632972877,13641000,KO
2022-03-31,54.712554931640625,55.27732915361412,54.712554931640625,54.90669733281398,16822900,KO
2022-04-01,55.48029327392578,55.55089173304416,54.79197512912066,55.00376714015598,12644900,KO
2022-04-04,55.1890869140625,55.40970206479062,54.465469488979885,55.24203239579242,11505800,KO
2022-04-05,55.1273078918457,55.806802873157345,55.03905982304701,55.06553592684643,15721200,KO
2022-04-06,55.68325424194336,55.82444778231681,54.97728654007609,55.39204403768791,19267400,KO
2022-04-07,55.98329162597656,56.18625713236982,55.33909587968851,55.70973103168632,13960800,KO
2022-04-08,56.327457427978516,56.51277333196135,55.73620712047927,56.01859422168734,12703500,KO
2022-04-11,56.30979919433594,56.74220627042953,56.159779176227,56.39804388758642,12720100,KO
2022-04-12,56.97165298461914,57.192268129984164,56.38040601087446,56.81280981065073,18089900,KO
2022-04-13,57.12166976928711,57.24521369773869,56.68043952977741,56.86575542245478,11883000,KO
2022-04-14,57.3775749206543,57.86293085633762,57.20108552548155,57.32462944863025,16388400,KO
2022-04-18,56.86576461791992,57.5187835928516,56.636322971134106,57.15697150628011,11679400,KO
2022-04-19,57.42169952392578,57.580542669561154,56.86575188052134,56.918697351520215,11993800,KO
2022-04-20,58.207088470458984,58.45417631073141,57.71291278991413,57.74821201461572,14827100,KO
2022-04-21,58.427703857421875,59.12484840020663,57.995300134857715,58.22474173020632,15120400,KO
2022-04-22,57.58055114746094,58.54242991963651,57.51877917798764,58.31299502310125,14902200,KO
2022-04-25,58.18944549560547,59.301340839337705,57.16578811962954,59.124851438546926,25082000,KO
2022-04-26,57.404056549072266,58.568904105899556,57.395230059189885,57.818807316596654,21982600,KO
2022-04-27,57.85411071777344,58.48948338236608,57.3599349709301,57.3599349709301,16971000,KO
2022-04-28,58.41006088256836,58.48947909349913,56.91870052823671,57.05989743563244,22010600,KO
2022-04-29,57.015777587890625,58.268869973140134,56.90987989644314,58.12767978384995,20137100,KO
2022-05-02,55.98329162597656,57.63349178061361,55.22437844106596,57.607019043442186,24970300,KO
2022-05-03,55.665618896484375,56.4245322206676,55.30380680170559,56.23039316858361,21686300,KO
2022-05-04,57.386409759521484,57.46583471175219,55.5420670345443,55.59501588059146,19780200,KO
2022-05-05,56.927528381347656,57.38640487609424,56.48629813412855,57.086371539652106,20155200,KO
2022-05-06,57.1304931640625,57.63349539982403,56.53924622130834,56.653963667134796,18984000,KO
2022-05-09,57.015777587890625,57.67762301099788,56.5127753356347,56.892233647521785,20055300,KO
2022-05-10,56.48629379272461,57.64231479714503,56.34509689279971,56.9186975166268,21322200,KO
2022-05-11,56.75102996826172,57.53641923822171,56.44217015411548,56.768682947720926,19648400,KO
2022-05-12,56.927528381347656,56.94517462887514,55.78032704552228,56.618668554822136,22574700,KO
2022-05-13,57.99531173706055,58.06591020092805,56.58337612291083,57.192269359007845,16167000,KO
2022-05-16,58.207088470458984,58.57772023086763,57.74821201461572,57.74821201461572,13223200,KO
2022-05-17,58.04825210571289,58.330639203669996,57.368760465598434,58.330639203669996,21300600,KO
2022-05-18,54.0065803527832,57.81880587100659,53.7947883630555,57.73056117230641,31437300,KO
2022-05-19,52.9476318359375,53.79479313739576,52.647595120881064,53.79479313739576,31493900,KO
2022-05-20,53.81243896484375,54.041880571791296,52.647591415736414,53.380035220420325,29133800,KO
2022-05-23,55.47146987915039,55.683258522832965,54.35074459351075,54.403693437591286,19406900,KO
2022-05-24,56.49512481689453,56.64514823614514,55.374402813938225,55.489123634847466,16154200,KO
2022-05-25,56.53923797607422,56.89222348520771,56.12448050779025,56.47746601692375,15360500,KO
2022-05-26,56.742218017578125,57.44818244237391,56.44217791924397,56.53924912170738,16159800,KO
2022-05-27,57.07754135131836,57.20991176343521,56.601011907281,56.706909583502245,17709000,KO
2022-05-31,55.93034744262695,56.75985910090104,55.63913386174115,56.54807046600197,43159000,KO
2022-06-01,55.65678024291992,56.19508165536103,54.827268632827405,55.96564005350771,15408300,KO
2022-06-02,56.23921203613281,56.248038527021244,54.80962684732082,55.75385939318701,14586000,KO
2022-06-03,55.56854248046875,56.150966314787574,55.42734892567388,56.09801746936954,13539900,KO
2022-06-06,55.48029327392578,56.27450910740846,55.294977368219755,55.88622768121682,15112800,KO
2022-06-07,55.81563186645508,55.92152619382975,54.90669854332255,55.04789210192877,17886300,KO
2022-06-08,55.49794387817383,55.780330987042376,55.20673364491809,55.58619195364517,10211500,KO
2022-06-09,54.53605270385742,55.903865667074754,54.518403091686444,55.48028507392922,13382200,KO
2022-06-10,54.19189453125,54.615475131031026,53.353556454752,53.83890901493946,14967600,KO
2022-06-13,54.130126953125,54.96846509749341,53.53887667038615,53.609475125891535,23064200,KO
2022-06-14,52.64576721191406,54.12123515407321,52.13913085404647,53.97902149906899,24620000,KO
2022-06-15,53.03685760498047,53.89902985565541,52.414674940206005,53.33017519606662,19684700,KO
2022-06-16,52.5035514831543,52.90352843163091,51.77470610621507,52.121351664681185,15053800,KO
2022-06-17,52.82353973388672,53.445725800267454,52.556889531335344,53.063525933375345,34781900,KO
2022-06-21,53.95235824584961,54.112349033776184,52.450222891499166,52.87686725306404,17705000,KO
2022-06-22,54.35234451293945,54.61899474154874,53.61460871012409,53.86348180474054,15207100,KO
2022-06-23,55.001197814941406,55.02786182214622,54.42345279413046,54.48567107136957,17190900,KO
2022-06-24,56.03224182128906,56.05001895437401,55.20562378136694,55.20562378136694,18147100,KO
2022-06-27,55.91668701171875,56.254445728003226,55.66781395268868,55.97890527647627,12142100,KO
2022-06-28,55.356727600097656,56.67220501040037,55.20562704590257,56.06779940297838,13150100,KO
2022-06-29,55.75669860839844,56.094457339155404,55.4900484064919,55.5878209383406,11795500,KO
2022-06-30,55.91668701171875,56.09445493558643,55.25005984019581,55.392273501161725,15514200,KO
2022-07-01,57.223270416259766,57.28548867716175,55.83668815542602,56.103338329383206,15143200,KO
2022-07-05,56.24555969238281,57.04551371456303,55.48115993577536,57.04551371456303,15921200,KO
2022-07-06,56.36109924316406,56.96550469620124,56.16555420825626,56.52997688835849,13450500,KO
2022-07-07,55.91668701171875,56.5122090480793,55.730032217446194,56.227778335506336,14828400,KO
2022-07-08,56.12111282348633,56.36998585540363,55.89001692108323,56.0233403064786,11311500,KO
2022-07-11,55.94334411621094,56.405539305025506,55.6322528307784,55.987788634679056,12702100,KO
2022-07-12,55.703365325927734,56.39665989618283,55.52560079110243,55.99668291154357,14731100,KO
2022-07-13,55.44560241699219,55.99667990477077,55.09006658514995,55.40116128567215,13145300,KO
2022-07-14,55.26784133911133,55.33005960878556,54.48566444666778,54.51233184127202,14433000,KO
2022-07-15,55.552268981933594,55.970023129682986,55.17006910008658,55.77447805786132,21968400,KO
2022-07-18,54.796756744384766,55.605597604755815,54.67231681993893,55.57004334062844,10780800,KO
2022-07-19,55.57892608642578,55.68558887089171,55.045625726660134,55.18783938197371,10998200,KO
2022-07-20,54.66341781616211,55.623362390685074,54.35232655070031,55.46337162826458,11010500,KO
2022-07-21,54.53899002075195,55.00118525371573,54.03235365571572,54.450104365966006,11959600,KO
2022-07-22,54.74341583251953,54.992288856868804,54.50342967733673,54.55676106425757,11644700,KO
2022-07-25,55.27672576904297,55.37449830011067,54.49455230178379,54.707871105348566,14941700,KO
2022-07-26,56.18333435058594,56.70774783452609,55.578925474497595,55.77447051989116,20118000,KO
2022-07-27,56.00556945800781,56.16556025093789,54.92119156115425,55.89002318916809,12142900,KO
2022-07-28,56.9388427734375,57.10772381543106,55.89890608399487,55.92557008403979,10837000,KO
2022-07-29,57.03662109375,57.143283886056594,56.556652090935316,56.62775722849847,13734200,KO
2022-08-01,57.34770584106445,57.809904440022244,56.912178023081765,56.965506022468546,12831500,KO
2022-08-02,56.56553268432617,57.41881458423917,56.37887790446537,57.409924323879586,15241900,KO
2022-08-03,56.814414978027344,56.97440578415031,56.27222768021219,56.4855464946152,11317000,KO
2022-08-04,56.592201232910156,56.645532627431734,55.92557405927558,56.56553723096994,11795600,KO
2022-08-05,56.33443832397461,56.55664737010349,55.70336205608144,56.55664737010349,10445400,KO
2022-08-08,55.97001647949219,56.71663902152356,55.77447143090461,56.44109857948116,9165200,KO
2022-08-09,56.04112243652344,56.272221750188216,55.86335451616001,56.15667209335582,7910900,KO
2022-08-10,56.57442092895508,56.69885744442864,56.08555834582214,56.55664379951018,8857300,KO
2022-08-11,56.192230224609375,56.87663456121577,56.06779368897936,56.609980966989966,8507800,KO
2022-08-12,56.61886978149414,56.67219778646339,56.07667912669872,56.3788835872089,9489300,KO
2022-08-15,57.32994079589844,57.49882186127668,56.5033227736365,56.56554104278384,9863300,KO
2022-08-16,57.801025390625,57.97879672519716,57.17884267283003,57.39216149303358,9569600,KO
2022-08-17,57.667686462402344,57.96989427700487,57.56103046536277,57.62324872406305,8144000,KO
2022-08-18,57.96989822387695,58.08544448896398,57.51658986175053,57.73879891242085,6532000,KO
2022-08-19,57.92545700073242,58.19211058923853,57.73880220129113,57.96101126461873,8921100,KO
2022-08-22,57.06329345703125,57.70325674206888,56.87664201975093,57.63214820344615,9087900,KO
2022-08-23,57.1254997253418,57.214388770577656,56.601089621116905,56.72552614690864,8443800,KO
2022-08-24,57.20549011230469,57.40103513306721,56.929953100110794,57.098827342448466,6844700,KO
2022-08-25,57.48103713989258,57.51659140270623,56.796636229255995,57.2055000796896,7913900,KO
2022-08-26,56.094451904296875,57.59658721963163,55.9789022514309,57.53436895823633,10089500,KO
2022-08-29,55.75669860839844,56.02334881030498,55.472271274279294,55.72114434397323,9115900,KO
2022-08-30,55.24116897583008,55.91668296891793,55.09895532514627,55.91668296891793,8456800,KO
2022-08-31,54.85008239746094,55.57892782760644,54.841195527130864,55.445604428808764,14633600,KO
2022-09-01,55.10784149169922,55.1433957515767,54.476768636757754,54.73453193490821,14939700,KO
2022-09-02,54.35234451293945,55.79225845994289,54.13013542399144,55.454499695362266,11809800,KO
2022-09-06,54.378997802734375,55.081179199192874,54.21012014904374,54.476770325107196,12181800,KO
2022-09-07,55.38338851928711,55.54337931715947,54.50343913098914,54.50343913098914,13290700,KO
2022-09-08,55.214508056640625,55.37449885624163,54.52121685213045,55.17895718278362,17193500,KO
2022-09-09,55.392276763916016,55.890026301936075,54.98341288838596,55.258949965501664,11855900,KO
2022-09-12,55.552268981933594,55.827809456714895,55.347837038957046,55.49005071192514,13026900,KO
2022-09-13,53.7479362487793,55.303399892513454,53.579055168877495,55.285622758279494,18532800,KO
2022-09-14,54.0323486328125,54.29011192176823,53.72125395594294,53.8990218583483,12881600,KO
2022-09-15,53.29819869995117,54.07712663893441,53.14599650991474,54.07712663893441,11451900,KO
2022-09-16,53.30714416503906,53.53992494763096,52.92215780449908,53.41458118659214,20493500,KO
2022-09-19,53.710044860839844,53.80852681889689,53.029602325597764,53.17285284638107,12596200,KO
2022-09-20,53.62946701049805,53.745855712268316,53.11018173049455,53.43249626079164,11984600,KO
2022-09-21,53.18180847167969,54.345719391927105,53.172853392897665,53.84434085635139,14165300,KO
2022-09-22,53.05645751953125,53.477257393082745,53.00274071209003,53.31610014003586,11657600,KO
2022-09-23,52.46555709838867,52.913215447062164,51.92836844612534,52.78787165589153,14824000,KO
2022-09-26,51.81196975708008,52.43869204891978,51.65081249873953,52.36706849819161,18670100,KO
2022-09-27,50.47794723510742,52.25962522840819,50.41527535084226,51.99998602875033,23829300,KO
2022-09-28,51.015132904052734,51.25686876483944,50.057144538358,50.728631902089525,21480100,KO
2022-09-29,50.6480598449707,51.29268889060177,50.13772965563338,51.113624887330715,14570700,KO
2022-09-30,50.1556282043457,51.149430015564256,50.137721465407566,50.91664582472971,16124600,KO
2022-10-03,50.71969223022461,50.89875283726085,50.19145524259852,50.46004956851504,16277600,KO
2022-10-04,50.8360710144043,51.75824935429532,50.54957000065994,50.98827659909682,18861400,KO
2022-10-05,50.35260772705078,50.719687401104146,49.69902359522133,50.58538854325167,14324900,KO
2022-10-06,49.269264221191406,50.22725257027932,49.12601372269306,50.13772228947834,17192800,KO
2022-10-07,48.803707122802734,49.32299239825835,48.57092630593901,49.23346210300965,11479800,KO
2022-10-10,48.696266174316406,49.20659633004209,48.36500001006816,48.88428182845501,10239100,KO
2022-10-11,48.7768440246582,49.43937975798869,48.561969970588834,48.758937284258835,14303900,KO
2022-10-12,49.36775588989258,50.173542181548974,49.27822559764708,49.44833451905822,18377400,KO
2022-10-13,50.021339416503906,50.209358505436334,48.57987908840619,48.77684984092496,16220700,KO
2022-10-14,49.22450637817383,50.55852961818558,49.18869289439968,50.39737235656371,15997900,KO
2022-10-17,49.86017608642578,50.334696167489966,49.752739059643595,49.80645928071544,13721400,KO
2022-10-18,50.53166580200195,50.83607357133649,50.227258032667415,50.41527710737526,11823100,KO
2022-10-19,50.1019172668457,50.62120254614415,49.895994853960346,50.41528013325879,10182300,KO
2022-10-20,49.31404495239258,50.06610769366918,49.206604490471236,49.9318122393107,16905100,KO
2022-10-21,50.1019172668457,50.23621612607444,49.23346246734866,49.24241413079504,15034100,KO
2022-10-24,51.54336929321289,51.68661979287828,50.64805281646385,50.710724696607386,17416700,KO
2022-10-25,52.77891159057617,52.92216210273526,51.704531041702246,52.85949021712575,28829900,KO
2022-10-26,53.1728515625,53.52202448501827,52.69833486424304,52.83263030309375,15831400,KO
2022-10-27,53.29819869995117,53.57574808899413,53.16390325262996,53.51307619717185,16026100,KO
2022-10-28,54.39944076538086,54.53373963547932,53.24448482705508,53.334015130212634,12888900,KO
2022-10-31,53.58469772338867,54.229326775276284,53.42354046041677,54.175606549165046,14016400,KO
2022-11-01,53.39667510986328,53.978632196608245,53.15493924684744,53.74584799576571,10659500,KO
2022-11-02,52.653568267822266,53.92491614714235,52.617754785637054,53.396679238676285,14549200,KO
2022-11-03,52.626708984375,52.82367973052324,52.01789341933664,52.02684849799527,9194000,KO
2022-11-04,53.05645751953125,53.351913621904416,52.42973866363958,53.0922710013998,9725900,KO
2022-11-07,53.26238250732422,53.513070045796624,53.038553372156265,53.05645669745153,8849700,KO
2022-11-08,53.36086654663086,53.53097888184871,52.76995774327164,53.4951653991332,10081600,KO
2022-11-09,52.61775588989258,53.3966803592786,52.59984914842418,53.35191521328846,10115200,KO
2022-11-10,54.506874084472656,54.650124599969025,53.43249351056908,53.94282368548499,16804800,KO
2022-11-11,54.900814056396484,55.01720617158317,53.907012076378834,54.94557920366465,18972100,KO
2022-11-14,54.37257385253906,55.25893874274686,54.354667111636104,54.900810755410824,16361000,KO
2022-11-15,54.28304672241211,55.01720606535026,53.71899630490926,54.730705024953025,13295800,KO
2022-11-16,54.18456268310547,54.6411726601771,53.978640268711445,54.426298582271116,14199500,KO
2022-11-17,54.35466384887695,54.38152566629976,53.83538205530852,53.88909885943133,11212600,KO
2022-11-18,54.739654541015625,54.94557694226347,54.43524677061409,54.60535910473833,10415600,KO
2022-11-21,55.58125305175781,55.69764174417314,54.79337353162122,54.981389187395145,15399400,KO
2022-11-22,55.82297897338867,55.95727780626819,55.55438472299082,55.930419405836766,12319600,KO
2022-11-23,56.07366943359375,56.21691992697079,55.778213369862954,55.948325678808985,8990400,KO
2022-11-25,56.12739944458008,56.23483990142173,55.84985346947739,56.163212930193964,5165500,KO
2022-11-28,56.1363525390625,56.49447713645458,56.01100875920718,56.12739746029463,12267500,KO
2022-11-29,55.93937683105469,56.01995545601231,55.49171856248156,55.975190312227305,10969600,KO
2022-11-30,57.35499954223633,57.418115914285956,55.67789950872505,55.91233125639732,30433900,KO
2022-12-01,57.51729202270508,57.80582495310516,57.19269161610902,57.35499181940705,12001400,KO
2022-12-02,58.02222442626953,58.17550604467651,57.16564420183726,57.35499329736962,13643500,KO
2022-12-05,57.228759765625,57.52630784878293,57.03940723316026,57.17465855069452,9185100,KO
2022-12-06,57.20170593261719,57.598441285829466,57.01235684472067,57.27384088395898,10099500,KO
2022-12-07,57.2918815612793,57.45418178187317,57.0303974903687,57.21073145098236,12307600,KO
2022-12-08,57.53532791137695,57.5713919493371,57.1205587987876,57.34597537406235,9946200,KO
2022-12-09,56.93120574951172,57.56237280438906,56.886123125502706,57.35498998228062,13914900,KO
2022-12-12,57.67959213256836,57.715659608705906,56.813989903186446,57.0754739458079,11647900,KO
2022-12-13,57.697628021240234,58.337806828832385,57.52630922299313,58.23862298554911,17521600,KO
2022-12-14,57.697628021240234,58.292727641355945,57.31892638684808,57.87796196906584,12826700,KO
2022-12-15,56.90415954589844,57.607458144432044,56.34512741474567,57.33695894804096,12212300,KO
2022-12-16,56.57956314086914,56.9312124650367,56.20086492702228,56.57956314086914,33631500,KO
2022-12-19,56.66071319580078,57.17466273672545,56.32709761159693,56.6516980457776,10919700,KO
2022-12-20,56.615631103515625,56.94023154077513,56.579563623912534,56.642679993425865,10286500,KO
2022-12-21,57.526309967041016,57.75172998442659,56.868093972610545,56.868093972610545,10411300,KO
2022-12-22,57.111549377441406,57.33696597532528,56.48940080553227,57.1836809001804,9666700,KO
2022-12-23,57.54434585571289,57.589428485040564,56.98531368496465,57.25581290051482,6463300,KO
2022-12-27,57.89599609375,57.96813105348021,57.4451629141888,57.64353061386267,7320700,KO
2022-12-28,57.31892013549805,58.29272128380064,57.24678862798503,58.121402504238,7159400,KO
2022-12-29,57.66156005859375,57.841894004902024,57.4361434856044,57.52630873896656,7169300,KO
2022-12-30,57.35499954223633,57.634513921432,56.95826412982806,57.634513921432,7650200,KO
2023-01-03,56.759891510009766,57.309908476569966,56.0656080800554,57.309908476569966,12180500,KO
2023-01-04,56.73284149169922,57.102527973746,56.36315844923638,56.94022776587608,13387900,KO
2023-01-05,56.083641052246094,56.6246394226923,55.975442066073605,56.444305486015644,9814700,KO
2023-01-06,57.1656494140625,57.4090963078959,56.426283263498206,56.72383137795249,9990000,KO
2023-01-09,56.453330993652344,57.45418119726938,56.42628210368999,57.07547953987561,9442600,KO
2023-01-10,56.02052307128906,56.56152142609979,55.83117055148002,56.44430385471012,10134600,KO
2023-01-11,55.91232681274414,56.40824603884111,55.37132839829076,56.24594582658829,10823000,KO
2023-01-12,55.19099044799805,56.06560781292385,54.97459247372975,56.002491450463616,13907300,KO
2023-01-13,55.389366149902344,55.416415040709275,54.63196625104959,54.73115010345407,13986400,KO
2023-01-17,55.61478042602539,56.24594755534301,55.506581427725955,55.65986305535147,18327800,KO
2023-01-18,53.92866516113281,55.53363014945989,53.81144757357217,55.461495191088986,19679400,KO
2023-01-19,53.84751892089844,54.67705036424845,53.83850033066216,53.856534071550335,14894500,KO
2023-01-20,54.1721076965332,54.18112284524116,53.558974396883116,53.84750730970861,14237700,KO
2023-01-23,54.30735778808594,54.613924450462314,54.145057588028806,54.35244041263874,12613400,KO
2023-01-24,54.59588623046875,55.76805157052729,53.91963659894457,54.17210546696371,10103300,KO
2023-01-25,54.93852615356445,54.94754130285531,54.00079240645701,54.28031018864784,11265800,KO
2023-01-26,54.83032989501953,55.09181051248415,54.6139284658383,54.83032989501953,11884800,KO
2023-01-27,54.54180145263672,54.96558231708247,54.433599009319906,54.85738331334997,14087000,KO
2023-01-30,54.677040100097656,55.15492210537955,54.51473990215593,54.58687485216725,15632000,KO
2023-01-31,55.29018020629883,55.30821394601613,54.55982922587653,54.98361351027289,14344400,KO
2023-02-01,55.2991943359375,55.524610904847236,54.65900866615009,55.12787554223242,12535400,KO
2023-02-02,54.352439880371094,55.01967441180334,54.01882433444685,54.821306738213046,16947200,KO
2023-02-03,53.946693420410156,54.4786732062244,53.40569160633988,54.415556843853764,15404400,KO
2023-02-06,54.25326156616211,54.40654663124438,53.847514468274404,53.91063083637178,11330900,KO
2023-02-07,54.1630973815918,54.31638244971025,53.68521531665057,53.802429465676504,14922700,KO
2023-02-08,53.84751892089844,54.027849450611484,53.730301324917455,54.027849450611484,11012000,KO
2023-02-09,53.75734329223633,54.38851038368757,53.739309553670985,54.23522876525806,12515300,KO
2023-02-10,53.75734329223633,54.00981219256718,53.090112163238345,53.84751198506304,14420700,KO
2023-02-13,54.64097595214844,54.785242421371635,53.856527240721306,54.009812299036916,16191800,KO
2023-02-14,53.73029327392578,54.91147732822915,53.70324438643873,54.28932539935602,20505700,KO
2023-02-15,53.73029327392578,54.036859943919886,53.40569286574569,54.00981105643283,13171400,KO
2023-02-16,53.39668273925781,53.937681177391624,53.153232410222344,53.405697889406895,16538300,KO
2023-02-17,54.20818328857422,54.30736714342672,53.54095207525,53.64915108073256,16814700,KO
2023-02-21,53.919647216796875,54.307364023719906,53.84751569714691,54.09096602518585,14278300,KO
2023-02-22,54.08194351196289,54.42457766429932,53.874560678586185,53.96472593150339,12409600,KO
2023-02-23,54.18113327026367,54.47868138904853,53.928667782860245,54.10899830838596,12222800,KO
2023-02-24,53.95571517944336,54.01883154954618,53.549964629079376,53.81144869926774,9736200,KO
2023-02-27,53.937679290771484,54.37047871405701,53.86554777334926,54.262279718131644,8849800,KO
2023-02-28,53.65816116333008,53.82947996537941,53.32454558817808,53.82947996537941,16082200,KO
2023-03-01,53.072078704833984,53.360611644234716,52.630260706610635,53.31552901737535,13275800,KO
2023-03-02,53.84751892089844,53.9016167039786,53.01798403796404,53.054051519740405,11758300,KO
2023-03-03,53.59503936767578,53.811440775867545,53.387656547933176,53.694223203114355,13101800,KO
2023-03-06,54.42458724975586,54.44262099143225,53.39668805129314,53.432752095061396,16282700,KO
2023-03-07,54.1089973449707,54.61393175037146,53.87456560221078,54.54180022936234,13961200,KO
2023-03-08,54.136043548583984,54.39752759176722,53.85652576729323,54.136043548583984,10851600,KO
2023-03-09,53.613075256347656,54.58687647291123,53.45077505358706,54.58687647291123,13900900,KO
2023-03-10,53.38766098022461,54.22621091726135,53.189296732462786,53.829478982153724,13745800,KO
2023-03-13,53.92866516113281,54.88442928245831,53.42373077128891,53.45979825047436,21956000,KO
2023-03-14,54.12702560424805,54.51474237921674,53.51389225962703,54.09997671655661,19496900,KO
2023-03-15,54.48768997192383,54.53277259502543,53.414708407937624,53.58602375155717,21089900,KO
2023-03-16,54.78752899169922,54.823873126804976,54.2423808289828,54.59672748134522,15658300,KO
2023-03-17,54.53312301635742,54.83295344428014,54.18786068986914,54.796612777781824,27351200,KO
2023-03-20,55.060096740722656,55.060096740722656,54.48769227549159,54.66032169843899,12904100,KO
2023-03-21,54.805694580078125,55.19638532135852,54.40591953907899,55.03284019868454,13716500,KO
2023-03-22,54.56038284301758,55.30542027597653,54.5422107756323,54.87838882330869,10494200,KO
2023-03-23,54.44226837158203,54.869303307737155,54.26055462220909,54.59672921771015,15479000,KO
2023-03-24,55.33267593383789,55.441704863953184,54.433177728976915,54.742095919276245,12975600,KO
2023-03-27,55.74153518676758,55.85965188265828,55.37810426505593,55.55073369292142,12777400,KO
2023-03-28,55.80513000488281,56.095879565013774,55.66884472284973,55.777873641669565,10925700,KO
2023-03-29,56.204917907714844,56.286690477032245,55.959600199762654,56.0777169034361,9441000,KO
2023-03-30,56.195831298828125,56.413892643489255,56.0232018560317,56.22309113314044,9870700,KO
2023-03-31,56.359375,56.55926427199856,56.21400192926488,56.38663483361542,14440900,KO
2023-04-03,56.695552825927734,56.80458176207137,56.2049174143303,56.60469249083522,12300700,KO
2023-04-04,56.52292251586914,57.004473649037664,56.40480927378016,56.68646766057279,11433400,KO
2023-04-05,57.05897903442383,57.25886828907591,56.78640498369551,56.813661348978215,12789600,KO
2023-04-06,57.09532928466797,57.27704649328486,56.67738213102636,57.113501352126406,9644200,KO
2023-04-10,56.959041595458984,56.959041595458984,56.350292920872505,56.777327849352154,7952600,KO
2023-04-11,56.859100341796875,56.97721358340726,56.69555519775591,56.92270084603863,9913000,KO
2023-04-12,56.959041595458984,57.26795981619516,56.61378270508197,56.768240082466285,9593700,KO
2023-04-13,57.37698745727539,57.386071757439176,56.768235367284454,57.022637363477365,9871400,KO
2023-04-14,57.28612518310547,57.376985511498276,57.04080749539559,57.28612518310547,8946000,KO
2023-04-17,57.65864562988281,57.722246128721416,57.36789950205857,57.53144463220561,9452400,KO
2023-04-18,57.74950408935547,57.78584475468024,57.41332607385607,57.70407219225703,9035700,KO
2023-04-19,57.85853576660156,57.994824532438834,57.63139013418431,57.90396419989156,9769500,KO
2023-04-20,58.11293411254883,58.14927824328298,57.64047081090611,57.81310369890978,10706400,KO
2023-04-21,58.1947135925293,58.394595925525444,57.96756449494705,58.14928169343248,12931100,KO
2023-04-24,58.10385513305664,59.04877835689574,57.80402122599659,58.83072048445879,15532300,KO
2023-04-25,58.01299285888672,58.30373898972974,57.81310706016169,58.30373898972974,12818900,KO
2023-04-26,57.74042510986328,57.9403143964186,57.595052028541495,57.749512877052695,13179600,KO
2023-04-27,57.85853576660156,57.931220566672096,57.3406440019676,57.72224700076429,13795800,KO
2023-04-28,58.28556823730469,58.29465600316459,57.67681616547543,57.79493285988418,13687600,KO
2023-05-01,58.42185974121094,58.77620637511169,58.20379494193769,58.285570974648806,9091500,KO
2023-05-02,58.15837097167969,58.27648420769382,57.48601835959349,58.27648420769382,10948400,KO
2023-05-03,57.831275939941406,58.31282354274685,57.76767544394699,58.16744701936866,11084600,KO
2023-05-04,57.89488220214844,58.08568370913512,57.704077229194326,57.91305426938061,11938300,KO
2023-05-05,58.167449951171875,58.34008284840112,57.813106788462456,57.82219108864793,9039000,KO
2023-05-08,58.07659912109375,58.20380013271331,57.79494072849834,57.97665794479811,7240700,KO
2023-05-09,57.59504699707031,57.922137267961816,57.49510236252376,57.82219263341526,9067700,KO
2023-05-10,57.69499206542969,57.82219306818451,57.23161648882747,57.53144692875423,10134000,KO
2023-05-11,58.02207565307617,58.0856761471251,57.249778493105396,57.76767367688047,9581500,KO
2023-05-12,58.24922561645508,58.32191388135086,57.87670692378228,58.02207998760661,8740800,KO
2023-05-15,58.09476089477539,58.37642270342721,57.88578734614998,58.34916633890081,8150000,KO
2023-05-16,57.440589904785156,58.05842631589771,57.38607370405145,58.05842631589771,9129600,KO
2023-05-17,57.37698745727539,57.62230168733727,56.99538099701877,57.60413308700971,11583000,KO
2023-05-18,57.05897903442383,57.277040354586745,56.850005479999886,57.249780523336945,13595100,KO
2023-05-19,57.08623504638672,57.33154924945278,56.88634580510799,57.27703652253449,14251400,KO
2023-05-22,55.88690948486328,57.12258227114376,55.82330898550772,57.04989747158052,15055400,KO
2023-05-23,55.78696060180664,56.032274799120096,55.57798360029746,55.88690175413552,13932700,KO
2023-05-24,55.31450653076172,55.814226239312006,55.16913346162041,55.76879780507423,11090100,KO
2023-05-25,54.88747024536133,55.178216376342185,54.651240313677114,54.94198644465797,14463600,KO
2023-05-26,54.75117492675781,55.09643721570974,54.614889643779556,54.923807804217205,12570300,KO
2023-05-30,54.315059661865234,54.69666610658716,54.078829741583746,54.596721479017916,15634200,KO
2023-05-31,54.206031799316406,54.76935197872042,53.94254204254283,54.44226172423836,59432200,KO
2023-06-01,54.514957427978516,54.66941481035998,54.305983840420716,54.46044122280218,13402700,KO
2023-06-02,55.56890869140625,55.714281760956034,54.587641338437074,54.760270775412636,15259800,KO
2023-06-05,55.19638442993164,55.823305079412364,55.014667244787844,55.42353004486963,12915600,KO
2023-06-06,54.79661178588867,55.41444816275045,54.6239788927858,55.37810403094278,10943500,KO
2023-06-07,54.71484375,54.84204475588567,54.35140933378312,54.52403877520403,16817900,KO
2023-06-08,54.85112380981445,54.88746794115313,54.49677719418017,54.633065953716645,15585900,KO
2023-06-09,54.94198989868164,55.12370364249297,54.66941235102966,54.76027268890282,12581500,KO
2023-06-12,54.705753326416016,55.105531858032016,54.533123893379205,55.05101565845694,14208900,KO
2023-06-13,54.92382049560547,55.12370631668841,54.551301757172396,54.70575914009866,13397800,KO
2023-06-14,55.29633712768555,55.49622640712195,55.06010371272116,55.17822042020335,14099700,KO
2023-06-15,56.05620193481445,56.120286812452505,55.24140549710453,55.48859152186438,15271400,KO
2023-06-16,56.459014892578125,56.916765959295425,56.2850707444764,56.39493002262678,26738000,KO
2023-06-20,56.08366012573242,56.72451232867233,56.06535315602757,56.38577751131575,13971800,KO
2023-06-21,56.23930358886719,56.50480007996874,55.82732687722062,56.129444296549416,13948700,KO
2023-06-22,56.623809814453125,56.85268536502466,56.38578077849877,56.58719238055813,15193400,KO
2023-06-23,56.02873611450195,56.73367323734937,56.010425651164695,56.70620579616159,25112100,KO
2023-06-26,56.04704284667969,56.11112771791195,55.2871743844064,56.03788586943876,12856100,KO
2023-06-27,55.92803192138672,56.175217945005606,55.827326116316364,56.04704819032112,9068500,KO
2023-06-28,55.40619659423828,55.88225818336625,55.29633730208997,55.73577796304718,11173200,KO
2023-06-29,54.94844436645508,55.25055828689093,54.71956880852701,55.13154551127031,17142300,KO
2023-06-30,55.13154220581055,55.25055497429565,54.81111434850446,54.93013060935322,19739200,KO
2023-07-03,55.46112823486328,55.50690264909974,54.95759920117037,55.11323640041107,9694500,KO
2023-07-05,55.873104095458984,55.937188976890944,55.07661807454454,55.18647737237588,14716600,KO
2023-07-06,55.44281768798828,55.86394788611782,55.38788629556811,55.598451394632875,12603900,KO
2023-07-07,54.710411071777344,55.38788425048952,54.682947122763274,55.21394008612739,14574000,KO
2023-07-10,54.29843521118164,55.06745717723433,54.14279802553244,54.90266650648278,15480600,KO
2023-07-11,54.490684509277344,54.52730543083848,53.868142812191174,54.43575312693563,15967700,KO
2023-07-12,54.78365707397461,54.97591171635868,54.42661174030017,54.70126172832942,14241300,KO
2023-07-13,55.25055694580078,55.35126274762293,54.91182210615119,55.03999185670164,11269800,KO
2023-07-14,55.75408172607422,55.882251466903256,55.01252373538174,55.05829814391161,11634200,KO
2023-07-17,55.67168426513672,55.93717722140408,55.37872387091086,55.625906365993686,10014300,KO
2023-07-18,55.451969146728516,56.07451093527661,55.305488931326835,55.80901445349737,11152900,KO
2023-07-19,56.43155288696289,56.56887960864651,55.552671646805834,55.63506698134328,12936000,KO
2023-07-20,57.118186950683594,57.136497415450705,56.45902418852359,56.46818116708918,11563000,KO
2023-07-21,57.16395950317383,57.3836815808534,56.9808618461988,57.182269967344126,12815100,KO
2023-07-24,57.18227005004883,57.502697934946475,57.12734214982245,57.145649121655275,10251100,KO
2023-07-25,56.990013122558594,57.118182874417464,56.806911980318574,57.035787535027644,13422700,KO
2023-07-26,57.722415924072266,57.832275215753675,56.20268233508443,56.63296950835216,17145500,KO
2023-07-27,57.16395950317383,57.92382805060322,57.1090316030269,57.72241643709395,11517100,KO
2023-07-28,57.20058059692383,57.4660770896149,56.962551546749594,57.30128640396968,9721800,KO
2023-07-31,56.697059631347656,57.173121262493666,56.513958466697,57.173121262493666,15577900,KO
2023-08-01,56.550567626953125,57.09071402943936,56.41324090895898,56.843528032468015,9281600,KO
2023-08-02,56.724517822265625,57.30128521000602,56.35831902252299,56.35831902252299,11059400,KO
2023-08-03,56.43155288696289,56.87099350704142,56.330847090043385,56.64211796581113,8037400,KO
2023-08-04,55.58013916015625,56.6604320634627,55.49774382033241,56.468177434661676,9359300,KO
2023-08-07,56.01957702636719,56.147750264899656,55.60760384007135,55.653378250508254,6982600,KO
2023-08-08,55.77238845825195,56.16605465618785,55.497738515878034,56.01957445409753,7956100,KO
2023-08-09,55.90056610107422,56.42240208046302,55.61675915922475,55.76323937287136,7904100,KO
2023-08-10,55.77238845825195,56.51394644578868,55.65337569505347,56.16605465618785,7870300,KO
2023-08-11,56.00127029418945,56.02873773617224,55.561829638467636,55.6991563712899,8483900,KO
2023-08-14,55.735774993896484,56.28507491773976,55.61675872986373,56.13859470522397,7176300,KO
2023-08-15,55.360416412353516,55.75408261826423,55.268864101465226,55.56182451158061,7187400,KO
2023-08-16,55.36957931518555,55.6808502404233,55.29634094638122,55.42451071106191,8372300,KO
2023-08-17,55.48859405517578,55.863949852348455,55.342113829263624,55.461130104181024,12873500,KO
2023-08-18,55.79985427856445,55.92802401513025,55.268861378662294,55.42449855332318,11083800,KO
2023-08-21,55.32380676269531,55.78155793333329,55.22310094637667,55.717473048833114,8648500,KO
2023-08-22,54.985069274902344,55.461130888944055,54.911827414727874,55.24140880078476,9411500,KO
2023-08-23,55.17731857299805,55.33295227224275,55.07661277119793,55.11323369773684,7749500,KO
2023-08-24,55.03083801269531,55.73577512849359,55.012527549541154,55.17731822556484,8955100,KO
2023-08-25,55.28717803955078,55.45196871714653,54.93928622103045,55.30548850287962,7629200,KO
2023-08-28,55.44281768798828,55.598451394632875,55.26887002483969,55.43366070973628,6254300,KO
2023-08-29,55.38788604736328,55.50690231755836,55.06746165725799,55.4428174395373,8189600,KO
2023-08-30,55.360416412353516,55.607602413206536,55.195625745118164,55.51605010231825,9447900,KO
2023-08-31,54.77450180053711,55.36042268717906,54.756191336284054,55.20478548721007,14663500,KO
2023-09-01,54.29843521118164,55.04914671466598,54.124487562964084,54.93013045415349,11262300,KO
2023-09-05,53.84983825683594,54.307589349459406,53.71251153210343,54.24350447588122,12474600,KO
2023-09-06,53.8132209777832,53.85899888403853,53.48363960998282,53.66674075791236,13923500,KO
2023-09-07,53.4012451171875,54.16111012879264,53.37377767632108,53.96885550454645,17628600,KO
2023-09-08,53.4012451171875,53.47448347731588,53.10828119958277,53.37377767632108,14312300,KO
2023-09-11,53.9047737121582,54.005479518911514,53.309695849905346,53.46533304916881,14767400,KO
2023-09-12,53.373783111572266,54.01463541668371,53.27307730032223,54.005481930371936,12292700,KO
2023-09-13,53.501949310302734,53.72167138315455,53.41040048382673,53.46533187513065,12641400,KO
2023-09-14,53.94487380981445,54.06483431827228,53.695726686127244,53.74186778019882,12311600,KO
2023-09-15,53.46504211425781,54.11097879284997,53.28971790266965,53.89874310932586,55727500,KO
2023-09-18,53.797237396240234,53.843374975330754,53.178986092269646,53.50195266597493,13617400,KO
2023-09-19,53.686500549316406,53.88028047205206,53.446579532535,53.76031996366135,11998900,KO
2023-09-20,53.926422119140625,54.286303671494935,53.59422944939064,53.79723549422593,14766600,KO
2023-09-21,53.0959358215332,53.90796705106343,52.98520141017507,53.861829473033325,15941800,KO
2023-09-22,53.15130615234375,53.49273201661049,53.059030984746904,53.38199759140787,14644100,KO
2023-09-25,52.59764099121094,53.04979769944054,52.35772347587198,52.96674865180945,12358800,KO
2023-09-26,52.16393280029297,52.50535857112984,52.04397581925724,52.348486605056216,11194700,KO
2023-09-27,51.62873077392578,52.163932937064324,51.3795836648528,52.06242816817485,13766300,KO
2023-09-28,51.499549865722656,51.97015877711759,51.39804508559966,51.887109731568906,12484800,KO
2023-09-29,51.65641403198242,51.92401688093979,51.32421787742447,51.80405637622249,12271600,KO
2023-10-02,51.195037841796875,51.684102509895034,50.82593369382394,51.5918273529197,11792500,KO
2023-10-03,50.64137649536133,51.14889686515095,50.54909782444508,50.89974973378411,13604200,KO
2023-10-04,50.78902053833008,51.01048231575362,50.48450619428335,50.65060428738675,12100500,KO
2023-10-05,48.33445739746094,50.70596442739462,48.20527079195031,50.512184519128674,29878100,KO
2023-10-06,49.035770416259766,49.17418668403488,47.56857276214565,48.02072951948202,30298900,KO
2023-10-09,48.79584884643555,49.0449959958188,48.08531886932143,48.86966826843524,15704700,KO
2023-10-10,49.85702133178711,50.13385381168755,49.42332391874742,49.949299998444324,20909700,KO
2023-10-11,49.561744689941406,50.08772085508324,48.92503762689386,50.03235716616628,21138900,KO
2023-10-12,48.73125076293945,49.67247206180376,48.38059886256147,49.60787523377749,19330400,KO
2023-10-13,48.80506896972656,49.29413358072971,48.574377584148294,48.666656250422314,14494600,KO
2023-10-16,49.30336380004883,49.42332430761146,48.758931982736875,48.925030063955525,12816800,KO
2023-10-17,49.89393997192383,49.921621815865336,49.100360924931415,49.19263960485595,16457200,KO
2023-10-18,49.87548065185547,50.31840772344906,49.75552013660987,49.9216182284664,12809500,KO
2023-10-19,50.15230941772461,50.530643176435255,49.70015624076555,49.97698521932212,16202200,KO
2023-10-20,50.35531997680664,50.770565212913404,50.235359459693235,50.318408506914594,15686400,KO
2023-10-23,49.90316390991211,50.650601771682325,49.87547854905563,50.179992877977796,21212700,KO
2023-10-24,51.342681884765625,51.83174656886439,51.02894141268468,51.35191151280809,25290800,KO
2023-10-25,51.78560256958008,51.87788123820731,51.268856105552715,51.45340640266461,16701000,KO
2023-10-26,51.47186279296875,52.25621564598471,51.41649911115747,52.01629462456474,16228400,KO
2023-10-27,50.973575592041016,51.80406255745804,50.84438544535379,51.259630688098085,13626500,KO
2023-10-30,51.81329345703125,51.93325045893531,51.13967142444794,51.148901052330814,15014300,KO
2023-10-31,52.12702941894531,52.33926508097871,51.813288979402174,52.200848835270634,16639400,KO
2023-11-01,52.08089065551758,52.48690978373554,51.91479256125959,52.41308684403354,14110800,KO
2023-11-02,52.68069076538086,52.73605797125568,52.00707226755925,52.13625889452893,13087200,KO
2023-11-03,52.35772705078125,53.14207648301792,52.32081557818683,52.96675226830208,13958700,KO
2023-11-06,52.5699577331543,52.856012818347665,52.35772206605,52.394630015058816,12673200,KO
2023-11-07,52.763736724853516,52.96674628110347,52.348491505283775,52.523815700181494,10449300,KO
2023-11-08,52.68069076538086,53.031342695778264,52.523818775437974,52.89292644112699,13744000,KO
2023-11-09,52.283897399902344,52.726824454012295,52.01629453802197,52.62531967743205,12021100,KO
2023-11-10,52.339263916015625,52.53304383963672,51.730238784584145,52.47767663857157,11678900,KO
2023-11-13,52.533042907714844,52.68991136117637,52.22852858736547,52.24698432072645,12798200,KO
2023-11-14,52.689918518066406,52.81910866914122,52.42231914816209,52.61609909466677,12697100,KO
2023-11-15,52.791419982910156,52.91138049846557,52.366948644878946,52.87446902905291,10201900,KO
2023-11-16,52.736053466796875,53.08670184717201,52.42231303378088,52.82832861530164,16010400,KO
2023-11-17,52.837554931640625,52.91137786679419,52.320808465850824,52.7729616234169,14475800,KO
2023-11-20,52.96675109863281,53.13284920156797,52.560731949203905,52.64378100067148,13051000,KO
2023-11-21,53.54808807373047,53.55731770121731,52.902154952512,53.022111949268854,13891600,KO
2023-11-22,53.907962799072266,54.01869720169622,53.64036345957594,53.760320448978284,11320600,KO
2023-11-24,54.04638671875,54.21248482620625,53.83415103034964,53.944881928629876,4816000,KO
2023-11-27,53.94487380981445,54.157109466272914,53.769549620584755,54.01869674427196,16246500,KO
2023-11-28,54.05561065673828,54.28630205724657,53.852601097868124,53.88951256676659,13739600,KO
2023-11-29,53.73263931274414,54.13865490080727,53.61267880169793,54.055609377857586,11263600,KO
2023-11-30,54.35581588745117,54.374418577824436,53.57452063227588,53.909361962793916,22727500,KO
2023-12-01,54.54184341430664,54.58834836974619,54.16980022268953,54.19770248633313,15371200,KO
2023-12-04,54.47673034667969,54.839473930356455,54.35581463608733,54.49533303662469,14942200,KO
2023-12-05,54.56044006347656,54.718561152179774,54.33721133474858,54.45812704398042,11891500,KO
2023-12-06,54.504642486572266,54.62555821908073,54.14189883714782,54.4674406480397,14868500,KO
2023-12-07,54.63485336303711,54.77436822039205,54.30931159967471,54.56974217188428,11587900,KO
2023-12-08,54.51394271850586,54.644158016721924,54.29071395863491,54.63485844460682,11178700,KO
2023-12-11,54.91388702392578,54.96039197671455,54.41162501836598,54.71856409335268,14524800,KO
2023-12-12,55.26732635498047,55.26732635498047,54.78367059830855,55.06270385734247,12899000,KO
2023-12-13,55.74168395996094,55.82539428928442,55.11850627541943,55.2952300529358,16196800,KO
2023-12-14,54.91388702392578,55.84400027210298,54.66275602114588,55.77889262857861,22478300,KO
2023-12-15,54.504642486572266,55.03480682774659,53.76055249440662,54.718571685664536,65177400,KO
2023-12-18,54.89528274536133,55.33243709475221,54.523236037611596,54.69065670128894,16717700,KO
2023-12-19,54.71855926513672,55.062700143128104,54.54183549279237,54.87667680028676,14612200,KO
2023-12-20,53.583824157714844,54.56974191826923,53.546618776686266,54.411624371048404,17701000,KO
2023-12-21,53.93726348876953,54.01167069625288,53.4536042217774,53.807044666498484,11725100,KO
2023-12-22,54.24420166015625,54.37441694074828,53.965168409159,54.05817831012465,9029400,KO
2023-12-26,54.467437744140625,54.606952614426746,54.0023810803187,54.0023810803187,6422500,KO
2023-12-27,54.60694122314453,54.6627492884776,54.3186084225071,54.5418335876393,8560100,KO
2023-12-28,54.64414978027344,54.755762369335294,54.439523743576515,54.5511398807386,8400100,KO
2023-12-29,54.81157684326172,54.85808179846376,54.532543563948806,54.63485659425369,9244300,KO
2024-01-02,55.63937759399414,55.69518566958305,54.56974587452788,54.69066159758684,16322600,KO
2024-01-03,55.769588470458984,55.992817207028104,55.58356511466811,55.74168620892549,14830600,KO
2024-01-04,55.58356475830078,56.048621370746105,55.49055485505187,55.85329844506316,12912900,KO
2024-01-05,55.49985885620117,55.76029299266697,54.96039498771615,55.6207745785567,10412800,KO
2024-01-08,55.90910339355469,55.97421103181298,55.26732303343698,55.50915444533936,11554600,KO
2024-01-09,55.80679702758789,55.93701231962283,55.45335298627833,55.797497455914225,10493700,KO
2024-01-10,55.99281692504883,56.18813985100042,55.788190879899325,56.01141961534427,12258000,KO
2024-01-11,55.63007354736328,56.048621662260686,55.51845740516361,56.03932209112757,13754200,KO
2024-01-12,56.1695442199707,56.23465187013716,55.68588485580505,55.88121135440523,13218000,KO
2024-01-16,55.79749298095703,56.20674151568808,55.66727415126504,56.16953613577608,11826900,KO
2024-01-17,55.79749298095703,56.0021154742724,55.6393718903812,55.676577270293194,8982100,KO
2024-01-18,55.95560836791992,56.0207160062077,55.36963607522977,55.518454041044706,10397700,KO
2024-01-19,55.64867401123047,56.06722210938179,55.471950233868554,56.04861941975947,14392600,KO
2024-01-22,55.40684509277344,55.87190171000209,55.28592937882588,55.58356533000418,14314300,KO
2024-01-23,55.66727066040039,55.80678905227111,55.30452709925664,55.36963473596962,14481600,KO
2024-01-24,54.79296875,55.63007205351667,54.774366060132934,55.62076893453299,16370500,KO
2024-01-25,55.02550506591797,55.03480463815588,54.560448395804364,54.88598664564356,14899700,KO
2024-01-26,55.220821380615234,55.33243752266355,54.99759619271938,55.10920878666731,13025100,KO
2024-01-29,55.5556640625,55.61147213488224,55.034799364567185,55.19292046226663,14547100,KO
2024-01-30,55.71378707885742,55.82539967936511,55.29523539182782,55.66727857622033,22061500,KO
2024-01-31,55.332435607910156,56.22534342479568,55.146412259033944,55.899801677237235,22837000,KO
2024-02-01,56.71830368041992,56.7462059416035,55.211521258800595,55.40684418328637,15870900,KO
2024-02-02,56.30905532836914,56.615990846709316,56.02071895214624,56.569485895215394,17544900,KO
2024-02-05,55.843994140625,56.16023275220736,55.69517617918037,56.16023275220736,12759600,KO
2024-02-06,55.7509880065918,55.85330103376786,55.50916011807609,55.76959069772386,12775200,KO
2024-02-07,55.79749298095703,56.0021154742724,55.750984482016875,55.87190019268072,10259900,KO
2024-02-08,55.64867401123047,55.77888929048646,55.258024625362246,55.704478531997175,12874800,KO
2024-02-09,55.397544860839844,55.416147551079156,54.90458243974899,55.313834528813125,15235300,KO
2024-02-12,55.52775192260742,55.583556436962205,54.83946667806643,55.49054654763767,13516800,KO
2024-02-13,55.20221710205078,56.420666673602625,54.68135597987923,55.3417355015469,24195700,KO
2024-02-14,55.14641189575195,55.42544514317799,54.91388359821355,55.03479575830134,15872500,KO
2024-02-15,55.24872589111328,55.425446123050634,54.99759489956,55.26732503291696,13695800,KO
2024-02-16,55.23942184448242,55.45334745263531,54.8394728885139,55.20221646529925,13947100,KO
2024-02-20,56.4578742980957,56.58808958381622,55.35103727327047,55.43474760667658,18339300,KO
2024-02-21,56.96013259887695,56.997334429451904,56.57878633770719,56.72760430430758,14373000,KO
2024-02-22,56.87643051147461,56.96944042353806,56.27185543876004,56.727612523312665,12982800,KO
2024-02-23,56.92293167114258,57.31357753347656,56.73690831132143,56.82061864583592,13612900,KO
2024-02-26,56.46717071533203,56.98803537722151,56.42066576561517,56.96013311701143,10336100,KO
2024-02-27,56.12303161621094,56.53228015408683,55.91840557322282,56.3090549691001,9931100,KO
2024-02-28,56.1788444519043,56.26255479040017,55.86260578959772,56.15093864033857,8076500,KO
2024-02-29,55.825401306152344,56.40207056503063,55.713788702392186,56.13233685351794,18152700,KO
2024-03-01,55.3696403503418,55.71378480569177,55.19292011107322,55.71378480569177,10927600,KO
2024-03-04,55.63007354736328,55.76028883182918,55.08130659989959,55.090606171032704,10150200,KO
2024-03-05,55.360328674316406,55.90909551090843,55.26731524127558,55.723072192926445,12310000,KO
2024-03-06,55.38824462890625,55.8067963108578,55.23012707578042,55.360342366143,12378800,KO
2024-03-07,55.28592300415039,55.59286203921827,55.09990321718804,55.51845128595333,13686900,KO
2024-03-08,55.360328674316406,55.61145962137713,54.84876721094072,55.15570266972627,13239000,KO
2024-03-11,56.0300178527832,56.07652280077575,55.41614331422134,55.602163106191526,14114300,KO
2024-03-12,56.271846771240234,56.504375063683376,56.002113100462154,56.10442611683316,12684600,KO
2024-03-13,56.848514556884766,56.93222488204718,56.55087863366286,56.625289388518375,13909500,KO
2024-03-14,56.72195053100586,57.003215686111446,56.62819667146417,56.79695647982361,13996600,KO
2024-03-15,56.14067077636719,56.6750756634572,55.915656498206886,56.271927615093766,36849900,KO
2024-03-18,56.375057220458984,56.628196934172514,56.06566304487116,56.15004294944234,15856700,KO
2024-03-19,56.468807220458984,56.58131256003665,56.30942495409732,56.47818475170394,15030600,KO
2024-03-20,56.956336975097656,57.01259143495167,56.40318063754778,56.421932124165785,15258800,KO
2024-03-21,56.69383239746094,57.18136039818741,56.553198013537184,56.778212312519,13067100,KO
2024-03-22,56.71257400512695,56.993839147484096,56.65631954606339,56.74069944641857,11502800,KO
2024-03-25,56.628196716308594,56.91883582700631,56.36567947171907,56.70319908870525,13144700,KO
2024-03-26,56.75945281982422,56.918835094416046,56.60944450048114,56.72194984586834,13277400,KO
2024-03-27,57.21885299682617,57.59387559170676,56.90946239605813,56.99384230108224,12551200,KO
2024-03-28,57.35948944091797,57.43449181672148,57.19072962475924,57.32198646477588,13683500,KO
2024-04-01,56.890708923339844,57.47199070628719,56.84383199473578,57.35948536234134,11668700,KO
2024-04-02,56.3938102722168,56.937589112831624,56.35630729659354,56.67507543643003,13017300,KO
2024-04-03,56.093788146972656,56.61881544854755,56.04690764377753,56.30004733981411,13672900,KO
2024-04-04,55.59688186645508,56.39380391444249,55.47499899766073,56.337549457349674,14320700,KO
2024-04-05,55.79376983642578,55.953155684428026,55.23123954384458,55.550007663368696,10157800,KO
2024-04-08,55.56875991821289,55.75627121049239,55.38124862593339,55.69064279466663,10284500,KO
2024-04-09,55.990657806396484,56.009409292728144,55.43750147729349,55.765643546896825,10779100,KO
2024-04-10,55.2406120300293,55.68126301260495,55.02497530439108,55.615634599431594,11861900,KO
2024-04-11,55.36249542236328,55.662512050115325,55.11873325349487,55.45625285383599,11109000,KO
2024-04-12,54.64058303833008,55.32499624081759,54.49995224620502,55.26874535455979,12250900,KO
2024-04-15,54.50932693481445,55.137489259491915,54.415573072136915,54.94997795765623,12425000,KO
2024-04-16,54.434322357177734,54.73433899738183,54.31243947944468,54.61245611964877,11236800,KO
2024-04-17,54.85621643066406,54.90309693498995,54.47181989996205,54.64057970139028,13805100,KO
2024-04-18,55.23123550415039,55.29686391426869,54.884341968313635,54.9593443328145,11125900,KO
2024-04-19,56.41255569458008,56.59069303269069,55.31562052960198,55.40937438804302,21207900,KO
2024-04-22,56.768829345703125,56.84383529701134,55.99066227152375,56.38443278645005,15624500,KO
2024-04-23,56.85320281982422,56.890705791234915,56.37505245201853,56.7500714366849,13689100,KO
2024-04-24,57.70637893676758,57.80013637047396,56.103164373432726,56.553189325782135,19548300,KO
2024-04-25,57.884521484375,58.681440071989954,57.537624313148086,58.006400794446456,19048500,KO
2024-04-26,57.884521484375,58.06265525973532,57.518872824718464,57.706384132533955,10994300,KO
2024-04-29,58.1657829284668,58.17515688384022,57.68762894537085,58.05327400510276,13409300,KO
2024-04-30,57.91263961791992,58.90644692034786,57.631374479943794,58.25953316887447,19349200,KO
2024-05-01,58.062652587890625,58.66268588410415,57.38761334141013,57.94076970694708,16729800,KO
2024-05-02,58.1189079284668,58.50330448818986,57.86576820721298,58.29704169832069,10991300,KO
2024-05-03,58.28765869140625,58.43767058011602,57.79075682773611,58.11890246956832,11628700,KO
2024-05-06,58.4564208984375,58.48454991696978,58.03452496173791,58.40954396952426,9310700,KO
2024-05-07,58.70956039428711,58.89707168574321,58.36266682980559,58.84081722536226,9807000,KO
2024-05-08,58.925201416015625,59.03771034496545,58.578307826288686,58.925201416015625,10484400,KO
2024-05-09,58.95332717895508,59.20646689038362,58.83144430090123,58.88769876226773,9113700,KO
2024-05-10,59.309593200683594,59.403350633916645,58.86894578216958,58.99082508065198,8371700,KO
2024-05-13,59.60961151123047,59.647110906848475,59.23458894320822,59.290843401355644,10137600,KO
2024-05-14,59.15958786010742,59.77837264465298,58.878322699219545,59.60961640930471,10852200,KO
2024-05-15,59.18771743774414,59.431479625750306,59.065834555500764,59.12208901880092,9838900,KO
2024-05-16,59.3658447265625,59.750241242618884,59.131456519784706,59.29084236016331,10228000,KO
2024-05-17,59.09395217895508,59.412720275845246,59.0095722834112,59.38459483615733,11539000,KO
2024-05-20,58.66268539428711,59.07520738786933,58.559554001771424,59.00020501470916,11000900,KO
2024-05-21,58.9814567565918,59.047085177880355,58.54080571952798,58.8970768468664,9796200,KO
2024-05-22,59.065834045410156,59.08458553301494,58.74706590908999,58.793942839861664,7419400,KO
2024-05-23,58.2126579284668,58.9533255552304,58.175154955255394,58.58768050762012,9834300,KO
2024-05-24,58.12827682495117,58.52204730608707,58.10015138386441,58.33453959686824,8203100,KO
2024-05-28,57.95952224731445,58.25016494515748,57.565751730701926,57.93139680369374,12347000,KO
2024-05-29,57.84701919555664,58.01577901694977,57.25635982068069,57.63138244077226,11861800,KO
2024-05-30,58.10015106201172,58.20328244739894,57.7532539336219,57.987642145327314,9433800,KO
2024-05-31,59.00020980834961,59.09396367653724,57.837642529826496,58.11891128735105,19816600,KO
2024-06-03,59.00020980834961,59.15021814333832,58.55018480338348,58.793947006559826,9369000,KO
2024-06-04,59.9471321105957,59.97526113005859,59.00957919539194,59.253344956174026,11895600,KO
2024-06-05,59.928382873535156,60.06901724668902,59.39397797791957,59.99401487042612,9632500,KO
2024-06-06,60.144020080566406,60.340905331587464,59.85337739347782,59.928379765851346,8658500,KO
2024-06-07,59.91900634765625,60.20964903735043,59.82525248722872,60.087762581129695,9523100,KO
2024-06-10,59.618988037109375,59.994010621304625,59.41272525815394,59.947130115919904,15685300,KO
2024-06-11,59.58148956298828,59.67524700435787,59.13146457385634,59.618992539536116,8396000,KO
2024-06-12,58.95332717895508,59.71274273676025,58.775189839534725,59.71274273676025,9569600,KO
2024-06-13,59.05646514892578,59.10334208371317,58.550185669667876,58.93458225729387,9668900,KO
2024-06-14,59.09897232055664,59.23124762278919,58.66435244058351,58.93835334048331,8179200,KO
2024-06-17,59.16511154174805,59.42966575746534,58.74938863738055,58.92890460885547,10532700,KO
2024-06-18,59.174560546875,59.3540765144348,58.99504097508352,59.080075613239565,10651700,KO
2024-06-20,58.7493896484375,59.27849448474603,58.53207969894431,58.95725290631439,13306300,KO
2024-06-21,59.30683517456055,59.61862644142872,58.7493866872686,58.7493866872686,28278100,KO
2024-06-24,60.44063186645508,60.52566290325324,59.439113161461144,59.51470111092414,13212500,KO
2024-06-25,60.31780242919922,60.535112374598,60.006007548258516,60.41228376050938,10235300,KO
2024-06-26,60.51622009277344,60.57290745089822,59.74145802416044,59.90208061538824,9402500,KO
2024-06-27,60.38394546508789,60.72408045066599,60.109944533937245,60.516224386639024,8494100,KO
2024-06-28,60.13829040527344,60.525666051610074,60.015461783122795,60.37449735328436,17358800,KO
2024-07-01,59.7886962890625,60.75242458925433,59.63752399974904,60.49731707101276,10033400,KO
2024-07-02,59.66587448120117,59.88318443347699,59.39187356580615,59.76980250723857,8878200,KO
2024-07-03,59.8359375,60.15717544467153,59.458004993914734,59.70365859990811,9154200,KO
2024-07-05,60.242210388183594,60.270557669036265,59.52414294800602,59.8359378077648,11735500,KO
2024-07-08,59.48634719848633,60.08158961936118,59.372968891158735,60.08158961936118,11235100,KO
2024-07-09,59.23124694824219,59.74145476895587,59.13676562036112,59.580835790711724,11657500,KO
2024-07-10,59.363521575927734,59.39186525140351,58.853313791975644,59.25958996020808,11930400,KO
2024-07-11,59.61863327026367,59.95877185797574,58.957256687748064,59.184013343401396,11431600,KO
2024-07-12,60.18552780151367,60.57290703101903,59.89262990438258,59.95876755789093,9201500,KO
2024-07-15,59.911529541015625,60.412287112360154,59.85483857654509,60.27056510753176,8207500,KO
2024-07-16,60.72407150268555,60.76186547470246,59.892625743702695,59.93041971571961,9025100,KO
2024-07-17,61.612213134765625,61.78228240822853,60.856355303735235,60.913042658735115,12508200,KO
2024-07-18,61.59332275390625,62.17911134001804,61.14925256219983,61.22484051152509,11128200,KO
2024-07-19,61.687801361083984,62.01848961419335,61.24373118899572,62.01848961419335,13775700,KO
2024-07-22,61.19648742675781,61.68780187126647,60.77131784188135,61.65000789796093,11794200,KO
2024-07-23,61.37601089477539,62.39642661342392,61.27207926370209,61.820081098731535,11810300,KO
2024-07-24,62.179107666015625,62.330283555733565,61.253180571114385,61.498830579211266,13244600,KO
2024-07-25,62.424774169921875,63.199532698834304,62.22636119149526,62.39643048849868,16328600,KO
2024-07-26,63.35070037841797,63.40738773389766,62.368078702144594,62.42476605762428,13530100,KO
2024-07-29,63.14283752441406,63.33180018283444,62.727111025733194,63.190074584787475,12140200,KO
2024-07-30,63.945945739746094,64.08767135132234,62.698773333110395,62.8121552640642,13258000,KO
2024-07-31,63.05780029296875,63.87980300804654,62.93497528387305,63.775871381710374,15576800,KO
2024-08-01,64.21047973632812,64.35220531119009,63.01999499933463,63.303446149058566,16495900,KO
2024-08-02,65.50491333007812,65.82615132312392,63.955396309408115,64.74904820408413,22514800,KO
2024-08-05,64.34276580810547,65.71277031691635,63.99318416774193,65.18366189592649,25484300,KO
2024-08-06,64.2955322265625,65.04193981670895,64.03097439752068,64.39001356127412,12969100,KO
2024-08-07,64.68290710449219,65.36318423999721,64.08766821515714,64.29553147416853,13365300,KO
2024-08-08,64.9380111694336,65.06083617572104,64.10655817775454,64.24828377483286,15240900,KO
2024-08-09,64.8907699584961,64.9947015873531,64.48449373890874,64.9096633417139,12080400,KO
2024-08-12,64.4089126586914,64.75850155744737,64.08767465048139,64.67346330273834,11012300,KO
2024-08-13,64.68290710449219,64.82463270913301,64.2577374990334,64.32387515340396,9877600,KO
2024-08-14,64.7962875366211,65.0891818265888,64.37111073249712,64.46559927238924,14328000,KO
2024-08-15,64.8624267578125,65.11752707968428,64.72070115301098,64.83408307854494,11285100,KO
2024-08-16,65.36318969726562,65.47657163213745,64.85298180303886,65.0419444860276,12651200,KO
2024-08-19,65.17422485351562,65.58994418400113,65.05139262602741,65.52380652630134,9843900,KO
2024-08-20,65.5521469116211,65.56159720752144,64.97580140558298,65.18366466460836,11957400,KO
2024-08-21,65.73165893554688,66.26076010972672,65.5049023192502,65.6466279076092,8792400,KO
2024-08-22,65.50491333007812,66.06235827393903,64.9947054513018,66.06235827393903,12509200,KO
2024-08-23,65.93952941894531,65.996216777135,65.13642727458216,65.571047173785,11834700,KO
2024-08-26,66.93159484863281,67.00718279922728,65.88284267010532,65.97732400411655,12912200,KO
2024-08-27,67.55518341064453,67.58352708949063,67.1300138110259,67.38511412910437,16988400,KO
2024-08-28,67.79139709472656,67.84808445806236,67.36622745277951,67.6591217746335,13272600,KO
2024-08-29,68.07483673095703,68.23545570535458,67.3000783273454,67.93311113829792,17201700,KO
2024-08-30,68.47166442871094,68.56614575682006,67.81973101037035,68.21655691350666,18624200,KO
2024-09-03,68.98187255859375,69.2464231618656,68.26380148652494,68.44332105665796,14755800,KO
2024-09-04,68.55669403076172,69.47317803206711,67.94256180663702,69.25587170279739,18140800,KO
2024-09-05,67.24340057373047,68.6700927351199,67.06388817272257,68.6134053672716,23866100,KO
2024-09-06,67.21504974365234,67.7158073289792,66.97884279144427,67.07332413063467,17485700,KO
2024-09-09,67.88587188720703,68.32049178393522,67.06387636428217,67.3000833000125,12939300,KO
2024-09-10,67.6024169921875,68.42441238261021,67.57406610936046,67.99924285021656,10277600,KO
2024-09-11,67.15835571289062,67.43235661525893,66.67649155986614,67.42290631973908,11418200,KO
2024-09-12,67.30007934570312,67.44179773204357,66.76152785221983,67.08276580587578,12337800,KO
2024-09-13,67.93270111083984,67.989777094684,67.04798707184564,67.39045023279252,11073800,KO
2024-09-16,68.58909606933594,68.72227820233822,68.13247368700864,68.27516364530973,10786500,KO
2024-09-17,68.30370330810547,68.82691671413886,68.22759716464854,68.39883235848596,12974400,KO
2024-09-18,68.25614929199219,68.85546896562064,67.79951959454944,68.3893314416874,10719700,KO
2024-09-19,67.18116760253906,68.43689002231167,67.16213743645726,68.07538944557535,13635600,KO
2024-09-20,68.15150451660156,68.3037168336566,66.95285792238276,66.98140317524265,48578500,KO
2024-09-23,68.23711395263672,68.68422122638863,67.71389327564412,68.06587875451928,11613000,KO
2024-09-24,67.85658264160156,68.32272002676295,67.16212684674912,67.75193851829667,13330600,KO
2024-09-25,67.97074127197266,68.41785579589721,67.83755914883106,68.2180826111848,12329100,KO
2024-09-26,67.92317962646484,68.12295280897465,67.39044388189075,67.40947404663338,10815200,KO
2024-09-27,68.29419708251953,68.68422841702565,67.980264643458,68.05637079678485,11175700,KO
2024-09-30,68.36078643798828,68.68422669469336,68.19906630963574,68.49396857402944,18015300,KO
2024-10-01,68.21809387207031,69.20745213435268,68.1419877154603,68.58910231319088,13294500,KO
2024-10-02,67.55218505859375,67.95173150528211,66.98140338362711,67.91367842589997,11155500,KO
2024-10-03,67.0860366821289,67.53315126853941,66.7816193212787,67.40948421059109,9374800,KO
2024-10-04,66.75308227539062,66.85772642509491,66.32499785051488,66.55330905992311,12684800,KO
2024-10-07,65.6495590209961,66.68647797045158,65.51637690377945,66.63891707594908,14512000,KO
2024-10-08,65.81129455566406,66.05863594186069,65.50687717953082,65.67811240722344,13549700,KO
2024-10-09,66.18228912353516,66.34400923302148,65.70663661948277,65.82079583329258,9037700,KO
2024-10-10,65.87788391113281,66.50574881558572,65.63054253138931,66.42964265906733,8635200,KO
2024-10-11,66.18228912353516,66.20131203022952,65.64004555923067,66.07764499201313,8786300,KO
2024-10-14,66.91480255126953,67.03847686911156,66.08717169374829,66.18230075970811,7659300,KO
2024-10-15,66.91480255126953,67.74244066667329,66.74357458727135,67.02896178515083,10358700,KO
2024-10-16,67.13359832763672,67.25726537358256,66.562816738675,66.67696870173833,7937300,KO
2024-10-17,66.4962158203125,67.24774758326535,66.19179853411849,67.19066435231106,14674600,KO
2024-10-18,67.00993347167969,67.11457761316214,66.22034849790556,66.46768985576243,15087500,KO
2024-10-21,66.0681381225586,66.90529127880008,65.93495598549875,66.59135884520951,11981200,KO
2024-10-22,66.0681381225586,66.35353256361948,65.33563636872942,65.64005371884939,18603300,KO
2024-10-23,64.6982650756836,65.35466069171312,63.337898425242265,63.727929761389404,24655200,KO
2024-10-24,64.02284240722656,64.72680621800626,63.68987978329154,64.35579777327895,17568800,KO
2024-10-25,63.66134262084961,64.40335952000287,63.53767555695164,63.80403985327509,11138100,KO
2024-10-28,63.42350769042969,64.11796358954629,63.356916625408786,63.69938703348249,10761400,KO
2024-10-29,62.367557525634766,63.109574312536644,62.329504452219076,63.06201341417826,16525900,KO
2024-10-30,62.71002960205078,63.29984136891197,62.13924800134611,62.31999829042396,14177800,KO
2024-10-31,62.12973403930664,62.776621800545875,62.08217313882082,62.60538659145661,13383700,KO
2024-11-01,61.84434509277344,62.462694844447746,61.73018587068715,62.28194455728156,12163100,KO
2024-11-04,61.93947982788086,62.23438210628995,61.50188032325104,61.9109418342132,10984500,KO
2024-11-05,62.18681335449219,62.2819424073394,61.49235747873263,61.49235747873263,8780200,KO
2024-11-06,60.5981330871582,61.70164681231751,60.103454020163916,61.28307026312345,22899300,KO
2024-11-07,60.56008529663086,61.254537615988355,60.50300568159585,61.15940855320448,14856100,KO
2024-11-08,60.80742263793945,61.111839991578265,60.636191051841095,60.79791118329997,14719300,KO
2024-11-11,60.274688720703125,60.997682592973966,60.17004458427386,60.87401192001749,13980900,KO
2024-11-12,60.12247848510742,60.645695524629815,60.0463723409889,60.579104462996455,15021000,KO
2024-11-13,59.932220458984375,60.17955818477951,59.44705646152659,59.97978498752872,13177600,KO
2024-11-14,59.50413131713867,60.03686346199125,59.38997572500627,60.03686346199125,15910800,KO
2024-11-15,58.73358154296875,59.58024254562532,58.40062256318776,59.447060405289385,26284300,KO
2024-11-18,58.84772872924805,59.114092971828185,58.56233795092067,58.83821364690411,16062100,KO
2024-11-19,59.54218292236328,59.57072091245735,58.62893094994563,58.88578374761448,16254800,KO
2024-11-20,59.92271423339844,59.94173714332328,58.99994705757042,59.646834863252145,18904900,KO
2024-11-21,60.655208587646484,60.702776743453114,59.88465381717379,60.07491555357795,17292300,KO
2024-11-22,60.80742263793945,61.34015845021903,60.55057344432136,61.111839991578265,19562200,KO
2024-11-25,61.245018005371094,61.55895042144738,60.731316023791244,61.187942023496035,36805300,KO
2024-11-26,61.4067497253418,61.492363704207385,60.94060498079947,61.17843126593576,14473300,KO
2024-11-27,61.29258346557617,61.92995609474509,61.12134826960289,61.79677397097491,13263400,KO
2024-11-29,61.42198944091797,61.584936155018625,61.12484679839508,61.36447324370041,10648400,KO
2024-12-02,61.00982666015625,61.527428568449274,60.722267606794404,61.39323629366188,16500100,KO
2024-12-03,60.88521194458008,61.421984646978764,60.415535372923124,61.0769167423271,24874500,KO
2024-12-04,59.629554748535156,60.722267447759506,59.33241575698851,60.65517131054153,28137700,KO
2024-12-05,60.31010055541992,60.50180536271587,59.524114136325096,59.87876930958537,21040400,KO
2024-12-06,59.936283111572266,60.731856847385096,59.9171122636227,60.22384217435039,15581100,KO
2024-12-09,60.00337219238281,60.31968566164157,59.33241087540655,60.08963916977475,22348300,KO
2024-12-10,60.30052185058594,60.42513053390331,59.22697996171994,60.09923343201082,14949400,KO
2024-12-11,60.041717529296875,60.99065433822437,59.81167467992759,60.38678545981596,32819000,KO
2024-12-12,61.19194793701172,61.2686276744852,60.59766625984669,60.913976118681205,17542100,KO
2024-12-13,60.50181198120117,61.19194790037672,60.49222838519728,60.933146930685886,13429000,KO
2024-12-16,59.955448150634766,61.211111146184,59.763743346178124,60.607242291908335,24559700,KO
2024-12-17,60.77019500732422,60.9139708738822,59.73499121707398,59.859599893263024,21902400,KO
2024-12-18,60.243003845214844,61.000235815736424,60.18549496310159,60.204665809294355,20946100,KO
2024-12-19,59.85960006713867,60.549732272844984,59.8116747781468,60.099230168563196,21300600,KO
2024-12-20,59.955448150634766,60.444295584822456,59.696647213088056,59.87876842273112,42458100,KO
2024-12-23,59.792503356933594,60.156738474945364,58.97775882603696,59.9075247807023,13010800,KO
2024-12-24,60.233421325683594,60.233421325683594,59.437847648573296,59.61996886242342,5019100,KO
2024-12-26,59.97461700439453,60.13756736253229,59.811670302721666,60.02254228980038,7943800,KO
2024-12-27,59.85960006713867,60.33886026998772,59.62955356092646,59.85960006713867,8542800,KO
2024-12-30,59.4570198059082,59.75416244905419,59.121539125312076,59.75416244905419,8972200,KO
2024-12-31,59.67747497558594,59.84042533533757,59.23655649514141,59.44743214077354,9256700,KO
