Date,Close,High,Low,Open,Volume,Symbol
2015-01-02,39.607177734375,40.16621820057352,39.42083306642058,39.52247590632005,27913900,MSFT
2015-01-05,39.24295425415039,39.58176477133764,39.17519021201252,39.276833044051955,39673900,MSFT
2015-01-06,38.6669807434082,39.59871389554198,38.57380678196122,39.285313214357785,36447900,MSFT
2015-01-07,39.15825271606445,39.35306950794525,38.53145142586843,38.94649491212867,29114100,MSFT
2015-01-08,40.31023025512695,40.445755169379694,39.57331373582574,39.59872364750787,29645200,MSFT
2015-01-09,39.97140121459961,40.50503177599165,39.72576462198083,40.327155999250174,23944200,MSFT
2015-01-12,39.47164535522461,40.267856604476854,39.26835971413208,40.16621055276359,23651900,MSFT
2015-01-13,39.26838302612305,40.581281277412145,39.014274208320145,39.78507278665134,35270600,MSFT
2015-01-14,38.92955780029297,39.1667287616564,38.64156702884079,38.92955780029297,29719600,MSFT
2015-01-15,38.522979736328125,39.28530913151423,38.463687809054505,39.149784264722,32750800,MSFT
2015-01-16,39.16672897338867,39.20060776990832,38.260402504168006,38.378989601074785,35695300,MSFT
2015-01-20,39.29378128051758,39.514011226797486,38.599215876714105,39.217548334677296,36161900,MSFT
2015-01-21,38.89567565917969,39.08202357874209,38.52298305122286,38.91261667288245,39081100,MSFT
2015-01-22,39.92058181762695,39.92905070801014,39.031199693681295,39.28530841035611,35898000,MSFT
2015-01-23,39.96294021606445,40.14081602793231,39.641067391373866,40.1154061208564,26211600,MSFT
2015-01-26,39.81894302368164,39.92058911386341,39.16673171644058,39.81047413175061,42525500,MSFT
2015-01-27,36.13435745239258,36.5917551592861,35.668490853668374,36.3799973206689,169164000,MSFT
2015-01-28,34.889217376708984,36.24446936794402,34.8638074721977,36.202118450035904,84507100,MSFT
2015-01-29,35.58378219604492,35.676956152640294,34.55040624485379,34.668990105550485,63585300,MSFT
2015-01-30,34.22005844116211,35.21955541835501,34.17770430035118,35.19414228763499,78004900,MSFT
2015-02-02,34.965457916259766,35.0416908775201,34.076075522334925,34.38100736737627,50352500,MSFT
2015-02-03,35.23649215698242,35.51601396847917,34.770625702321695,35.26190528695216,52082400,MSFT
2015-02-04,35.43976974487305,35.75317024449121,35.03319533778745,35.524471534661906,41614800,MSFT
2015-02-05,35.95647430419922,36.11740906547864,35.45672577782178,35.7616575201765,36548200,MSFT
2015-02-06,35.922607421875,36.24448031126219,35.702380643558854,36.15130632503151,34616600,MSFT
2015-02-09,35.880245208740234,36.20211799691545,35.75318922543826,35.77860236079938,31381100,MSFT
2015-02-10,36.08353042602539,36.227527420602236,35.727778847367006,36.202117516746014,29670700,MSFT
2015-02-11,35.897193908691406,36.125892788906164,35.753196881370165,36.125892788906164,38262500,MSFT
2015-02-12,36.49858093261719,36.49858093261719,36.007301199573504,36.134357194303604,33268800,MSFT
2015-02-13,37.15926742553711,37.15926742553711,36.54940700140066,36.74422383991896,40264900,MSFT
2015-02-17,37.17632293701172,37.53460625288203,36.843627102637214,37.5090155172235,33695700,MSFT
2015-02-18,37.133670806884766,37.27869258207726,37.01424302388096,37.21897869057536,27111700,MSFT
2015-02-19,37.10807800292969,37.133668739530634,36.724200683101294,36.83509929864346,27603400,MSFT
2015-02-20,37.41517639160156,37.432237965808746,36.92893291626577,37.116603724219694,29721100,MSFT
2015-02-23,37.66256332397461,37.69668321730927,37.236033742748,37.27868605003817,32518800,MSFT
2015-02-24,37.61138153076172,37.79052318782402,37.46635976969031,37.66256625599211,25271700,MSFT
2015-02-25,37.52607727050781,37.61138189254964,37.363993932800504,37.49195412002599,29759800,MSFT
2015-02-26,37.58578872680664,37.730807225734694,37.440766973716066,37.526074844405386,28957300,MSFT
2015-02-27,37.40664291381836,37.70521557271079,37.24456284470243,37.64550169176479,33807700,MSFT
2015-03-02,37.4322509765625,37.69669733328409,37.150739785539756,37.2531060122009,31924000,MSFT
2015-03-03,36.92040252685547,37.38958770787749,36.75832244424232,37.15926132469288,31748600,MSFT
2015-03-04,36.73272705078125,36.86068396688332,36.57917614812892,36.69007149125159,25748700,MSFT
2015-03-05,36.775367736816406,36.88626629906251,36.52797988802174,36.74124460163895,23193500,MSFT
2015-03-06,36.135589599609375,36.77538402381163,35.9564479418318,36.68154698759593,36248800,MSFT
2015-03-09,36.55359649658203,36.79245535780322,35.99057738411513,35.99057738411513,32108000,MSFT
2015-03-10,35.85407638549805,36.43415688971029,35.85407638549805,36.12705506346116,39159700,MSFT
2015-03-11,35.81142044067383,36.14411296727223,35.69199268796283,36.09293150420306,32215300,MSFT
2015-03-12,34.99248123168945,35.529909323009576,34.85599191927693,35.25693069818454,59992500,MSFT
2015-03-13,35.29957580566406,35.376351231637784,34.64272010659139,34.71949553256511,58007700,MSFT
2015-03-16,35.4531364440918,35.521379478149996,35.21427768948276,35.37636099692499,35273500,MSFT
2015-03-17,35.572566986083984,35.683465586064386,35.10338510731483,35.291055906325056,31673400,MSFT
2015-03-18,36.25501251220703,36.53652358312324,35.256934906221815,35.34223951635033,44194800,MSFT
2015-03-19,36.07588195800781,36.33179912115252,36.01616806174616,36.05028796377904,33879100,MSFT
2015-03-20,36.579185485839844,36.6644901183506,36.246492863219494,36.30620675680965,71904500,MSFT
2015-03-23,36.5621223449707,36.79244874789589,36.493876038550056,36.57918392157587,26246100,MSFT
2015-03-24,36.59624481201172,36.82656795645541,36.468284616953724,36.49387535430015,25513300,MSFT
2015-03-25,35.36783981323242,36.621838097051864,35.35077823576023,36.61330568123418,43469900,MSFT
2015-03-26,35.15458297729492,35.49580809607569,34.90719492888706,35.16311539505459,37495600,MSFT
2015-03-27,34.94984436035156,35.34225089999549,34.830416566039354,35.07780131675893,34401400,MSFT
2015-03-30,34.9412956237793,35.43607140244619,34.89864332489879,35.060723362309425,35049700,MSFT
2015-03-31,34.68537902832031,35.00100994914319,34.58301285884081,34.787745197799815,34887200,MSFT
2015-04-01,34.73657989501953,34.77069979793954,34.386825670323304,34.63421042376939,36865300,MSFT
2015-04-02,34.36975860595703,34.75363592646523,34.224736838581556,34.6853896231914,37487500,MSFT
2015-04-06,35.44459533691406,35.6407984861784,34.275905598182426,34.41239488698202,39223700,MSFT
2015-04-07,35.42754364013672,35.751707011667136,35.23987284959784,35.49578993063249,28809400,MSFT
2015-04-08,35.333717346191406,35.56404376530546,35.0095571303982,35.36784050180013,24753400,MSFT
2015-04-09,35.38489532470703,35.50432309237585,35.18869209865646,35.18869209865646,25723900,MSFT
2015-04-10,35.58963394165039,35.78583718411041,35.325184395293206,35.51285847684752,28022000,MSFT
2015-04-13,35.623748779296875,35.87966912839641,35.30811780401318,35.316650217869785,30276700,MSFT
2015-04-14,35.52992248535156,35.854082688567836,35.30812523666348,35.657879432674896,24244400,MSFT
2015-04-15,36.0502815246582,36.22089402100182,35.5555088648407,35.62375191088052,27343600,MSFT
2015-04-16,35.964996337890625,36.11854734215761,35.67495591362681,35.78585458430062,22509700,MSFT
2015-04-17,35.50432586669922,35.60669532198249,35.111919383935266,35.546978179319154,42387600,MSFT
2015-04-20,36.60476303100586,36.826556948088715,35.55550080933466,35.59815311021652,46057700,MSFT
2015-04-21,36.37443542480469,36.80949733935367,36.28059841366033,36.681537187036476,26013800,MSFT
2015-04-22,36.67301940917969,36.79244718618352,36.29767124812437,36.40003744924724,25064300,MSFT
2015-04-23,36.97157669067383,37.20190300806149,36.510924055898485,36.58769949502771,46309500,MSFT
2015-04-24,40.83592987060547,41.066256171091865,38.94214126798659,38.95067042541429,130933700,MSFT
2015-04-27,40.972442626953125,41.05775052088004,40.281466584043876,40.28999574635486,59248200,MSFT
2015-04-28,41.936397552490234,41.97904986919488,40.69093168140073,40.75917473729553,60730800,MSFT
2015-04-29,41.85108184814453,42.06434662941566,41.37336756659877,41.561041615449305,47804600,MSFT
2015-04-30,41.4927978515625,42.26055241258206,41.45867470348107,41.54398257368464,64725500,MSFT
2015-05-01,41.509849548339844,41.697523563968176,41.28805564691142,41.44160652257791,38937300,MSFT
2015-05-04,41.151588439941406,41.68901353921378,41.10040370251207,41.262483823126416,34039500,MSFT
2015-05-05,40.605621337890625,41.08333571691348,40.35823661430089,40.79329542503585,50369200,MSFT
2015-05-06,39.47957992553711,40.750639603709125,39.25778595867842,40.58002710773022,52433000,MSFT
2015-05-07,39.83787536621094,40.170568017686065,39.37722250070841,39.47105955710671,32971700,MSFT
2015-05-08,40.73358154296875,40.9297847913149,40.53737829462259,40.56296903227032,35364900,MSFT
2015-05-11,40.409420013427734,40.87007283789913,40.409420013427734,40.5629709549182,24609400,MSFT
2015-05-12,40.392337799072266,40.673848799364244,39.5989927580913,39.96580834711095,29928300,MSFT
2015-05-13,40.631202697753906,41.21981225967458,40.58001798421917,41.10891367409696,34184600,MSFT
2015-05-14,41.56105041503906,41.64635504394387,40.9724374114417,40.9724374114417,32980900,MSFT
2015-05-15,41.202762603759766,41.72312928561219,40.989497783601415,41.68900613338776,28642700,MSFT
2015-05-18,40.95536804199219,41.13451293526605,40.61414633713637,40.929777309022654,24136500,MSFT
2015-05-19,40.85234069824219,41.049819035742914,40.508898117616724,40.835168241679796,28574800,MSFT
2015-05-20,40.85234069824219,41.15285049980608,40.586172534491894,40.68920399855506,25047900,MSFT
2015-05-21,40.71495819091797,40.86950701383175,40.36293104435011,40.59475427872079,22410700,MSFT
2015-05-22,40.26849365234375,40.6548624938003,40.19980382033545,40.61193298645085,25720600,MSFT
2015-05-26,40.0023193359375,40.25131502584189,39.658876779151385,40.208385525071364,29581900,MSFT
2015-05-27,40.87810134887695,41.01547773817477,40.028082688320055,40.1998039937702,27335600,MSFT
2015-05-28,40.74072265625,41.23012622016139,40.68920528493411,40.783652161357594,19283700,MSFT
2015-05-29,40.234153747558594,40.843761343658116,40.00233044862387,40.72355739798349,36519600,MSFT
2015-06-01,40.55183792114258,41.01548454015537,40.028089326551694,40.40587691625635,28837300,MSFT
2015-06-02,40.285675048828125,40.654874819527905,40.02809465132682,40.29426291808856,21498300,MSFT
2015-06-03,40.22555923461914,40.98971884574879,40.19980218631872,40.67203329859069,28002200,MSFT
2015-06-04,39.804847717285156,40.49172967125194,39.6674713264918,40.17404738166321,27745500,MSFT
2015-06-05,39.61594772338867,39.942217828469396,39.35836744056115,39.76191195802123,25438100,MSFT
2015-06-08,39.263919830322266,39.86494266243129,39.21240246460631,39.753323341035525,22121600,MSFT
2015-06-09,39.19524383544922,39.44423631515734,39.03210710442355,39.289687451718194,24406100,MSFT
2015-06-10,40.019493103027344,40.20838684298218,39.229576506652556,39.31543878631888,28417400,MSFT
2015-06-11,39.87352752685547,40.28565662948707,39.607362657101646,40.0624212604699,27347800,MSFT
2015-06-12,39.4699821472168,39.899283660150424,39.40988019743094,39.684632903683614,23931000,MSFT
2015-06-15,39.04928207397461,39.19524635452015,38.65432529771824,39.023525020183286,33254500,MSFT
2015-06-16,39.34978485107422,39.70181201974231,38.894722943787784,38.93765244722317,27070300,MSFT
2015-06-17,39.4699821472168,39.55584113967928,38.94623377738808,39.26391597987199,28704100,MSFT
2015-06-18,40.113948822021484,40.182635385595525,39.6417143679609,39.68464715492044,32658300,MSFT
2015-06-19,39.581600189208984,40.20838331214437,39.48715660283606,40.174038403293785,63837000,MSFT
2015-06-22,39.69322204589844,40.113939017969265,39.63312008921846,39.779084323520536,20318100,MSFT
2015-06-23,39.41847229003906,39.736154552995245,39.169476579065545,39.607366039786044,25896500,MSFT
2015-06-24,39.186641693115234,39.71039006450215,39.109367289544856,39.21239873586848,34890900,MSFT
2015-06-25,39.19524383544922,39.547271074324655,39.06645202414599,39.52151074687691,20616000,MSFT
2015-06-26,38.860382080078125,39.736157797720885,38.66290372344959,39.195240102512436,49835300,MSFT
2015-06-29,38.096229553222656,38.83462895499323,38.087644960898,38.671495498329996,34081700,MSFT
2015-06-30,37.9073371887207,38.39674081006609,37.72702800561055,38.38815294284997,35945400,MSFT
2015-07-01,38.1649055480957,38.83461486707315,37.864392520759445,38.17349013730616,28343900,MSFT
2015-07-02,38.121978759765625,38.422488533140694,37.830053576210894,38.190665304260975,21752000,MSFT
2015-07-06,38.113399505615234,38.19067393270046,37.73561523726059,37.744199829020445,23034000,MSFT
2015-07-07,38.03611755371094,38.19925424267897,37.19468688930813,38.070462464579045,36435800,MSFT
2015-07-08,37.98460006713867,38.55127794456117,37.804290938855075,38.15631805550677,39785900,MSFT
2015-07-09,38.22501754760742,38.826040484974286,38.20784508936134,38.42249590447011,32424700,MSFT
2015-07-10,38.30228042602539,38.75733896878115,38.26793551988633,38.645719661484456,25465800,MSFT
2015-07-13,39.10079574584961,39.16948230787816,38.59421965905614,38.619976710402874,28178300,MSFT
2015-07-14,39.16947937011719,39.46140460629513,38.90331445866565,39.02351838968395,22880300,MSFT
2015-07-15,39.2896842956543,39.401303638130145,39.006346918983674,39.2209977370387,26629600,MSFT
2015-07-16,40.06243133544922,40.08818838730645,39.469996215550346,39.5043378595894,26271700,MSFT
2015-07-17,40.028076171875,40.16545253880838,39.71897852744716,39.96797421604858,29467100,MSFT
2015-07-20,40.285675048828125,40.465984274860254,39.873545757763544,40.05385498379567,30631900,MSFT
2015-07-21,40.594764709472656,40.6376974965554,39.90788269520215,40.16546304113961,42781900,MSFT
2015-07-22,39.10079574584961,40.2942538294872,38.8088704877769,39.01493344917427,59152400,MSFT
2015-07-23,39.5901985168457,39.69322999531549,38.72300735339935,38.8689716169339,33934000,MSFT
2015-07-24,39.444236755371094,39.77050694575192,39.32403281031286,39.41847970294772,32333200,MSFT
2015-07-27,38.93764114379883,39.50431894045101,38.85178216185252,39.44421699802655,39701400,MSFT
2015-07-28,38.92906188964844,39.18664214609029,38.45683087361993,39.13512805998832,34328900,MSFT
2015-07-29,39.7447395324707,40.16545323050078,38.86037608450338,38.980583273537256,40945900,MSFT
2015-07-30,40.251319885253906,40.69779395285285,39.43564617089645,39.71898353043708,39777900,MSFT
2015-07-31,40.09676742553711,40.672029959088405,39.92504614190755,40.603343410823214,31201500,MSFT
2015-08-03,40.19122314453125,40.35435659847668,39.88212542100367,40.33718413880161,24125900,MSFT
2015-08-04,40.817996978759766,40.96395795084165,40.079597701539804,40.139699663610145,33403900,MSFT
2015-08-05,40.85234069824219,41.56497963136992,40.817995785117404,41.195780003556465,26959700,MSFT
2015-08-06,40.028076171875,41.01547106098493,39.77908375858453,40.96395369514331,27368000,MSFT
2015-08-07,40.1311149597168,40.165456598437935,39.718982541950396,39.830601874900104,19163000,MSFT
2015-08-10,40.6376953125,40.775071707970866,40.21697825900768,40.31142514501483,23079900,MSFT
2015-08-11,39.8477783203125,40.30283701319969,39.40989208616032,40.19980553610122,29237400,MSFT
2015-08-12,40.1311149597168,40.26849134053517,39.24675143759419,39.65888058004931,30181400,MSFT
2015-08-13,40.12252426147461,40.4402065055724,39.91646134244779,40.40586486927529,22627200,MSFT
2015-08-14,40.35433578491211,40.44019476369214,39.94220679120979,39.95079137896376,21473400,MSFT
2015-08-17,40.62910079956055,40.7407201261575,39.985148437003716,40.19121463415878,21099700,MSFT
2015-08-18,40.85380935668945,40.99209163297405,40.361178541368716,40.48217512100405,23574100,MSFT
2015-08-19,40.28340148925781,40.68960718816571,40.015478090438336,40.43032499070359,31485500,MSFT
2015-08-20,39.462345123291016,40.16240105517822,39.462345123291016,39.81669368950089,36238200,MSFT
2015-08-21,37.223907470703125,39.306786782523915,37.223907470703125,39.151218759490774,70053100,MSFT
2015-08-24,36.022579193115234,36.89548572516786,34.32861993875117,34.95953323358338,88753700,MSFT
2015-08-25,34.97682571411133,37.370841536123336,34.90768289184282,36.791781938813834,70616600,MSFT
2015-08-26,36.91276168823242,37.02511707454518,35.486726249118604,36.307775457891836,63408000,MSFT
2015-08-27,37.94123077392578,37.98444335993711,37.10289275828832,37.362171571265264,50943200,MSFT
2015-08-28,37.967166900634766,38.15730628162163,37.5004629456178,37.50910744306799,28246700,MSFT
2015-08-31,37.61282730102539,37.967175952035284,37.249834150504455,37.64739870524845,34441700,MSFT
2015-09-01,36.1435661315918,36.80905065262544,36.005283847799724,36.44605759710268,49688900,MSFT
2015-09-02,37.47454071044922,37.49182641059087,36.19542857215878,36.61027548482783,37671500,MSFT
2015-09-03,37.59552764892578,38.01037445493998,37.4053882931616,37.51774366674128,28285200,MSFT
2015-09-04,36.826332092285156,37.1979663051779,36.471983574981536,36.99918575126702,37138800,MSFT
2015-09-08,37.93259048461914,38.027660162530964,37.33624881895772,37.42267400056337,32469800,MSFT
2015-09-09,37.223907470703125,38.373381941235685,37.085625149885956,38.20916941863926,33469500,MSFT
2015-09-10,37.4140510559082,37.84618376859762,36.947346934945,37.267124219200106,31366600,MSFT
2015-09-11,37.578243255615234,37.67331293679225,37.11153934633323,37.28439301239058,27132500,MSFT
2015-09-14,37.197967529296875,37.543671561727784,37.042399560784666,37.53503036210352,23656000,MSFT
2015-09-15,38.0103874206543,38.27831084999427,37.23255063039095,37.32761704379178,28882200,MSFT
2015-09-16,38.28694534301758,38.35608813727681,37.88938416675668,38.001739558972986,23372200,MSFT
2015-09-17,38.24373245239258,38.89193130751788,38.09680896108091,38.278303849257625,32768200,MSFT
2015-09-18,37.578243255615234,38.01902026890695,37.44860547875432,37.595528951911916,63143700,MSFT
2015-09-21,38.12272644042969,38.43386234151602,37.6819494815877,37.69923517574906,26177200,MSFT
2015-09-22,37.94123077392578,38.07086853195976,37.431314346410566,37.49181262620822,28085900,MSFT
2015-09-23,37.91531753540039,38.17459646429185,37.60418150196646,37.96717463994286,17145200,MSFT
2015-09-24,37.94987869262695,38.140018061037935,37.39674958115088,37.55231755586722,27905600,MSFT
2015-09-25,37.975791931152344,38.658561874965,37.82022401238722,38.44249568744771,29384600,MSFT
2015-09-28,37.4140510559082,38.105462736829075,37.34490823936064,37.8807551768714,27613800,MSFT
2015-09-29,37.54366683959961,37.656022202039914,37.206604049187696,37.48316855911075,32763600,MSFT
2015-09-30,38.25237274169922,38.28694413774052,37.73381498871881,37.92395437003619,34958900,MSFT
2015-10-01,38.554866790771484,38.67586337774379,37.81159827433052,38.67586337774379,28657900,MSFT
2015-10-02,39.38455581665039,39.38455581665039,37.95851724678582,38.26101197516493,41839000,MSFT
2015-10-05,40.300682067871094,40.525389540619884,39.49691527045748,39.54012786557344,34369300,MSFT
2015-10-06,40.404396057128906,40.77603033809165,39.9463365792999,40.04140627399874,27017200,MSFT
2015-10-07,40.447608947753906,40.922954127772016,39.71298487835409,40.7068878371356,27711500,MSFT
2015-10-08,41.00938415527344,41.06988245516051,40.188331560778735,40.24018865935769,33772700,MSFT
2015-10-09,40.715518951416016,41.08715311290342,40.55130651448831,41.00936914196632,28600600,MSFT
2015-10-12,40.62046432495117,40.68096262508659,40.18833172574956,40.6031786253539,19769100,MSFT
2015-10-13,40.525390625,40.73281570278044,40.24018485207538,40.24018485207538,19987800,MSFT
2015-10-14,40.3438835144043,40.70687316936181,40.2142424679716,40.31795662388126,24697800,MSFT
2015-10-15,40.62910079956055,40.64638649714683,40.21425394821893,40.62910079956055,27189400,MSFT
2015-10-16,41.06122589111328,41.08715608123821,40.53402704657314,40.637737916345564,26450300,MSFT
2015-10-19,41.15631103515625,41.38102185053893,40.63775319442911,40.98345732261042,29387600,MSFT
2015-10-20,41.28593826293945,41.32050965320735,40.637739531507954,41.00072923859316,30802200,MSFT
2015-10-21,40.7933235168457,41.47609390677788,40.715539506639374,41.41559230158582,25144300,MSFT
2015-10-22,41.51066207885742,42.30578788409328,40.69825386858018,41.078529420790915,56637100,MSFT
2015-10-23,45.69370651245117,46.7308255550885,45.157862937570926,45.20107554415779,135227100,MSFT
2015-10-26,46.88639450073242,46.9468928105289,45.37393016199912,45.39985706708029,64633300,MSFT
2015-10-27,46.40239334106445,46.99009388939551,46.307326946786915,46.66167551590624,50999900,MSFT
2015-10-28,46.653038024902344,46.653038024902344,45.6850618633578,46.27276249995171,47000800,MSFT
2015-10-29,46.1171875,46.523393162902295,45.99619091026139,46.27275548592387,30202100,MSFT
2015-10-30,45.49491882324219,46.661678801454876,45.47763312390829,46.0826194129545,46619800,MSFT
2015-11-02,46.01348114013672,46.117192041996994,45.47763433722004,45.67641493949811,30285000,MSFT
2015-11-03,46.79995346069336,47.007375225025385,45.71962215547799,45.745549051792125,36596900,MSFT
2015-11-04,47.01602554321289,47.43087242015237,46.722175259933685,46.82588615494108,37087800,MSFT
2015-11-05,46.99872970581055,47.27529423077529,46.67030809607397,47.09379937943765,31468500,MSFT
2015-11-06,47.4654426574707,47.51729975576399,46.63574886623844,46.74810426408553,32851200,MSFT
2015-11-09,46.80860900878906,47.422236586989044,46.29005114209538,47.14567195183101,32513100,MSFT
2015-11-10,46.24681854248047,46.78266521443748,46.03939678945332,46.73080812772603,55283700,MSFT
2015-11-11,46.36781692504883,46.84316199881623,46.203604470848106,46.4110295141351,36516300,MSFT
2015-11-12,46.08260726928711,46.653022009350096,45.97025190167964,46.22088953060816,35361100,MSFT
2015-11-13,45.66777420043945,46.05669420749093,45.3998507962684,45.86655480473017,36848200,MSFT
2015-11-16,46.47153854370117,46.5752494408708,45.67641287364077,45.87519676383835,32165200,MSFT
2015-11-17,46.08870315551758,46.57595179910934,45.984289886920095,46.262718631581805,31551300,MSFT
2015-11-18,46.854366302490234,46.9674789828576,46.09738859046869,46.11479079661224,29710000,MSFT
2015-11-19,46.93268966674805,47.55915601289673,46.79347529195195,46.97619685566699,28149200,MSFT
2015-11-20,47.15019989013672,47.24591036988486,46.34971827611891,47.2024065115807,37147600,MSFT
2015-11-23,47.15019989013672,47.38512470793716,46.76736129027581,47.2024065115807,28235900,MSFT
2015-11-24,47.20241928100586,47.36773531493642,46.61946011993558,46.91528776408525,24600000,MSFT
2015-11-25,46.71516036987305,47.1850100628136,46.71516036987305,47.06319791704354,21005100,MSFT
2015-11-27,46.92399215698242,47.05450709086055,46.80217998890025,46.81087943556356,9009100,MSFT
2015-11-30,47.289424896240234,47.8201807170268,46.98489450028026,47.454744241874835,56241400,MSFT
2015-12-01,48.04639434814453,48.055093791979814,47.245909430904184,47.34161990875014,39952800,MSFT
2015-12-02,48.037696838378906,48.69026472872899,47.90718525178805,48.13340732669136,47274900,MSFT
2015-12-03,47.15890884399414,48.524950752686145,46.923983995354284,48.2813264588961,38627800,MSFT
2015-12-04,48.646759033203125,48.92518772372892,47.07189405562201,47.08929626367135,43963700,MSFT
2015-12-07,48.55974578857422,48.698960118001935,48.10729838815128,48.54234358250432,30709800,MSFT
2015-12-08,48.54235076904297,48.8120767052298,47.8462790188532,48.26392206896706,32878000,MSFT
2015-12-09,47.83759307861328,48.611973380481224,47.42864932943818,48.17692796872323,36373200,MSFT
2015-12-10,48.089908599853516,48.42924340801087,47.86368318166043,48.194318544102174,31775800,MSFT
2015-12-11,47.037086486816406,47.941977946955205,46.993579313113315,47.60264323451174,39549500,MSFT
2015-12-14,47.9767951965332,48.03770127305797,46.70646371597065,47.27202393413744,46768900,MSFT
2015-12-15,48.028995513916016,48.638059518232645,47.933285029349314,48.42923634107513,39843000,MSFT
2015-12-16,48.838191986083984,48.94260194086737,47.64616533570426,48.3248383396278,37503300,MSFT
2015-12-17,48.464054107666016,49.41245313188168,48.31613695827979,49.03831385412753,41280900,MSFT
2015-12-18,47.097999572753906,48.725067874196036,47.01098853149945,48.524947458008555,84684200,MSFT
2015-12-21,47.70705795288086,48.15950203746271,47.18500172438177,47.75056180880625,37246300,MSFT
2015-12-22,48.15951919555664,48.27263191656721,47.419943423937276,47.84628932981856,28322200,MSFT
2015-12-23,48.5684700012207,48.62067664605497,48.237834555536566,48.46406003068528,27279800,MSFT
2015-12-24,48.43794250488281,48.69026957753778,48.229122617889395,48.60326184447922,9558500,MSFT
2015-12-28,48.68157196044922,48.68157196044922,47.837582977724104,48.159515585091796,22458300,MSFT
2015-12-29,49.20363235473633,49.46465892177746,48.77728973636682,48.97741021506945,27731400,MSFT
2015-12-30,48.99479293823242,49.40373318023508,48.977390731468034,49.134007273215964,21704500,MSFT
2015-12-31,48.27262878417969,48.8903923480702,48.22042215037802,48.75988074226466,27334100,MSFT
2016-01-04,47.68095397949219,47.68095397949219,46.45412662964652,47.263310979452335,53778000,MSFT
2016-01-05,47.89848709106445,48.194318029218714,47.45474234339918,47.794077147931255,34079700,MSFT
2016-01-06,47.02839279174805,47.332926470728644,46.67165580486882,47.26331763468783,39518900,MSFT
2016-01-07,45.39262008666992,46.54114260773159,45.30561236375749,45.853770311675035,56564900,MSFT
2016-01-08,45.531829833984375,46.35841301526946,45.3752133046789,45.566630925616806,48754000,MSFT
2016-01-11,45.505733489990234,45.98428261172024,44.77485732110247,45.68845170242919,36943800,MSFT
2016-01-12,45.92339324951172,46.201822051425616,45.29693010477203,45.90599103450046,36095500,MSFT
2016-01-13,44.93147277832031,47.04579295364553,44.63564187628336,46.81086812092808,66883600,MSFT
2016-01-14,46.210506439208984,46.48023236677268,44.87056628847411,45.244705464577116,52381900,MSFT
2016-01-15,44.36592102050781,45.21860940763826,43.800360804561954,44.64434974613685,71820700,MSFT
2016-01-19,43.991783142089844,44.96628371156322,43.55673783011198,44.79226492294561,43564500,MSFT
2016-01-20,44.191898345947266,44.70525188596042,42.72144324161992,43.48712382924489,63273000,MSFT
2016-01-21,43.92216491699219,44.879266390381154,43.76554837260366,44.37461234309998,40191200,MSFT
2016-01-22,45.497039794921875,45.5318442166797,44.600844189885876,44.73135911191153,37555800,MSFT
2016-01-25,45.06199264526367,45.81027108692258,44.94018049320426,45.1925042428421,34707700,MSFT
2016-01-26,45.39262008666992,45.627544921491726,44.85316490252274,45.06198808429719,28900800,MSFT
2016-01-27,44.5660400390625,45.41872839901345,44.39202126130816,45.25340906653738,36775200,MSFT
2016-01-28,45.29691696166992,45.42742855768615,44.59214239430647,45.122898181182784,62513800,MSFT
2016-01-29,47.933292388916016,47.933292388916016,46.984893480343786,47.62005923465256,83611700,MSFT
2016-02-01,47.60265350341797,47.93328884392471,47.419935283321635,47.750570623828374,44208500,MSFT
2016-02-02,46.11479949951172,47.211112140402754,45.810269132356446,47.13280385754396,56313800,MSFT
2016-02-03,45.3839111328125,46.45412183222881,44.60082851415121,46.33230971802176,57559800,MSFT
2016-02-04,45.244712829589844,45.949487435861485,44.69655480248968,45.33172056507073,46987100,MSFT
2016-02-05,43.64373779296875,45.24470438871948,43.121684839213145,45.19249776569122,62009000,MSFT
2016-02-08,42.99118423461914,43.13039862318112,41.92967244737603,43.112996409719266,59290500,MSFT
2016-02-09,42.87806701660156,43.71335657963688,42.34731117855941,42.651844903552565,46740500,MSFT
2016-02-10,43.25221252441406,43.84387452919805,43.0868964686282,43.40882913268823,38237000,MSFT
2016-02-11,43.23480224609375,43.60024203694924,42.20809503630158,42.35601216947453,48878600,MSFT
2016-02-12,43.939571380615234,44.0961879401757,43.28700348882392,43.722048750018125,34243300,MSFT
2016-02-16,44.77210235595703,44.77210235595703,43.930818794726555,44.605599362472994,37291200,MSFT
2016-02-17,45.9376220703125,46.24434228071127,45.087576747863814,45.1226310592745,40789000,MSFT
2016-02-18,45.73605728149414,46.40207571704371,45.65718676525702,45.85874735127833,27176000,MSFT
2016-02-19,45.41181182861328,45.81492630156634,45.15767313537496,45.54326379903655,33559100,MSFT
2016-02-22,46.13918685913086,46.445903754285105,45.814939463723874,45.814939463723874,25008300,MSFT
2016-02-23,44.85096740722656,45.89380815171502,44.67569918435571,45.86751908832155,28895300,MSFT
2016-02-24,45.00870132446289,45.13138805809629,43.99214980483399,44.4215533725509,33014500,MSFT
2016-02-25,45.657203674316406,45.657203674316406,44.35146206332168,45.332959584352885,26939500,MSFT
2016-02-26,44.956138610839844,46.165485983626475,44.78087034271706,46.0953773391917,35975900,MSFT
2016-02-29,44.58806228637695,45.262842704037375,44.39526692619884,44.999938724535234,31654000,MSFT
2016-03-01,46.077842712402344,46.0866046194193,44.623118768297964,44.66693833227286,33024500,MSFT
2016-03-02,46.40208053588867,46.41084244173046,45.70977297068495,45.928857389321855,29289900,MSFT
2016-03-03,45.87628173828125,46.41961357227865,45.37676946793387,46.41961357227865,24427800,MSFT
2016-03-04,45.59584426879883,45.96390779922454,45.315416504170976,45.92009158780694,33034200,MSFT
2016-03-07,44.71949768066406,45.394277898355206,44.32514851420108,45.183958788636545,38407800,MSFT
2016-03-08,45.262847900390625,45.68348963573722,44.34269055242139,44.51795877788997,33835100,MSFT
2016-03-09,46.30569076538086,46.31445267271909,45.44688009880315,45.47316916378136,28251600,MSFT
2016-03-10,45.61336898803711,46.39330887572604,44.83342910034818,46.38454697109511,38387800,MSFT
2016-03-11,46.50724411010742,46.50724411010742,45.90257226626863,46.44590073506421,32275700,MSFT
2016-03-14,46.59486770629883,46.96293122967956,46.12164795189872,46.1917532202325,24083600,MSFT
2016-03-15,46.96294403076172,46.96294403076172,46.21805821899234,46.226820126311395,21104800,MSFT
2016-03-16,47.62896728515625,47.84805177743933,46.796448888851785,46.84026511871559,31691700,MSFT
2016-03-17,47.900604248046875,48.198559110814024,47.32222167243559,47.506251732184175,28223900,MSFT
2016-03-18,46.875308990478516,48.1722884945196,46.84025467721606,48.12846893145987,67625500,MSFT
2016-03-21,47.199546813964844,47.26089018261278,46.3845525242561,46.66498030749321,23925700,MSFT
2016-03-22,47.38357162475586,47.541312653069404,46.849005178022466,46.980457149271245,23124100,MSFT
2016-03-23,47.29594421386719,47.5325557813913,47.09438695478283,47.4186309504435,20129000,MSFT
2016-03-24,47.50626754760742,47.611430482155534,47.085625838304395,47.18202352349193,19950000,MSFT
2016-03-28,46.91910934448242,47.5763624525629,46.73507927653081,47.506253849745804,17025100,MSFT
2016-03-29,47.94443130493164,48.075883287631044,46.840247353515295,47.024277454924224,23924300,MSFT
2016-03-30,48.24239730834961,48.759436766435016,48.11094863844125,48.13723770383021,23008300,MSFT
2016-03-31,48.4001350402832,48.71561717499289,48.07589099870416,48.154761532381585,26360500,MSFT
2016-04-01,48.69808578491211,48.73314009526884,47.82174808377212,48.24238977916375,24399200,MSFT
2016-04-04,48.57538986206055,48.77694709407777,48.19856445434414,48.57538986206055,18928800,MSFT
2016-04-05,47.812992095947266,48.46148020300129,47.7253563092079,48.365082509069715,19272300,MSFT
2016-04-06,48.30372619628906,48.37383480690865,47.506259136785324,47.63771111021577,21188700,MSFT
2016-04-07,47.7253532409668,48.119705898532544,47.52379595886947,48.08465158609043,19225100,MSFT
2016-04-08,47.6903076171875,48.443958757184035,47.602675163079745,47.909392095420735,22167200,MSFT
2016-04-11,47.59389877319336,48.330022529791094,47.58513352467133,47.75163981696165,21414200,MSFT
2016-04-12,47.891849517822266,48.005770994942,47.11190627275722,47.64647272510951,24944300,MSFT
2016-04-13,48.50529479980469,48.584165333745965,48.10218022319962,48.30373751150215,20818000,MSFT
2016-04-14,48.51405334472656,48.70684869948493,48.259914621265594,48.391366607321366,20877100,MSFT
2016-04-15,48.76819610595703,49.004804351706845,48.29497292853111,48.46147589408624,28793800,MSFT
2016-04-18,49.47802734375,49.59195218447305,48.38260518323678,48.62798202040667,23786000,MSFT
2016-04-19,49.41668701171875,49.74969630504066,48.79448798856301,49.6270095503861,29596800,MSFT
2016-04-20,48.71561813354492,49.51308539287985,48.62798569127385,49.329055258332566,36195700,MSFT
2016-04-21,48.88211441040039,49.276467032490054,48.56663231272866,48.899641565044696,38909100,MSFT
2016-04-22,45.37677001953125,45.94639092427226,44.49167031623328,45.49069486907213,126834100,MSFT
2016-04-25,45.665958404541016,45.68348555982042,45.2453167067244,45.37676535687538,33226900,MSFT
2016-04-26,45.07880783081055,45.87627496422252,44.77209098833012,45.79740444144714,33532600,MSFT
2016-04-27,44.640647888183594,45.13139827679621,44.29887666911697,45.11387111902824,43369300,MSFT
2016-04-28,43.72926330566406,44.49167635585816,43.43130828077752,44.36022433139262,43134800,MSFT
2016-04-29,43.70294952392578,44.03595870488768,43.247253629704815,43.247253629704815,48411700,MSFT
2016-05-02,44.35145950317383,44.47414626835027,43.624097476822605,43.81689287522194,33114500,MSFT
2016-05-03,43.624088287353516,44.176181957311904,43.46634723879398,44.11483858764574,26460200,MSFT
2016-05-04,43.70294952392578,43.869455785887844,43.34365128811185,43.67666046907376,24257600,MSFT
2016-05-05,43.76430130004883,44.07978339081527,43.58027119475602,43.702957931617895,25390700,MSFT
2016-05-06,44.15865707397461,44.15865707397461,43.51893094100715,43.746777276777344,24787300,MSFT
2016-05-09,43.87822723388672,44.33392322722698,43.81688386391428,44.24629079668433,17951600,MSFT
2016-05-10,44.71074676513672,44.78085203795087,43.983384919783404,44.10607499739307,22891000,MSFT
2016-05-11,44.737037658691406,45.37676376055089,44.693221443515846,44.80714627734266,24039100,MSFT
2016-05-12,45.14016342163086,45.40306746404226,44.623123930766205,44.8685008141526,24102800,MSFT
2016-05-13,44.763336181640625,45.48193290623869,44.72828186752282,45.0788149798107,22592300,MSFT
2016-05-16,45.42059326171875,45.53451477752122,44.47414676051769,44.517962985285074,20032000,MSFT
2016-05-17,44.57341384887695,45.650024839049024,44.44104579742063,45.64120164882327,27803500,MSFT
2016-05-18,44.838165283203125,45.12937774532955,44.3881050694455,44.546949454731056,24907500,MSFT
2016-05-19,44.4057502746582,44.67048976758926,43.96451666432468,44.53812170429638,23842400,MSFT
2016-05-20,44.670467376708984,45.199949463515765,44.47632697458908,44.54692256635715,23905800,MSFT
2016-05-23,44.14982604980469,44.723430986839716,44.105703369958455,44.65283200601,26118700,MSFT
2016-05-24,45.52648162841797,45.63237674669134,44.47634690353967,44.74108638239566,34757900,MSFT
2016-05-25,45.99418258666992,46.320697825208285,45.70297020507686,45.817688500011705,24040200,MSFT
2016-05-26,45.79121780395508,45.87063997851697,45.32351131283773,45.826517296281445,24335200,MSFT
2016-05-27,46.170692443847656,46.170692443847656,45.68533606451294,45.81770414996103,17721400,MSFT
2016-05-31,46.77075958251953,46.77075958251953,45.95889140938558,46.11773240149629,37653100,MSFT
2016-06-01,46.638397216796875,46.72664596993134,46.27658574480988,46.27658574480988,25324800,MSFT
2016-06-02,46.31188201904297,46.54132539485919,45.74710350371917,46.45307664787392,22840800,MSFT
2016-06-03,45.70298385620117,46.25893585066773,45.53531290893874,46.223639715869176,23368300,MSFT
2016-06-06,46.00300598144531,46.19714643371897,45.791212418739676,45.879461139177224,18243300,MSFT
2016-06-07,45.976539611816406,46.53249488843842,45.976539611816406,46.10008784711201,20866800,MSFT
2016-06-08,45.923583984375,46.27656876838424,45.773562842254094,45.90593424022286,21149400,MSFT
2016-06-09,45.55294418334961,45.888282575516335,45.438225900678745,45.888282575516335,20305700,MSFT
2016-06-10,45.42940139770508,45.93240732550222,45.04111712410477,45.04994031303784,25833200,MSFT
2016-06-13,44.24688720703125,44.75871959456507,43.29382476197166,43.752707926757346,83217800,MSFT
2016-06-14,43.97333526611328,44.211598410203415,43.74389194509693,44.035107691076604,42577100,MSFT
2016-06-15,43.84979248046875,44.22925363300662,43.84979248046875,43.92921466044982,33757600,MSFT
2016-06-16,44.4675178527832,44.53811683856947,43.69094584085892,43.69977239725467,31188600,MSFT
2016-06-17,44.23808288574219,44.502822379697335,43.96451683439286,44.48517263125429,45710500,MSFT
2016-06-20,44.18511962890625,44.8557963916832,44.14982014321394,44.68812551781684,35607900,MSFT
2016-06-21,45.173484802246094,45.38527836476978,44.26454486375931,44.29984435190401,34097800,MSFT
2016-06-22,44.99700927734375,45.411766620787894,44.961709777288114,45.07643146929614,28816800,MSFT
2016-06-23,45.80886459350586,45.941235998013745,45.13819111431605,45.252909407455256,29028800,MSFT
2016-06-24,43.97333526611328,44.95287087610795,43.699769265315226,43.95568552093166,133503000,MSFT
2016-06-27,42.737884521484375,43.37326194935628,42.39372287016877,43.3291358985968,50216300,MSFT
2016-06-28,43.629173278808594,43.6556495815704,42.94967319123407,43.170289971627945,38140700,MSFT
2016-06-29,44.59989547729492,44.758739851083895,43.946868233235215,44.04394016903352,31304000,MSFT
2016-06-30,45.155845642089844,45.27056732227707,44.56459422563507,44.75873808959109,28527800,MSFT
2016-07-01,45.14702224731445,45.64120509590519,45.067600063904244,45.1205493082928,21400400,MSFT
2016-07-05,45.155845642089844,45.25291757406786,44.7763878378003,44.8558100215691,24806400,MSFT
2016-07-06,45.341163635253906,45.48235824623709,44.46751966543322,44.811681319308164,28167500,MSFT
2016-07-07,45.341163635253906,45.54413067814566,45.06759760369802,45.3764597632409,19585200,MSFT
2016-07-08,46.153038024902344,46.205987273534156,45.49118756555954,45.650031945109454,28391000,MSFT
2016-07-11,46.40895080566406,46.62074441769915,46.30305568281915,46.32952862194406,22269200,MSFT
2016-07-12,46.95606994628906,47.1237408367635,46.585435408840546,46.71780344378163,27317600,MSFT
2016-07-13,47.2208137512207,47.529679260680865,46.92960135433271,47.26493979996136,25356800,MSFT
2016-07-14,47.423789978027344,47.6444067834648,47.28259535720119,47.51203535366421,24545500,MSFT
2016-07-15,47.38847732543945,47.653216745199465,46.956067025634084,47.60909406963019,32024400,MSFT
2016-07-18,47.617923736572266,47.953262175941035,47.2561123615292,47.38848377259037,31433900,MSFT
2016-07-19,46.85018539428711,47.5649850627603,46.708990772083865,47.39731413453153,53336500,MSFT
2016-07-20,49.33872985839844,50.15942443808944,49.00339145566531,49.55052341968895,89893300,MSFT
2016-07-21,49.24166488647461,49.62112601941464,49.20636539356276,49.40050923823299,32776700,MSFT
2016-07-22,49.92116928100586,49.97411852493926,49.22401938443624,49.488762237758024,32157200,MSFT
2016-07-25,50.06235885620117,50.07118541247367,49.647598236360615,49.832918888289406,25610600,MSFT
2016-07-26,50.08883285522461,50.556542723590425,49.86821607255893,49.87704262901873,28079000,MSFT
2016-07-27,49.58583450317383,50.124140074467256,49.51523887233863,49.95647250568138,32327500,MSFT
2016-07-28,49.60348129272461,49.74467591231566,49.17107424300307,49.41816398570109,37550400,MSFT
2016-07-29,50.01823425292969,50.08882986867406,49.46227905118446,49.647596329651286,30558700,MSFT
2016-08-01,49.929988861083984,50.080006648414376,49.5417011925211,49.94763524025071,26003400,MSFT
2016-08-02,49.929988861083984,50.21237805657804,49.691722346196244,50.16825200962698,35122000,MSFT
2016-08-03,50.2741584777832,50.397703349666074,49.85057461717969,50.01824217668568,22075600,MSFT
2016-08-04,50.644779205322266,50.75950085475897,50.00940190548125,50.12412355491796,26587700,MSFT
2016-08-05,51.14780044555664,51.36841725565619,50.697743634145525,50.874237755494235,29335200,MSFT
2016-08-08,51.236045837402344,51.26251877565184,50.9889527371415,51.236045837402344,19473500,MSFT
2016-08-09,51.35957717895508,51.62431659076709,51.200732858599025,51.333100881332896,16920700,MSFT
2016-08-10,51.20073318481445,51.46547259831319,51.0242391203672,51.324278020024245,15756900,MSFT
2016-08-11,51.44784164428711,51.580213082551445,51.20957507521861,51.20957507521861,18162300,MSFT
2016-08-12,51.13016128540039,51.35077814118778,50.84777197930022,51.209583488137696,21655200,MSFT
2016-08-15,51.28898620605469,51.62432464203247,51.1477916066448,51.19191428777074,19283900,MSFT
2016-08-16,51.00483703613281,51.164671410287475,50.853884231279075,51.15579322831275,20523500,MSFT
2016-08-17,51.111392974853516,51.217948089825605,50.81836217452271,51.093633224470494,18856400,MSFT
2016-08-18,51.146915435791016,51.23571419872633,50.853887986420595,50.98708104983389,14214300,MSFT
2016-08-19,51.164669036865234,51.26234597068719,50.79172443935527,50.995956488562065,17271000,MSFT
2016-08-22,51.209075927734375,51.280114942315855,50.84500944632096,51.14691848363891,15221900,MSFT
2016-08-23,51.404422760009766,51.66193407145786,51.368903257604615,51.41330432927415,18732400,MSFT
2016-08-24,51.45770263671875,51.53761982443498,51.25347057640535,51.32450619474964,18151500,MSFT
2016-08-25,51.653053283691406,51.759611792519074,51.30674659831708,51.39554535567347,18552600,MSFT
2016-08-26,51.52873229980469,52.123672047895354,51.226823335249534,51.750724085879774,20971200,MSFT
2016-08-29,51.59089660644531,52.03488023778245,51.59089660644531,51.661935613375874,16417200,MSFT
2016-08-30,51.404422760009766,51.67081225339605,51.15579301782606,51.484339946758276,16930200,MSFT
2016-08-31,51.02260208129883,51.32451110965732,50.88052744367875,51.19131804225968,20860300,MSFT
2016-09-01,51.138038635253906,51.34227071453518,50.623015958289045,50.623015958289045,26075400,MSFT
2016-09-02,51.209075927734375,51.670819360534,50.98708408815725,51.209075927734375,18900500,MSFT
2016-09-06,51.155784606933594,51.32449713462955,50.800596415933484,51.30673738634698,16278400,MSFT
2016-09-07,51.2001953125,51.360029700389326,50.97820348346777,51.03148274187304,17493400,MSFT
2016-09-08,50.99596405029297,51.315632831174334,50.773972217717194,51.1735581938189,20146100,MSFT
2016-09-09,49.91264343261719,51.0758818689504,49.91264343261719,50.42766611639614,35113900,MSFT
2016-09-12,50.65851593017578,50.80059051260078,49.379844688350765,49.72615127130388,29303000,MSFT
2016-09-13,50.196800231933594,50.30335876771173,49.77057625080234,50.17016229165261,30130200,MSFT
2016-09-14,49.9570426940918,50.28559305952711,49.7528106056823,50.07247940052385,24062500,MSFT
2016-09-15,50.7828483581543,50.92492298979561,49.70840874465895,49.85936494614895,26847000,MSFT
2016-09-16,50.836124420166016,51.173552919353824,50.39214080077592,51.173552919353824,44607000,MSFT
2016-09-19,50.55197525024414,51.2801081161453,50.48093624511905,50.853884247373365,20937100,MSFT
2016-09-20,50.44541931152344,50.92491903903422,50.39214005854395,50.92491903903422,17384000,MSFT
2016-09-21,51.28898239135742,51.36889957237262,50.685167830418706,51.066990598240295,33707300,MSFT
2016-09-22,51.3422737121582,51.502108111767065,51.17356112916073,51.43106909535124,19822200,MSFT
2016-09-23,50.99596405029297,51.42218796235927,50.951566361243124,51.38666845618877,19955300,MSFT
2016-09-26,50.52533721923828,50.738447459548865,50.46317978353718,50.685171593134314,21688700,MSFT
2016-09-27,51.45770263671875,51.555379575852605,50.32998382664596,50.55197563837699,28065100,MSFT
2016-09-28,51.52873229980469,51.555373617515265,51.20906358588443,51.39553926055514,20536400,MSFT
2016-09-29,50.969329833984375,51.65306174736801,50.80061386102519,51.33339633048454,25463500,MSFT
2016-09-30,51.146915435791016,51.29787163911783,50.91604542681209,51.12027750057364,29910800,MSFT
2016-10-03,50.98708724975586,51.10252396194541,50.66742182629743,50.978209066045984,19189500,MSFT
2016-10-04,50.827247619628906,51.146912988923916,50.58749605216293,50.85388555357192,20085900,MSFT
2016-10-05,51.18243408203125,51.46658334400283,50.84500556319261,50.87164688528934,16726400,MSFT
2016-10-06,51.27122116088867,51.37777626301692,50.86275372596675,51.27122116088867,16212600,MSFT
2016-10-07,51.32450866699219,51.48434305012367,50.98708014845613,51.368906354011735,20089000,MSFT
2016-10-10,51.537620544433594,51.848407730268356,51.38666434893794,51.42218385226943,18196500,MSFT
2016-10-11,50.7828483581543,51.51986283858052,50.51645884724263,51.40442614183245,26497400,MSFT
2016-10-12,50.7118034362793,50.853878041866444,50.08134758569418,50.7118034362793,22177500,MSFT
2016-10-13,50.543094635009766,50.88052314107096,50.010315635819474,50.34774414188067,25313700,MSFT
2016-10-14,50.98708724975586,51.27123993837479,50.7206977032104,50.7206977032104,27402500,MSFT
2016-10-17,50.80949401855469,51.02260429054908,50.4987034065167,50.933808908439204,23830000,MSFT
2016-10-18,51.2001953125,51.457706647135744,50.97820348346777,51.08475861295182,19149500,MSFT
2016-10-19,51.08475875854492,51.36002984676695,50.969325445994244,51.031482887314304,22878400,MSFT
2016-10-20,50.836124420166016,51.075875981115814,50.31222361379265,51.058116229861064,49455600,MSFT
2016-10-21,52.97611999511719,53.677614856067045,52.82516720564299,53.526658679266994,80032200,MSFT
2016-10-24,54.16600036621094,54.16600036621094,53.21587571274054,53.224753894508225,54067000,MSFT
2016-10-25,54.15712356567383,54.49454867866967,53.988407621849696,54.0328053064727,35137200,MSFT
2016-10-26,53.837459564208984,54.34360066566195,53.69538492849107,53.997293952807446,29911600,MSFT
2016-10-27,53.36682891845703,54.01504797417214,53.357950736622065,53.8196941005415,28479900,MSFT
2016-10-28,53.162601470947266,53.73978157270612,52.905093527499666,53.286916351368816,33574700,MSFT
2016-10-31,53.207000732421875,53.650984396960745,53.207000732421875,53.42011438182421,26434700,MSFT
2016-11-01,53.10044479370117,53.29579868707135,52.61206344760223,53.25140099875808,24533000,MSFT
2016-11-02,52.77190017700195,53.215883854488204,52.65646347240407,53.118206903468966,22147000,MSFT
2016-11-03,52.57653045654297,52.95835657528929,52.48773510269176,52.860679653657584,21600400,MSFT
2016-11-04,52.13255310058594,52.638694129731356,51.96384055331281,52.07927723688181,28697000,MSFT
2016-11-07,53.6509895324707,53.739788306274285,53.08269092943526,53.08269092943526,31664800,MSFT
2016-11-08,53.69537353515625,53.970641178080974,53.41122432401254,53.76640914427929,22935400,MSFT
2016-11-09,53.42898941040039,53.80193742800509,52.56766345542718,53.27803659928572,49632500,MSFT
2016-11-10,52.123680114746094,53.71314236199288,51.173555394286026,53.70426079227286,57822400,MSFT
2016-11-11,52.4078369140625,52.49663230007988,51.5109879335834,51.706341847613864,38767800,MSFT
2016-11-14,51.60866165161133,52.461112885581436,50.86276893896663,52.40783362491873,41328400,MSFT
2016-11-15,52.62778091430664,53.18204232598326,52.13610026412437,52.1450418344278,35904100,MSFT
2016-11-16,53.3250732421875,53.33401140169158,52.57414166608746,52.690354790688794,27332500,MSFT
2016-11-17,54.210105895996094,54.487236625599614,53.61115022227871,54.004494094113554,32132700,MSFT
2016-11-18,53.95085144042969,54.6570854604636,53.90615381857398,54.33525712676663,27686300,MSFT
2016-11-21,54.40676498413086,54.50510177833869,54.013417807299554,54.08493671589043,19652600,MSFT
2016-11-22,54.63920211791992,54.7643568149269,54.36207483460727,54.51404742091295,23206700,MSFT
2016-11-23,53.99553298950195,54.62130629010638,53.86143676211031,54.54084923571314,21848900,MSFT
2016-11-25,54.11177062988281,54.11177062988281,53.75418621163659,53.90615882209393,8409600,MSFT
2016-11-28,54.18327331542969,54.54979919511794,53.82568559417855,53.941902115116555,20732600,MSFT
2016-11-29,54.61238479614258,54.89845365233406,54.10282443291339,54.219040971431724,22366700,MSFT
2016-11-30,53.87038803100586,54.6928384994522,53.8346319838461,54.40676966091684,34655400,MSFT
2016-12-01,52.92279052734375,53.77205895183566,52.69035744600836,53.73629949159793,34542100,MSFT
2016-12-02,52.96747970581055,53.164153295563224,52.56519436777519,52.81550713933568,25515700,MSFT
2016-12-05,53.83462905883789,54.165395496008514,53.24461168514004,53.36976636892302,23552700,MSFT
2016-12-06,53.59326934814453,54.04919056691334,53.45917306663071,54.022372674694616,19907000,MSFT
2016-12-07,54.86268997192383,54.87163154123489,53.45916368852341,53.64689572154167,30809000,MSFT
2016-12-08,54.54086685180664,55.0504306343531,54.38889426120546,54.80011782305435,21220800,MSFT
2016-12-09,55.39906692504883,55.416946651954675,54.64813544604926,54.692833058209274,27349400,MSFT
2016-12-12,55.57786560058594,55.694082137572266,55.175583621388924,55.26497885894166,20198100,MSFT
2016-12-13,56.30197525024414,56.695319041466256,55.64044235545196,55.87287200249015,35718900,MSFT
2016-12-14,56.033790588378906,56.72214483523941,55.89969432085955,56.319859442891094,30352700,MSFT
2016-12-15,55.94438934326172,56.453949648786704,55.694076564783046,56.05166429963293,27669900,MSFT
2016-12-16,55.694068908691406,56.27514804539097,55.53315479115027,56.27514804539097,42453100,MSFT
2016-12-19,56.874122619628906,57.008218899402536,55.801362612069994,55.926520731290076,34338200,MSFT
2016-12-20,56.8026008605957,57.035030521748986,56.34667628765049,56.936693715419246,26028400,MSFT
2016-12-21,56.8026008605957,56.94563528519996,56.42713336462849,56.70426405426596,17096300,MSFT
2016-12-22,56.811527252197266,57.303207771789324,56.68637258286936,57.070778158781636,22176600,MSFT
2016-12-23,56.53440475463867,56.80259384135463,56.141057577926624,56.72213677431891,12403800,MSFT
2016-12-27,56.570159912109375,57.27639377721994,56.507582573196714,56.507582573196714,11763200,MSFT
2016-12-28,56.3109245300293,56.677450484144956,56.167890094525866,56.677450484144956,14653300,MSFT
2016-12-29,56.23046112060547,56.498650230725026,56.07848513173833,56.19470166320031,10250600,MSFT
2016-12-30,55.55105209350586,56.31092531348554,55.45271527831472,56.28410401193615,25579900,MSFT
2017-01-03,55.94438934326172,56.176818983767575,55.54210399410795,56.13212136946368,20694100,MSFT
2017-01-04,55.694068908691406,56.09635420254426,55.53315479115027,55.85498302623255,21340000,MSFT
2017-01-05,55.694068908691406,56.01589714377369,55.4526977323797,55.595732124615274,24876000,MSFT
2017-01-06,56.17681121826172,56.453941844972164,55.46163925763191,55.69406886600826,19922900,MSFT
2017-01-09,55.99803161621094,56.39137885224474,55.90863637722677,56.105306585033894,20382700,MSFT
2017-01-10,55.98014831542969,56.382433685616434,55.676199747978536,56.07848511816529,18593000,MSFT
2017-01-11,56.489707946777344,56.52546740373021,55.81029531572049,55.971209461798864,21517300,MSFT
2017-01-12,55.97120666503906,56.67744055862635,55.381189295636744,56.37349201013368,20968200,MSFT
2017-01-13,56.05167770385742,56.20365031087533,55.73878750848672,55.98015877570063,19422300,MSFT
2017-01-17,55.89968490600586,56.05166087761202,55.45270196983704,56.03378115094017,20664000,MSFT
2017-01-18,55.87287521362305,56.051669096348576,55.53316717746551,56.02484779730346,19670100,MSFT
2017-01-19,55.694068908691406,56.301965928244854,55.60467369237251,55.64043314298363,18451700,MSFT
2017-01-20,56.087432861328125,56.158948373783495,55.756662959316,56.02485209889102,30213500,MSFT
2017-01-23,56.28409957885742,56.42713400508514,55.93545337806547,56.05166991506603,23097600,MSFT
2017-01-24,56.784706115722656,56.981379676375944,56.26620433225808,56.498637342159014,24672900,MSFT
2017-01-25,56.92776870727539,57.303232879772494,56.72215688754453,57.16913999397087,23672700,MSFT
2017-01-26,57.45519256591797,57.69656720849059,56.81153935649321,57.32110312051029,43554600,MSFT
2017-01-27,58.805084228515625,58.92130417722005,58.00945500925702,58.45643802324138,44818000,MSFT
2017-01-30,58.22401428222656,58.81403522909466,57.92901062921313,58.724639976047534,31651400,MSFT
2017-01-31,57.79489517211914,58.24187810953628,57.446249026567244,57.98262718738414,25270500,MSFT
2017-02-01,56.83835220336914,57.768077535646455,56.74001541108088,57.53564449747253,39671500,MSFT
2017-02-02,56.471832275390625,56.68638562231239,56.09636818103973,56.54335119443447,45827000,MSFT
2017-02-03,56.92776870727539,56.9456484407577,56.382448771801585,56.766854516145074,30301800,MSFT
2017-02-06,56.89198684692383,56.90092841525071,56.44500391643548,56.76683217202055,19796400,MSFT
2017-02-07,56.70425796508789,57.01714466961988,56.5254641009799,56.98138862496573,20277200,MSFT
2017-02-08,56.62379455566406,57.04395957773373,56.51651961329631,56.8294062827893,18096400,MSFT
2017-02-09,57.267452239990234,57.60716364034617,56.60591939677782,56.784713255287116,22644400,MSFT
2017-02-10,57.213809967041016,57.482002429428576,57.19593024220126,57.43730141222477,18170700,MSFT
2017-02-13,57.85747528076172,57.98262996359747,57.33003184273792,57.42836863931153,22920100,MSFT
2017-02-14,58.073326110839844,58.20823531899627,57.578661301522075,57.92942798743573,23108400,MSFT
2017-02-15,58.037357330322266,58.07333358124303,57.70458901739965,58.01037685757376,17005200,MSFT
2017-02-16,58.028343200683594,58.67590178893039,57.95639758336312,58.22620908728857,20546300,MSFT
2017-02-17,58.11830139160156,58.18125811070089,57.83049826689498,57.98339217588366,21248800,MSFT
2017-02-21,58.001373291015625,58.41508982839844,57.96539704492573,58.10930202928531,20655900,MSFT
2017-02-22,57.884456634521484,57.91143710411177,57.60564929973191,57.85747616493119,19292700,MSFT
2017-02-23,58.11830139160156,58.21723435901018,57.73156529948636,57.9384201500551,20273100,MSFT
2017-02-24,58.11830139160156,58.2801910781095,57.686593273657806,58.03735311746372,21796800,MSFT
2017-02-27,57.76755142211914,58.046358816963576,57.60566170793907,58.046358816963576,15871500,MSFT
2017-02-28,57.542694091796875,57.740556603915635,57.3448281487941,57.63263471629087,23239800,MSFT
2017-03-01,58.40608596801758,58.45105111779859,57.57864624321322,57.67757917920325,26937500,MSFT
2017-03-02,57.5696907043457,58.235234318114394,57.45276958213264,58.18127336238896,24539600,MSFT
2017-03-03,57.7855339050293,57.81251437939769,57.2189199271028,57.55169512177315,18135900,MSFT
2017-03-06,57.80352020263672,58.06434289837396,57.38980700427999,57.53370858970667,18750300,MSFT
2017-03-07,57.92044448852539,58.26220860810454,57.73157430177622,57.73157430177622,18521000,MSFT
2017-03-08,58.45106506347656,58.53201333122052,57.785521676743514,57.794517453552224,21510900,MSFT
2017-03-09,58.21723556518555,58.63994105260012,57.9923891549198,58.63095213666238,19846800,MSFT
2017-03-10,58.39712142944336,58.6939203961685,58.235231707754124,58.559011151132594,19538200,MSFT
2017-03-13,58.19926071166992,58.63096896244872,58.07334723472816,58.4690792261279,20100000,MSFT
2017-03-14,57.92943572998047,58.05534917795077,57.69559352870637,58.03735762151599,14280200,MSFT
2017-03-15,58.2352180480957,58.388111954447936,57.7855252446355,58.055343671418676,24833800,MSFT
2017-03-16,58.13629150390625,58.244220258894444,57.83050365742562,58.235224480536665,20674300,MSFT
2017-03-17,58.34315872192383,58.67592707300186,58.172273225898444,58.37913497696965,49219700,MSFT
2017-03-20,58.39712142944336,58.62196788391345,58.20825123110079,58.379136732264215,14598100,MSFT
2017-03-21,57.74956130981445,58.909769813523624,57.677608799095495,58.63096241169901,26640500,MSFT
2017-03-22,58.4870491027832,58.58598207556093,57.66861171007522,57.66861171007522,20680000,MSFT
2017-03-23,58.34315872192383,58.67592707300186,58.25321465342476,58.406115452811754,19269200,MSFT
2017-03-24,58.44208526611328,58.86479077732887,58.24421931605544,58.783849358724275,22617100,MSFT
2017-03-27,58.55001449584961,58.65794326261775,57.8754751425293,58.127302069885815,18614700,MSFT
2017-03-28,58.72089767456055,58.88278738743238,58.14529133140931,58.4240987240007,20080400,MSFT
2017-03-29,58.88276672363281,58.90974718934836,58.4150824453419,58.56798318734073,13618400,MSFT
2017-03-30,59.0986328125,59.34147079116839,58.78384919364122,58.83781013922607,15122800,MSFT
2017-03-31,59.233543395996094,59.530342327052644,58.86479196133158,59.0446732203515,21040300,MSFT
2017-04-03,58.954734802246094,59.30549467286894,58.63095540447604,59.18857014148247,20400900,MSFT
2017-04-04,59.116607666015625,59.18855328587844,58.711880103176476,58.81081304997496,12997400,MSFT
2017-04-05,58.96372985839844,59.67424545183497,58.85580795574969,59.629280279654324,21448600,MSFT
2017-04-06,59.116607666015625,59.413399644644755,58.89176130724932,58.999683167926705,18103500,MSFT
2017-04-07,59.0716552734375,59.32348218103124,58.85580461860981,59.224549201366756,14108500,MSFT
2017-04-10,58.936729431152344,59.197552043873365,58.78383554631243,59.00868191640642,17952700,MSFT
2017-04-11,58.89177703857422,59.008694706128175,58.32515967159636,58.99969892807998,18791500,MSFT
2017-04-12,58.666927337646484,58.91875421476244,58.55899859241061,58.83780594039359,17108500,MSFT
2017-04-13,58.415103912353516,59.23354826925013,58.415103912353516,58.720898646961466,17896500,MSFT
2017-04-17,58.89177703857422,58.900765954854265,58.469064673294916,58.49604514567135,16689300,MSFT
2017-04-18,58.81083297729492,59.09863613956367,58.60397809972885,58.756872028672234,15155600,MSFT
2017-04-19,58.49602508544922,59.134587872523895,58.36111590806369,59.044650708188804,26992800,MSFT
2017-04-20,58.909759521484375,59.13460593187172,58.58598014158516,58.87378327241025,22299500,MSFT
2017-04-21,59.719215393066406,59.98902700200236,58.86479481034738,59.06266077396165,32522600,MSFT
2017-04-24,60.735504150390625,60.852428661605785,60.348768095425974,60.69053899064925,29770000,MSFT
2017-04-25,61.086280822753906,61.194209587106606,60.79847764624903,61.06829612624628,30242700,MSFT
2017-04-26,61.005313873291016,61.437015026554924,60.8164437610173,61.23016022529775,26190800,MSFT
2017-04-27,61.40105438232422,61.49998735127686,60.78048295916514,61.29313249747978,34971000,MSFT
2017-04-28,61.571937561035156,62.18352004557632,60.8794136658684,61.97666519946588,39548800,MSFT
2017-05-01,62.426368713378906,62.55228217047057,61.6079243805143,61.76981409131341,31954400,MSFT
2017-05-02,62.327430725097656,62.69617528788669,62.17452994367954,62.69617528788669,23906100,MSFT
2017-05-03,62.12956237792969,62.39937395599531,61.79678721703733,62.39937395599531,28928000,MSFT
2017-05-04,61.88672637939453,62.12956435532715,61.73383246078106,62.084592326667575,21749400,MSFT
2017-05-05,62.057613372802734,62.08459384595145,61.59892474396949,61.96767617505089,19128800,MSFT
2017-05-08,62.00364685058594,62.10257981774653,61.53596248550534,62.03062732130833,18566100,MSFT
2017-05-09,62.09356689453125,62.30941746247593,61.7697876117313,61.93167725313128,22858400,MSFT
2017-05-10,62.336402893066406,62.56124925394086,61.98564311904358,62.04859982561777,17977800,MSFT
2017-05-11,61.571937561035156,61.814775516447106,61.26614974964837,61.48200037308419,28789400,MSFT
2017-05-12,61.50001525878906,61.70687706822386,61.194227297278715,61.70687706822386,18714100,MSFT
2017-05-15,61.544952392578125,61.589924414004315,60.77148028406388,61.28412976419383,31530300,MSFT
2017-05-16,62.7841796875,62.8113148070852,61.65350369745943,61.71682127685776,34956000,MSFT
2017-05-17,61.038421630859375,62.50377344004336,60.9931918264108,62.313820683338,30548800,MSFT
2017-05-18,61.246456146240234,61.626361622294354,60.73086817128149,60.96605070930961,25201300,MSFT
2017-05-19,61.228389739990234,61.59924800528051,60.99320711986655,61.05652472131127,26961100,MSFT
2017-05-22,61.91581726074219,61.961047062833444,61.056506229799375,61.40927660259475,16237600,MSFT
2017-05-23,62.123870849609375,62.187188438156966,61.8525058123485,62.160053314650796,15425800,MSFT
2017-05-24,62.20525360107422,62.304753618483076,61.91580088709312,62.295713181334676,14593900,MSFT
2017-05-25,62.974143981933594,63.2093196622276,62.33192072986948,62.3861909789989,21854100,MSFT
2017-05-26,63.28169631958008,63.51687894454713,62.88369601595909,63.13697332805498,19827900,MSFT
2017-05-30,63.68873596191406,63.68873596191406,63.109823365272135,63.1279180501267,17072800,MSFT
2017-05-31,63.17313766479492,63.98722591327937,63.14600254002875,63.79727313881631,30436400,MSFT
2017-06-01,63.4083251953125,63.86964305563091,62.82037214213812,63.534960388168464,21603600,MSFT
2017-06-02,64.90986633300781,65.00031905591023,63.53496010092972,63.71587244783495,34770300,MSFT
2017-06-05,65.38020324707031,65.93197364772291,64.95506799727914,65.09979782746258,33316800,MSFT
2017-06-06,65.59729766845703,65.68775727194081,65.37116246194525,65.39830448364968,31511100,MSFT
2017-06-07,65.47972106933594,65.82344415775582,65.0817208293024,65.70585631460955,22301800,MSFT
2017-06-08,65.08171081542969,65.59729881927795,64.67467019700699,65.58825837965004,24588300,MSFT
2017-06-09,63.60732650756836,65.19932069157102,62.04246745095258,65.16313822135498,49187400,MSFT
2017-06-12,63.11885452270508,63.263584360028865,61.626360855521305,62.639449013492374,47761700,MSFT
2017-06-13,63.90580749511719,64.05957777147255,63.28167214848854,63.335942386943735,25258600,MSFT
2017-06-14,63.562068939208984,64.31283934088046,62.802258099756564,64.14098130877433,25510700,MSFT
2017-06-15,63.2274169921875,63.50782249255806,62.232423276940224,62.65755174807942,26068700,MSFT
2017-06-16,63.31785583496094,63.344990954714426,62.61231511697572,63.073632856080906,48345100,MSFT
2017-06-19,64.10479736328125,64.16811493176284,63.63443236790587,63.77011484353713,23798300,MSFT
2017-06-20,63.23645782470703,64.10481626322783,63.200275360464566,64.0595864576499,21512200,MSFT
2017-06-21,63.562068939208984,63.87866369007837,63.263575767194126,63.50779870813311,19891100,MSFT
2017-06-22,63.553043365478516,63.851536607306215,63.05554312726709,63.80631370453192,22965700,MSFT
2017-06-23,64.412353515625,64.44853597799015,63.24549498347055,63.39926527269812,27617300,MSFT
2017-06-26,63.797245025634766,64.86460316972311,63.715839687208714,64.5841978025709,19607000,MSFT
2017-06-27,62.60327911376953,63.48068495055127,62.576143989102036,63.41736735929382,25215100,MSFT
2017-06-28,63.136962890625,63.17313845670011,62.22337457247909,62.60328012616749,25806200,MSFT
2017-06-29,61.951995849609375,62.85653662610108,61.590178158793,62.757036588599114,28918700,MSFT
2017-06-30,62.35000228881836,62.75704291885815,62.17813731559753,62.214319778438714,24161100,MSFT
2017-07-03,61.66255569458008,62.95604954568212,61.526873170123245,62.71182652253972,16165500,MSFT
2017-07-05,62.485679626464844,62.811314863979376,61.70777399252442,61.74395645237033,21176300,MSFT
2017-07-06,62.02436447143555,62.21431721770897,61.61732385814947,61.75299946184558,21117600,MSFT
2017-07-07,62.82942581176758,63.173148955404024,62.141972623393556,62.141972623393556,16878300,MSFT
2017-07-10,63.299781799316406,63.54400483122282,62.59423402704208,62.829416617800184,15014500,MSFT
2017-07-11,63.308807373046875,63.93294272071393,63.091719517766435,63.31785471317062,17460000,MSFT
2017-07-12,64.35807037353516,64.47565817682981,63.81534734903242,63.941982491379804,17750900,MSFT
2017-07-13,64.91891479492188,65.16314476814216,64.50282669728495,64.67469172280283,20269800,MSFT
2017-07-14,65.83248901367188,66.27571214536154,65.09076571323008,65.34403607419561,25868100,MSFT
2017-07-17,66.34806823730469,66.4385209397264,65.77821000105895,65.85057492343586,21803900,MSFT
2017-07-18,66.30284881591797,66.38425418203965,65.72394320872206,66.11288915943567,26435300,MSFT
2017-07-19,66.80937957763672,66.97219718680546,66.43851456188085,66.48374435929924,22416200,MSFT
2017-07-20,67.13502502441406,67.20738995086946,66.28475439131125,67.09884256118636,42361000,MSFT
2017-07-21,66.74608612060547,67.19835665382456,66.18526817501755,66.43853856944415,46717100,MSFT
2017-07-24,66.57420349121094,66.70988599548933,66.1490681983181,66.51088590936087,21394800,MSFT
2017-07-25,67.10792541503906,67.21646596106139,66.48378967099922,66.75515483826076,22018700,MSFT
2017-07-26,66.98126983642578,67.27976314844368,66.76417500810268,67.2435806770565,16252200,MSFT
2017-07-27,66.17623901367188,67.3159559828698,65.41642079977142,66.71896236582829,36844200,MSFT
2017-07-28,66.0676498413086,66.31187278009347,65.61537951673866,65.73296731673175,18306700,MSFT
2017-07-31,65.76013946533203,66.42950489144374,65.49782860232497,66.30286968133642,23600100,MSFT
2017-08-01,65.65158081054688,66.41139186133682,65.57016854019112,66.12193904659311,22132300,MSFT
2017-08-02,65.36214447021484,65.63350267056398,64.6204210141653,65.62446222798985,26499200,MSFT
2017-08-03,65.26262664794922,65.52494433439911,64.991261620284,65.29880911171121,18214400,MSFT
2017-08-04,65.74203491210938,66.06767019822298,65.34403469550394,65.4887645564876,22579000,MSFT
2017-08-07,65.48878479003906,65.94105539369804,65.3621495731027,65.85060265318658,18705700,MSFT
2017-08-08,65.8415298461914,66.1490704252168,64.90080652625045,65.20834710527586,22044600,MSFT
2017-08-09,65.55207824707031,65.58826071016449,65.17217273623028,65.35307815060195,22213400,MSFT
2017-08-10,64.59326934814453,65.29881014997312,64.53899220108887,65.03649245935235,24734500,MSFT
2017-08-11,65.57923889160156,65.76014437637902,64.47569749159418,64.77419775246867,21443700,MSFT
2017-08-14,66.56515502929688,66.68274975153663,65.98624946182005,66.08574950320813,20096600,MSFT
2017-08-15,66.5833511352539,66.91980994972138,66.41966603112715,66.91980994972138,19181400,MSFT
2017-08-16,66.9743881225586,67.38359748632146,66.53789212172545,66.6924817091142,18150400,MSFT
2017-08-17,65.83768463134766,67.17444533212961,65.83768463134766,66.91073002250401,22977500,MSFT
2017-08-18,65.91950988769531,66.2377845263408,65.41027046586252,65.71944956115621,18761500,MSFT
2017-08-21,65.61033630371094,65.91042681872739,65.2011200729065,65.90133127461155,17734800,MSFT
2017-08-22,66.52880859375,66.60155215121942,65.79222196971834,65.79222196971834,14343700,MSFT
2017-08-23,66.1286849975586,66.51971022105278,65.95590431293803,66.34692953643223,13766500,MSFT
2017-08-24,66.10138702392578,66.25597657381431,65.53758127167325,66.14685086561053,17098300,MSFT
2017-08-25,66.2196044921875,66.70156425177915,65.91042537768237,66.2559797299882,12794300,MSFT
2017-08-28,66.22869873046875,66.4651273647115,65.97407900875065,66.43784767136559,14569700,MSFT
2017-08-29,66.42877197265625,66.5288021596053,65.51941168247816,65.70128096536641,11478400,MSFT
2017-08-30,67.30175018310547,67.48361944752196,66.22870487216565,66.39238998528758,16897800,MSFT
2017-08-31,67.99285125732422,68.16563189550901,67.11077779289377,67.31992672955931,27652800,MSFT
2017-09-01,67.23808288574219,67.96556674753543,66.96527210140319,67.93828705667482,21736200,MSFT
2017-09-05,66.93799591064453,67.19261562247922,66.36510155901647,66.69246480432764,21556000,MSFT
2017-09-06,66.74703979492188,67.32902976551512,66.70156900996052,67.0562189314824,16535800,MSFT
2017-09-07,67.60184478759766,67.83828042014741,66.92892007419941,67.00167056696378,17471200,MSFT
2017-09-08,67.27445983886719,67.69276463110901,67.14714304848638,67.59273447015264,14703800,MSFT
2017-09-11,67.98380279541016,68.14748798669581,67.57458634826054,67.57458634826054,17910400,MSFT
2017-09-12,67.91101837158203,68.42025785115212,67.6291189365154,67.98376885091135,14394900,MSFT
2017-09-13,68.39299011230469,68.41118120425097,67.79281589758453,68.13837032800713,13380800,MSFT
2017-09-14,67.99285125732422,68.64759163584876,67.76551123355136,68.2020071318567,15733900,MSFT
2017-09-15,68.48391723632812,68.55666772038492,67.35631248491985,68.04742820772339,38578400,MSFT
2017-09-18,68.34751892089844,69.08409849466683,68.23839319454207,68.41117386013931,23307000,MSFT
2017-09-19,68.6021499633789,68.84767421573609,68.21112471861066,68.3929940212553,16093300,MSFT
2017-09-20,68.14747619628906,68.70218664090316,67.57457465697327,68.52031038323553,21587900,MSFT
2017-09-21,67.48363494873047,68.42027505757332,67.39270029563424,68.30206070233515,19186100,MSFT
2017-09-22,67.66551208496094,67.75644673925613,67.15626553274289,67.28357543633005,14111400,MSFT
2017-09-25,66.61974334716797,67.52000818030197,66.31055721043492,67.37450718939958,24149200,MSFT
2017-09-26,66.61974334716797,67.11988739318949,66.37421215948744,66.99257749508443,18019600,MSFT
2017-09-27,67.15625762939453,67.44725265161479,66.53789233994291,66.88345369861412,19565100,MSFT
2017-09-28,67.1744384765625,67.26537310628821,66.66519206193698,66.87434795438688,10883800,MSFT
2017-09-29,67.73822784423828,67.78369862165826,67.18351766147406,67.23808398195133,17079100,MSFT
2017-10-02,67.84735107421875,68.21109646671998,67.5654516905168,67.93828568787748,15304800,MSFT
2017-10-03,67.52912139892578,68.09292054154484,67.46546643321489,67.90195564441217,12190400,MSFT
2017-10-04,67.92011260986328,67.9473923046203,67.02893659988536,67.37449096325325,13317700,MSFT
2017-10-05,69.0841064453125,69.22051188448938,68.1656505552483,68.40208618729697,21195300,MSFT
2017-10-06,69.11137390136719,69.13865359679575,68.69306904977144,68.81128337591777,13959800,MSFT
2017-10-09,69.3750991821289,69.61153480635346,68.98407396962503,69.08410415918662,11386500,MSFT
2017-10-10,69.3750991821289,69.68427835868758,69.23869374746596,69.41147442723027,13944500,MSFT
2017-10-11,69.49327850341797,69.52965373018765,69.0658782612057,69.43871913219601,15388900,MSFT
2017-10-12,70.1298599243164,70.28444949058887,69.44783978596043,69.55695856786211,16876500,MSFT
2017-10-13,70.46632385253906,70.8118851878857,70.28445457762787,70.55725848999465,15335700,MSFT
2017-10-16,70.61180877685547,70.75730277614858,70.3389979886144,70.40265291415511,12380100,MSFT
2017-10-17,70.55724334716797,70.58452997662977,70.24806425860059,70.44812458078731,16824000,MSFT
2017-10-18,70.5754623413086,70.79370689823753,70.35721778437966,70.63002174607348,13300700,MSFT
2017-10-19,70.84825134277344,70.86643549278483,70.33900495018025,70.5390652896418,15092800,MSFT
2017-10-20,71.66667175292969,71.81217270822579,71.13015259047695,71.22108721860332,22866400,MSFT
2017-10-23,71.68485260009766,72.14862121864654,71.62119767571646,71.83034659674051,20627200,MSFT
2017-10-24,71.71214294433594,72.02132206929987,71.3483974918915,71.74851818336712,17517200,MSFT
2017-10-25,71.50299835205078,71.93039880586342,70.93919940265415,71.45753449947897,20410800,MSFT
2017-10-26,71.6212387084961,72.22141306252884,71.61214316041169,72.02135263189446,32120700,MSFT
2017-10-27,76.21347045898438,78.38684061989646,76.03160120769265,76.72271685076221,71066700,MSFT
2017-10-30,76.28620910644531,76.68632972268894,75.57690942337062,76.1134284880008,31756700,MSFT
2017-10-31,75.64057922363281,76.71362450182579,75.57692428924287,76.71362450182579,27086600,MSFT
2017-11-01,75.64057922363281,76.1680097873595,75.36776839746591,76.09525930866599,22307400,MSFT
2017-11-02,76.4317398071289,76.80457394105653,75.58603440837986,75.79518340261835,23992900,MSFT
2017-11-03,76.5135498046875,76.87729519206924,75.84062534764432,76.45899042483342,17633500,MSFT
2017-11-06,76.81365966796875,77.02280863547158,76.45900973362225,76.56812852088706,19860900,MSFT
2017-11-07,76.63178253173828,77.20468390941495,76.32260338774023,77.08646264081862,17939700,MSFT
2017-11-08,76.89549255371094,76.94096333664753,76.23166352518803,76.51356295336619,18034200,MSFT
2017-11-09,76.46806335449219,76.63174839836711,75.38592989463584,76.48625443595873,21178400,MSFT
2017-11-10,76.2680435180664,76.4771924817301,75.68605353711064,76.19529303597997,19397800,MSFT
2017-11-13,76.32258605957031,76.33168160228989,75.89518574401228,76.07706190907224,14196900,MSFT
2017-11-14,76.4317398071289,76.47720366167826,75.45872451505151,75.9315888420041,18801300,MSFT
2017-11-15,75.83768463134766,76.4865721280759,75.57264489785953,76.28550702179449,19383100,MSFT
2017-11-16,76.03868865966797,76.23975362288184,75.80107276923927,75.94729739621798,20962800,MSFT
2017-11-17,75.30760192871094,75.96563062182774,75.16137023125782,75.96563062182774,22079000,MSFT
2017-11-20,75.42639923095703,75.48123262335143,75.17050076950298,75.30759122319911,16315000,MSFT
2017-11-21,76.51396942138672,76.62363619866012,75.61831789496593,75.61831789496593,21237500,MSFT
2017-11-22,75.95647430419922,76.67847747830427,75.8924996924537,76.61450286655875,20553100,MSFT
2017-11-24,76.09356689453125,76.24893281704735,75.65487884969234,75.86508513575701,7425600,MSFT
2017-11-27,76.65105438232422,76.75158690277284,76.13011630941281,76.13925055839239,18265200,MSFT
2017-11-28,77.57413482666016,77.7386419943602,76.78815691128345,76.83385605836547,21926000,MSFT
2017-11-29,76.16666412353516,77.61067029186515,76.02043944606478,77.41874648053656,27381100,MSFT
2017-11-30,76.92523193359375,77.24510498080622,76.1666708696974,76.32204375495158,33054600,MSFT
2017-12-01,77.00750732421875,77.51016309732745,76.05702220566651,76.40431202923496,29532100,MSFT
2017-12-04,74.10118865966797,77.16284212950507,73.75389200356332,77.15370090889486,39094900,MSFT
2017-12-05,74.56729888916016,75.56348292233895,74.00980984671747,74.33881714435056,26152300,MSFT
2017-12-06,75.65487670898438,75.98389099012638,74.42107664105671,74.53075039234062,26162100,MSFT
2017-12-07,75.38985443115234,75.6731766108175,74.94203204567759,75.43555358124034,23184500,MSFT
2017-12-08,76.91612243652344,77.2999702167043,76.1575611285148,76.43173512605325,24489100,MSFT
2017-12-11,77.89400482177734,78.02195404978163,76.87954524780777,77.03491117142582,22857900,MSFT
2017-12-12,78.2138671875,78.64341395388834,77.75690372925013,77.96710301532802,23924100,MSFT
2017-12-13,78.0036849975586,78.5977390711268,77.83917782291988,78.36011604715728,22062700,MSFT
2017-12-14,77.40048217773438,78.4789163489185,77.25425050645727,78.07678622561633,19306000,MSFT
2017-12-15,79.37457275390625,79.59391332078297,77.57413512621213,77.92143191087042,53936700,MSFT
2017-12-18,78.94502258300781,79.9686234736463,78.80793909236434,79.62133367616515,22283800,MSFT
2017-12-19,78.4423599243164,78.91759891959384,77.93055603781379,78.91759891959384,23524800,MSFT
2017-12-20,78.15904998779297,78.87191905094504,77.4187711973675,78.78052075404864,23674900,MSFT
2017-12-21,78.14075469970703,78.68910947849645,78.04936339869369,78.64341731434443,17990700,MSFT
2017-12-22,78.1499252319336,78.25959204519668,77.61070450011299,78.04939267130113,14145800,MSFT
2017-12-26,78.04938507080078,78.16819309783683,77.7112294931749,77.96712799615179,9891200,MSFT
2017-12-27,78.33270263671875,78.57946689539621,77.88488024300413,78.27786923377329,14678000,MSFT
2017-12-28,78.341796875,78.53372064291193,78.1864310113628,78.5063039578827,10594300,MSFT
2017-12-29,78.17733001708984,78.64343482053593,78.14077209400477,78.2595801144981,18717400,MSFT
2018-01-02,78.55204010009766,78.88105445012054,78.14077564892463,78.7165472751091,22483800,MSFT
2018-01-03,78.91759490966797,79.06382657629845,78.57030516048502,78.65255524343243,26061400,MSFT
2018-01-04,79.61219787597656,80.11486061828093,79.11867635790803,79.1369518336686,21912000,MSFT
2018-01-05,80.59922790527344,80.80029296974796,79.90464140237326,80.11484768960844,23407100,MSFT
2018-01-08,80.6814956665039,80.95567662770723,80.06002486412633,80.60837981382149,22113000,MSFT
2018-01-09,80.62664031982422,81.09274503792919,80.29762604501008,81.01962920514615,19484300,MSFT
2018-01-10,80.26109313964844,80.5992487421142,79.8863865821107,80.29765106743217,18652200,MSFT
2018-01-11,80.49870300292969,80.54439517564384,79.73100059059925,80.54439517564384,17808900,MSFT
2018-01-12,81.88787841796875,82.05238559828628,80.83686070886857,81.03792581511347,24271500,MSFT
2018-01-16,80.74546813964844,82.97545277797236,80.43473623310759,82.34484076766014,36599700,MSFT
2018-01-17,82.38138580322266,82.50933503562712,81.11102772955684,81.4126253371003,25621200,MSFT
2018-01-18,82.34484100341797,82.8657792391248,81.94271776866742,82.07066702145777,24159700,MSFT
2018-01-19,82.25343322753906,82.8109292772314,81.9427013822469,82.38138245474288,36875000,MSFT
2018-01-22,83.72486877441406,83.73400999849201,82.01582245280883,82.2534454698586,23601600,MSFT
2018-01-23,83.98992156982422,84.35549389004794,83.66090717889408,83.98992156982422,23412800,MSFT
2018-01-24,83.91676330566406,85.38818609579573,83.69742281345376,84.58393297588559,33277500,MSFT
2018-01-25,84.38285827636719,85.2145279908457,84.0172861827986,84.51080746321004,26383200,MSFT
2018-01-26,85.96397399902344,85.96397399902344,84.611365902669,85.1048873343799,29172200,MSFT
2018-01-29,85.83601379394531,87.2343208519183,85.65323120085813,86.95100574082048,31569900,MSFT
2018-01-30,84.75762939453125,85.5984479441613,84.17271638687481,85.26943350576542,38635100,MSFT
2018-01-31,86.83222961425781,87.18866068246068,85.46133874495092,85.68067933168079,48756300,MSFT
2018-02-01,86.14676666259766,87.80097241059556,85.52529598263936,86.63114688895881,47227900,MSFT
2018-02-02,83.88023376464844,85.88173647954872,83.62433527506886,85.58013884281097,47867800,MSFT
2018-02-05,80.42559051513672,85.21456690708808,80.42559051513672,82.76524182612775,51031500,MSFT
2018-02-06,83.46894073486328,83.60603115666012,77.91226382333821,79.4111032968444,67998600,MSFT
2018-02-07,81.89701843261719,83.8710975945494,81.52230492693138,82.70127187300271,41107600,MSFT
2018-02-08,77.69291687011719,82.14373578894497,77.46443517702885,81.98836991109481,55628700,MSFT
2018-02-09,80.59009552001953,81.27554087532496,76.61451385379014,78.87191500622977,63499100,MSFT
2018-02-12,81.45832824707031,82.05238231739185,80.3616184039468,81.10189719941961,35720300,MSFT
2018-02-13,82.09808349609375,82.25344944938075,80.24281236303598,81.27554760705769,26407700,MSFT
2018-02-14,83.38358306884766,83.54886300280381,81.17985995671887,81.27168058548008,34960900,MSFT
2018-02-15,85.0822982788086,85.13738925630184,83.20912798392207,83.75087461051261,27823900,MSFT
2018-02-16,84.47625732421875,85.85358760667884,84.29261608874305,84.88945360677114,30596900,MSFT
2018-02-20,85.13735961914062,85.44955105687889,83.56720425798385,83.99876877935598,30911700,MSFT
2018-02-21,84.00796508789062,85.72503940330421,84.00796508789062,85.37611824531966,26922500,MSFT
2018-02-22,84.22834777832031,85.14656804100335,83.8886037591603,84.5221779821603,24392800,MSFT
2018-02-23,86.36778259277344,86.37696675554017,84.80681118468154,85.9454021765305,26329200,MSFT
2018-02-26,87.61656951904297,87.64411500407954,86.54225356983231,86.67998800047926,30199800,MSFT
2018-02-27,86.49634552001953,88.00222618302628,86.49634552001953,87.91040555829944,25869100,MSFT
2018-02-28,86.10150146484375,87.88285081997239,85.9729512026658,87.08399675746891,31167300,MSFT
2018-03-01,85.25676727294922,86.83610756581467,84.32936265809849,86.3035380241803,37135600,MSFT
2018-03-02,85.44039916992188,85.53221979609141,83.42949453112489,84.09061424828909,32830400,MSFT
2018-03-05,85.98214721679688,86.56062347632951,84.71500574119285,84.78845804008719,23901600,MSFT
2018-03-06,85.68830108642578,86.76261694260889,85.33937996373636,86.6248825238887,22175800,MSFT
2018-03-07,86.18415069580078,86.25760999495613,84.87109549662237,85.54139934185234,26716100,MSFT
2018-03-08,86.70751190185547,87.3227175994124,86.1014833600502,86.56059334427998,25887800,MSFT
2018-03-09,88.6449966430664,88.6449966430664,87.23093641215041,87.49722116395915,36937300,MSFT
2018-03-12,88.85616302490234,89.26018214261666,88.18586622192792,88.60824666069108,26073700,MSFT
2018-03-13,86.68922424316406,89.28778363770239,86.28520487200589,89.06741261955626,35387800,MSFT
2018-03-14,86.17495727539062,87.60738543319553,85.85358163293759,87.34110075645913,32132000,MSFT
2018-03-15,86.47798156738281,86.84527106058512,85.23838565760639,85.88113701661212,27611000,MSFT
2018-03-16,86.8636474609375,87.57985824399941,86.23925731574867,86.93710677342222,49081300,MSFT
2018-03-19,85.29346466064453,86.22086892461041,84.57725410240958,86.07395034576047,33344100,MSFT
2018-03-20,85.51383972167969,86.10150005500329,85.3944736246015,85.44038743411205,23075200,MSFT
2018-03-21,84.9169921875,86.35859736678626,84.66906885420745,85.33018840237034,24457100,MSFT
2018-03-22,82.44700622558594,84.24671727438843,82.32764010182407,83.80596842313675,38604700,MSFT
2018-03-23,80.05040740966797,83.06216741961074,79.95858682506464,82.1806771975881,44068900,MSFT
2018-03-26,86.11067199707031,86.31268152150533,83.00709086432747,83.19991622707103,56396800,MSFT
2018-03-27,82.15314483642578,87.35945057511226,81.27165447369548,87.17580937659196,56569000,MSFT
2018-03-28,82.07969665527344,83.76922533309502,81.6022252712699,82.4745315904059,52501100,MSFT
2018-03-29,83.80595397949219,84.74254249993496,81.17066650760802,82.80509733118622,45867500,MSFT
2018-04-02,81.2808609008789,83.44786145002544,80.353463407273,83.07139475584582,48515400,MSFT
2018-04-03,82.37352752685547,82.68572601581133,80.7023671602245,82.25416143119028,37213800,MSFT
2018-04-04,84.77924346923828,85.17407829910267,80.55543340900206,80.66561531145425,35560000,MSFT
2018-04-05,84.82518768310547,85.45876192357147,83.92533572392968,84.88028566410132,29771900,MSFT
2018-04-06,82.85099029541016,84.89861688864299,82.16232532356315,84.00794240418021,38026000,MSFT
2018-04-09,83.34686279296875,85.55059315848733,83.20913533706472,83.59478622452741,31533900,MSFT
2018-04-10,85.28428649902344,85.65157596652875,84.14569545467448,84.83436057919798,26812000,MSFT
2018-04-11,84.34770202636719,85.66075709753153,83.99878089759328,84.4854364474892,24872100,MSFT
2018-04-12,85.92705535888672,86.45962480182462,84.87110063732773,84.87110063732773,26758900,MSFT
2018-04-13,85.46795654296875,86.4779975822261,84.8802960472021,86.35863145215232,23346100,MSFT
2018-04-16,86.46881103515625,86.91874406285557,85.78014575388461,86.37699039874647,20288100,MSFT
2018-04-17,88.21343231201172,88.6449970148405,87.12074780956995,87.23093677799399,26771000,MSFT
2018-04-18,88.55316925048828,88.81026981732072,87.70840123815526,88.35115966070136,21043300,MSFT
2018-04-19,88.25013732910156,89.13162781398871,87.54310390534614,88.55315165356816,23552500,MSFT
2018-04-20,87.23091888427734,88.25014386536235,86.35861249762024,88.06650262779164,31154400,MSFT
2018-04-23,87.55229949951172,88.4154287768825,86.89117979816088,87.91040483683267,22331800,MSFT
2018-04-24,85.50466918945312,88.5807055174848,84.85273367557797,88.36951178502122,34524800,MSFT
2018-04-25,84.76089477539062,85.6699377138857,82.89690910236604,85.6699377138857,33729300,MSFT
2018-04-26,86.55143737792969,87.36865278949124,85.48629859112886,85.89950188137296,42529000,MSFT
2018-04-27,87.98384857177734,89.89374803655912,86.23005184614287,89.6182792079117,48272800,MSFT
2018-04-30,85.8719482421875,88.51642684688662,85.53221125872449,88.45215171443708,41523600,MSFT
2018-05-01,87.23091888427734,87.49720358257979,85.20165308562513,85.58730388780211,31408900,MSFT
2018-05-02,85.8627700805664,87.38701192032167,85.56893990630853,87.22173200946011,27471000,MSFT
2018-05-03,86.37698364257812,87.16665366377438,84.88946422941343,85.35775854557981,31142500,MSFT
2018-05-04,87.37783813476562,87.57066353730191,85.3210198301168,85.6883093134801,22531300,MSFT
2018-05-07,88.35114288330078,88.80106878981906,87.32273380579532,87.38700893529793,24242000,MSFT
2018-05-08,87.97467041015625,88.29605306732101,87.28600529702683,88.01140005684547,23484600,MSFT
2018-05-09,89.01227569580078,89.03982118317505,87.27683993657469,88.15833055987487,27327400,MSFT
2018-05-10,89.90292358398438,89.93964621918597,89.11325382335973,89.4897203806086,22388100,MSFT
2018-05-11,89.71011352539062,89.866216288394,89.10409181740098,89.80194115261534,16778300,MSFT
2018-05-14,90.01312255859375,90.61915123620625,89.3520029122761,89.91211777899167,19454100,MSFT
2018-05-15,89.36121368408203,89.84786940045653,88.46135456299001,89.28775436695899,24594000,MSFT
2018-05-16,89.59172058105469,89.82227055319542,89.10295576584862,89.78538171335369,17384700,MSFT
2018-05-17,88.69719696044922,89.95138953291682,88.37442836514381,89.23207465314258,17246700,MSFT
2018-05-18,88.86321258544922,89.38886642245599,88.54044391988879,88.54044391988879,17865800,MSFT
2018-05-21,90.00675964355469,90.38486519320017,89.26900352857187,89.45344079835986,19422500,MSFT
2018-05-22,89.9145278930664,90.53240039614269,89.63786499290967,90.0805242259945,15441200,MSFT
2018-05-23,90.98426818847656,91.04882191613312,88.82631622599008,89.1859737137664,21251200,MSFT
2018-05-24,90.66151428222656,91.24250500646023,89.27821375531639,91.04884377699244,26649300,MSFT
2018-05-25,90.70759582519531,91.27936237865704,90.2464958086117,90.6522660746702,18363900,MSFT
2018-05-29,90.38483428955078,91.18714387822328,89.66551933315677,90.22805492442178,28671000,MSFT
2018-05-30,91.25170135498047,91.52836421227096,90.2926193975852,90.66149382620088,22158500,MSFT
2018-05-31,91.1502685546875,92.21080024030006,90.93816643906268,91.56526288514259,34140900,MSFT
2018-06-01,92.94854736328125,93.01310108776467,91.45458069345727,91.55602326562096,28655600,MSFT
2018-06-04,93.76007080078125,93.93529104942303,93.00386709439798,93.38197246550337,27281600,MSFT
2018-06-05,94.23963928222656,94.36874674543232,93.63098378211734,94.06441899537772,23514400,MSFT
2018-06-06,94.51628875732422,94.61773133385046,93.97219406125488,94.50707182187898,21122900,MSFT
2018-06-07,93.03156280517578,94.70075011592704,92.57046265976503,94.66386125999459,28232200,MSFT
2018-06-08,93.72317504882812,94.01827874088862,92.71798051631258,93.22518624925847,22165100,MSFT
2018-06-11,93.1883316040039,93.68631351288427,92.83789103041448,93.15144275226665,23490900,MSFT
2018-06-12,93.4280776977539,93.55718513205375,92.91164796055457,93.23441654630416,18325200,MSFT
2018-06-13,93.00389862060547,94.0736543431902,92.73645968995929,93.80621541254402,29492900,MSFT
2018-06-14,93.52952575683594,94.09206834042506,93.14220343116642,93.74163486041375,25691800,MSFT
2018-06-15,92.33989715576172,93.63097875431988,92.28456739902437,93.61253784735032,65738600,MSFT
2018-06-18,93.01311492919922,93.24366498463827,91.68514435840487,92.22924614787229,23586000,MSFT
2018-06-19,93.01311492919922,93.14222239737875,91.75892206474441,91.89725350517371,28653100,MSFT
2018-06-20,93.94454193115234,94.54396646454687,93.25289174416216,93.48344180649222,26180800,MSFT
2018-06-21,93.27131652832031,94.48862036553822,93.03154253491773,94.1381868642793,23198200,MSFT
2018-06-22,92.59813690185547,92.9301225419172,91.87881474686995,92.59813690185547,38923100,MSFT
2018-06-25,90.73526000976562,92.32144518047141,89.73006535846244,92.220002614729,35433300,MSFT
2018-06-26,91.37158203125,92.29378207507975,91.06725432818747,91.13180804982244,26897200,MSFT
2018-06-27,89.95140075683594,92.23845311965374,89.82229330260405,91.83268985028008,31298400,MSFT
2018-06-28,90.95659637451172,91.39925553309246,89.69318669815428,89.80384621092799,26650700,MSFT
2018-06-29,90.93815612792969,92.13701912109275,90.67994121514471,91.23325989051662,28053200,MSFT
2018-07-02,92.22923278808594,92.27533857099753,90.37560864082884,90.46782724248035,19564500,MSFT
2018-07-03,91.34390258789062,92.80097307753476,91.24246003638146,92.66264872168303,14670300,MSFT
2018-07-05,91.99870300292969,92.14625139086256,91.32549369471452,91.7589289572302,18977400,MSFT
2018-07-06,93.2897720336914,93.53876298238353,91.91568872255876,92.11857388451546,19234600,MSFT
2018-07-09,93.92606353759766,94.29494492490946,93.3727449745436,93.7416263618554,18212000,MSFT
2018-07-10,94.17510986328125,94.53476746589509,93.9353357829284,94.06444327946512,19293100,MSFT
2018-07-11,94.04596710205078,94.37795265735183,93.23442653003333,93.28053934829003,19644600,MSFT
2018-07-12,96.08402252197266,96.28690765249935,94.73761133445569,94.77449314379889,24335900,MSFT
2018-07-13,97.2275619506836,97.38433428735048,95.99181009289873,96.25003204460914,24635200,MSFT
2018-07-16,96.74800109863281,97.58719940288991,96.38833664157711,97.1998771086174,21786900,MSFT
2018-07-17,97.70709228515625,98.21430512595954,96.20390873960068,96.47134759785804,25901700,MSFT
2018-07-18,96.94170379638672,97.7993504074912,96.57282224742656,97.6979078056314,29493900,MSFT
2018-07-19,96.2776870727539,97.11688546350729,95.80736307504533,96.76645197578351,40171600,MSFT
2018-07-20,98.00224304199219,99.78209027031424,97.82702973314049,99.67143071437242,56004000,MSFT
2018-07-23,99.56995391845703,99.72672625944745,97.87310193956468,98.02988131638405,29707000,MSFT
2018-07-24,99.28407287597656,100.35382140588897,98.91519140379583,100.12327136525461,26316600,MSFT
2018-07-25,102.20745849609375,102.50256230361119,99.22874850248324,99.56074116541907,30702100,MSFT
2018-07-26,101.09156799316406,102.36420147864929,100.98090145866755,102.12442750515402,31372100,MSFT
2018-07-27,99.30250549316406,101.60800570703225,97.88231651712185,101.60800570703225,37005300,MSFT
2018-07-30,97.1722412109375,99.1641900581861,96.60969850520692,98.85064535575498,34668300,MSFT
2018-07-31,97.82697296142578,98.4171803700397,97.18142877112304,98.20507128452503,27655200,MSFT
2018-08-01,98.01142883300781,98.16820116673662,97.21833615718973,97.78087880017299,23628700,MSFT
2018-08-02,99.20106506347656,99.68060602255403,96.68345567979159,97.19989252321554,26104300,MSFT
2018-08-03,99.63449096679688,99.64371493702511,98.50940581709695,99.41316493211374,18659600,MSFT
2018-08-06,99.71748352050781,99.98492236495036,99.1918298016594,99.70826658629878,20265900,MSFT
2018-08-07,100.40914154052734,100.6120266825728,99.7543803321804,100.11403779823254,16080200,MSFT
2018-08-08,100.97167205810547,101.21144601870536,100.2984700246503,100.82412372253987,15487500,MSFT
2018-08-09,101.13770294189453,101.58958614454745,101.07314920377694,101.17459179736598,13677200,MSFT
2018-08-10,100.51980590820312,101.15612619706866,99.94803934169875,100.90712824236995,18183700,MSFT
2018-08-13,99.79127502441406,101.05469173289815,99.68983244744965,100.74114003069124,18472500,MSFT
2018-08-14,101.03627014160156,101.21149046311736,99.63452867696661,100.11406977291712,16788300,MSFT
2018-08-15,99.66614532470703,100.89738618365872,98.88851245614863,100.43451166232066,29982800,MSFT
2018-08-16,99.64764404296875,100.77705920519425,99.33289270288934,100.25864190957832,21384300,MSFT
2018-08-17,99.59208679199219,99.88832621231116,98.7681706835143,99.38842086622823,18061500,MSFT
2018-08-20,98.9347915649414,99.88831184119255,98.57375004408718,99.5272703203383,17914200,MSFT
2018-08-21,98.11089324951172,99.379165003024,97.99054134560987,98.98109260538241,22881900,MSFT
2018-08-22,99.11068725585938,99.36989584991643,97.92572964708171,97.99053179559597,18000600,MSFT
2018-08-23,99.57357025146484,100.1475372321656,98.93480817963076,99.19401679578431,18167700,MSFT
2018-08-24,100.35118865966797,100.4993048205329,99.57355586068891,99.67538881130407,17234000,MSFT
2018-08-27,101.46208190917969,101.49911271414486,100.45301895976844,101.15658306539498,19662300,MSFT
2018-08-28,102.07308959960938,102.29526738826925,101.63798642725969,101.77685019376133,19151500,MSFT
2018-08-29,103.70240783691406,103.71166730523844,102.08234696248952,102.24898207780367,20818000,MSFT
2018-08-30,103.63763427734375,104.24863222303394,103.1655072061179,103.37842559598677,22798700,MSFT
2018-08-31,103.98938751220703,104.40597173963764,103.2395260147658,103.39690871355248,23222700,MSFT
2018-09-04,103.41542053222656,103.64685778354644,102.03605649197331,102.61927582265382,22634600,MSFT
2018-09-05,100.43450164794922,103.14694635504733,100.07346012233752,102.767392958106,32872400,MSFT
2018-09-06,100.66594696044922,100.89738421660626,99.52727961538318,100.21233191599471,23477600,MSFT
2018-09-07,100.17530059814453,100.6474345759177,99.2680705138481,100.19381953376949,22498600,MSFT
2018-09-10,101.25843048095703,101.49912721616901,100.31416953959445,100.75852513685747,20727900,MSFT
2018-09-11,102.98029327392578,103.30430393737937,100.8047850331342,100.81404449863366,24301800,MSFT
2018-09-12,103.41542053222656,103.54502482793335,102.30452455105289,103.156211940813,18891100,MSFT
2018-09-13,104.52629852294922,105.28541224281429,103.79495613652145,103.79495613652145,26055600,MSFT
2018-09-14,104.95215606689453,105.28542623824886,104.09120930137978,104.94289660021701,19122300,MSFT
2018-09-17,103.81349182128906,105.25765799457025,103.55428323253648,105.24840558990361,20736500,MSFT
2018-09-18,104.80403137207031,105.25764635221383,103.4246674985462,103.85977060849966,22170900,MSFT
2018-09-19,103.40617370605469,104.90588982059468,102.79518296058635,104.65594066629065,21728400,MSFT
2018-09-20,105.13731384277344,105.35023922084686,103.61908604498572,103.94309678300668,23714500,MSFT
2018-09-21,105.77608489990234,106.72960525950992,105.08177313557785,105.53538817732326,71229700,MSFT
2018-09-24,106.15563201904297,106.36855738846536,103.88754988214266,104.63740428293995,27334500,MSFT
2018-09-25,105.95198059082031,106.55371891227321,105.30395905258183,106.27599842284461,22668000,MSFT
2018-09-26,105.5168685913086,106.51667209104255,105.29468375767529,105.97048359989464,19352000,MSFT
2018-09-27,105.91495513916016,106.37782967700198,105.72054161791026,106.25747777690395,19091300,MSFT
2018-09-28,105.87792205810547,106.06306904410987,105.23915294945213,105.71128694553958,21647800,MSFT
2018-10-01,107.02584075927734,107.09064290573443,106.21118419483062,106.22969606685939,18883100,MSFT
2018-10-02,106.60000610351562,107.23876815472856,105.94272511580095,106.73886987565925,20787200,MSFT
2018-10-03,106.61847686767578,107.55348503916179,106.39629915565509,106.84991404437712,16648000,MSFT
2018-10-04,104.41522979736328,106.2389564441505,103.34135757498741,106.10009268258062,34821700,MSFT
2018-10-05,103.80423736572266,104.76701721536435,102.42487327302946,104.26711188595975,29068900,MSFT
2018-10-08,102.6192626953125,103.71164666431771,101.22137989854824,103.36912409643953,29640600,MSFT
2018-10-09,103.92459106445312,104.68370500829724,102.57299828945773,102.887749578486,26198600,MSFT
2018-10-10,98.27751922607422,103.22101559627568,97.93498954647234,102.98031887377424,61376300,MSFT
2018-10-11,98.04608154296875,100.84184045985295,96.46304451238059,97.52765729193052,63904300,MSFT
2018-10-12,101.43431854248047,102.98031769102441,99.16623629763,100.91590135803565,47742100,MSFT
2018-10-15,99.61058807373047,101.35100066308081,99.00884982875091,100.82332403103194,32068100,MSFT
2018-10-16,102.75816345214844,103.13772402266208,100.86037472539229,101.40657043807431,31610200,MSFT
2018-10-17,102.48968505859375,103.50800768626881,101.41581974339805,103.38766284233901,26548200,MSFT
2018-10-18,100.44375610351562,102.32302524893618,99.82350603281199,101.92495293762269,32506200,MSFT
2018-10-19,100.59187316894531,102.62851780847438,100.17528194978946,100.84182225011627,32785500,MSFT
2018-10-22,101.4898681640625,102.3323032093066,100.20307751973317,101.20288821203226,26545600,MSFT
2018-10-23,100.07347869873047,100.87888297770238,97.3054908009247,99.76797979330264,43770400,MSFT
2018-10-24,94.72264862060547,100.43451893227386,94.04684866285604,100.36046437130689,63897800,MSFT
2018-10-25,100.25862121582031,101.1565918281231,98.26825941967601,98.63856043850126,61646800,MSFT
2018-10-26,99.01812744140625,100.67521925414964,96.98148215292126,97.84242913802468,55523100,MSFT
2018-10-29,96.1390380859375,100.6289195964939,94.08387405084903,100.08273104346118,55162000,MSFT
2018-10-30,96.02793884277344,96.62966999210155,92.67672520053253,95.96313670071177,65350900,MSFT
2018-10-31,98.87924194335938,100.11048972768616,97.56468014469212,97.6109704168172,51062400,MSFT
2018-11-01,98.05533599853516,99.35138605887934,97.69429444026204,99.10143692734589,33384200,MSFT
2018-11-02,98.27751922607422,99.35138441517266,97.18513510137323,98.57375862957426,37680200,MSFT
2018-11-05,99.52727508544922,99.74019339619628,98.03681865860294,98.4719218104394,27922100,MSFT
2018-11-06,99.72169494628906,100.75852942597564,98.38861397194327,99.40693657716623,24340200,MSFT
2018-11-07,103.64684295654297,103.90605151087594,101.2769281021805,101.31395890464285,37901700,MSFT
2018-11-08,103.45244598388672,103.87828965671933,102.67482024990646,103.49873625691583,25644100,MSFT
2018-11-09,101.43431854248047,103.17472413519121,100.6844641059936,102.61927614287114,32039200,MSFT
2018-11-12,98.9347915649414,101.79535239369481,98.22196092732383,101.2954471195342,33621800,MSFT
2018-11-13,98.99961853027344,100.66596279904078,98.72189095402605,99.56432608917898,35374600,MSFT
2018-11-14,97.5956802368164,100.65455299662078,97.13080608657411,100.50578986370327,39495100,MSFT
2018-11-15,99.74342346191406,100.22689668096936,96.61017538340006,97.61429842794087,38505200,MSFT
2018-11-16,100.68244171142578,101.23098978971016,99.29711876562448,99.55744714809275,33502100,MSFT
2018-11-19,97.27027130126953,100.93347484006408,96.27544088762545,100.66384697741442,44773900,MSFT
2018-11-20,94.56471252441406,95.73619753931239,92.37050564913933,94.64839357218705,64052500,MSFT
2018-11-21,95.86634826660156,97.09361574508824,95.05746468786982,96.32192294975509,28130600,MSFT
2018-11-23,95.82917785644531,96.51718976204855,94.83434724263672,94.99240278562077,13823100,MSFT
2018-11-26,98.99031066894531,99.13906672044014,97.23308680682108,97.4283331144552,32336200,MSFT
2018-11-27,99.61322021484375,99.7898746403149,97.95826957647941,98.80433673830372,29124500,MSFT
2018-11-28,103.31362915039062,103.50887543367779,100.28264783823118,100.31053915106988,46788500,MSFT
2018-11-29,102.44895935058594,103.31362548499001,101.37044800297826,102.57912353482604,28123200,MSFT
2018-11-30,103.09976196289062,103.1741435102234,101.67724856387129,102.92310756132895,33665600,MSFT
2018-12-03,104.21549987792969,105.45206701318145,102.95104851767033,105.06157436839175,34732800,MSFT
2018-12-04,100.89630126953125,104.72686753574386,100.6080815125074,104.07604644136164,45197000,MSFT
2018-12-06,101.51922607421875,101.56570923634064,97.62357816149972,98.38597153578618,49107400,MSFT
2018-12-07,97.4561996459961,101.76093097592563,96.97273373482008,100.76610075093477,45044900,MSFT
2018-12-10,100.03160095214844,100.39420925984761,96.59153560361581,97.4376098325547,40801500,MSFT
2018-12-11,100.96135711669922,103.15556351188069,99.89215232454038,102.08635871972184,42381900,MSFT
2018-12-12,101.41692352294922,103.4530670198062,101.37973274807953,103.09976529866661,36183000,MSFT
2018-12-13,101.76093292236328,103.08118069598872,100.99853971753912,101.88180472253079,31333400,MSFT
2018-12-14,98.58120727539062,101.58429728855633,98.08844183052511,100.64524955596535,47043100,MSFT
2018-12-17,95.66181182861328,98.36738306388038,94.56470843838049,98.00478175717285,56957300,MSFT
2018-12-18,96.66592407226562,97.1679889648928,95.3177848901882,96.46137832785277,49319200,MSFT
2018-12-19,96.40560150146484,99.37149369355274,94.22998683591966,96.36841071902464,68198200,MSFT
2018-12-20,94.3787612915039,96.98205253397556,91.84054505934131,95.8105746669011,70334200,MSFT
2018-12-21,91.32918548583984,95.76408208864746,90.61327526878587,94.4903242684013,111242100,MSFT
2018-12-24,87.51721954345703,91.08745730037397,87.37776294989673,90.81782939712777,43935200,MSFT
2018-12-26,93.49549102783203,93.61636285211273,87.35915338759548,88.45625671519967,51634800,MSFT
2018-12-27,94.07193756103516,94.08123703061523,89.62774161962797,92.32401323107835,49498500,MSFT
2018-12-28,93.33743286132812,95.21552843167096,92.52854927290323,94.91800216091694,38196300,MSFT
2018-12-31,94.43453216552734,95.20622493748444,93.38391916665485,94.17420378303974,33173800,MSFT
2019-01-02,94.01615142822266,94.60189030844347,91.98929983370067,92.55644686887081,35329300,MSFT
2019-01-03,90.55748748779297,93.15148614324133,90.37153356835667,93.06780510614082,42579100,MSFT
2019-01-04,94.76924133300781,95.30849703139141,91.97999652629915,92.7144985099424,44060600,MSFT
2019-01-07,94.8901138305664,96.01510847692208,93.88599100886,94.49962122804631,35656100,MSFT
2019-01-08,95.578125,96.66592877355556,94.56469569705315,95.80126259865891,31514400,MSFT
2019-01-09,96.94485473632812,97.51200178210811,95.98721509642918,96.5636616116168,32280800,MSFT
2019-01-10,96.3219223022461,96.4613859656991,95.18762824317267,95.96862050245953,30067600,MSFT
2019-01-11,95.578125,96.173163325368,94.49961360188529,95.94072625785186,28314200,MSFT
2019-01-14,94.88081359863281,95.6432068947515,94.14631161561098,94.7413499397321,28437100,MSFT
2019-01-15,97.63288116455078,97.67007195164445,94.72276414187279,95.30851017182643,31587600,MSFT
2019-01-16,97.97686767578125,98.7950506725982,97.58637511461836,97.86530242597253,29853900,MSFT
2019-01-17,98.66488647460938,99.13905297307626,97.40042829186534,97.62356588487422,28393000,MSFT
2019-01-18,100.14320373535156,100.3198582090466,98.46966079749434,99.91076662508658,37427600,MSFT
2019-01-22,98.25580596923828,99.57604692459084,97.49341260552879,99.2506364205838,32371300,MSFT
2019-01-23,99.21346282958984,99.52028154086284,97.93970481496504,98.66491461254255,25874300,MSFT
2019-01-24,98.73926544189453,99.48306691036669,97.93968134598275,99.35290271739653,23164800,MSFT
2019-01-25,99.64111328125,100.30123365462165,98.73925638877654,99.70619537176789,31225600,MSFT
2019-01-28,97.69792938232422,98.99957810545966,97.30743689340804,98.79503239409932,29476700,MSFT
2019-01-29,95.70828247070312,97.59567019147491,94.99237238070398,97.51198916446779,31490500,MSFT
2019-01-30,98.90660858154297,98.90660858154297,97.0006290734722,97.27025689619175,49471900,MSFT
2019-01-31,97.09361267089844,97.82811465957712,95.93142732680238,96.50787381110392,55636400,MSFT
2019-02-01,95.55951690673828,96.78678422190245,95.15972490517791,96.48926508772374,35535700,MSFT
2019-02-04,98.31160736083984,98.3673970960422,95.55025309783748,95.64323362536862,31315100,MSFT
2019-02-05,99.6875991821289,99.73408233423439,98.51611451047125,98.60908790809776,27325400,MSFT
2019-02-06,98.58120727539062,99.48306422621978,98.1163331434924,99.48306422621978,20609800,MSFT
2019-02-07,97.8746109008789,98.17213010500232,96.96346144162102,97.80023641991107,29760700,MSFT
2019-02-08,98.24650573730469,98.34877862254439,96.93556426178561,97.05642899278847,21461100,MSFT
2019-02-11,97.85601043701172,99.0925774019612,97.59568204300483,98.73926850145178,18914100,MSFT
2019-02-12,99.38079833984375,99.61323542214171,98.06985688425999,98.68348709294986,25056600,MSFT
2019-02-13,99.30640411376953,100.20826101308414,99.21343071138385,99.94793264903785,18394900,MSFT
2019-02-14,99.39009094238281,99.75269219824199,98.23720507999506,98.84153577748282,21784700,MSFT
2019-02-15,100.61737060546875,100.69175217813137,99.81778643288865,100.32915087817263,26606900,MSFT
2019-02-19,100.57087707519531,101.0264588728598,100.20827578704078,100.21757525667516,18038500,MSFT
2019-02-20,100.04798889160156,100.78562773150345,99.24499000885827,100.71092850433887,21607700,MSFT
2019-02-21,102.158203125,102.22356317255677,99.78655591925192,99.81456635053183,29063200,MSFT
2019-02-22,103.61479187011719,103.82954323695353,102.54101366480498,102.75577215535148,27763200,MSFT
2019-02-25,104.19371795654297,104.74461596692025,103.88559604684274,104.35245562823859,23750600,MSFT
2019-02-26,104.91268920898438,105.73435953517777,103.80156108852329,103.88559952031459,21536700,MSFT
2019-02-27,104.73529052734375,104.9126994711472,103.53079179440446,104.28710925965781,21487100,MSFT
2019-02-28,104.60455322265625,105.39821306014798,104.3244417572712,104.61389240861591,29083900,MSFT
2019-03-01,105.0713882446289,105.5289085178153,104.26838940875324,105.40752762354012,23501200,MSFT
2019-03-04,104.81929779052734,105.74367761343628,103.45606889424135,105.52891910725002,26608000,MSFT
2019-03-05,104.29640197753906,104.94067032096378,103.85756006289961,104.8099502402269,19538300,MSFT
2019-03-06,104.34310150146484,105.1927892373233,104.04431169710259,104.45515034949226,17687000,MSFT
2019-03-07,103.0732421875,104.15635967154809,102.58771143087516,104.01630039361625,25339000,MSFT
2019-03-08,103.18528747558594,103.37202842391358,101.58862885913973,101.92476826509794,22818400,MSFT
2019-03-11,105.35150146484375,105.4635431697006,103.62412298577433,103.63345504537266,26491600,MSFT
2019-03-12,106.08915710449219,106.43462858104856,105.18344851967332,105.34217904261601,26132700,MSFT
2019-03-13,106.91081237792969,107.37767182062807,106.23853364065046,106.56533382579737,35513800,MSFT
2019-03-14,106.99486541748047,107.56443462330097,106.75210358697855,106.94818373794297,30763400,MSFT
2019-03-15,108.22735595703125,109.4785358039819,106.9948402290483,107.6951293706516,54681100,MSFT
2019-03-18,109.77733612060547,109.81468573326495,108.35808645809621,108.47012817236444,31207600,MSFT
2019-03-19,109.85204315185547,110.58968202594784,109.2357851847489,110.26287467288245,37588700,MSFT
2019-03-20,109.73065948486328,110.87913704936534,108.97434933489302,109.60927857305046,28113300,MSFT
2019-03-21,112.251708984375,112.81193900786722,109.32916370357661,109.37585250708065,29854400,MSFT
2019-03-22,109.29180908203125,111.66344901419697,109.28246989762448,111.57941772566744,33624500,MSFT
2019-03-25,109.86139678955078,110.18819706189802,108.61020944493492,108.83430004258565,27067100,MSFT
2019-03-26,110.09481811523438,110.84178909125521,109.10507106453288,110.75775779498369,26097700,MSFT
2019-03-27,109.0303726196289,110.37493035940187,107.86322378266242,110.06680135675205,22733400,MSFT
2019-03-28,109.17974090576172,109.78665955793474,108.43276300713197,109.65593949423092,18334800,MSFT
2019-03-29,110.12283325195312,110.47764394644278,109.20778539687471,110.24421417076793,25399800,MSFT
2019-04-01,111.13121795654297,111.215256360067,110.27219829668451,111.06585791989525,22789100,MSFT
2019-04-02,111.28995513916016,111.5607344681162,110.66435807805702,111.16856712607418,18142300,MSFT
2019-04-03,112.01824951171875,112.44775931996512,111.25260035376492,111.91553987021318,22860700,MSFT
2019-04-04,111.4487075805664,112.26104572736851,110.53365976725907,112.13965769038353,20112800,MSFT
2019-04-05,111.94357299804688,112.26104116991424,111.4580422409513,111.47671348696194,15826200,MSFT
2019-04-08,111.98091888427734,112.0649501740928,110.77642053094851,111.86887004081284,15116200,MSFT
2019-04-09,111.37400817871094,111.616777128605,110.72040768712434,110.76708936583132,17612000,MSFT
2019-04-10,112.22369384765625,112.37308518992687,111.61677504610032,111.82219437496948,16477200,MSFT
2019-04-11,112.35443878173828,112.8399696560928,111.97161047081185,112.55051896890333,14209100,MSFT
2019-04-12,112.93331146240234,112.96132901663233,112.39175985037127,112.64386084875551,19745100,MSFT
2019-04-15,113.02670288085938,113.52157287709714,112.57851456662405,112.92399320725777,15792600,MSFT
2019-04-16,112.7652359008789,113.58691314657396,112.1396459060595,113.57757396231553,14071800,MSFT
2019-04-17,113.698974609375,113.77367384899519,112.55050407598875,113.20410461338649,19300900,MSFT
2019-04-18,115.19293975830078,115.3329919387107,113.2601413078104,114.09115082223256,27991000,MSFT
2019-04-22,115.55705261230469,115.78114315280038,114.4459248460092,114.49261364031283,15648700,MSFT
2019-04-23,117.12571716308594,117.25643725712153,115.6224289579656,115.87452996111688,24025500,MSFT
2019-04-24,116.7242202758789,117.50854085742748,116.26669281293124,117.45251999409145,31257000,MSFT
2019-04-25,120.58981323242188,122.66267072550787,120.2910305361025,121.43950101283745,38033900,MSFT
2019-04-26,121.28075408935547,121.8690015882123,120.46842316039739,121.10334520891162,23654900,MSFT
2019-04-29,121.16873168945312,121.55154569270618,120.77657137684231,121.29010548429896,16324200,MSFT
2019-04-30,121.94373321533203,122.03709658687465,120.81392671449903,121.20608706879642,24166500,MSFT
2019-05-01,119.40398406982422,121.9903825851974,119.23591436358876,121.87834086351423,26821700,MSFT
2019-05-02,117.84468841552734,119.51604648290713,117.20041994786774,119.49737523507723,27350200,MSFT
2019-05-03,120.35636901855469,120.85123893074154,118.81573842362141,118.91844807977836,24911100,MSFT
2019-05-06,119.65608215332031,120.03891035630994,117.75130169398682,118.01274186982826,24239800,MSFT
2019-05-07,117.20039367675781,118.75037047652874,115.98656337597939,118.07809172596352,36017700,MSFT
2019-05-08,117.19107818603516,117.99407712677579,116.48144972413883,117.12571813847306,28419000,MSFT
2019-05-09,117.18173217773438,117.45251153721344,115.37965425849887,116.0519330649696,27235800,MSFT
2019-05-10,118.70368957519531,119.45066759743007,115.613082077527,116.63083945472908,30915100,MSFT
2019-05-13,115.17425537109375,117.22844176895956,114.88480471507788,115.88388391753553,33944900,MSFT
2019-05-14,116.4627456665039,117.53651655626349,115.50100934659841,115.65974695199417,25266300,MSFT
2019-05-15,118.10281372070312,118.74946688666888,115.92856757652989,116.45339054241944,24722700,MSFT
2019-05-16,120.83001708984375,121.25175745868842,118.5151998649632,118.78698158814498,30112200,MSFT
2019-05-17,120.02404022216797,122.26388848069051,119.8834553556375,120.24895312836178,25770500,MSFT
2019-05-20,118.2902603149414,119.57418582179464,117.8591605611729,118.57140859779234,23706900,MSFT
2019-05-21,118.92754364013672,119.51796148842769,118.62764783861242,119.42424539109133,15293300,MSFT
2019-05-22,119.649169921875,120.18336671180455,118.57141688706866,118.66514013798412,15396500,MSFT
2019-05-23,118.25277709960938,118.35586695240113,116.90324240857545,118.27151745917153,23603800,MSFT
2019-05-24,118.30902099609375,119.41488825879041,118.05598678305543,118.93693395082015,14123400,MSFT
2019-05-28,118.23403930664062,119.95843842699016,118.13094945161102,119.00252276681033,23128400,MSFT
2019-05-29,117.09068298339844,117.51240900373234,116.24722379265059,117.5030352488129,22763100,MSFT
2019-05-30,117.8310546875,117.85916880274307,116.9407338543485,117.39058114847812,16829600,MSFT
2019-05-31,115.90982818603516,116.79077515570697,115.5724445444621,116.42527740234937,26646800,MSFT
2019-06-03,112.31107330322266,116.55648299429211,111.53322331596902,116.06914788291841,37983600,MSFT
2019-06-04,115.42249298095703,115.53494942103089,113.07018139166809,113.66059915229235,29382600,MSFT
2019-06-05,117.92476654052734,117.9622544095278,116.40654002136861,117.1000477226772,24926100,MSFT
2019-06-06,119.78975677490234,119.93033451190594,117.70922628747518,118.49645732464687,21459000,MSFT
2019-06-07,123.14482116699219,123.94142584332684,120.20209147700956,121.07367188877706,33885600,MSFT
2019-06-10,124.26942443847656,125.65643958754907,123.70711365633942,124.08197797765936,26477100,MSFT
2019-06-11,123.80085754394531,125.80641202798061,123.032366966806,125.4690283624345,23913700,MSFT
2019-06-12,123.22917175292969,123.67901184326765,122.49817624357101,123.14481511711242,17092500,MSFT
2019-06-13,124.00704193115234,124.6443142678434,123.29477955466218,123.68839146264668,17200800,MSFT
2019-06-14,124.12887573242188,125.38468730464051,123.36976596563541,123.95081012289688,17821700,MSFT
2019-06-17,124.50370025634766,125.32840450433046,124.2037974024229,124.29752061931318,14517800,MSFT
2019-06-18,126.66862487792969,126.7436006226237,125.17851949005886,125.75956363623617,25934500,MSFT
2019-06-19,127.16527557373047,127.39018841727234,125.40338203182382,126.51862254823685,23744400,MSFT
2019-06-20,128.34619140625,129.0115923527879,127.19346945960213,128.8147791910849,33042600,MSFT
2019-06-21,128.36488342285156,129.0771313997995,127.88692923702365,127.99938568071065,36727900,MSFT
2019-06-24,129.12399291992188,129.70503694540736,128.3929974361956,128.3929974361956,20628800,MSFT
2019-06-25,125.04732513427734,128.9459788032436,124.39130511790414,128.62734255245718,33327400,MSFT
2019-06-26,125.5158920288086,127.21219148211591,125.20663673693596,125.90951827333306,23657700,MSFT
2019-06-27,125.7220687866211,126.24689900020067,125.12227712840556,125.71270218108188,16557500,MSFT
2019-06-28,125.54399871826172,126.14379028684033,124.7942556824987,126.11567617426313,30043000,MSFT
2019-07-01,127.15596008300781,128.11188306026997,126.49057351170308,128.04628821387894,22613500,MSFT
2019-07-02,127.99939727783203,128.00876388226854,126.83729482052988,127.56829037104205,15237800,MSFT
2019-07-03,128.82412719726562,129.08653514574118,127.72761947665488,128.2055880472187,13629300,MSFT
2019-07-05,128.44927978515625,128.7023211900468,127.19346796855955,127.39964773548309,18141100,MSFT
2019-07-08,128.3555145263672,128.48671847504428,126.86539517334259,127.83068443150086,16779700,MSFT
2019-07-09,127.88694763183594,128.36490188641113,127.2684085022726,127.4558407020966,19953100,MSFT
2019-07-10,129.1896209716797,129.87375493741123,128.41176375577768,128.5148536109011,24204400,MSFT
2019-07-11,129.7050323486328,130.4735228197629,129.2083306734517,129.5176001825535,22327900,MSFT
2019-07-12,130.17367553710938,130.3892362053594,129.33958988651776,130.1268282006899,18936800,MSFT
2019-07-15,130.17367553710938,130.7734673049487,129.7613303156029,130.67975833194603,16651500,MSFT
2019-07-16,128.46798706054688,130.31422347687305,127.94317120009755,130.22988113504934,22726100,MSFT
2019-07-17,127.7088851928711,129.2645853599986,127.66202356671701,129.04903903988247,20211000,MSFT
2019-07-18,127.84949493408203,128.03692719595213,126.20943761742994,127.03415672985633,30381800,MSFT
2019-07-19,128.03688049316406,131.83244318726366,127.87756241367916,131.41071717684363,48992400,MSFT
2019-07-22,129.73316955566406,130.4454319337942,128.70228530861493,128.77726104842654,25074900,MSFT
2019-07-23,130.53915405273438,131.19518826722913,129.35831820693474,130.9796276309641,18034600,MSFT
2019-07-24,131.87933349609375,131.89808100956972,130.1268199404063,130.17366727385195,20738300,MSFT
2019-07-25,131.3826141357422,131.77622606531844,130.56727616020288,131.60752706683664,18356900,MSFT
2019-07-26,132.46034240722656,132.77897855057645,131.4856864686977,131.5512812981361,19037600,MSFT
2019-07-29,132.16983032226562,132.61967045850167,130.61411590508914,132.6103038536368,16605900,MSFT
2019-07-30,131.53256225585938,132.34790021052507,131.01711296836243,131.33574914602943,16846500,MSFT
2019-07-31,127.7088851928711,131.6637661975785,126.59364427114244,131.51381471394964,38598800,MSFT
2019-08-01,129.3864288330078,132.08549846503925,128.32741609263078,128.39302523237436,40557500,MSFT
2019-08-02,128.29928588867188,129.63008732660623,126.76231905207105,129.41452672318675,30791600,MSFT
2019-08-05,123.90394592285156,125.5158741944709,122.56377788112599,124.92546351189758,42749600,MSFT
2019-08-06,126.22815704345703,127.15595153830485,124.8411414540801,125.39407150860825,32696700,MSFT
2019-08-07,126.78105926513672,127.12780951131678,123.54780770166487,125.38466307620416,33414500,MSFT
2019-08-08,130.164306640625,130.2580299121431,127.39026082555365,128.0181810044305,27496500,MSFT
2019-08-09,129.0584259033203,130.62350704802847,127.88695669618893,129.90187801239043,23466700,MSFT
2019-08-12,127.25902557373047,129.19898527647143,126.7435906074501,128.45862309388255,20484300,MSFT
2019-08-13,129.89248657226562,130.07991874953868,126.51865018071645,127.50268698659816,25154600,MSFT
2019-08-14,125.9808349609375,128.74530707742247,125.68934554077875,128.2187436929065,32527300,MSFT
2019-08-15,125.69876861572266,126.54504366628409,124.35415215609167,126.36638512179515,28074400,MSFT
2019-08-16,128.00247192382812,128.31277125975154,126.67665140154855,126.82710217310694,24449100,MSFT
2019-08-19,130.14639282226562,130.27803370860318,128.71713866504334,129.61982927691545,24355700,MSFT
2019-08-20,129.06500244140625,130.42844289405204,129.0462068549163,129.95829497183652,21170800,MSFT
2019-08-21,130.50364685058594,131.16186538417406,129.76081948683455,130.27798504275015,14970300,MSFT
2019-08-22,129.55397033691406,130.889188817738,128.1529242549466,130.38143533542126,18697000,MSFT
2019-08-23,125.42610168457031,130.08997685734383,124.87133040480121,128.99922989022528,38508600,MSFT
2019-08-26,127.3630599975586,127.46649310683601,125.90559867511305,126.93053197532566,20312600,MSFT
2019-08-27,127.63578796386719,128.55727405362552,126.62026653222833,128.2469746427543,23102100,MSFT
2019-08-28,127.46651458740234,127.65457090475016,125.57652492422416,126.82712023886428,17393300,MSFT
2019-08-29,129.8736572265625,130.17455878321485,128.73590729143865,129.05560443454982,20168700,MSFT
2019-08-30,129.62916564941406,130.87034851136053,128.1340989313387,130.84214078820995,23940100,MSFT
2019-09-03,127.91790008544922,129.00864721770145,127.59820279254922,128.45387585394275,18869300,MSFT
2019-09-04,129.41294860839844,129.4693640751677,128.33159955346446,129.10264919338846,17995900,MSFT
2019-09-05,131.68846130371094,131.99876071400755,130.47547139548067,130.8045807436743,26101800,MSFT
2019-09-06,130.795166015625,131.81067296613517,129.94889109316404,131.66963431961344,20824500,MSFT
2019-09-09,129.30953979492188,131.40639634170765,128.31282810042592,131.2559455035018,25773900,MSFT
2019-09-10,127.95552062988281,128.71715832773847,126.47924857035898,128.63253510526178,28903400,MSFT
2019-09-11,127.99308776855469,128.1341407781472,127.02458403002198,127.79563364201492,24726100,MSFT
2019-09-12,129.30953979492188,130.155800651212,128.69833864512867,129.61983926830337,27010000,MSFT
2019-09-13,129.12147521972656,129.81728519361548,128.41625310168408,129.55400341736876,23363100,MSFT
2019-09-16,128.19053649902344,128.53844137643304,127.56053999365481,127.72038856835047,16731400,MSFT
2019-09-17,129.18724060058594,129.30948364702135,128.28455031109254,128.78292028972328,17814200,MSFT
2019-09-18,130.2498321533203,130.39087084259643,128.37863757149674,129.15908513031417,23982100,MSFT
2019-09-19,132.64759826660156,133.86997190777456,131.7073020209103,131.92356614004032,35772100,MSFT
2019-09-20,131.1148681640625,133.19291415662502,129.99591369986234,132.59112532895992,39167300,MSFT
2019-09-23,130.83274841308594,131.2934984899106,130.17454426603237,130.91737158604118,17139300,MSFT
2019-09-24,129.17791748046875,132.29029611118222,128.7077693042816,131.97999659316466,29773200,MSFT
2019-09-25,131.03968811035156,131.60387160866273,127.90849982506755,129.29073648292578,21382000,MSFT
2019-09-26,131.20887756347656,131.81066633800296,130.17456072951543,131.1148565864489,17456600,MSFT
2019-09-27,129.50694274902344,131.9799254133215,128.49142151441941,131.7824569727974,22477700,MSFT
2019-09-30,130.7293243408203,130.907982839031,129.5539545870923,129.80783847127464,17280900,MSFT
2019-10-01,128.88638305664062,131.87651752973946,128.82055544794514,131.32174631835753,21466600,MSFT
2019-10-02,126.61085510253906,128.2281654270984,125.60474580808835,128.11533449442922,30521700,MSFT
2019-10-03,128.14356994628906,128.58551032521106,125.26626575860587,126.89297423016744,24132900,MSFT
2019-10-04,129.8736572265625,129.9959002774245,128.27515716323072,128.5854565131125,22897700,MSFT
2019-10-07,128.9333953857422,129.93010694639597,128.83937438532524,128.95220532493747,15303700,MSFT
2019-10-08,127.56998443603516,129.5352000614092,127.5229667562195,128.89580552881688,25550500,MSFT
2019-10-09,129.9864959716797,130.41902400297724,128.79231629368175,129.25306639880543,19749900,MSFT
2019-10-10,130.795166015625,131.33112722018444,129.99590875793024,130.22158494014187,17654600,MSFT
2019-10-11,131.34056091308594,132.60996646985308,131.17131449100006,131.75429351967023,25446000,MSFT
2019-10-14,131.21832275390625,131.91413268071037,131.1901150189158,131.3499636331216,13304300,MSFT
2019-10-15,133.11769104003906,133.32454292812406,131.4627611531502,131.69783511683093,19695700,MSFT
2019-10-16,132.02696228027344,132.57233567158409,131.19949722479822,132.3842649969557,20751600,MSFT
2019-10-17,131.34994506835938,132.97665306327167,130.71994849631562,132.53471281384464,21460600,MSFT
2019-10-18,129.20611572265625,131.64147965276456,128.40685814279428,131.41580337958663,32273500,MSFT
2019-10-21,130.16517639160156,130.23100400258022,128.82995771128697,130.18398633013535,20078200,MSFT
2019-10-22,128.2281494140625,131.6508259728014,128.12471628943948,130.6729245336376,27431000,MSFT
2019-10-23,129.04624938964844,129.24370354730698,127.51356206675086,128.70774220016742,29844600,MSFT
2019-10-24,131.5850372314453,132.03637533761412,130.39085717884856,131.06787151199163,37029300,MSFT
2019-10-25,132.32785034179688,132.7133751402502,130.88919862832773,131.0208394927047,25959700,MSFT
2019-10-28,135.58131408691406,136.97294847338483,134.94190519727184,135.77876825810796,35280100,MSFT
2019-10-29,134.3024444580078,135.8727366477051,134.13318376120247,135.4778141521921,20589500,MSFT
2019-10-30,135.9761962890625,136.34291113129765,134.26485079344687,134.95127715919725,18496600,MSFT
2019-10-31,134.8102569580078,136.27711668382418,134.45295417080953,136.24890894661854,24605100,MSFT
2019-11-01,135.13937377929688,135.79757826321975,134.43415161485487,135.6471274246712,33128400,MSFT
2019-11-04,135.91978454589844,136.34291486039237,135.55306969363332,136.18306626815146,16912000,MSFT
2019-11-05,135.83514404296875,136.3617074203744,135.3179784588111,136.3146897585826,18250200,MSFT
2019-11-06,135.4590301513672,135.8915725946518,134.65037507305217,135.75051959568236,16575800,MSFT
2019-11-07,135.64707946777344,136.2300726740913,135.18634366580756,135.2521569170413,17786700,MSFT
2019-11-08,137.2456817626953,137.27388950952502,135.17701800994442,135.3838843852195,16732700,MSFT
2019-11-11,137.38668823242188,137.67817777973158,136.08907479184847,136.66265608899357,14362600,MSFT
2019-11-12,138.28933715820312,138.7594851498781,137.33962903244176,137.546495296601,18641600,MSFT
2019-11-13,138.51499938964844,138.6560523962027,137.54649567197717,137.9790381385209,16919200,MSFT
2019-11-14,139.2202606201172,139.5493700470628,138.2235488897546,138.2423588321526,19729800,MSFT
2019-11-15,141.0162353515625,141.0350452946873,139.41773453273896,140.0383191780305,23485700,MSFT
2019-11-18,141.36410522460938,141.56157370884608,140.08530201807494,141.1102356205925,21534000,MSFT
2019-11-19,141.4111328125,142.29501346031734,141.232474254182,141.87188307617376,23935700,MSFT
2019-11-20,141.16580200195312,142.31686774439638,140.07135808662335,141.81681624605952,25696800,MSFT
2019-11-21,141.03372192382812,141.33564743404634,140.10910024283606,140.95824054627357,18576100,MSFT
2019-11-22,141.13751220703125,141.8074004595796,140.41103091498735,141.59040048900815,15901800,MSFT
2019-11-25,142.6848602294922,142.7980895107596,141.44888308322763,141.52436447187162,22420900,MSFT
2019-11-26,143.43959045410156,143.80755304817967,142.76971684783942,142.80745032563897,24620100,MSFT
2019-11-27,143.71328735351562,143.88310968736712,142.95848783321202,143.72271712875067,15184400,MSFT
2019-11-29,142.82638549804688,143.69439982554675,142.7320301682004,143.50570356245584,11977300,MSFT
2019-12-02,141.0997314453125,143.25089967593493,139.93923620430218,143.23202573802521,27418400,MSFT
2019-12-03,140.87330627441406,140.98652112386415,138.36360486988258,139.15615200582823,24066000,MSFT
2019-12-04,141.38282775878906,141.69416865174247,140.769546953327,141.6564351605545,17574700,MSFT
2019-12-05,141.45826721191406,141.82624426153976,141.03369713482053,141.57149645664435,17869100,MSFT
2019-12-06,143.17547607421875,143.2886909541522,141.77910643416462,142.4584245069698,16403500,MSFT
2019-12-09,142.8074951171875,143.60947213877773,142.38292497494575,142.53388772668518,16687400,MSFT
2019-12-10,142.59048461914062,143.30753604199774,142.24138148197392,142.74143296312153,16476100,MSFT
2019-12-11,143.1282958984375,143.28868844106424,141.8357113865266,142.97733313010576,18856600,MSFT
2019-12-12,144.58128356933594,144.76997982651594,142.48672200245406,143.08111449274102,24612100,MSFT
2019-12-13,145.79835510253906,146.13801405057367,144.19441566883052,144.3548081725415,23845400,MSFT
2019-12-16,146.7418670654297,147.0909558246872,146.07199326271393,146.34560064764008,24144200,MSFT
2019-12-17,145.94931030273438,146.91167967193718,145.7228662168638,146.66636164642796,25425600,MSFT
2019-12-18,145.6474151611328,146.69469588173047,145.46814868875833,145.58137795355316,24129200,MSFT
2019-12-19,146.91168212890625,146.96828955217117,145.06242472153028,145.29829858286612,24958900,MSFT
2019-12-20,148.5156707763672,149.5346479229728,147.45894573733023,148.4590633343229,53477500,MSFT
2019-12-23,148.5156707763672,149.18554470269504,148.38358194606292,149.18554470269504,17718200,MSFT
2019-12-24,148.4873809814453,148.7987363384926,148.24206284744218,148.5817219281661,8989200,MSFT
2019-12-26,149.70445251464844,149.76105994998684,148.5062090124484,148.65717177108485,14520600,MSFT
2019-12-27,149.97805786132812,150.5347167765571,149.27986597667856,150.44036146361006,18412800,MSFT
2019-12-30,148.6854705810547,150.03467679735755,147.87406377591745,150.00637308062258,16348400,MSFT
2019-12-31,148.7892608642578,148.8553124700103,147.60989130382995,147.911816821668,18369400,MSFT
2020-01-02,151.54428100585938,151.64806611302345,149.38368209784642,149.8082523011168,22622100,MSFT
2020-01-03,149.65728759765625,150.91213864205648,149.1289322940356,149.3742503968611,21116200,MSFT
2020-01-06,150.0441131591797,150.11016476552868,147.66650007283684,148.20429950761726,20813700,MSFT
2020-01-07,148.67605590820312,150.6479584895555,148.43075220605184,150.31774362857513,21634100,MSFT
2020-01-08,151.04420471191406,151.71409291161044,149.02512473635332,149.94974637838766,27746500,MSFT
2020-01-09,152.9311981201172,153.05385715484587,151.93109508906883,152.69532422046993,21385000,MSFT
2020-01-10,152.22360229492188,153.99737892867375,152.0726395183041,153.61998638373208,20725900,MSFT
2020-01-13,154.05397033691406,154.08227405500872,152.1481050711336,152.61985290151284,21626500,MSFT
2020-01-14,152.9689483642578,154.3558880672922,152.5821117076889,154.15774765402992,23477400,MSFT
2020-01-15,153.95957946777344,154.67664521822675,153.3840610683171,153.4312243231855,21417900,MSFT
2020-01-16,156.78067016601562,156.8467217717717,154.7615900543168,155.06351557217135,23865400,MSFT
2020-01-17,157.65811157226562,158.00720031754435,156.08246134066826,157.9600226609014,34371700,MSFT
2020-01-21,157.0919952392578,158.6865048817787,157.02594364620745,157.26181751293308,29517200,MSFT
2020-01-22,156.3372344970703,158.02609986094006,156.3183605520355,157.94117430658434,24138800,MSFT
2020-01-23,157.2996063232422,157.3750877078265,155.93154041958098,156.79955474739776,19680800,MSFT
2020-01-24,155.71449279785156,158.06380180297066,155.15783390155633,158.04492786170331,24918100,MSFT
2020-01-27,153.11048889160156,154.14833997343501,151.14801600742726,152.04433408904563,32078100,MSFT
2020-01-28,156.1107940673828,156.39383124054007,153.85584007609117,154.52571391469783,24899900,MSFT
2020-01-29,158.54498291015625,159.21487107258014,156.32777704725325,158.35628668301973,34754500,MSFT
2020-01-30,163.01719665527344,164.21544030441976,161.1396349055562,164.21544030441976,51597500,MSFT
2020-01-31,160.61123657226562,162.6586201005581,159.99797024964954,162.47936804687262,36142700,MSFT
2020-02-03,164.5268096923828,164.6400245866179,160.77168587207294,160.79998959563173,30107000,MSFT
2020-02-04,169.94239807128906,170.43301974275775,166.34768266319725,167.13078562453822,36433300,MSFT
2020-02-05,169.73486328125,173.7918974939306,168.32906396328247,173.63150495950617,39186300,MSFT
2020-02-06,173.2541046142578,173.4333710847966,169.88581835396727,170.7444028199159,27751400,MSFT
2020-02-07,173.4993896484375,175.1410770270383,172.16905751732648,172.51816064750537,33529100,MSFT
2020-02-10,178.03762817382812,178.16971699037234,172.8955797058264,173.20693500123804,35844300,MSFT
2020-02-11,174.01834106445312,179.9246186871627,173.1314528445182,179.87744102505104,53159900,MSFT
2020-02-12,174.27305603027344,175.34864029904801,171.57465838803572,175.0938924890071,47062900,MSFT
2020-02-13,173.32958984375,175.70718848393082,172.5370425670888,172.73518298540432,35295800,MSFT
2020-02-14,174.87693786621094,174.93354530608588,172.32948789902122,172.89559109097496,23149500,MSFT
2020-02-18,176.65069580078125,177.09413993131065,175.0184522715613,175.12223737437887,27792200,MSFT
2020-02-19,177.1804962158203,178.0319558816132,176.41417962942194,177.91843177575387,29997500,MSFT
2020-02-20,174.4746856689453,177.15207252947152,171.33373253050863,176.8682478972469,36862400,MSFT
2020-02-21,168.95913696289062,173.60435785009562,167.6914028824493,173.29215209549287,48572600,MSFT
2020-02-24,161.6743621826172,165.1369917090435,154.42744187826224,158.72261999532847,68311100,MSFT
2020-02-25,159.00645446777344,165.4113566093742,158.60909120804521,164.80587062511273,68073300,MSFT
2020-02-26,160.99317932128906,163.9165403125389,159.13888503210237,160.5579939912632,56206100,MSFT
2020-02-27,149.6497802734375,158.02252986335748,149.46056861111845,154.51260805417675,93174900,MSFT
2020-02-28,153.273193359375,154.88152808288865,143.80301327423336,144.1909064457123,97012700,MSFT
2020-03-02,163.4718780517578,163.59487210913974,153.55704125494026,156.39525905232836,71030800,MSFT
2020-03-03,155.638427734375,165.56273638671752,153.50976398083148,164.4274519386793,71677000,MSFT
2020-03-04,161.3526611328125,161.49456622761386,156.68851639276582,159.40375417263303,49814400,MSFT
2020-03-05,157.3035125732422,161.65543835111438,156.75478867248188,157.09537542343918,47817300,MSFT
2020-03-06,152.85696411132812,154.31390963214946,147.5873325518678,153.84087330986785,72821100,MSFT
2020-03-09,142.4974365234375,149.2429381244028,141.9108761880217,142.8569486959418,70419300,MSFT
2020-03-10,152.24200439453125,152.34607296024774,144.35176220231784,149.63084915826624,65354400,MSFT
2020-03-11,145.34512329101562,149.19563087249077,142.9988530891375,148.65637705232737,56371600,MSFT
2020-03-12,131.56088256835938,145.19379521674048,131.10677166189632,137.4643820960806,93226400,MSFT
2020-03-13,150.2646942138672,153.17859919394692,133.1407764964393,139.54569124869116,92727400,MSFT
2020-03-16,128.11715698242188,141.2959565500694,127.71980820033161,132.45017146701056,87905900,MSFT
2020-03-17,138.66590881347656,139.54574966176023,127.71983867347546,132.45020306878936,81059800,MSFT
2020-03-18,132.82859802246094,138.12661078587766,127.73873683869692,130.55802937295286,81593200,MSFT
2020-03-19,135.01400756835938,142.05277456804424,131.50407237825715,135.0707696064013,85922700,MSFT
2020-03-20,129.94308471679688,139.16729308730046,128.53343126632095,138.12660739420775,84866200,MSFT
2020-03-23,128.64698791503906,132.98947346409804,125.37358379021876,129.62144183970466,78975200,MSFT
2020-03-24,140.34042358398438,141.53248444816953,133.65169697152206,135.99795327111457,82516700,MSFT
2020-03-25,138.99703979492188,146.00744400632377,136.65078285830256,140.87973021265088,75638200,MSFT
2020-03-26,147.69137573242188,148.21171848467063,140.36876952530807,140.3971505448925,64568100,MSFT
2020-03-27,141.6270751953125,146.53719464098646,141.1540388623716,143.56652704755473,57042300,MSFT
2020-03-30,151.5892333984375,151.9392901340011,141.92036869340518,144.21933299332323,63420300,MSFT
2020-03-31,149.20510864257812,155.89383408368766,148.11711654538772,150.80395913051478,77927200,MSFT
2020-04-01,143.90711975097656,149.24296923033248,142.68669231319745,144.74912388108316,57969900,MSFT
2020-04-02,146.88720703125,147.0953441302831,142.25145768570258,143.6705663958808,49630700,MSFT
2020-04-03,145.53439331054688,148.89295493206708,143.98283436000952,146.73590991390358,41243300,MSFT
2020-04-06,156.35743713378906,157.52110249756834,149.08213585583528,151.674380216992,67111700,MSFT
2020-04-07,154.6733856201172,160.83231189639517,154.45577856898353,160.4444187383773,62769000,MSFT
2020-04-08,156.22496032714844,157.68190566062015,154.68285749531506,156.735833137713,48318200,MSFT
2020-04-09,156.23446655273438,158.34420492135874,154.52207704035817,157.38867656009003,51385100,MSFT
2020-04-13,156.58447265625,156.6412491390872,153.54758765892907,155.48703939874497,41905300,MSFT
2020-04-14,164.33282470703125,164.38013122910206,158.94021321720373,159.88628591492517,52874300,MSFT
2020-04-15,162.61099243164062,164.20985772371654,160.11336089467187,161.9676554409461,40940800,MSFT
2020-04-16,167.49270629882812,167.71976894625868,163.57596585517592,164.9004763113015,50479600,MSFT
2020-04-17,168.96856689453125,170.29306271908877,166.38577838276137,169.820026433758,52765600,MSFT
2020-04-20,165.61944580078125,169.1104555567061,165.55322823395514,167.10478652148615,36669600,MSFT
2020-04-21,158.76995849609375,164.30447621200213,157.1521675108734,164.14364555385708,56203700,MSFT
2020-04-22,164.16250610351562,164.61661686660705,161.6081132117352,162.1473670361711,34620200,MSFT
2020-04-23,162.17578125,165.61948531645297,161.69328936770626,164.72071913449065,32790800,MSFT
2020-04-24,165.13697814941406,165.14643367864994,161.5040627655281,162.78125213665297,34277600,MSFT
2020-04-27,164.6639862060547,167.3602852288354,163.9544315522819,167.06700494835755,33194400,MSFT
2020-04-28,160.652587890625,166.196573972886,160.2552391260029,166.12088643163574,34392700,MSFT
2020-04-29,167.86167907714844,168.09819726179364,162.61098692676447,163.8787209318409,51286600,MSFT
2020-04-30,169.54566955566406,170.67148377407221,166.72636293755244,170.29306052505186,53875900,MSFT
2020-05-01,165.15594482421875,169.00645382800602,164.62613190053162,166.31961039097436,39370500,MSFT
2020-05-04,169.1956329345703,169.34700802647814,164.4274330268601,165.0802254792797,30372900,MSFT
2020-05-05,171.01210021972656,173.74624981187438,170.19847710047543,170.87965061593798,36839200,MSFT
2020-05-06,172.6960906982422,174.2665747211143,171.83517558038187,172.26090537465083,32139300,MSFT
2020-05-07,173.69895935058594,174.59772555870285,172.73396112199262,174.23821330108638,28316000,MSFT
2020-05-08,174.720703125,175.02345332485953,173.47189464038965,175.0045278283873,30877800,MSFT
2020-05-11,176.6696319580078,177.39809758752233,172.98940950823808,173.27321978678938,30892700,MSFT
2020-05-12,172.66775512695312,176.9534640935365,172.4690879074282,176.72641584265085,32038200,MSFT
2020-05-13,170.05654907226562,174.124664120845,167.01964968834875,172.70555522733514,44711500,MSFT
2020-05-14,170.7945556640625,170.945930807027,166.206095889958,167.96579222811755,41873900,MSFT
2020-05-15,173.28269958496094,176.97237777471676,167.45488760264234,169.40379528420186,46610400,MSFT
2020-05-18,174.93826293945312,176.15869006730068,174.03949698503263,175.73296034530364,35264500,MSFT
2020-05-19,173.72732543945312,176.53716236645175,173.59487584581345,175.0518213758498,26799100,MSFT
2020-05-20,176.13702392578125,176.31728065263576,174.5052459973766,175.3306168244194,31261300,MSFT
2020-05-21,174.02142333984375,177.0952410908258,173.88860485853687,175.89037841860198,29119500,MSFT
2020-05-22,174.09730529785156,174.99858898917685,173.17705787964485,173.79372643034782,20826900,MSFT
2020-05-26,172.2568359375,176.93395718698432,171.81094223314764,176.78216050547536,36073600,MSFT
2020-05-27,172.48451232910156,172.65528721071786,167.54175424409405,170.95709263901247,39517100,MSFT
2020-05-28,172.09555053710938,174.7044964020531,171.1278792209249,171.4694145313809,33810200,MSFT
2020-05-29,173.8506622314453,174.81834800632248,171.1563362064676,173.35733024164716,42130400,MSFT
2020-06-01,173.4522247314453,173.61350329791978,172.15249985824332,173.17709140100695,22622400,MSFT
2020-06-02,175.4254913330078,175.51087152596634,172.04809525658024,174.79934096572595,30794600,MSFT
2020-06-03,175.85240173339844,176.40265375468076,174.16370374358848,175.34010611420507,27311000,MSFT
2020-06-04,173.53759765625,176.30782219414553,172.94940355898157,174.84681881585217,28761800,MSFT
2020-06-05,177.59803771972656,178.10085152705264,172.67424357239446,173.25295571540923,39893600,MSFT
2020-06-08,178.69854736328125,178.87880410656408,174.9796156570411,176.40267692363886,33211600,MSFT
2020-06-09,180.06472778320312,180.91855893900564,177.65500207269486,178.35705099546715,29783900,MSFT
2020-06-10,186.74362182617188,188.33745830369256,181.21265414968653,181.32650891845066,43872300,MSFT
2020-06-11,176.7157440185547,185.71896862010337,176.52600542028654,183.22387782442934,52854700,MSFT
2020-06-12,178.1103515625,181.8862033655673,175.68164819844708,180.76672098608847,43373600,MSFT
2020-06-15,179.24879455566406,181.03236926005948,174.57165912641244,175.11242934147475,32770200,MSFT
2020-06-16,183.64132690429688,185.54822386322215,181.63955340017736,182.99619824445867,42556700,MSFT
2020-06-17,184.2769317626953,186.25024490441595,183.7551397941422,185.02640424397987,25687800,MSFT
2020-06-18,186.250244140625,186.41152266185708,184.04923601907285,184.04923601907285,23061600,MSFT
2020-06-19,185.1402587890625,189.06790717419463,184.4002681133222,188.4038148339312,44441100,MSFT
2020-06-22,190.2822723388672,190.4625146059237,185.2161632306914,185.747437120417,32818900,MSFT
2020-06-23,191.55355834960938,193.48891551805355,191.09816827081005,191.72431877206205,30917400,MSFT
2020-06-24,187.6923065185547,192.82481806531447,186.47796195893972,191.2594563290366,36740600,MSFT
2020-06-25,190.06410217285156,190.32025731194605,185.4439001839622,187.65439092058776,27803900,MSFT
2020-06-26,186.259765625,189.6371623789604,184.88414249446612,189.48536568805383,54675800,MSFT
2020-06-29,188.2615203857422,188.3469005872741,183.6223412461814,185.73795493775134,26701600,MSFT
2020-06-30,193.0714874267578,193.9158366509064,187.59745474347227,187.7302732345924,34310300,MSFT
2020-07-01,194.20046997070312,195.76584641519366,191.4207632626893,192.72048822400745,32061200,MSFT
2020-07-02,195.68043518066406,197.3501699136799,194.48506874999768,195.13018300511385,29315800,MSFT
2020-07-06,199.89273071289062,200.30068259478165,197.41660277401056,198.11865175793838,31897600,MSFT
2020-07-07,197.5682830810547,203.65898183554228,197.32162440962094,199.65543611753858,33600700,MSFT
2020-07-08,201.91343688964844,202.32137420232715,197.985788069965,199.29500916856912,33600000,MSFT
2020-07-09,203.32699584960938,205.28133095940976,200.62317371738888,205.23389268976726,33121700,MSFT
2020-07-10,202.71035766601562,203.09933126878065,200.25320837736183,202.66291938926605,26177600,MSFT
2020-07-13,196.44888305664062,204.73109607206322,195.90811279433242,203.47879513374653,38135600,MSFT
2020-07-14,197.66322326660156,198.13757704024243,191.66738461923939,195.55709135354584,37591800,MSFT
2020-07-15,197.36911010742188,200.49036601836565,194.51350562552136,198.8111496204807,32179400,MSFT
2020-07-16,193.46046447753906,195.1491629558851,191.9330445644137,194.86454776238327,29940700,MSFT
2020-07-17,192.4738311767578,194.52302889599372,191.060251430891,193.98227301107062,31635300,MSFT
2020-07-20,200.7465057373047,201.41059806874654,192.5970975967738,194.485030666848,36884800,MSFT
2020-07-21,198.04273986816406,202.96653533364216,197.35966914022887,202.70089832568195,37990400,MSFT
2020-07-22,200.88885498046875,201.41064710941038,197.70119653727062,198.469647456198,49605700,MSFT
2020-07-23,192.15122985839844,200.1014041342364,191.7812344755157,196.5627288593702,67457000,MSFT
2020-07-24,190.97482299804688,192.4548043846007,187.37921345977261,190.13995576414365,39827000,MSFT
2020-07-27,193.39401245117188,193.50785270867794,190.55737206725937,191.13608416979247,30160900,MSFT
2020-07-28,191.65792846679688,194.20045808606014,191.39229147601208,193.16637019506712,23251400,MSFT
2020-07-29,193.59326171875,194.15299570297475,191.64840833214134,192.11328024636595,19632600,MSFT
2020-07-30,193.4414520263672,193.97274038237816,189.33356132079433,190.69020608720186,25079600,MSFT
2020-07-31,194.4945526123047,194.57994730375984,188.80230663921913,193.9158403593291,51044000,MSFT
2020-08-03,205.43312072753906,206.47670479362864,199.64601352103927,200.6706193833469,78983000,MSFT
2020-08-04,202.34986877441406,203.75396666130567,199.52272374465682,203.18473622325433,49280100,MSFT
2020-08-05,202.01779174804688,203.9721270209977,200.7180670128789,203.8772504737923,28806400,MSFT
2020-08-06,205.25286865234375,205.2718323790918,200.6990698627939,201.44854240090544,32656800,MSFT
2020-08-07,201.58139038085938,204.63623006529596,200.11089067947304,203.82983727662753,27820400,MSFT
2020-08-10,197.5682830810547,201.0120950007335,195.76574511230126,200.81286011048508,36716500,MSFT
2020-08-11,192.9481658935547,196.9991371237321,192.72047084685101,196.5342796413907,36446500,MSFT
2020-08-12,198.4601593017578,199.4942471851723,194.2478949414259,194.76019071243348,28013100,MSFT
2020-08-13,197.99525451660156,200.50933810472836,197.47346249067883,198.6973032856729,22588900,MSFT
2020-08-14,198.1850128173828,198.83962338076026,196.8663098259881,198.05219433177936,17958900,MSFT
2020-08-17,199.49423217773438,200.35755956457717,198.20398926781266,198.84911796083807,20184800,MSFT
2020-08-18,200.64215087890625,201.4675217571168,198.47909897480957,199.73138532533153,21336200,MSFT
2020-08-19,199.4248504638672,201.70726092580176,198.99690303697932,201.12714989922767,27627600,MSFT
2020-08-20,204.0657958984375,204.46521457627492,198.67362198094685,199.27274274214116,26981500,MSFT
2020-08-21,202.5821990966797,205.6539276875815,202.42053069832917,203.38103630421907,36249300,MSFT
2020-08-24,203.21937561035156,204.95970892133417,202.02110524249252,204.26546784718295,25460100,MSFT
2020-08-25,205.86317443847656,205.99631398949958,202.65830591741502,202.65830591741502,23043700,MSFT
2020-08-26,210.31385803222656,211.20780126292092,206.70957075245423,207.20409531837257,39600800,MSFT
2020-08-27,215.477783203125,219.82384972072043,208.64958927330213,211.96858760041155,57602200,MSFT
2020-08-28,217.69358825683594,219.3388155145878,215.47775473653246,216.9993472514701,26292900,MSFT
2020-08-31,214.47921752929688,217.49388844015004,213.3189953476914,215.8771899200654,28774200,MSFT
2020-09-01,216.13397216796875,216.30514535953128,213.4331186639683,214.46020134670846,25725500,MSFT
2020-09-02,220.29930114746094,221.4500183521754,216.21000984293826,216.79962561945445,34080800,MSFT
2020-09-03,206.65248107910156,218.07399570279384,204.42714264306883,218.03596205488873,58400300,MSFT
2020-09-04,203.75193786621094,207.66055205053038,195.13587224368297,204.5602944159865,59664100,MSFT
2020-09-08,192.7298583984375,199.73873084324882,192.2923915711213,196.3816986090303,52924300,MSFT
2020-09-09,200.93695068359375,204.3130063928278,196.57186053691743,197.42776995522604,45679000,MSFT
2020-09-10,195.30703735351562,204.21792506843929,194.10878152227107,202.94357291773917,35461500,MSFT
2020-09-11,194.03273010253906,198.40734044461416,191.37944373526474,197.04740148822023,33620100,MSFT
2020-09-14,195.34507751464844,198.94936415629354,194.03269176907858,194.232408321669,30375800,MSFT
2020-09-15,198.54994201660156,199.50094279817782,196.79058476623734,198.2075811547893,21823900,MSFT
2020-09-16,195.00271606445312,200.3283118138085,194.61280225553932,200.2997829508266,26328100,MSFT
2020-09-17,192.96762084960938,194.31804055946495,190.16217073703712,190.24775734634423,34011300,MSFT
2020-09-18,190.571044921875,193.6713022276265,186.63390228968643,192.86296027470001,55225300,MSFT
2020-09-21,192.61570739746094,192.7773903131104,186.75755314054098,187.52786151375366,39839700,MSFT
2020-09-22,197.25657653808594,197.90326460276722,192.17823594587236,195.01221415675678,33517100,MSFT
2020-09-23,190.7612762451172,197.90330263555938,190.2287180372216,197.7130908374914,30803800,MSFT
2020-09-24,193.23390197753906,195.49728907683334,189.4394026365676,190.0575620139259,31202500,MSFT
2020-09-25,197.6370391845703,198.79724708016178,192.61574044256676,193.57626076106624,29437300,MSFT
2020-09-28,199.17764282226562,202.15428046222738,197.8652568576087,200.54708652258188,32004900,MSFT
2020-09-29,197.10443115234375,199.7767557329698,196.67648367162218,199.09203395936672,24221900,MSFT
2020-09-30,200.02403259277344,201.59317836396667,196.41973084734164,197.55142430549373,33829100,MSFT
2020-10-01,202.0496063232422,203.50463617009854,200.9654661528175,203.02913584076984,27158400,MSFT
2020-10-02,196.0869140625,200.65172212673795,195.46875465680253,197.8082236872291,33154800,MSFT
2020-10-05,200.0715789794922,200.10010784631453,196.83816713211058,197.06641257781172,21331600,MSFT
2020-10-06,195.82057189941406,199.8813347365297,194.78398454349198,198.58798762088978,28554300,MSFT
2020-10-07,199.5485076904297,199.81478676432883,196.5908945021514,196.9142313045831,25681100,MSFT
2020-10-08,200.26177978515625,200.84189093928686,198.112522883702,200.19520275398455,19925800,MSFT
2020-10-09,205.23550415039062,205.2830570981348,200.87991823945055,200.87991823945055,26458000,MSFT
2020-10-12,210.55160522460938,212.89107395427078,206.1865143322862,208.06949215642354,40461400,MSFT
2020-10-13,211.94007873535156,214.17493684018692,209.6291388108704,211.80693917875223,28950800,MSFT
2020-10-14,210.0380859375,213.23344994635983,208.3928582353892,212.07322754062878,23421700,MSFT
2020-10-15,208.89688110351562,209.56257889479267,205.4257187807253,206.46232088906044,22733100,MSFT
2020-10-16,208.89688110351562,211.39800384153673,208.57354424934155,209.36286230184777,26057900,MSFT
2020-10-19,203.72340393066406,211.40749256575168,203.24790350407042,209.61960631820077,27625800,MSFT
2020-10-20,204.13233947753906,206.71906311300145,202.64878038007848,205.22599923044717,22753500,MSFT
2020-10-21,204.2749786376953,206.29109572858354,202.67728971744506,202.67728971744506,22724900,MSFT
2020-10-22,204.36058044433594,205.47324974306363,201.32688528683093,203.4476132060578,22351500,MSFT
2020-10-23,205.6349334716797,205.68248642189366,202.71536807091684,204.49373522215961,18879600,MSFT
2020-10-26,199.7862548828125,205.73951481810852,197.90327731407123,203.3715320530445,37111600,MSFT
2020-10-27,202.8009490966797,204.1513686811001,200.0240281118137,201.2222840641838,36700300,MSFT
2020-10-28,192.7488250732422,198.60699317677955,192.19725740794587,197.49432404044896,51195600,MSFT
2020-10-29,194.68887329101562,197.19951467238957,193.40501648336496,194.07072861243995,31432600,MSFT
2020-10-30,192.54916381835938,194.27997800437075,189.83880530203297,193.5286936375515,36953700,MSFT
2020-11-02,192.416015625,195.22146540382536,190.3142972315909,194.2799692800792,30842200,MSFT
2020-11-03,196.31507873535156,197.9222723318203,193.16726856054942,193.89954320443871,27512000,MSFT
2020-11-04,205.78712463378906,207.62256427746894,202.01164915754018,203.53325670117763,42311800,MSFT
2020-11-05,212.34898376464844,213.1383162499668,210.3138424268703,211.16023264419107,36080100,MSFT
2020-11-06,212.75790405273438,213.36654399549167,207.3467070793611,211.36943647428635,25231900,MSFT
2020-11-09,207.68910217285156,216.94233758860318,207.20409690001915,213.44266096892412,44395000,MSFT
2020-11-10,200.67068481445312,205.89168472264777,199.44390009868965,203.98968301620297,44045100,MSFT
2020-11-11,205.9392547607422,207.3562368625371,201.80239490141182,201.9830874003012,29440800,MSFT
2020-11-12,204.88363647460938,208.37380804064978,203.9516596545553,206.56691213283364,21593900,MSFT
2020-11-13,205.90118408203125,206.76659831833058,203.66634084251578,205.75853976225488,18621100,MSFT
2020-11-16,206.58592224121094,207.07094198920106,204.00871791849252,204.34155952810386,24953300,MSFT
2020-11-17,203.95162963867188,207.01383873960796,203.59024470584538,205.51127030664728,24154100,MSFT
2020-11-18,201.26283264160156,205.1626063829174,201.1198002972269,203.71329634478465,28372800,MSFT
2020-11-19,202.5404815673828,203.12211144423998,200.16628461776338,201.54885769573278,24792700,MSFT
2020-11-20,200.6049041748047,203.37002133531357,200.23304339047263,202.3307199828359,22843100,MSFT
2020-11-23,200.337890625,202.41649294271588,198.47858704972418,201.13881915756335,25683500,MSFT
2020-11-24,203.91354370117188,204.28540453235834,199.14608968641437,199.84213389881677,33979700,MSFT
2020-11-25,203.92306518554688,205.2770203254931,202.57865426468067,205.10539897142638,21012900,MSFT
2020-11-27,205.2197723388672,206.211410684154,204.0851162270061,204.85745581384185,14512200,MSFT
2020-11-30,204.11375427246094,204.77165061209422,201.03396893960857,204.14235782857054,33064800,MSFT
2020-12-01,206.1542205810547,207.2125957883334,203.4272367302626,204.53327483092292,30904500,MSFT
2020-12-02,205.35325622558594,205.4486111007541,202.9027930641658,204.88605516495122,23724500,MSFT
2020-12-03,204.27581787109375,206.3162870381748,203.7132473969765,204.628604714045,25120900,MSFT
2020-12-04,204.39028930664062,205.36285400037403,203.2651625924951,204.2568011760588,24666000,MSFT
2020-12-07,204.32354736328125,205.5154109229719,203.08402090049552,204.39982837699532,24620000,MSFT
2020-12-08,205.96353149414062,206.85981512623442,202.98864501239464,204.01841676740997,23284100,MSFT
2020-12-09,201.9493408203125,205.2198070616338,201.3867847777883,205.15307027564458,32440600,MSFT
2020-12-10,200.72886657714844,203.16980044541748,200.57630457310324,201.92072995416368,26733300,MSFT
2020-12-11,203.34141540527344,203.3986370668293,199.38443493743736,200.28071849667674,30979400,MSFT
2020-12-14,204.23765563964844,206.15418079461026,202.97905578555302,203.18882485275392,28798400,MSFT
2020-12-15,204.17098999023438,205.40098672261493,202.36889295728167,205.16261402222904,27000600,MSFT
2020-12-16,209.0814208984375,209.8728198548005,204.733506021788,204.76210957630974,35023300,MSFT
2020-12-17,209.21493530273438,210.61656784694551,207.78469920040575,209.64400322361016,32515800,MSFT
2020-12-18,208.4235076904297,209.4723531747455,205.97304440305473,208.4235076904297,63354900,MSFT
2020-12-21,212.2374725341797,213.5818977933264,207.1744396955976,207.4318862354392,37181900,MSFT
2020-12-22,213.52468872070312,215.13609017334406,211.5318968451548,212.3328254627275,22612200,MSFT
2020-12-23,210.74050903320312,213.16236889979098,210.53073992478457,212.73330101406674,18699600,MSFT
2020-12-24,212.39004516601562,213.2100477180936,210.91213172866298,211.12190083843498,10550600,MSFT
2020-12-28,214.4972686767578,215.51749613359814,212.64749443916563,214.01097912101392,17933500,MSFT
2020-12-29,213.7248992919922,216.61397447197703,213.18141724827885,215.78444235567773,17403200,MSFT
2020-12-30,211.3698272705078,215.13612745772272,211.16960235597048,214.75472241960352,20272300,MSFT
2020-12-31,212.07540893554688,212.62843531139845,209.46283906668538,211.3888944378769,20942100,MSFT
2021-01-04,207.5653839111328,212.62841698318834,204.81932615715849,212.18027520947413,37130100,MSFT
2021-01-05,207.765625,208.35679914813903,205.6679482962238,207.15539151255396,23823000,MSFT
2021-01-06,202.37838745117188,206.42119298469675,202.08280768192805,202.30210645441338,35930700,MSFT
2021-01-07,208.137451171875,209.13861918523918,203.77047714250094,204.08511622896737,27694500,MSFT
2021-01-08,209.4055938720703,210.32095121888779,206.93605679293017,208.50931041036256,22956200,MSFT
2021-01-11,207.37469482421875,208.72864985432813,206.65003259041848,208.30911162404655,23031300,MSFT
2021-01-12,204.93373107910156,207.00281851869494,203.39862515474547,206.43071832954556,23249300,MSFT
2021-01-13,206.27816772460938,206.67863205947245,203.98025172181406,204.06607693930206,20087100,MSFT
2021-01-14,203.11257934570312,207.34608009721836,202.84560313156365,205.86816670165965,29480800,MSFT
2021-01-15,202.759765625,204.53325868233262,202.16860612225966,203.58931232139068,31746500,MSFT
2021-01-19,206.37351989746094,206.88839845005378,202.74072282622367,203.80862770514977,30480900,MSFT
2021-01-20,213.9060821533203,215.28864064220252,207.1839703739338,207.57490501983722,37777300,MSFT
2021-01-21,214.50677490234375,215.7749191075521,212.075371036692,214.2493283744459,30709400,MSFT
2021-01-22,215.4412384033203,219.3696303025167,215.29822060625023,216.51868763829725,30172700,MSFT
2021-01-25,218.85472106933594,219.09309374636427,213.79168773711206,218.4637863872222,33152100,MSFT
2021-01-26,221.5244903564453,223.2884393764266,219.379136336845,221.07634857508864,49169600,MSFT
2021-01-27,222.06796264648438,229.2572901681162,219.43633373660575,226.93077069531466,69870600,MSFT
2021-01-28,227.81753540039062,231.35499244547177,224.15613445257466,224.65195371085622,49111200,MSFT
2021-01-29,221.17169189453125,226.949842757254,220.59006203100665,225.014257951401,42503100,MSFT
2021-02-01,228.5040283203125,231.22148249088136,221.61982466737663,224.12750973113813,33314200,MSFT
2021-02-02,228.37054443359375,231.040321211228,227.5886896521305,230.0773008751623,25916300,MSFT
2021-02-03,231.69821166992188,233.691003496613,228.13215165180748,228.42774595379248,27158100,MSFT
2021-02-04,230.75424194335938,231.92704579102912,229.19051802891084,231.3740195281117,25296100,MSFT
2021-02-05,230.93540954589844,231.9651810913466,229.23819752167216,230.96401309862384,18054800,MSFT
2021-02-08,231.19284057617188,232.34655592307692,229.61004286891824,231.84120712664574,22211900,MSFT
2021-02-09,232.43238830566406,233.37633460972975,230.15354654314694,230.62074758686083,23565000,MSFT
2021-02-10,231.526611328125,234.48242367380797,229.68636677063753,233.60521400385034,22186700,MSFT
2021-02-11,233.11892700195312,233.74821975404504,230.88774789305762,233.39543288023918,15751100,MSFT
2021-02-12,233.59568786621094,233.89126765033635,231.44078960935016,232.5849755201089,16561100,MSFT
2021-02-16,232.36566162109375,234.68265139758873,231.62194010002432,233.6338058939717,26728500,MSFT
2021-02-17,233.37864685058594,233.48377295180381,230.26311402399475,230.62627957049634,21653500,MSFT
2021-02-18,232.9868927001953,233.12068827701307,230.1867372058581,231.08508518561618,16925600,MSFT
2021-02-19,230.2917938232422,233.053727425843,229.53679326705628,232.94860131989128,25262600,MSFT
2021-02-22,224.11810302734375,227.386550086894,222.101603324749,226.89915507557774,36446900,MSFT
2021-02-23,222.93301391601562,224.4238826563991,218.59418865093036,220.12329302100676,30228700,MSFT
2021-02-24,224.1563262939453,224.77751683776836,218.85226200566777,219.81750035690945,26339700,MSFT
2021-02-25,218.8427276611328,224.19456504241066,217.7819147197483,221.79579640136254,39542200,MSFT
2021-02-26,222.08250427246094,224.9399984847322,219.3683426651767,221.27016465567323,37819200,MSFT
2021-03-01,226.4404296875,226.94694251809523,222.81836859782126,225.44650726256452,25324000,MSFT
2021-03-02,223.5064239501953,226.78443662211785,223.1050373218698,226.50727933754183,22812500,MSFT
2021-03-03,217.47604370117188,223.2292812046213,217.18933480024668,221.87220796170382,34029500,MSFT
2021-03-04,216.682861328125,222.18762655907133,214.32231379550353,216.69242752888238,44727800,MSFT
2021-03-05,221.33706665039062,222.93306184160264,216.42483712747304,219.3492363750006,41872800,MSFT
2021-03-08,217.31361389160156,223.02861668898058,217.06514058132345,221.11724315034732,35267400,MSFT
2021-03-09,223.42044067382812,224.9495452618804,221.40394110736247,222.56032845718752,33080500,MSFT
2021-03-10,222.12071228027344,226.49775933721102,221.75754664949608,226.49775933721102,29746800,MSFT
2021-03-11,226.62200927734375,228.571603879023,223.92696557628574,224.54817072866422,29907600,MSFT
2021-03-12,225.3031463623047,225.3700514329935,222.89481172208454,223.6402462040966,22653700,MSFT
2021-03-15,224.40480041503906,224.7679660415921,221.53774020361377,224.54816217518373,26034900,MSFT
2021-03-16,227.17628479003906,229.42213971544066,225.4847153006478,225.80964526868732,28092200,MSFT
2021-03-17,226.5359649658203,227.97906119030745,222.8948010361049,225.68540440109052,29562100,MSFT
2021-03-18,220.4960479736328,223.81228216044187,220.1233307246963,222.25450809258342,34833000,MSFT
2021-03-19,220.14244079589844,222.16849196675588,219.18675408019257,220.78274914550676,46430700,MSFT
2021-03-22,225.5325164794922,226.40218032029384,219.94174328047853,220.06598722171685,30127000,MSFT
2021-03-23,227.05206298828125,230.36829722374003,226.56466798871335,226.9660546794086,31638400,MSFT
2021-03-24,225.02601623535156,227.453454246672,224.89222066909963,227.31010706233886,25620100,MSFT
2021-03-25,222.0442352294922,226.4403997014099,221.30836700029914,224.87307416129178,34061900,MSFT
2021-03-26,226.00074768066406,226.22056608316782,221.2892200634593,221.2892200634593,25479900,MSFT
2021-03-29,224.81578063964844,226.30664979770663,221.60467222897535,226.10594914214153,25227500,MSFT
2021-03-30,221.575927734375,223.48730079369204,220.85916283713112,223.18147410454412,24792000,MSFT
2021-03-31,225.32225036621094,228.504688728598,222.092024753779,222.58898590552727,43623500,MSFT
2021-04-01,231.61070251464844,232.07897971518804,227.50124634567533,227.90263305297643,30338000,MSFT
2021-04-05,238.03289794921875,238.88345854528154,231.9451636368873,232.0025025067712,36910600,MSFT
2021-04-06,236.87652587890625,238.34827710378195,235.93995691762169,236.6376041839014,22931900,MSFT
2021-04-07,238.8260955810547,239.8104516951834,236.23619284363235,236.82871391899718,22719800,MSFT
2021-04-08,242.0276336669922,242.87819416547856,240.83302540604947,241.56890817792387,23625200,MSFT
2021-04-09,244.51246643066406,244.646261995429,241.25357103856228,241.66450935083208,24326800,MSFT
2021-04-12,244.56979370117188,246.25181167284637,243.3369496576039,243.42297254578972,27148700,MSFT
2021-04-13,247.0354766845703,247.70446912444078,245.44903306408236,245.8600005621299,23837500,MSFT
2021-04-14,244.2639617919922,247.3603773878888,243.85302350789357,246.0702236664277,23070900,MSFT
2021-04-15,248.00070190429688,248.4116401910308,246.30914692258776,246.50026676594953,25627500,MSFT
2021-04-16,249.18572998046875,249.4342178445324,246.18488903899308,247.9720184237776,24878600,MSFT
2021-04-19,247.2743377685547,249.89293884486133,246.39512244253876,248.66009498345286,23209300,MSFT
2021-04-20,246.81565856933594,248.6696931162886,245.45857061111263,246.39515408454807,19722900,MSFT
2021-04-21,249.0328369140625,249.12841142074208,245.8504129148692,247.4655258324469,24030400,MSFT
2021-04-22,245.77392578125,250.1796268291521,244.3117119265757,248.67919192838173,25606200,MSFT
2021-04-23,249.5775909423828,249.9216533410852,245.8695216560367,246.4525057441661,21462600,MSFT
2021-04-26,249.95985412597656,250.81042932030428,248.6410309291481,250.0649948328601,19763300,MSFT
2021-04-27,250.36131286621094,251.52725211837856,248.59328616571685,249.98858095429404,31014200,MSFT
2021-04-28,243.2796173095703,245.171887578436,241.740961055206,244.73225067344254,46903100,MSFT
2021-04-29,241.32041931152344,244.7513453053083,237.96596457865203,244.13970646158364,40589000,MSFT
2021-04-30,241.00506591796875,241.86519270079532,238.53940705534927,238.6732026105505,30945100,MSFT
2021-05-03,240.6992645263672,243.07892977459548,239.99205108430252,242.17101569943725,19626600,MSFT
2021-05-04,236.80963134765625,240.07809311354603,234.86958826445405,239.84872302638533,32756100,MSFT
2021-05-05,235.548095703125,238.44382515868284,234.9269051980848,238.02332068891104,21901300,MSFT
2021-05-06,238.6636199951172,238.7878639244805,233.8469657565455,235.52896898947418,26491100,MSFT
2021-05-07,241.27268981933594,243.03114998686556,240.03984571236424,240.9764146694537,27032900,MSFT
2021-05-10,236.2266082763672,240.57498525028228,236.16926941322524,239.75309418580025,29299900,MSFT
2021-05-11,235.31869506835938,235.67230900795798,231.8208933789678,233.71314866439204,33641600,MSFT
2021-05-12,228.40911865234375,233.5507177051827,227.52033703130473,231.43864370631172,36684400,MSFT
2021-05-13,232.26052856445312,234.71665028825578,230.7218724535714,231.08503805198484,29624300,MSFT
2021-05-14,237.1536407470703,238.13799684815163,234.61152529388377,234.69753359414418,23901100,MSFT
2021-05-17,234.3152618408203,235.6627836091261,232.7288329763286,235.62456255687053,24970200,MSFT
2021-05-18,232.3083038330078,235.49074200688435,232.13627265956075,235.35694646425682,20168000,MSFT
2021-05-19,232.8831024169922,232.988471304459,228.5534335886951,229.2335299035558,25739800,MSFT
2021-05-20,236.10157775878906,237.50968232520998,233.5919015513451,233.68769674460555,21800700,MSFT
2021-05-21,234.8467559814453,237.87370305685576,234.434868777639,237.14570923286777,21863100,MSFT
2021-05-24,240.2205047607422,240.58450892855902,237.08818926220172,237.35639824386888,21411500,MSFT
2021-05-25,241.1209259033203,242.10755492818512,240.25882769668084,241.16882349619877,17704300,MSFT
2021-05-26,240.900634765625,242.28957737809495,240.19178833380082,240.84314887956268,17771600,MSFT
2021-05-27,238.8124237060547,240.89105082585857,238.75495243524915,240.59410618250013,24426200,MSFT
2021-05-28,239.1668243408203,241.46577734023427,239.05188180655244,240.43125068294205,18270200,MSFT
2021-06-01,236.98281860351562,240.70902330225366,236.56135779002153,240.65155203751777,23213300,MSFT
2021-06-02,236.88705444335938,238.77410571979837,235.48852356730782,237.6821077652956,19406700,MSFT
2021-06-03,235.36404418945312,235.96750722171058,232.76814608791946,234.89467106098934,25307700,MSFT
2021-06-04,240.23011779785156,241.05390683833082,237.08822811237158,237.3277015006935,25281100,MSFT
2021-06-07,243.1229248046875,243.39113379101272,239.29135115284882,239.45419127909673,23079200,MSFT
2021-06-08,241.93515014648438,245.23030587769338,241.8776642631127,244.4160906173062,22455000,MSFT
2021-06-09,242.91220092773438,244.7705165933857,242.54821134914607,243.1229386598986,17937600,MSFT
2021-06-10,246.4084930419922,246.61923076287093,242.9888211464486,243.58271038731033,24563600,MSFT
2021-06-11,247.03114318847656,247.60585584294424,245.8050115720476,247.1269091424967,18999700,MSFT
2021-06-14,248.94699096679688,249.00446224632051,245.98707390835915,247.0407627539493,19150500,MSFT
2021-06-15,247.48133850097656,249.0427095066787,246.82997796871686,248.83197177770197,18038900,MSFT
2021-06-16,246.5426483154297,249.60789015749845,243.70727695625772,248.47758277634668,27220000,MSFT
2021-06-17,249.91444396972656,250.7286594074443,245.2303592871896,245.28783056678435,27565500,MSFT
2021-06-18,248.50628662109375,251.25543610006036,247.8549261016525,248.6978770009707,37202200,MSFT
2021-06-21,251.57151794433594,252.42402776645838,247.05984876020153,248.87984015393747,26696100,MSFT
2021-06-22,254.33030700683594,254.59851601169785,251.35124308569456,251.6577760148479,24694100,MSFT
2021-06-23,254.1004180908203,255.59472972906184,253.29579099581272,254.79010263405425,19518700,MSFT
2021-06-24,255.4606170654297,256.57177702121294,254.29198583888092,254.9529346852743,21446900,MSFT
2021-06-25,253.86093139648438,255.9970444803335,253.61189895821977,255.0200036088558,25611100,MSFT
2021-06-28,257.40509033203125,257.577504111274,254.71341248104557,254.98162143739555,19590000,MSFT
2021-06-29,259.9722900390625,260.2117634140492,256.6963106394944,257.5488206535005,19937800,MSFT
2021-06-30,259.49334716796875,259.9339699994056,258.2480972924599,259.29219771509827,21656500,MSFT
2021-07-01,260.1639099121094,260.39379502371696,258.24812269513154,258.25768175305313,16725300,MSFT
2021-07-02,265.9590759277344,266.29434443811215,261.02593114886895,261.33246402879064,26458000,MSFT
2021-07-06,265.9687805175781,267.6067706350027,262.75024233617495,266.32319652571005,31565600,MSFT
2021-07-07,268.14312744140625,268.871135874846,265.48018461117033,267.6354450424523,23260000,MSFT
2021-07-08,265.7388610839844,266.9936993883383,263.2962148119462,265.24073769242233,24618600,MSFT
2021-07-09,266.2369079589844,266.3422622068924,263.72723179599774,264.1103833296634,23916700,MSFT
2021-07-12,265.64306640625,267.98988824180765,264.9342052474398,267.40558716373033,18931700,MSFT
2021-07-13,269.1488952636719,270.94015122587615,265.7100615012556,265.83456308659123,26120100,MSFT
2021-07-14,270.6145324707031,271.71610427305967,268.73703995210985,270.4612659855572,23113700,MSFT
2021-07-15,269.1967468261719,270.6144394017585,268.0472631992008,270.12590447540833,22604200,MSFT
2021-07-16,268.92864990234375,272.1375995678222,267.6929588734984,270.19307657220435,26186800,MSFT
2021-07-19,265.34613037109375,268.56463901594384,262.893924956181,267.1852698159811,32935600,MSFT
2021-07-20,267.5587463378906,269.13926433456993,264.6275953672979,266.3230558753602,26259700,MSFT
2021-07-21,269.55120849609375,269.66615103181897,265.61428048456565,267.1564748931921,24364300,MSFT
2021-07-22,274.0916442871094,274.35985328231106,271.4861729483263,271.8884718248349,23384100,MSFT
2021-07-23,277.4729919433594,277.7794956122771,274.4364570259696,275.26981960045765,22768100,MSFT
2021-07-26,276.87908935546875,277.4921551936187,274.57059187126583,276.8312063761206,23176100,MSFT
2021-07-27,274.4748229980469,277.3867983107101,271.03598869909524,277.2431201263009,33604100,MSFT
2021-07-28,274.1683044433594,277.9328192354718,271.87892473208046,276.82165916338664,33566900,MSFT
2021-07-29,274.4365234375,276.4672532443601,274.0341952528421,274.18746174068355,18168300,MSFT
2021-07-30,272.9133605957031,274.58967372933705,271.95546737648374,273.16242218712614,20944800,MSFT
2021-08-02,272.8272399902344,274.69511481884285,271.79269861607827,274.3023749668568,16267400,MSFT
2021-08-03,275.0303955078125,275.1357790008344,272.0417722643763,273.4019939880385,17879000,MSFT
2021-08-04,274.4459533691406,275.48046502440104,272.6642570545664,274.1681561931837,16191300,MSFT
2021-08-05,277.32928466796875,277.4346681421628,274.0533056335625,274.8004613109347,13900200,MSFT
2021-08-06,277.2718811035156,277.31020503372423,275.50936033763736,276.3618996973653,16589300,MSFT
2021-08-09,276.18939208984375,279.2738100175353,275.6912980438974,277.549613584763,16117600,MSFT
2021-08-10,274.3790283203125,277.0707068328733,273.1912496834788,276.6396430462335,18616600,MSFT
2021-08-11,274.8675537109375,276.50554342388034,273.82342406292844,275.1165861447633,13955900,MSFT
2021-08-12,277.607177734375,277.76044423808275,274.28328534374253,274.56108270875006,14561300,MSFT
2021-08-13,280.51910400390625,280.56698698359713,277.1185647007926,277.2910077393741,18249000,MSFT
2021-08-16,282.1954345703125,282.40617231232227,277.8082659137247,280.84480121005765,22507600,MSFT
2021-08-17,280.73944091796875,281.07470952149254,278.8236537350814,280.0785212338577,20075300,MSFT
2021-08-18,279.021484375,282.94676489700373,278.579988799018,280.27872459621557,21813000,MSFT
2021-08-19,284.8182373046875,285.490058075922,277.01567958739867,277.0636542331081,29850500,MSFT
2021-08-20,292.1026306152344,293.5230377753495,286.05635943722655,287.64951050790023,40817600,MSFT
2021-08-23,292.3809509277344,293.10074648850605,289.6937258829428,291.0373384053386,22830200,MSFT
2021-08-24,290.43267822265625,293.34065084403505,289.83765196769906,292.7360179434968,18175800,MSFT
2021-08-25,289.8472595214844,292.3233431392219,288.3212965855392,292.04501401347983,20006100,MSFT
2021-08-26,287.0448303222656,290.2503159413958,286.9104837323351,288.8683063071112,17666100,MSFT
2021-08-27,287.64947509765625,288.7531556639914,284.8758490691569,286.9488636063391,22605700,MSFT
2021-08-30,291.36358642578125,291.96821926723266,288.935477703884,288.99305899463644,16348100,MSFT
2021-08-31,289.72247314453125,292.2369539074186,289.3577720955228,292.16018861273085,26285300,MSFT
2021-09-01,289.6745300292969,292.89922956574026,289.348226203396,290.6726548011196,18983800,MSFT
2021-09-02,289.0218811035156,291.14287031326114,288.0909444169398,290.02961237848854,16285600,MSFT
2021-09-03,289.0123291015625,290.4135229329207,288.16776428642396,288.8683465578248,14747900,MSFT
2021-09-07,288.0909118652344,288.96426715610795,286.1906707011484,288.8875018649386,17180400,MSFT
2021-09-08,288.1197509765625,288.5036360740859,285.4901073055441,287.7070752289388,15046800,MSFT
2021-09-09,285.27899169921875,289.97207310645393,285.03905983067443,288.70522581128586,19927000,MSFT
2021-09-10,283.8009338378906,287.84140660459923,283.48423673576656,286.4018157451152,19633400,MSFT
2021-09-13,285.029296875,286.51689121732073,282.2364879420789,285.5667416227227,23652900,MSFT
2021-09-14,287.7166748046875,289.2522444456008,286.0947332155957,287.49592696697243,21853400,MSFT
2021-09-15,292.5441589355469,293.024022710736,289.6649762844122,291.0469863000417,28356300,MSFT
2021-09-16,292.9279479980469,293.0143199346179,288.647572728406,291.52675443497674,19550800,MSFT
2021-09-17,287.79339599609375,292.2369376988319,287.4670922568032,291.92024060405146,41372500,MSFT
2021-09-20,282.4477233886719,286.68973080217256,277.860228217035,284.3959685720782,38278700,MSFT
2021-09-21,282.9275817871094,285.5572543702067,282.22699963878074,283.78175309872546,22364100,MSFT
2021-09-22,286.55535888671875,288.12932568723215,282.6492911094491,284.7798868463927,26626300,MSFT
2021-09-23,287.4958801269531,288.781911071233,285.5476350659735,286.81448200996863,18604600,MSFT
2021-09-24,287.29449462890625,287.7263545234372,284.97194069357846,286.21960428443117,14999000,MSFT
2021-09-27,282.322998046875,284.53035916304015,281.142522901756,284.21366203503686,23571700,MSFT
2021-09-28,272.1019287109375,279.0695596937094,271.36294908401516,278.1290162051692,43186200,MSFT
2021-09-29,272.56256103515625,275.2209951886973,271.6124403531808,273.61826695321446,26353700,MSFT
2021-09-30,270.5663757324219,276.2383391909567,270.2784399241369,274.20372168206217,32343600,MSFT
2021-10-01,277.4571228027344,278.301687374449,269.9616561615891,270.75821680304153,30086300,MSFT
2021-10-04,271.7083740234375,276.16152262576014,268.96356808295144,275.82561222271863,31350700,MSFT
2021-10-05,277.130859375,278.7047968877301,272.61052278816857,272.61052278816857,24993000,MSFT
2021-10-06,281.3056335449219,281.80471044780717,274.0117300480355,274.270845855537,28002600,MSFT
2021-10-07,282.9755859375,284.6935059183277,282.08304662293614,283.2922830435044,20430500,MSFT
2021-10-08,282.9755859375,284.6935059183277,281.92948674808355,284.2904075857707,17685700,MSFT
2021-10-11,282.38055419921875,285.9699246769011,280.960147351055,281.1233138675637,19298600,MSFT
2021-10-12,281.0849304199219,283.54182991335233,280.57627613312303,283.44585132765303,17974100,MSFT
2021-10-13,284.37677001953125,285.307706593833,281.67033223174053,283.0331577701654,23416300,MSFT
2021-10-14,290.55743408203125,291.05648172385895,285.83556297646015,287.1599913093113,27262900,MSFT
2021-10-15,291.9585876464844,292.1889420783388,288.4171921254101,290.16390256494424,25384800,MSFT
2021-10-18,294.9145812988281,295.79751392665924,290.4998302940227,291.34439492137415,22729300,MSFT
2021-10-19,295.8167724609375,296.84365846900545,294.8474384623916,295.9319350570906,17682100,MSFT
2021-10-20,295.0297546386719,297.2275382211196,293.7820916523756,296.75725195686545,16537100,MSFT
2021-10-21,298.2448425292969,298.49435169218145,294.0220192983192,294.79942529790196,16918100,MSFT
2021-10-22,296.7093505859375,298.56161758905387,295.4041059859267,297.89940328620986,17449300,MSFT
2021-10-25,295.7207336425781,296.93957658837917,294.1179764030474,296.9011793012965,17554500,MSFT
2021-10-26,297.6210021972656,299.81878579139044,296.1718339720267,298.4751735047065,28107300,MSFT
2021-10-27,310.1550598144531,312.9670535510442,303.2738027325777,303.2738027325777,52588700,MSFT
2021-10-28,311.28753662109375,311.7865842427679,308.417932252952,311.2683233315921,26297900,MSFT
2021-10-29,318.2648010253906,318.62950212965984,310.8557042019177,311.07645205149026,34766000,MSFT
2021-11-01,316.1053466796875,318.1399636800593,313.2261650477916,318.0151944565091,27073200,MSFT
2021-11-02,319.71392822265625,320.02104795725353,316.7099773873297,317.0074904775489,26487100,MSFT
2021-11-03,320.54888916015625,321.4126377941951,317.3337971387141,320.45291058114077,21500100,MSFT
2021-11-04,322.8906555175781,322.98663410539643,316.2397523503642,319.48363531417436,23992200,MSFT
2021-11-05,322.5259704589844,325.14603666479826,320.9520328371746,324.8773141787061,22570100,MSFT
2021-11-08,323.4185485839844,324.0519722245829,320.9712552672445,323.7160617546137,20897000,MSFT
2021-11-09,322.42034912109375,325.07878279395607,321.0575236753706,323.53360684587807,21307400,MSFT
2021-11-10,317.477783203125,321.1535552109362,316.63324777065986,321.0959739152807,25500900,MSFT
2021-11-11,319.04217529296875,320.32820650538764,317.19951507073364,317.90970398049546,16849800,MSFT
2021-11-12,323.159423828125,323.64889419343916,320.34742946636004,320.4721987193662,23831000,MSFT
2021-11-15,322.5355529785156,324.27265700662844,320.57770113283607,323.9463532471072,16723000,MSFT
2021-11-16,325.8370666503906,326.95035397533974,321.9981569596239,322.1612942198898,20886800,MSFT
2021-11-17,326.0581359863281,329.0098960712893,324.9812796361216,325.8850760747881,19053400,MSFT
2021-11-18,328.1253356933594,329.25990808153233,324.1351865907532,325.15435635646554,22463500,MSFT
2021-11-19,329.8944396972656,331.8078109454933,329.0195159309197,329.442570826056,21963400,MSFT
2021-11-22,326.7406921386719,336.20170886014733,326.4714781241341,331.34620303870867,31031100,MSFT
2021-11-23,324.6735534667969,326.37539705653046,320.7122484325142,324.06781451737515,30427600,MSFT
2021-11-24,324.8946838378906,325.13505455813925,321.0487523139128,323.3274620471291,21661300,MSFT
2021-11-26,316.9817199707031,324.91395501030433,315.4818087833129,321.4718586551738,24217200,MSFT
2021-11-29,323.6640625,325.9716160847785,321.84684534637535,322.03915370433015,28563500,MSFT
2021-11-30,317.856689453125,324.7697551795586,316.31831064916247,322.4045150069706,42885600,MSFT
2021-12-01,317.3663330078125,326.2119893836903,316.7029366546509,322.2218403334276,33337600,MSFT
2021-12-02,316.79913330078125,320.6450666242844,315.17422412422974,317.5779324514192,30766000,MSFT
2021-12-03,310.56866455078125,319.8854381080619,305.7804681645628,319.20276398285586,41779300,MSFT
2021-12-06,313.6261901855469,314.8376683407075,306.93427569570224,311.4724773249387,30032600,MSFT
2021-12-07,322.0198974609375,322.8659778487916,317.3855423848686,318.8662344123449,31021900,MSFT
2021-12-08,322.0679931640625,322.5775780301863,318.0585957516276,322.39489389495935,24761000,MSFT
2021-12-09,320.27001953125,323.5294319116375,319.3277555505204,321.5295600175577,22214200,MSFT
2021-12-10,329.34637451171875,329.78864844836016,321.894881726078,322.0775658320641,38095700,MSFT
2021-12-13,326.32733154296875,330.5482560904691,326.01964993405755,327.5580286364802,28899400,MSFT
2021-12-14,315.693359375,321.75072054562577,311.6262752750999,320.3854016251195,44438700,MSFT
2021-12-15,321.7602844238281,322.2794934666321,312.00123771055326,315.9529188096588,35381100,MSFT
2021-12-16,312.3858642578125,323.78906948093504,310.5782712717892,322.7794945853097,35034800,MSFT
2021-12-17,311.3282470703125,312.40513289702955,305.03054387453375,308.52073257010983,47750300,MSFT
2021-12-20,307.5880126953125,310.36668315061627,305.3381461233178,307.72260504980915,28326500,MSFT
2021-12-21,314.6838684082031,315.10692339538815,307.48233874598975,310.83793531898675,24740600,MSFT
2021-12-22,320.3662109375,320.7603932246783,313.2031494286014,315.6549198284857,24831500,MSFT
2021-12-23,321.798828125,323.4333613707806,319.9143291893332,319.9335482909737,19617800,MSFT
2021-12-27,329.2598876953125,329.28873101360773,322.51025779288784,322.539101111183,19947000,MSFT
2021-12-28,328.1060791015625,330.5674732743384,327.21190693909,329.93289096293216,15661500,MSFT
2021-12-29,328.7792053222656,331.0386674602681,326.596619590704,328.15421774318594,15042000,MSFT
2021-12-30,326.2505187988281,329.9137678064995,325.7697771511847,328.7407570125639,15994500,MSFT
2021-12-31,323.3659973144531,326.288884758608,322.9140990920403,325.47164761227714,18000800,MSFT
2022-01-03,321.8564147949219,324.9812343560376,317.07784340008425,322.4333104284771,28865100,MSFT
2022-01-04,316.33758544921875,322.2891685868689,313.5588850186426,321.9333951684874,32674300,MSFT
2022-01-05,304.1939697265625,313.5107415320477,303.80938242850283,313.30880899330907,40054300,MSFT
2022-01-06,301.7903747558594,306.42473117892956,299.4924156466347,301.0884814026268,39646100,MSFT
2022-01-07,301.9441833496094,304.3094237353557,298.14631308588326,302.0499324142328,32720000,MSFT
2022-01-10,302.1653137207031,302.5979928961551,292.9543176051216,297.56942521329626,44289500,MSFT
2022-01-11,302.84796142578125,304.4151542522141,297.95401590280085,301.30958257691026,29386800,MSFT
2022-01-12,306.01116943359375,310.95320590504565,304.8670023701138,307.35726904389804,34372200,MSFT
2022-01-13,293.06005859375,308.52072440499325,292.2908837943043,308.1265127840826,45366000,MSFT
2022-01-14,298.2520446777344,298.84815945566663,292.0504674590349,292.53120896925554,39846400,MSFT
2022-01-18,290.9928894042969,297.86748852909545,290.1179361568295,292.358208481325,42333200,MSFT
2022-01-19,291.6466979980469,301.8192070990576,291.0409882048272,294.49270951204926,45933900,MSFT
2022-01-20,289.9833068847656,299.6462002381442,289.541032877528,297.16558676731063,35380700,MSFT
2022-01-21,284.6278076171875,292.39657724568343,284.2239718518976,291.03128783502143,57984400,MSFT
2022-01-24,284.9547424316406,285.6662305381032,265.4173987440913,280.9453743252705,85731500,MSFT
2022-01-25,277.37823486328125,283.627874669316,274.18613344698997,280.29152732225515,72848600,MSFT
2022-01-26,285.2816467285156,296.61754086589866,281.74339590875957,296.1271750879496,90428900,MSFT
2022-01-27,288.29107666015625,295.46373205879246,286.4546404978711,291.0024659264915,53481300,MSFT
2022-01-28,296.3868103027344,296.59833777305556,283.10873012038377,288.6661016492175,49743700,MSFT
2022-01-31,299.0019836425781,300.3480539279597,294.56953190677376,297.05017439324195,46444500,MSFT
2022-02-01,296.8675537109375,298.6655225486515,293.37736510025144,298.45399507702996,40950400,MSFT
2022-02-02,301.386474609375,302.9825400250582,296.98289506365415,297.7040073654435,36636000,MSFT
2022-02-03,289.6467590332031,299.2423701113963,288.40643772478234,297.5693697082304,43730000,MSFT
2022-02-04,294.1561279296875,296.9059553802916,288.4160729228112,288.64681946632084,35096500,MSFT
2022-02-07,289.35845947265625,295.98306526441485,288.34888423280245,294.37740431532654,28533300,MSFT
2022-02-08,292.82928466796875,293.7907677485287,288.3968617508122,289.6467780186861,32421200,MSFT
2022-02-09,299.22308349609375,299.91535235408395,295.55024113771606,297.9346999380261,31284700,MSFT
2022-02-10,290.73321533203125,297.2136009412112,289.1179310391646,292.3292805293152,45386200,MSFT
2022-02-11,283.676025390625,292.56974542474626,282.88760208602713,291.51210798469305,39175600,MSFT
2022-02-14,283.637451171875,285.3296704395343,280.1280445088522,282.4548166597546,36359500,MSFT
2022-02-15,288.8968811035156,289.2141576740427,285.5797520645728,288.4546070123702,27058300,MSFT
2022-02-16,288.5595703125,289.8795209046397,282.95216192287677,287.47084335612135,29982100,MSFT
2022-02-17,280.1099548339844,285.9582018841707,279.4066103677046,285.5342722610437,32461600,MSFT
2022-02-18,277.4122619628906,283.12563925409984,275.85144328731116,282.34522991631013,34264000,MSFT
2022-02-22,277.2099609375,280.8904283246642,274.10758220532034,274.5893178506724,41736100,MSFT
2022-02-23,270.03204345703125,281.04454083688285,269.8682698302373,279.58004589911764,37811200,MSFT
2022-02-24,283.8289794921875,284.3781651371424,261.6016916782459,262.55554816759064,56989700,MSFT
2022-02-25,286.4496154785156,286.7579333141939,280.99636504653614,284.35889947396316,32546700,MSFT
2022-02-28,287.8755798339844,288.2128006483137,282.2970731254426,283.559218096748,34627500,MSFT
2022-03-01,284.1758117675781,289.0124260885947,281.4780750548052,285.5728272162815,31217800,MSFT
2022-03-02,289.2243957519531,290.45763760043087,282.97147763773455,284.57081381078126,31873000,MSFT
2022-03-03,285.11041259765625,292.05703176941057,283.30869674167064,291.82580808856017,27314500,MSFT
2022-03-04,279.2717590332031,284.85990985728677,276.6800484526404,283.53995896520416,32356500,MSFT
2022-03-07,268.72174072265625,279.10795849514665,268.3556169829133,277.99032843801785,43157200,MSFT
2022-03-08,265.7735290527344,273.58726615536074,260.1372168079997,267.6522801991081,48159500,MSFT
2022-03-09,277.9613952636719,279.02121928908525,270.5233976527745,273.0862341495731,35204500,MSFT
2022-03-10,275.15765380859375,276.13076883711994,270.33065513796623,272.68152651187194,30628000,MSFT
2022-03-11,269.83941650390625,278.9345880109205,269.2227807529442,277.44118984064033,27209300,MSFT
2022-03-14,266.3419189453125,274.9746106570879,265.7445716446683,270.0994498709781,30660700,MSFT
2022-03-15,276.6607666015625,277.3063052834026,268.54835505285934,270.1091737905865,34245100,MSFT
2022-03-16,283.6363220214844,283.80973979385806,272.8550761301039,278.54916547604324,37826300,MSFT
2022-03-17,284.4360046386719,284.81174316450165,278.799691528735,282.5765120453136,30816600,MSFT
2022-03-18,289.4556884765625,290.0048741986634,282.0369767782839,284.5805258339528,43390600,MSFT
2022-03-21,288.2320251464844,289.17623743354596,284.12762874703543,287.9718985278678,28351200,MSFT
2022-03-22,292.95306396484375,293.85872928601555,287.85629285362114,288.8486670583763,27599700,MSFT
2022-03-23,288.5499267578125,292.1533283713497,286.84459363513463,289.5326860173236,25715400,MSFT
2022-03-24,292.9915771484375,293.08793014220737,287.42271518108265,288.21276856606795,24484500,MSFT
2022-03-25,292.5869140625,294.3404386258809,288.35729097039587,294.0803119983577,22566500,MSFT
2022-03-28,299.3504638671875,299.44678744893827,293.2131286444829,293.2131286444829,29578200,MSFT
2022-03-29,303.8884582519531,304.2834849768808,297.7607660592807,302.4432514351578,30393400,MSFT
2022-03-30,302.3950500488281,304.40873068688376,300.1983369373926,302.2987264531988,28163600,MSFT
2022-03-31,297.04779052734375,303.6283150055242,296.643149106342,302.4335907750661,33422100,MSFT
2022-04-01,298.11724853515625,298.8013048013512,294.37897586444814,298.0690573372068,27110500,MSFT
2022-04-04,303.4645080566406,303.5993787276326,298.39664041936675,298.76276415932574,24289600,MSFT
2022-04-05,299.52392578125,303.3681663887453,298.5508104784777,301.82660661689823,23156700,MSFT
2022-04-06,288.5595703125,295.7856029580551,285.8714779355689,294.041722765152,40110400,MSFT
2022-04-07,290.3612976074219,292.5580106672026,285.5246829888432,285.8233566950077,31411200,MSFT
2022-04-08,286.1221008300781,290.1205012315101,285.45730321650933,289.4653477407742,24361900,MSFT
2022-04-11,274.8398132324219,281.9213032700954,274.58930130303617,281.13127920546333,34569300,MSFT
2022-04-12,271.7566833496094,280.1196062790801,270.2440265143357,278.6743994842394,30966700,MSFT
2022-04-13,277.11358642578125,278.0385105603026,271.02444128433206,272.4022274692682,21907200,MSFT
2022-04-14,269.608154296875,277.7784013045191,269.1168039398963,277.56643644763085,28221600,MSFT
2022-04-18,270.2729187011719,272.14205510022083,268.17255863306326,268.7217442498862,20778000,MSFT
2022-04-19,274.8783264160156,275.71657107306396,268.2400250211419,269.17459327763214,22297700,MSFT
2022-04-20,275.89959716796875,279.1176168323527,274.9457700942281,278.8285578322928,22906700,MSFT
2022-04-21,270.5523376464844,282.5860831842899,269.82973426697856,278.0384980731543,29454600,MSFT
2022-04-22,264.02001953125,272.8550636325426,263.393769113378,271.39056854763874,29405800,MSFT
2022-04-25,270.46563720703125,270.8413756866367,260.87908697872507,263.3070532274066,35678900,MSFT
2022-04-26,260.34918212890625,268.19182220528097,260.13721729425794,267.3632511079873,46518400,MSFT
2022-04-27,272.8742980957031,280.34119944845656,268.96260761022705,271.7952151207864,63477700,MSFT
2022-04-28,279.0501403808594,280.3508322510041,271.17856852888485,274.7723263295594,33646600,MSFT
2022-04-29,267.38250732421875,279.2910262219157,266.3997773201998,278.0673990236614,37073900,MSFT
2022-05-02,274.0786437988281,274.5314764230111,266.1300066784379,267.56556930704056,35151100,MSFT
2022-05-03,271.48687744140625,273.7510403407447,269.91641488989063,273.5872373213016,25978600,MSFT
2022-05-04,279.3873596191406,280.2544777268917,266.6213675689915,272.2672940906547,33599300,MSFT
2022-05-05,267.2187194824219,275.8899595127689,264.3186620189304,275.1095502622621,43260400,MSFT
2022-05-06,264.6944580078125,269.04933732325316,261.36082642726797,264.77152276793004,37780300,MSFT
2022-05-09,254.91522216796875,262.4110276632544,253.70126833077944,260.195055446973,47726000,MSFT
2022-05-10,259.6554870605469,263.7502396394238,255.3873167232384,261.76549132988686,39336400,MSFT
2022-05-11,251.0323944091797,261.44751510704526,249.82805548109343,255.97500607449467,48975900,MSFT
2022-05-12,246.02236938476562,250.3868926130945,240.88706627938942,248.27688839647124,51033800,MSFT
2022-05-13,251.58160400390625,253.43148171105642,246.0223855668309,247.94932803549173,34925100,MSFT
2022-05-16,251.9477081298828,256.1099105942852,246.43665192316664,250.46395431193443,32550900,MSFT
2022-05-17,257.0733337402344,258.52815492499775,252.87258498124666,256.38924817495007,28828800,MSFT
2022-05-18,245.36891174316406,254.56252427185584,244.10382723032592,253.98308927658698,31356000,MSFT
2022-05-19,244.46115112304688,248.83585464293373,243.24435524609143,245.19508938818183,32692300,MSFT
2022-05-20,243.90101623535156,249.67600344933274,237.9908442252686,248.4205560699694,39199300,MSFT
2022-05-23,251.71368408203125,252.5345479716084,244.7412185194128,246.73060439189265,33175400,MSFT
2022-05-24,250.718994140625,252.37035900338427,244.80882139282033,249.0483255820953,29043900,MSFT
2022-05-25,253.51951599121094,255.50888672812104,248.31432695707377,249.28970863330227,28547900,MSFT
2022-05-26,256.78369140625,257.95219866287647,252.4669428526963,253.27814016507855,25002100,MSFT
2022-05-27,263.87200927734375,263.96858669067194,258.38675406725025,259.27522501006564,26910800,MSFT
2022-05-31,262.549072265625,265.34964136399043,259.70986629470804,263.18644804188176,37827700,MSFT
2022-06-01,263.08013916015625,268.16944748829445,260.78173234380733,265.7648261496329,25292200,MSFT
2022-06-02,265.1660461425781,265.23365327445924,252.63108267756797,255.38337667898296,44008200,MSFT
2022-06-03,260.76239013671875,264.0748154478667,259.2076029156242,261.04245577782234,28059000,MSFT
2022-06-06,259.5359802246094,264.77980709613064,258.0584370323219,262.732495427998,22400300,MSFT
2022-06-07,263.157470703125,263.7658761764885,256.82237945417745,257.49839208486975,22860700,MSFT
2022-06-08,261.1390380859375,263.64023679590827,260.36644828068603,262.3944559964506,17372300,MSFT
2022-06-09,255.71173095703125,263.36017868447857,255.5572129915601,258.5992099165968,26439700,MSFT
2022-06-10,244.3163299560547,251.64609113799236,243.8720944145435,251.64609113799236,31422800,MSFT
2022-06-13,233.95416259765625,240.4824068795414,233.24919461693813,236.70645685368288,46135800,MSFT
2022-06-14,236.1077117919922,237.3148557778769,233.2298699199791,235.49930650770008,28651500,MSFT
2022-06-15,243.12844848632812,246.54708847653447,237.97153296010552,239.79673406143797,33111700,MSFT
2022-06-16,236.57125854492188,238.9372578860195,234.6881168136664,237.5466256119709,33169200,MSFT
2022-06-17,239.1593475341797,241.9116415660145,235.6634634572943,236.31049083013178,43084800,MSFT
2022-06-21,245.04058837890625,246.01595545881753,240.95560233610817,241.67988876042264,29928300,MSFT
2022-06-22,244.45147705078125,248.35297445153836,241.78609384504884,243.253984977507,25939900,MSFT
2022-06-23,249.9850311279297,250.47755532769025,244.93435931975776,246.8078492299289,25861400,MSFT
2022-06-24,258.5220031738281,258.7924022848079,252.747014945619,252.83392578793828,33923200,MSFT
2022-06-27,255.80825805664062,259.1013202405066,254.25344159640136,259.01440942788935,24615100,MSFT
2022-06-28,247.68661499023438,257.7590162284537,247.53209704046702,254.92947810959762,27295500,MSFT
2022-06-29,251.33700561523438,252.9883700808471,246.99127320177047,248.75853349236172,20069800,MSFT
2022-06-30,248.02459716796875,250.63203973702053,244.22934388273976,248.2370556696788,31730900,MSFT
2022-07-01,250.68035888671875,250.86384714723536,245.88076751202806,247.59975426359935,22837700,MSFT
2022-07-05,253.83828735351562,253.96383506526925,246.00633522277502,247.37764926074487,22941000,MSFT
2022-07-06,257.08306884765625,258.8020409501888,253.40369581093594,254.70741739613206,23824400,MSFT
2022-07-07,259.1979064941406,259.8352819464038,255.93378499828523,256.0303623949221,20859900,MSFT
2022-07-08,258.48333740234375,258.9082544536916,254.26316663768768,255.71173945693104,19658800,MSFT
2022-07-11,255.4413299560547,257.39206399672923,253.19119709803016,256.5422299287005,19455200,MSFT
2022-07-12,244.9729766845703,256.82230649201273,243.39885616958918,256.76436593684815,35868500,MSFT
2022-07-13,244.0555419921875,244.8570873615849,239.603594413408,241.61228376039588,29497400,MSFT
2022-07-14,245.36891174316406,246.39256746391416,237.5079908622042,241.97925680708025,25102800,MSFT
2022-07-15,247.91839599609375,251.44325042079436,246.03525438925857,246.9526808402148,29774100,MSFT
2022-07-18,245.5330810546875,251.89714046464383,244.6156545937457,250.84451446983314,20975000,MSFT
2022-07-19,250.63206481933594,250.81555306514318,244.98262500187312,248.748908389752,25012600,MSFT
2022-07-20,253.2781219482422,255.7889874324287,250.03333293209215,250.98938157590604,22788300,MSFT
2022-07-21,255.760009765625,255.80831320834824,248.21777641916702,250.8831597992093,22404700,MSFT
2022-07-22,251.43365478515625,256.2332616430254,250.18790310188731,256.1463507910273,21881300,MSFT
2022-07-25,249.95602416992188,252.5344964316374,248.00529029472085,252.05163888587902,21056000,MSFT
2022-07-26,243.26365661621094,250.97007463688564,241.01355313399756,250.9507414709721,39348000,MSFT
2022-07-27,259.5262756347656,260.79136010238045,249.97536828625238,252.2061678876976,45994000,MSFT
2022-07-28,266.933349609375,268.31431531179504,258.68613331334205,260.5016826567174,33459300,MSFT
2022-07-29,271.1148681640625,272.33167871252647,267.1457929503217,268.1791152582621,32152800,MSFT
2022-08-01,268.4784240722656,271.63630136547664,266.3828096525368,268.2949358731118,21539600,MSFT
2022-08-02,265.3978576660156,268.3626103956282,263.0415102262708,266.5373945260248,22754200,MSFT
2022-08-03,272.7855529785156,273.7802383800219,267.1264470117995,267.27132785781305,23518900,MSFT
2022-08-04,273.9250793457031,274.0699307149256,270.5644096945988,272.13850053519735,18098700,MSFT
2022-08-05,273.21051025390625,273.9251301220604,269.1255240569013,269.5794114121241,16774600,MSFT
2022-08-08,270.70928955078125,276.11730051736697,269.74357435929414,274.3113883534034,18739200,MSFT
2022-08-09,272.62139892578125,273.3746556298809,268.09219211802474,270.05262233660574,23405200,MSFT
2022-08-10,279.2462158203125,279.8739248174104,277.1023268586765,278.29016718582943,24687800,MSFT
2022-08-11,277.1795654296875,281.2259144656879,276.687070719345,280.87827114074025,20065900,MSFT
2022-08-12,281.90191650390625,281.90191650390625,277.10231096943915,278.58952057102715,22619700,MSFT
2022-08-15,283.408447265625,284.09409682100915,280.1636287959346,281.02312948938925,18085700,MSFT
2022-08-16,282.67449951171875,283.9589172842201,280.46303283251734,281.97918336040345,18102900,MSFT
2022-08-17,281.9292907714844,283.8938524278254,280.1389197170631,280.4002056199427,18253400,MSFT
2022-08-18,280.8164367675781,282.5003387388935,279.76154672598557,280.8357814390951,17186200,MSFT
2022-08-19,276.9259033203125,279.9259802339088,276.3549256082349,279.5872566328216,20570000,MSFT
2022-08-22,268.79669189453125,273.35485615007224,268.28377769621216,272.98710077508116,25061100,MSFT
2022-08-23,267.5289306640625,269.87090517738073,266.5224469010499,267.5289306640625,17527400,MSFT
2022-08-24,266.89996337890625,268.2935475805408,266.2418606203545,266.5322078904403,18137000,MSFT
2022-08-25,269.8612365722656,270.02574005918285,265.670798197986,268.3902150863817,16583400,MSFT
2022-08-26,259.4481506347656,271.3032734990673,259.3417106465169,270.0838799821935,27549300,MSFT
2022-08-29,256.6802978515625,258.78033116845745,255.34477754961907,257.28030737067536,20338500,MSFT
2022-08-30,254.49313354492188,258.44160128944475,252.2575990184028,258.07387544076863,22767100,MSFT
2022-08-31,253.04151916503906,258.4996984815058,252.90601788695525,256.835171011409,24791800,MSFT
2022-09-01,252.00601196289062,252.48023691824085,247.17687383626492,250.52533262450333,23263400,MSFT
2022-09-02,247.805908203125,256.20610147316614,246.26716536821394,253.26411708214042,22855400,MSFT
2022-09-06,245.0864715576172,249.5188219970164,243.81870184632467,247.94138995000887,21328200,MSFT
2022-09-07,249.7704315185547,250.48656807085013,245.0574213315163,246.4897092030272,24126700,MSFT
2022-09-08,250.18658447265625,252.03501907292284,246.57682534056357,249.2091619552673,20319900,MSFT
2022-09-09,255.9351348876953,256.6803328721326,251.8995711991458,252.10279358860814,22084700,MSFT
2022-09-12,258.0545349121094,258.82876464312335,256.6125744929972,257.2125840758803,18747700,MSFT
2022-09-13,243.86709594726562,252.00598798329736,243.47998110571493,250.49627701855277,33353300,MSFT
2022-09-14,244.0897216796875,246.03492427019088,241.8057953877336,245.3574916342139,23913000,MSFT
2022-09-15,237.47015380859375,243.2960878234106,236.15399296543862,241.71864109172554,31530900,MSFT
2022-09-16,236.85079956054688,237.3927455707123,234.25718181157072,236.38626175161542,39791800,MSFT
2022-09-19,236.63790893554688,237.2379185278828,233.08621305250247,234.6539876734692,26826900,MSFT
2022-09-20,234.63462829589844,235.66045686379198,231.91521092748422,234.26688762643548,26660300,MSFT
2022-09-21,231.24746704101562,239.67670753574686,231.19907583276708,236.3959844466539,28625600,MSFT
2022-09-22,233.21202087402344,235.99918898239684,229.91195323025747,230.20227093577722,31061200,MSFT
2022-09-23,230.2506561279297,233.35718839815166,227.61833404254136,231.8184307644762,34176000,MSFT
2022-09-26,229.79580688476562,233.66686706312993,229.263533156856,229.40870677369827,27694200,MSFT
2022-09-27,228.78932189941406,234.00557453802256,226.9408872481293,232.24423519066093,27018700,MSFT
2022-09-28,233.29910278320312,234.5184812999227,227.16346179841986,229.1764146595356,29029700,MSFT
2022-09-29,229.84422302246094,232.21524468551831,226.85383225435683,231.18941598968382,27484200,MSFT
2022-09-30,225.39248657226562,232.78621136819163,225.2279682767935,230.608739886535,35694800,MSFT
2022-10-03,232.9797821044922,233.82173303998002,227.0957683574116,227.82159220301807,28880400,MSFT
2022-10-04,240.8573760986328,242.28966427196394,237.08308345370094,237.18953820241006,34888400,MSFT
2022-10-05,241.16702270507812,242.50254306214893,236.23143031780648,238.0605054835281,20347100,MSFT
2022-10-06,238.83473205566406,242.2703009633561,238.1476271342794,239.93798363059574,20239900,MSFT
2022-10-07,226.6893310546875,233.54111060262892,225.65381517839606,233.13463621424836,37769600,MSFT
2022-10-10,221.86012268066406,226.99895238528188,219.42135078516142,225.53763257488384,29743600,MSFT
2022-10-11,218.14393615722656,221.67627288848584,216.88583856563983,220.28268877269275,30474000,MSFT
2022-10-12,218.47296142578125,220.5149462849339,216.74066847271945,218.13423774935973,21903900,MSFT
2022-10-13,226.6893310546875,228.48937495937486,212.0663979507328,212.7631900923489,42551800,MSFT
2022-10-14,221.19236755371094,229.5925754900993,220.97945807089755,227.9473631652827,30198600,MSFT
2022-10-17,229.87322998046875,231.25714167375685,227.5602721133645,228.21836002283007,28142300,MSFT
2022-10-18,230.8119659423828,236.06692311030656,227.78285659055385,235.39917762563184,26329600,MSFT
2022-10-19,228.85707092285156,231.88618020226818,226.7376631373762,229.39901697875123,19985700,MSFT
2022-10-20,228.53768920898438,233.5313599425322,227.29895124255845,228.16994856599382,21811000,MSFT
2022-10-21,234.31524658203125,235.16688446931025,226.94088233766772,227.17315124335872,26299700,MSFT
2022-10-24,239.27992248535156,239.850900353894,233.52172305739012,235.90241694894004,24911200,MSFT
2022-10-25,242.57998657226562,242.9477272430807,237.90567969361152,239.28957660185964,34775500,MSFT
2022-10-26,223.8634033203125,230.61839877791698,222.64400998891642,223.718229712473,82543200,MSFT
2022-10-27,219.44070434570312,226.15699552057893,218.50197115457948,223.592409520333,40424600,MSFT
2022-10-28,228.26673889160156,228.97321801422746,218.763293726381,218.9471714496145,40647700,MSFT
2022-10-31,224.64730834960938,227.3473663725247,223.69888795758465,226.22475535763192,28357300,MSFT
2022-11-01,220.81497192382812,228.140961178221,220.00205274402387,227.03770950079402,30592300,MSFT
2022-11-02,213.0050811767578,223.84404616078317,212.94700287287873,222.0633621151271,38407000,MSFT
2022-11-03,207.34365844726562,213.3050945982589,207.08235775345725,212.9954026993864,36633900,MSFT
2022-11-04,214.25350952148438,214.4470595832424,206.55009302136054,210.53729517480699,36789100,MSFT
2022-11-07,220.524658203125,221.04725969672847,214.1470888823998,214.83420869304868,33498000,MSFT
2022-11-08,221.49241638183594,224.18280245384918,218.56008901005944,221.32789807002794,28192500,MSFT
2022-11-09,217.27293395996094,221.26013615245242,217.09874333274988,220.04074269428185,27852900,MSFT
2022-11-10,235.1475372314453,235.4862608906142,227.42477661146236,227.84090847628838,46268000,MSFT
2022-11-11,239.14443969726562,239.99607772936167,234.1314086905055,235.15725212322295,34620200,MSFT
2022-11-14,233.76365661621094,236.0475827819004,231.49908988674315,234.1894756115481,31123300,MSFT
2022-11-15,234.1700897216797,239.03794631342942,232.29262332719875,237.74114480461608,31390100,MSFT
2022-11-16,234.59713745117188,236.60606394497793,233.32579470204732,235.6258570860806,24093300,MSFT
2022-11-17,234.54859924316406,236.0722794395261,230.6181168177236,230.76368475624398,23123500,MSFT
2022-11-18,234.10215759277344,236.547802374884,231.97677705188883,236.32457848011174,27613500,MSFT
2022-11-21,234.90768432617188,237.45036963154155,234.07306028423957,234.3059689787537,26394700,MSFT
2022-11-22,237.7997283935547,238.0714650543678,233.6072093349116,236.40221710449453,19665700,MSFT
2022-11-23,240.27450561523438,240.95384732065142,237.06217820148206,237.8773882479825,19508500,MSFT
2022-11-25,240.18716430664062,241.3614517929226,239.44958062083853,240.01246797791015,9200800,MSFT
2022-11-28,234.62623596191406,239.37194317865058,233.69457155598104,238.81877021422886,24778200,MSFT
2022-11-29,233.2384490966797,235.62585219825684,231.18100986954173,234.2768683035418,17956300,MSFT
2022-11-30,247.6114044189453,247.79580032500542,232.78228328422537,233.47133933183883,47594200,MSFT
2022-12-01,247.17471313476562,248.56251016658027,243.51595261951238,246.37890225412923,26041500,MSFT
2022-12-02,247.49496459960938,248.50427013338341,242.3222385687394,242.44840731366295,21528500,MSFT
2022-12-05,242.81719970703125,246.3303923254423,240.74034652754588,244.57378861196725,23435300,MSFT
2022-12-06,237.8870849609375,244.42820886485632,236.58662873937655,243.41890331596056,22463700,MSFT
2022-12-07,237.15919494628906,238.89638442921668,235.06294286518101,237.60562791314456,20481500,MSFT
2022-12-08,240.09982299804688,241.4002941181583,235.88788937538192,237.61536472861388,22611800,MSFT
2022-12-09,238.17825317382812,240.98297573692605,236.95543802882835,237.4794974313884,20609700,MSFT
2022-12-12,245.05899047851562,245.08810406106682,239.87656546489097,240.14830210772652,30665100,MSFT
2022-12-13,249.33892822265625,256.13237523471446,245.6025264426085,253.96816645301047,42196900,MSFT
2022-12-14,249.63006591796875,254.84160556776638,246.8059293712521,249.54272515265737,35410900,MSFT
2022-12-15,241.66229248046875,246.6991500991899,240.04157204816326,246.2333179219407,35560400,MSFT
2022-12-16,237.46975708007812,242.46778637167077,236.32456849542362,241.21585785298825,86102000,MSFT
2022-12-19,233.3549041748047,237.97445766545272,231.66625680711488,237.63477938812645,29696400,MSFT
2022-12-20,234.66502380371094,235.74227076964473,231.38475533277932,232.3358335702815,25150800,MSFT
2022-12-21,237.2174530029297,238.37234134182555,233.02493348625407,234.55831327324242,23690600,MSFT
2022-12-22,231.1615753173828,234.84944921071,226.96904125544336,234.14097913275145,28651700,MSFT
2022-12-23,231.6856231689453,231.82149149891836,227.03697155694044,229.1429380757911,21207000,MSFT
2022-12-27,229.9678497314453,231.87970583722927,228.87118875185556,231.65649676645367,16688600,MSFT
2022-12-28,227.60955810546875,232.6464155156222,227.26018028486453,229.8999205275325,17457100,MSFT
2022-12-29,233.8983154296875,234.78146686926897,228.69647674233894,228.69647674233894,19770700,MSFT
2022-12-30,232.74346923828125,232.87933756720665,229.67671003277965,231.18097605137052,21938500,MSFT
2023-01-03,232.5105438232422,238.4984794551215,230.39486293780934,235.90726682667218,25740000,MSFT
2023-01-04,222.33982849121094,225.99857440296276,219.29248275940205,225.42598740565919,50623400,MSFT
2023-01-05,215.7501220703125,220.83550661088532,215.21634839005094,220.49582841202724,39585600,MSFT
2023-01-06,218.2928466796875,219.09835714227594,212.87751216247153,216.4198034707522,43613600,MSFT
2023-01-09,220.418212890625,224.41665135349578,219.7291716302323,219.76798480761224,27369800,MSFT
2023-01-10,222.09716796875,224.48457072526574,220.62201553173728,221.0393201111181,27033900,MSFT
2023-01-11,228.81300354003906,228.98768506870852,224.29050527854426,224.4651868072137,28669300,MSFT
2023-01-12,231.47210693359375,232.82109060207105,226.6681731391479,228.31800704319014,27269500,MSFT
2023-01-13,232.17088317871094,232.30675151679418,227.98806347571494,230.00668936190732,21333300,MSFT
2023-01-17,233.2578125,233.80128577732816,230.09399836499716,230.94803626281922,29831300,MSFT
2023-01-18,228.85179138183594,235.22793302598163,228.57035512507287,234.4418366169308,30028700,MSFT
2023-01-19,225.08627319335938,228.57035182284125,223.87315781209423,226.88168988104673,28623000,MSFT
2023-01-20,233.13165283203125,233.6363129556783,227.5901354890902,227.92981370488926,35389800,MSFT
2023-01-23,235.4220733642578,237.93564539521486,232.57852262749645,233.985748604931,31934000,MSFT
2023-01-24,234.89796447753906,236.75160844059997,233.3451855854794,235.34439747923588,40234400,MSFT
2023-01-25,233.51014709472656,236.12077368624207,224.08666058005855,227.56102470477651,66526600,MSFT
2023-01-26,240.68209838867188,240.9829486422917,234.85914439539755,236.46045082013288,33454500,MSFT
2023-01-27,240.83740234375,242.45812290706542,239.54664564896942,241.6429128288479,26498900,MSFT
2023-01-30,235.54823303222656,238.3529556677396,235.05327239690436,237.2951076248889,25867400,MSFT
2023-01-31,240.49769592285156,240.6335642533175,235.78110272448055,236.26634887736424,26541100,MSFT
2023-02-01,245.29193115234375,247.65022035562143,238.22674832599188,240.68209268360533,31259900,MSFT
2023-02-02,256.79229736328125,256.8796381260482,249.65917223320272,251.182852423541,39940400,MSFT
2023-02-03,250.7266845703125,256.4040702889057,249.5135692294624,251.8815727441677,29077300,MSFT
2023-02-06,249.1933135986328,250.67816573061054,247.26204327207444,249.84355651391297,22518000,MSFT
2023-02-07,259.6649169921875,260.83920438047807,252.40562393796253,252.84235731907512,50841400,MSFT
2023-02-08,258.85943603515625,268.59347315321855,258.35476105655573,265.13852274513965,54686000,MSFT
2023-02-09,255.84115600585938,265.89547087306715,255.04534527204862,265.7207597633259,42375100,MSFT
2023-02-10,255.3365020751953,256.2972798694553,252.96849875330074,253.81282222305296,25818500,MSFT
2023-02-13,263.3139953613281,266.49720913120274,259.26702917112374,259.742590569191,44630900,MSFT
2023-02-14,264.1388854980469,266.85625191813295,261.33414871350027,264.62413161713886,37047900,MSFT
2023-02-15,262.0277099609375,263.39953537520864,258.9727165508735,261.05478666212923,28922400,MSFT
2023-02-16,255.05178833007812,259.5175018592182,254.80855755164183,256.8711498021807,29603600,MSFT
2023-02-17,251.0725555419922,253.047588426155,249.06833614983722,252.36656000925092,30000100,MSFT
2023-02-21,245.82847595214844,248.57212619836037,244.77771723097973,247.58946437392655,28397400,MSFT
2023-02-22,244.6998748779297,247.45324893497764,243.5615566726842,247.2100181685843,22491100,MSFT
2023-02-23,247.87159729003906,249.88554018375208,243.6977492993608,248.6401999292757,29219100,MSFT
2023-02-24,242.47189331054688,244.20369522047608,241.38222420199676,243.19186174048357,24990900,MSFT
2023-02-27,243.38645935058594,245.97443849874284,242.63730436651332,245.62418557007777,21190000,MSFT
2023-02-28,242.66648864746094,244.68044668021838,241.99516930320846,242.3259744546454,22491000,MSFT
2023-03-01,239.60179138183594,244.13560203633548,239.1347775749903,243.97020688018864,27565300,MSFT
2023-03-02,244.31076049804688,244.59290171146822,238.95968256617152,239.87423280619296,24808200,MSFT
2023-03-03,248.3775177001953,248.69858408661656,244.58312376181246,245.36146516717056,30760100,MSFT
2023-03-06,249.9147491455078,253.07674918507004,249.04884819003743,249.48666061100502,24109800,MSFT
2023-03-07,247.2684326171875,250.7125891600785,246.52901630785823,249.3602116204825,21473200,MSFT
2023-03-08,246.83062744140625,247.64787941469785,244.01887982125263,247.1614177859818,17340200,MSFT
2023-03-09,245.4879913330078,252.53194586818475,244.76802281359187,248.8932225660645,26653400,MSFT
2023-03-10,241.85899353027344,245.94526831886697,240.89580898858623,244.28157783106303,28333900,MSFT
2023-03-13,247.04466247558594,250.9266314715002,239.07641892091627,240.701198918384,33339700,MSFT
2023-03-14,253.7286376953125,254.00105499083594,248.93211882541823,249.79801983882402,33620300,MSFT
2023-03-15,258.252685546875,259.2645337884642,252.19136451987217,252.94053423822598,46028000,MSFT
2023-03-16,268.72137451171875,269.0716125790634,256.15119488258745,258.0289293565625,54768800,MSFT
2023-03-17,271.8639221191406,275.65831665347815,268.8381452248547,270.7256186044692,69527400,MSFT
2023-03-20,264.85888671875,269.96673338942173,262.5433248107774,269.4802718017387,43466600,MSFT
2023-03-21,266.3669128417969,267.5538803349331,262.2222505034053,267.4371343013886,34558700,MSFT
2023-03-22,264.9172668457031,273.43034485869043,264.81022985408475,265.9971973475459,34873300,MSFT
2023-03-23,270.1418762207031,273.4498093699548,267.7484933121212,270.4142935461412,36610900,MSFT
2023-03-24,272.97308349609375,273.03145651581804,267.8263111878216,269.7332324450906,28172000,MSFT
2023-03-27,268.8965148925781,273.83895161321755,268.05978551317787,272.90495366822654,26840200,MSFT
2023-03-28,267.7776184082031,268.66298193563654,264.68370058234905,268.32245293412296,21878600,MSFT
2023-03-29,272.9146728515625,273.527619165426,270.8715283691032,271.4066242065595,25087000,MSFT
2023-03-30,276.3588562011719,276.75775832392577,273.8584658428931,276.5340049635184,25053400,MSFT
2023-03-31,280.49371337890625,281.43744995850153,275.33723290766795,276.0474774481902,32766000,MSFT
2023-04-03,279.4527587890625,280.4645776022263,276.2615716824238,278.7619618964318,24883300,MSFT
2023-04-04,279.40411376953125,282.5855920494944,277.93501973662194,279.4527777506129,25824300,MSFT
2023-04-05,276.6409606933594,279.3748723279069,275.25942646851195,278.11008412867955,22064800,MSFT
2023-04-06,283.7044372558594,284.171421432575,274.39355424617895,275.5415966022882,29770300,MSFT
2023-04-10,281.55426025390625,281.75856581319096,277.00095709388467,281.3791115118309,23103000,MSFT
2023-04-11,275.171875,278.2366070491665,274.01412362630157,278.0128240085293,27276600,MSFT
2023-04-12,275.81402587890625,279.23873500984865,274.325454368643,277.07884402522524,27403400,MSFT
2023-04-13,281.9920654296875,282.05043844818863,275.5026841124763,275.91129524198396,24222700,MSFT
2023-04-14,278.3921813964844,280.66881748936197,276.0085083418735,279.2288808643468,20987900,MSFT
2023-04-17,280.980224609375,283.70442754241606,278.4117226515916,282.0796326398558,23836200,MSFT
2023-04-18,280.5618591308594,283.86008303886325,279.2386978273748,283.67522525510293,20161800,MSFT
2023-04-19,280.6396789550781,281.22340905975057,276.8355460862607,278.2462667608946,17150300,MSFT
2023-04-20,278.3630065917969,281.2039550334732,277.3608970127179,277.52630699953454,23244400,MSFT
2023-04-21,278.0225830078125,278.51875372091774,275.39567811455214,277.2928905031584,21676400,MSFT
2023-04-24,274.14056396484375,277.234482358,271.173160031667,274.45190651995864,26611000,MSFT
2023-04-25,267.96246337890625,273.97512034038175,267.91379941457996,271.94171485112884,45772200,MSFT
2023-04-26,287.3722839355469,291.4585727273819,284.8037824567908,288.6662882525056,64599200,MSFT
2023-04-27,296.576171875,296.9361784067996,287.2555804982626,287.95608640380885,46462600,MSFT
2023-04-28,298.9403076171875,300.56507227581767,295.09725018461666,295.77830810902844,36469600,MSFT
2023-05-01,297.286376953125,300.2440714597597,296.887474923344,298.65820207273595,21294100,MSFT
2023-05-02,297.14044189453125,300.8083512230657,295.6810572722288,299.42681707438953,26404400,MSFT
2023-05-03,296.1578063964844,300.25380462015016,295.8562025897096,298.3176970170622,22360800,MSFT
2023-05-04,297.14044189453125,299.42681707438953,295.1848569994441,297.9479549880525,22519900,MSFT
2023-05-05,302.2385559082031,303.5228215296377,296.03130176252597,297.4420521379096,28197100,MSFT
2023-05-08,300.2926940917969,301.80074263730194,297.80201345372643,301.73263089775384,21318600,MSFT
2023-05-09,298.6874084472656,301.6451031506541,298.0160890953245,299.66033160181695,21340800,MSFT
2023-05-10,303.8536071777344,304.5249264836218,299.33925948976275,300.26351860842567,30078000,MSFT
2023-05-11,301.713134765625,302.6957964886429,297.9674049998212,301.70342572575834,31680200,MSFT
2023-05-12,300.6040954589844,302.23859938067807,298.2982721245842,302.14130111816417,19774700,MSFT
2023-05-15,301.0807800292969,301.50886857686805,299.26141854774806,300.73054195833356,16336500,MSFT
2023-05-16,303.2990417480469,305.2157014683238,301.4407550392499,301.4407550392499,26730300,MSFT
2023-05-17,306.16571044921875,306.5849748220485,302.98703781876026,304.49838322404014,24315000,MSFT
2023-05-18,310.5729064941406,311.07995152372933,305.8926785291236,306.6824666262682,27276000,MSFT
2023-05-19,310.3974609375,310.79723506942764,308.47661095325554,308.8373747474863,27546700,MSFT
2023-05-22,313.16656494140625,314.5413890695808,310.0756729757329,310.65094892902596,24115700,MSFT
2023-05-23,307.3941955566406,314.6680584036854,307.3844355371117,312.04517217991025,30797200,MSFT
2023-05-24,306.0194091796875,308.60328539686515,304.8103271006574,306.8774578305602,23384900,MSFT
2023-05-25,317.788330078125,318.7438600972789,312.0160206042334,315.175173290878,43301700,MSFT
2023-05-26,324.5844421386719,325.0816974555801,315.79923121389265,315.93572275471354,36630600,MSFT
2023-05-30,322.9463195800781,327.3632951279749,322.2735326633113,326.866039835357,29503100,MSFT
2023-05-31,320.19671630859375,327.5583326539221,319.16313582793106,323.99940574363865,45950600,MSFT
2023-06-01,324.2821350097656,325.2084444667975,316.6182558412687,317.7980580790412,26773900,MSFT
2023-06-02,327.03179931640625,329.07941048845686,324.2529005654924,325.9104976467162,25873800,MSFT
2023-06-05,327.558349609375,330.1129762401236,326.3102866082395,326.8563123114757,21307100,MSFT
2023-06-06,325.3547058105469,327.0025428376745,323.88240041372416,326.96353250247705,20396200,MSFT
2023-06-07,315.3116455078125,326.14443575419256,314.4535968237107,323.37529757305805,40717100,MSFT
2023-06-08,317.144775390625,318.4903491637824,315.28242630303987,315.85770223750364,23277700,MSFT
2023-06-09,318.63665771484375,321.7568004475304,316.3160335177299,316.881549531298,22529000,MSFT
2023-06-12,323.5703430175781,323.81410551348466,317.0472562466259,320.3819105271756,24260300,MSFT
2023-06-13,325.94952392578125,328.5724112174238,322.1468342809254,326.12502581181246,22951300,MSFT
2023-06-14,328.9233703613281,330.58096729872784,324.50639495848685,325.9982202996805,26003800,MSFT
2023-06-15,339.41497802734375,341.1115558406534,328.78693687823426,329.05994974194124,38899100,MSFT
2023-06-16,333.7889099121094,342.70088270371474,333.4184158445692,342.55463113018976,46552000,MSFT
2023-06-20,329.6156311035156,333.54508130008793,327.48026928452794,330.84420359010136,26375400,MSFT
2023-06-21,325.2377014160156,329.3036733312241,323.784886322757,327.9775897528391,25117800,MSFT
2023-06-22,331.23419189453125,331.63396592269834,325.0231288169452,325.78366654570755,23556800,MSFT
2023-06-23,326.6612548828125,329.5279043913859,325.13044892910204,326.01771828331994,23146900,MSFT
2023-06-26,320.40142822265625,327.7240333118318,320.29415725203825,325.39367934124914,21520600,MSFT
2023-06-27,326.2224426269531,327.76300833110724,321.0839107605563,323.58003605093296,24354100,MSFT
2023-06-28,327.4705810546875,329.5474425224492,325.48147052492266,326.31026905867196,20259500,MSFT
2023-06-29,326.6904602050781,327.72401072843235,324.32109606698276,326.358946806659,16997000,MSFT
2023-06-30,332.0435485839844,334.17891054970244,328.78688502474677,329.32315064368396,26832800,MSFT
2023-07-03,329.55712890625,332.3945278816647,328.17257461621756,330.7272007694062,12508700,MSFT
2023-07-05,329.71319580078125,333.1258712588089,326.37854101667716,326.7295447808277,18172400,MSFT
2023-07-06,332.7552490234375,334.43233594271175,327.12922214467216,328.8842999586327,28161200,MSFT
2023-07-07,328.8063659667969,333.26235165945616,328.5918537740865,330.8539769415479,21214800,MSFT
2023-07-10,323.55084228515625,326.8660362322845,319.41663962980306,326.25174994494995,32791400,MSFT
2023-07-11,324.1748352050781,324.5550891855568,318.8413111644658,322.80001130179477,26698200,MSFT
2023-07-12,328.786865234375,333.1258197926784,327.29503995487715,328.20182929500714,29995300,MSFT
2023-07-13,334.11065673828125,335.16369770913235,330.56146024108614,331.0879956045949,20567200,MSFT
2023-07-14,336.6262512207031,342.66181307865304,335.71946186556954,338.9176246633776,28352700,MSFT
2023-07-17,337.10406494140625,338.33260777182664,333.66213945063294,337.0552945851425,20363900,MSFT
2023-07-18,350.52069091796875,357.62881326178683,333.63284869185065,337.20150526147,64738600,MSFT
2023-07-19,346.22076416015625,353.4166384044317,343.6466474604791,352.72436118966306,39732900,MSFT
2023-07-20,338.2155456542969,349.03860522679815,336.75297084061185,344.74839172455427,33778400,MSFT
2023-07-21,335.19293212890625,341.56000752112044,331.35123269865875,340.43870595783125,69405400,MSFT
2023-07-24,336.49951171875,338.2643797019485,333.7693834548789,337.2210689969038,26678100,MSFT
2023-07-25,342.2230529785156,343.11035203179654,336.46050402116185,338.4495845575855,41637700,MSFT
2023-07-26,329.3426513671875,336.0705206538034,324.79891447113727,332.92109821610006,58383700,MSFT
2023-07-27,322.4685974121094,332.81386556115655,320.84025051529886,331.9850967113134,39635300,MSFT
2023-07-28,329.92767333984375,331.52676966933615,324.8574310459994,325.3449560601863,28484900,MSFT
2023-07-31,327.5387878417969,329.2743755389443,325.04263262807757,328.51383777853505,25446000,MSFT
2023-08-01,327.9483337402344,330.093455775555,325.374217054016,326.8270321220212,18311900,MSFT
2023-08-02,319.3288879394531,325.3059494426346,318.2173166114524,325.3059494426346,27761300,MSFT
2023-08-03,318.5098571777344,321.6495195711113,317.81757996467144,317.86632056535905,18253700,MSFT
2023-08-04,319.6018371582031,326.778219494072,319.0753019099241,323.5995474758658,23741500,MSFT
2023-08-07,321.873779296875,322.84882941223,319.34840306884576,320.1772016181311,17741500,MSFT
2023-08-08,317.9150085449219,320.54765518196075,314.94111824721926,318.802307526203,22327600,MSFT
2023-08-09,314.19036865234375,318.94858760325343,313.03978705069517,318.3245710835293,22373300,MSFT
2023-08-10,314.8728942871094,320.0699275319088,313.16655676040074,317.8857952635295,20113700,MSFT
2023-08-11,313.0008544921875,314.3659187348988,311.2457463891283,312.2695668882884,24355500,MSFT
2023-08-14,315.9552307128906,315.97472100192863,312.09401103937836,313.3713539974467,18836100,MSFT
2023-08-15,313.82958984375,316.9790121676308,312.89355014228914,314.9411611661193,16966300,MSFT
2023-08-16,313.0674133300781,316.99543186990195,312.48113879078903,313.45825308321696,20698900,MSFT
2023-08-17,309.6280517578125,314.50384363723833,308.97337191344144,313.2042944549321,21257200,MSFT
2023-08-18,309.2371826171875,311.0936940527994,304.4199858602723,307.29270464284144,24755000,MSFT
2023-08-21,314.51361083984375,315.383227213463,309.7843803763491,310.65399674996837,24040000,MSFT
2023-08-22,315.080322265625,318.61747186045255,314.1032077999083,318.0507585907704,16084600,MSFT
2023-08-23,319.5163879394531,321.66605140677217,316.0573948399172,316.40917150691627,21166400,MSFT
2023-08-24,312.64727783203125,325.35954498918005,312.63749714645934,325.2325153533981,23281400,MSFT
2023-08-25,315.58843994140625,317.9139473148537,311.5040788241883,314.11298756039173,21684100,MSFT
2023-08-28,316.2919616699219,318.68587419815776,314.3572643100924,318.20709765634393,14808500,MSFT
2023-08-29,320.8941650390625,321.45112744073015,314.5136087751781,314.5136087751781,19284600,MSFT
2023-08-30,321.2654113769531,322.26205720426236,318.97896754783574,321.14816243481806,15222100,MSFT
2023-08-31,320.2590637207031,323.33696848625215,319.3014807588833,321.6661110110973,26411000,MSFT
2023-09-01,321.138427734375,324.3922056211829,319.3014478601216,323.7277749745022,14942000,MSFT
2023-09-05,325.9165344238281,327.18680118433525,321.13845995330405,321.47067530997464,18553900,MSFT
2023-09-06,325.2618408203125,326.80566842614127,322.62362005663084,325.7503980121673,17535800,MSFT
2023-09-07,322.3597717285156,325.45720725929107,321.49990640162497,323.7081941893977,18381000,MSFT
2023-09-08,326.6200256347656,328.4667861972207,321.92010767166425,322.5356945258159,19530100,MSFT
2023-09-11,330.2060241699219,330.6750497904705,327.75345762157895,329.52203220068384,16583300,MSFT
2023-09-12,324.1772155761719,329.08234867340195,323.89387388585794,328.13454656577954,17565500,MSFT
2023-09-13,328.3690490722656,329.1409777651763,323.59097536312447,323.7277558674077,16544400,MSFT
2023-09-14,330.9486999511719,333.059241074138,328.86744125187914,331.38838359380287,20267000,MSFT
2023-09-15,322.6627197265625,329.6783939916595,322.1057573596053,329.20939816193993,37679800,MSFT
2023-09-18,321.5292663574219,322.8385960925468,318.89104551464607,320.29809265490445,16834200,MSFT
2023-09-19,321.128662109375,321.85174708859677,317.0834237409372,318.7054373268487,16505900,MSFT
2023-09-20,313.428955078125,322.0471106852366,313.1749256275898,321.9689546587249,21436500,MSFT
2023-09-21,312.21734619140625,317.9041588491349,307.79101939102566,311.9535360525413,35560400,MSFT
2023-09-22,309.75506591796875,314.09345652566765,308.9147319725734,313.96642687422224,21447900,MSFT
2023-09-25,310.27294921875,310.39997887585656,307.7910700190704,309.34467850848546,17836000,MSFT
2023-09-26,304.9964904785156,308.6508886408052,302.92498298833925,307.9180528712019,26297600,MSFT
2023-09-27,305.63165283203125,307.10707545013054,302.60259191792346,305.15284644995364,19410100,MSFT
2023-09-28,306.462158203125,308.26004502387354,302.36804670236813,303.87278132742597,19683600,MSFT
2023-09-29,308.5238952636719,312.1587623008752,307.7715278533527,310.4781242122937,24147300,MSFT
2023-10-02,314.4353942871094,314.523360821819,307.96690188868587,309.04173366618016,20570000,MSFT
2023-10-03,306.2178649902344,314.03477939534076,304.0877331522798,313.4875679533543,21033500,MSFT
2023-10-04,311.6604309082031,312.7157312613082,306.81395136342184,306.84326360549875,20720100,MSFT
2023-10-05,312.0512390136719,312.65707498694155,307.6933171593875,311.78742886180316,16965600,MSFT
2023-10-06,319.7704772949219,321.65630098463043,309.06128169271835,309.3055602997531,25673600,MSFT
2023-10-09,322.2719421386719,322.7409380589243,315.78388692958436,317.3179639968089,19891200,MSFT
2023-10-10,320.8746643066406,323.5226364118613,320.17114063147403,323.3858260604153,20557100,MSFT
2023-10-11,324.8123474121094,325.2031871666955,321.6074137138443,323.63001764409694,20063200,MSFT
2023-10-12,323.5811462402344,325.9946195382519,321.19698517583004,323.00465243306866,19313100,MSFT
2023-10-13,320.2297058105469,326.190079660526,318.8910340646987,324.7732817040409,21072400,MSFT
2023-10-16,325.02740478515625,328.4473057791793,323.034082713558,323.47376637843024,22158000,MSFT
2023-10-17,324.4606018066406,325.8285559881701,319.91702585909127,322.0471280716989,18338500,MSFT
2023-10-18,322.5552062988281,327.909803713785,320.78663169696983,324.88074324116036,23153600,MSFT
2023-10-19,323.737548828125,329.1703024841639,323.33692834747904,324.5485406563444,25052100,MSFT
2023-10-20,319.1939392089844,324.32378924714186,318.0018585787794,324.12835446088064,25027700,MSFT
2023-10-23,321.7832946777344,325.1152580837002,316.96612824184217,318.0213985858915,24374700,MSFT
2023-10-24,322.9656066894531,324.24562410946174,320.1026687848026,323.7179740081932,31153600,MSFT
2023-10-25,332.8735656738281,338.2770069491987,329.8933489527061,337.1239893295993,55053800,MSFT
2023-10-26,320.3861083984375,333.81165295289384,319.45783763585234,332.74660165744723,37828500,MSFT
2023-10-27,322.2621154785156,329.0139799295623,320.8843805209721,322.8679216685348,29856500,MSFT
2023-10-30,329.5904846191406,331.6815239306809,324.235886505314,325.77974409067264,22828100,MSFT
2023-10-31,330.3721008300781,331.24174686809175,327.0303866312015,331.09518568729226,20265300,MSFT
2023-11-01,338.14996337890625,339.46907368839175,331.8768762591472,332.0136865785613,28158800,MSFT
2023-11-02,340.34844970703125,340.8467577077369,336.8796761567897,339.29314959662656,24348100,MSFT
2023-11-03,344.7259521484375,346.27959030223104,339.38113512943426,341.62851616542054,23637700,MSFT
2023-11-06,348.37060546875,349.3575005821622,345.2633887474612,345.36110615399525,23828300,MSFT
2023-11-07,352.2790832519531,354.16490704694723,349.44545721598166,351.17493911544506,25833900,MSFT
2023-11-08,354.887939453125,355.54258936078696,352.2985626023582,353.40270657525184,26767800,MSFT
2023-11-09,352.4354248046875,356.441600143659,352.11296032697913,354.00856480709007,24847300,MSFT
2023-11-10,361.20989990234375,361.6300519453443,352.8067099465058,353.21708130319655,28042100,MSFT
2023-11-13,358.288330078125,360.03737334526807,357.5261819771122,359.7930947254669,19986500,MSFT
2023-11-14,361.79620361328125,363.43777876485865,358.94304574778874,362.5192886771421,27683900,MSFT
2023-11-15,361.94305419921875,365.3307238214912,359.4365366374243,363.51938712911283,26860100,MSFT
2023-11-16,368.30712890625,368.48335928952025,362.44231441681825,363.2060092906745,27182300,MSFT
2023-11-17,362.1192321777344,366.5447423144695,359.3287982048387,365.8006186204478,40157000,MSFT
2023-11-20,369.5506286621094,370.95073116555085,363.24523724780994,363.4606399313925,52465100,MSFT
2023-11-21,365.27197265625,368.3561243217149,363.3627202596963,367.8176325584251,28423100,MSFT
2023-11-22,369.9520263671875,371.85147806167527,367.1322205576516,370.0988850281661,23345300,MSFT
2023-11-24,369.54083251953125,370.0695536363756,367.29872033158176,369.44291677497637,10176600,MSFT
2023-11-27,370.6961364746094,372.683733332582,368.336537498751,368.9044009726802,22179200,MSFT
2023-11-28,374.7007141113281,374.994431479148,370.2556020402747,370.4416329997911,20453100,MSFT
2023-11-29,370.9311218261719,376.2671856758015,369.5505906614915,375.738494499301,28963400,MSFT
2023-11-30,370.9898986816406,372.1452267516367,367.6218003340975,370.578664516551,30554400,MSFT
2023-12-01,366.6818542480469,370.25555453657734,363.54872995472044,368.8848238631299,33040500,MSFT
2023-12-04,361.4241027832031,361.79613477265366,355.3145134346435,361.3849305128498,32063300,MSFT
2023-12-05,364.7334289550781,365.28172122334854,357.9776614584204,358.7903292029664,23065000,MSFT
2023-12-06,361.0912170410156,366.3587674073999,360.33732257448145,365.7321604216408,21182100,MSFT
2023-12-07,363.1962890625,363.68583789268007,358.66306211428184,360.5331422311326,23118900,MSFT
2023-12-08,366.4076843261719,366.6328576380953,360.53309906732864,361.48282487936234,20154400,MSFT
2023-12-11,363.5389709472656,363.8327181906465,358.44768073859893,360.77793808950827,27708800,MSFT
2023-12-12,366.5545959472656,366.5937682209635,362.7165198765075,363.09838231575895,24838300,MSFT
2023-12-13,366.5447692871094,369.7464376106383,363.0200118977458,368.16027437565873,30955500,MSFT
2023-12-14,358.28118896484375,365.9475401487158,356.5188251808004,365.50693426286074,43277500,MSFT
2023-12-15,362.98089599609375,364.61597239957655,358.6238993402138,359.1819921925265,78502300,MSFT
2023-12-18,364.8606872558594,365.20337736605416,360.9736688806633,361.7275930990288,21802900,MSFT
2023-12-19,365.4580078125,365.4580078125,362.1094806161989,363.7249858043668,20603700,MSFT
2023-12-20,362.8731384277344,368.1700598934919,362.785023231556,367.161590586535,26316700,MSFT
2023-12-21,365.7320861816406,366.58389622045354,362.3052449535161,364.7725598810794,17708000,MSFT
2023-12-22,366.7503662109375,367.33783074743565,364.9194584779402,365.8691843460341,17107500,MSFT
2023-12-26,366.8287048339844,369.0610461329153,365.69294804965995,367.1615944273694,12673100,MSFT
2023-12-27,366.2510070800781,367.22030403850823,365.0173346750331,365.87894525127507,14905400,MSFT
2023-12-28,367.4357604980469,368.5910885400905,366.33917592392487,367.5238756999293,14327000,MSFT
2023-12-29,368.1798400878906,369.2764245304369,365.6733528250178,368.14066782074684,18730800,MSFT
2024-01-02,363.117919921875,368.0427796247224,359.1036138103624,366.0454121665628,25258600,MSFT
2024-01-03,362.85357666015625,365.45797986261033,360.8072662610182,361.2968150611858,23083500,MSFT
2024-01-04,360.2491455078125,365.3012923191343,359.49525117073273,362.92209250603474,20901500,MSFT
2024-01-05,360.0631103515625,364.2830182415826,358.8392384604967,361.2576105124301,21004600,MSFT
2024-01-08,366.8580627441406,367.35741205524755,361.2967958412056,361.58071261682426,23134000,MSFT
2024-01-09,367.9351501464844,368.1309517677685,363.4312945412616,364.23416186369485,20830000,MSFT
2024-01-10,374.7691650390625,376.1399255368866,368.4540036584579,368.5029465849431,25514200,MSFT
2024-01-11,376.5903015136719,382.5138298348758,372.42913685903,377.93166039806545,27850800,MSFT
2024-01-12,380.35003662109375,380.55563874578314,376.6098767088899,377.4323150873344,21661200,MSFT
2024-01-16,382.1123962402344,385.79381264906647,379.5177936668549,385.43155133047776,27202300,MSFT
2024-01-17,381.3291015625,381.95570842020396,376.76650366232656,379.8702558603142,22234100,MSFT
2024-01-18,385.6371765136719,385.75466344784127,381.96556042243856,383.5321225973024,23392100,MSFT
2024-01-19,390.33685302734375,390.33685302734375,385.2749052923237,387.48767542805655,29331100,MSFT
2024-01-22,388.22198486328125,392.24606151114637,385.3630068278654,391.6585969965062,27016900,MSFT
2024-01-23,390.5619812011719,391.0319587511522,385.6958655004186,387.47783009611624,20525900,MSFT
2024-01-24,394.1455383300781,397.1513752160577,392.079656679383,393.14686950723774,24867000,MSFT
2024-01-25,396.4072570800781,398.5025403738,394.1161721859946,395.8687653294727,21021200,MSFT
2024-01-26,395.48687744140625,397.68007633393063,394.01823107466254,395.917682766026,17803300,MSFT
2024-01-29,401.1558837890625,401.41045873539736,395.8785331996652,397.57238286313674,24510200,MSFT
2024-01-30,400.0494384765625,404.41620490062047,397.95418539261016,403.64273939955535,33477600,MSFT
2024-01-31,389.2696838378906,406.6388988452341,388.90742243854083,398.45362583308616,47871100,MSFT
2024-02-01,395.3399658203125,399.4717582404377,393.4013421192245,393.43071384743723,30657700,MSFT
2024-02-02,402.6244812011719,404.02458347610695,395.1245906528018,395.3693650314836,28256700,MSFT
2024-02-05,397.17095947265625,402.5657971362689,395.5456537728456,401.33212452419457,25352300,MSFT
2024-02-06,397.0142822265625,399.4424550677267,394.4882235276778,397.39614463854895,18382600,MSFT
2024-02-07,405.39532470703125,405.64009909216526,398.8843320384044,398.92350430633786,22340500,MSFT
2024-02-08,405.4541320800781,406.87383568951475,403.9071708692484,405.39538860876115,21225300,MSFT
2024-02-09,411.7594909667969,412.0238664464446,406.41362634312986,406.5702855474464,22032800,MSFT
2024-02-12,406.58001708984375,411.9454519986709,406.08066782830315,411.7692216286035,21202900,MSFT
2024-02-13,397.826904296875,401.4985199304189,394.95815578632363,396.4757449629813,27824900,MSFT
2024-02-14,401.6720886230469,402.01541247950905,396.8460370500132,400.27921574475005,20401200,MSFT
2024-02-15,398.7980651855469,401.3190066322356,396.57141418180584,400.34791702088137,21825500,MSFT
2024-02-16,396.3457946777344,400.49504745207923,395.73763633762957,400.17133095818804,22296500,MSFT
2024-02-20,395.1000061035156,396.7675320143623,390.41126629664336,395.5413968145009,24307900,MSFT
2024-02-21,394.501708984375,394.609624467944,389.63641199991355,392.5301035768011,18518900,MSFT
2024-02-22,403.7908630371094,404.9483275530714,400.76967888893086,402.3587454167674,27009900,MSFT
2024-02-23,402.505859375,407.92046175721333,401.162019956702,407.73411674298126,16295900,MSFT
2024-02-26,399.7593688964844,404.2911603614398,399.58278265548927,403.6045125913183,16193500,MSFT
2024-02-27,399.70050048828125,400.5244598178457,396.13979878680874,400.2007433350152,14835800,MSFT
2024-02-28,399.9358825683594,401.48570431449235,397.5817089338175,400.38709194736896,13183100,MSFT
2024-02-29,405.7428894042969,406.29219561123216,398.17027676875426,400.83834831741547,31947300,MSFT
2024-03-01,407.56732177734375,407.93025299029875,403.0355310756915,403.4180696743678,17823400,MSFT
2024-03-04,406.9985046386719,409.38210473825626,404.4481369486675,405.546749508067,17596000,MSFT
2024-03-05,394.9626770019531,406.3412180011649,392.991071894389,406.0567462440755,26919200,MSFT
2024-03-06,394.413330078125,397.4247250969949,390.7839881082766,395.2765339863949,22344100,MSFT
2024-03-07,401.328857421875,401.95662320085074,394.56056584653686,398.3664950410901,18718500,MSFT
2024-03-08,398.46453857421875,402.58436507476455,396.61060766849016,400.171309298901,18002200,MSFT
2024-03-11,396.7969970703125,397.93485423983793,393.5992565104688,396.0515271512708,16120800,MSFT
2024-03-12,407.3515625,407.63603426425436,399.02366133031137,399.8378019777306,22457000,MSFT
2024-03-13,407.175048828125,410.19623327648054,403.59473945406836,410.1177737824093,17115900,MSFT
2024-03-14,417.101806640625,419.652174073812,410.0098292271171,412.21687278632703,34157300,MSFT
2024-03-15,408.4697570800781,414.53176184842266,404.90905594932127,411.2849584886003,45079900,MSFT
2024-03-18,409.3526611328125,412.6975620459207,405.88023735043,406.341265451297,20106000,MSFT
2024-03-19,413.36456298828125,413.6196087209555,407.6164248857175,409.8528945727863,19837900,MSFT
2024-03-20,417.1116027832031,417.8276466076136,412.62884514501485,413.94325853489937,17860100,MSFT
2024-03-21,421.1725769042969,422.5949058623587,419.0047780206844,421.62378632435974,21296200,MSFT
2024-03-22,420.5545959472656,421.65320840400005,417.93558766825475,421.4962894258474,17648500,MSFT
2024-03-25,414.78680419921875,419.24995422394994,413.5606690168653,417.1213703760103,18060500,MSFT
2024-03-26,413.59991455078125,417.85705232022457,413.3056540804049,417.48430243445387,16725600,MSFT
2024-03-27,413.3840637207031,416.34642512838883,411.01028305268915,416.3366064689131,16705000,MSFT
2024-03-28,412.68768310546875,413.815721504757,411.11822405931304,412.92309148516256,21871200,MSFT
2024-04-01,416.4642333984375,419.7208560550212,414.15909296576694,415.85607505767865,16316000,MSFT
2024-04-02,413.39398193359375,414.31603809824145,409.86270618972446,412.0893571765106,17912000,MSFT
2024-04-03,412.42291259765625,415.17926256521645,411.0888617244366,411.71665741417434,16502300,MSFT
2024-04-04,409.9020080566406,420.4860181021849,409.59792884663904,416.87625243015657,19370900,MSFT
2024-04-05,417.39605712890625,418.36717662742586,410.33353586981326,411.9912731648726,16554800,MSFT
2024-04-08,416.48382568359375,419.12247124179834,415.21844567326013,417.0527692258899,14272400,MSFT
2024-04-09,418.1415710449219,419.5736887198931,413.5705349702072,418.2985199584035,12496900,MSFT
2024-04-10,415.17926025390625,415.9345488749053,411.687229070282,414.1296811793762,16216600,MSFT
2024-04-11,419.76007080078125,421.1725811111206,414.2964045264092,417.6903687099733,17966400,MSFT
2024-04-12,413.84515380859375,417.06253143112855,411.75581460240056,415.95410040174403,19253800,MSFT
2024-04-15,405.7428894042969,418.6712525249299,405.5368771254888,418.4554515197094,20273500,MSFT
2024-04-16,406.6649169921875,410.4119935798852,405.8311689524943,406.65512826574127,16765600,MSFT
2024-04-17,403.97723388671875,410.8828360715611,402.4960529094379,409.2839508985917,15855500,MSFT
2024-04-18,396.55169677734375,404.026241455581,396.23782894383896,402.79028770167093,21029900,MSFT
2024-04-19,391.5001220703125,397.73871452270663,390.1758898574742,396.31638549133476,30565800,MSFT
2024-04-22,393.3049011230469,395.15883179011223,388.1943783333411,392.4416972104412,20286900,MSFT
2024-04-23,399.78875732421875,400.4067342721825,395.3648518176367,396.5223162949651,15734500,MSFT
2024-04-24,401.2503356933594,404.595236495939,399.0138660286807,401.74078982977966,15065300,MSFT
2024-04-25,391.4216003417969,392.2553782643455,380.62179192671005,386.5072408836068,40586500,MSFT
2024-04-26,398.5625915527344,405.1150505614492,398.0132854043954,404.3009099992489,29694700,MSFT
2024-04-29,394.5703430175781,398.56264677395114,391.56876617151903,397.5130677635141,19582100,MSFT
2024-04-30,381.8970031738281,394.4820730278576,381.74008419354954,393.8248513162942,28781400,MSFT
2024-05-01,387.3998718261719,394.05042796595137,382.85826224732904,385.11433904555116,23562500,MSFT
2024-05-02,390.2445373535156,392.2946320183516,387.1154376190438,390.067981051651,17709400,MSFT
2024-05-03,398.8961181640625,399.37675358596374,394.18774100881984,394.5997356096934,17446700,MSFT
2024-05-06,405.64483642578125,406.02737510572115,398.61171057588416,400.95609583749865,16996600,MSFT
2024-05-07,401.5249938964844,406.7532518204941,401.2797668251692,406.74343315845897,20018200,MSFT
2024-05-08,402.7021179199219,404.3598554078132,398.9452222175611,400.37736994582315,11792300,MSFT
2024-05-09,404.4480285644531,404.84038581124497,401.2895033351294,402.7314394166672,14689700,MSFT
2024-05-10,406.8218688964844,407.44966453116945,403.93799631140473,405.0562460600837,13402300,MSFT
2024-05-13,405.8212890625,410.36289822900073,402.9766616384639,410.02939307645266,15440200,MSFT
2024-05-14,408.6071472167969,409.5193847249845,403.69278719697195,404.1538152820149,15109300,MSFT
2024-05-15,415.7511901855469,416.46855556809163,410.0418362179186,410.66092785109674,22239500,MSFT
2024-05-16,413.6973876953125,418.05067177577746,413.0684896947791,414.49335406459187,17530100,MSFT
2024-05-17,412.9309387207031,415.59401656244523,410.78870878728935,415.2205942827064,15352200,MSFT
2024-05-20,417.9720458984375,419.37726753163014,412.7147152549324,412.9309055053418,16272100,MSFT
2024-05-21,421.6080017089844,425.46991744124085,417.4905802068074,419.4362626425402,21453300,MSFT
2024-05-22,423.06231689453125,424.91959180983645,419.7310556819618,422.63977275649836,18073700,MSFT
2024-05-23,419.603271484375,426.0889486573305,418.05065430726955,425.4698570651074,17211700,MSFT
2024-05-24,422.7086181640625,423.5930220442471,417.05822172145747,419.790064367194,11855300,MSFT
2024-05-28,422.8657531738281,423.3570918822038,419.2101919839553,422.1877033571548,15718000,MSFT
2024-05-29,421.7357177734375,423.4750461602697,418.3159892619867,418.3159892619867,15517100,MSFT
2024-05-30,407.48687744140625,416.95003623481153,407.0643033400361,416.95003623481153,28394500,MSFT
2024-05-31,407.9389343261719,409.5308671519035,397.50290358954135,409.5308671519035,47995300,MSFT
2024-06-03,406.3568115234375,409.21640680558284,401.8365187640821,408.33200300435846,17484700,MSFT
2024-06-04,408.8626403808594,409.22622626275023,402.58331667273,405.2856798357907,14348900,MSFT
2024-06-05,416.6651306152344,416.73389525429343,409.0886648755249,410.5725176189358,16988000,MSFT
2024-06-06,417.1662292480469,417.9425528471417,413.29447761268017,416.66508413024746,14861300,MSFT
2024-06-07,416.5078430175781,418.8957420228007,415.67256118761725,418.81714102196315,13621700,MSFT
2024-06-10,420.45819091796875,420.66454478320344,416.5471539046789,417.3431202309482,13982900,MSFT
2024-06-11,425.1849060058594,425.3224952545953,417.88361916349896,418.1096457911631,14551100,MSFT
2024-06-12,433.4197692871094,435.7192312163597,425.74505981738713,427.7792095971262,22366200,MSFT
2024-06-13,433.93072509765625,435.7093989946261,431.75901618030764,433.21338970261115,15960600,MSFT
2024-06-14,434.9035949707031,435.4637283515464,429.15492551069684,430.68790003484014,13582000,MSFT
2024-06-17,440.6031188964844,443.1286073434569,433.0856417971322,434.92324397820295,20790000,MSFT
2024-06-18,438.6082763671875,442.34246889984814,437.18341197055486,441.9198947788086,17112500,MSFT
2024-06-20,437.9794006347656,438.7950098147065,433.62611625090886,438.5689831798124,19877400,MSFT
2024-06-21,441.9886474609375,442.77477739903867,438.77530310305696,439.6302276576991,34187100,MSFT
2024-06-24,439.91522216796875,444.90721036131976,438.6770389987755,442.0082999216464,15913700,MSFT
2024-06-25,443.1384582519531,443.60031790530934,439.01120049902784,440.4852168409384,16413400,MSFT
2024-06-26,444.3274841308594,445.7425422004591,440.4262530619795,441.222219477512,16507000,MSFT
2024-06-27,445.0054931640625,448.267989524247,443.9441847148766,444.3470860716105,14806300,MSFT
2024-06-28,439.20770263671875,447.49166642517747,438.6770484115445,445.22168389223947,28362300,MSFT
2024-07-01,448.818359375,449.4472574564246,437.9401109437319,440.88814379845337,17662800,MSFT
2024-07-02,451.3241271972656,451.6287548273333,445.26099374388446,445.349461110364,13979800,MSFT
2024-07-03,452.78826904296875,453.0339384006955,449.94834686189404,450.2529744663604,9932800,MSFT
2024-07-05,459.4606628417969,460.2369864186551,451.0194672052492,451.6483651745115,16000300,MSFT
2024-07-08,458.1635437011719,459.598274429734,456.4143789671548,458.46817132419625,12962300,MSFT
2024-07-09,451.57965087890625,459.23468742094946,450.0663190511327,458.9104170237532,17207200,MSFT
2024-07-10,458.17340087890625,458.3797547644369,450.9113994976311,453.2305340754163,18196100,MSFT
2024-07-11,446.8234558105469,456.72883147324404,443.7279978013262,454.96002402992053,23111200,MSFT
2024-07-12,445.693359375,448.45468069664645,442.8436006787632,446.459846610387,16324300,MSFT
2024-07-15,446.09625244140625,449.33910606074033,443.61007966105154,445.4476817175394,14429400,MSFT
2024-07-16,441.73321533203125,446.4304129687703,438.9227718455909,446.3518119574386,17175700,MSFT
2024-07-17,435.8371276855469,437.14410559537976,431.5723108003405,434.92324477920374,21778000,MSFT
2024-07-18,432.7417297363281,436.94758866304596,426.87514326717604,436.6429610062861,20794800,MSFT
2024-07-19,429.5381774902344,433.49839687991425,424.5167095108502,425.59766083378145,20940400,MSFT
2024-07-22,435.2671203613281,436.89836840804566,431.3069317261726,434.1370473740231,15808800,MSFT
2024-07-23,437.1440734863281,440.6227600869156,435.4243879336588,436.21051790501895,13107100,MSFT
2024-07-24,421.4703674316406,433.8324669900576,420.18306232506063,432.82031037979385,26805800,MSFT
2024-07-25,411.1523132324219,422.35483218497876,410.27774573844266,421.3721545577555,29943800,MSFT
2024-07-26,417.90325927734375,421.490056226304,410.0418390958428,410.95575198353527,23583800,MSFT
2024-07-29,419.3379821777344,424.66407745687695,417.34314804369717,424.10394408211863,15125800,MSFT
2024-07-30,415.5939636230469,421.6177512482942,410.13024936818454,420.3108034246303,32687600,MSFT
2024-07-31,411.1031188964844,414.47369536650564,405.0694649339739,413.21586942488864,42891400,MSFT
2024-08-01,409.8846435546875,420.05536281702473,405.9342903580987,413.5009199514555,30296400,MSFT
2024-08-02,401.4139099121094,407.81114983489476,397.3358044115477,405.3446197900361,29437900,MSFT
2024-08-05,388.3049621582031,394.09294634268963,378.90073239916643,382.4285705967925,40709200,MSFT
2024-08-06,392.687744140625,398.6427974223072,391.59698650264767,393.07100276300895,24946500,MSFT
2024-08-07,391.5282287597656,402.9764167958112,390.58486666117705,401.5613886423986,20650900,MSFT
2024-08-08,395.7143859863281,398.8294567188382,393.0120229903142,395.46871662305415,20203000,MSFT
2024-08-09,398.9866943359375,400.9815283942931,395.2918474526737,397.03117577316215,19276700,MSFT
2024-08-12,399.7630615234375,401.6792947885224,397.23757296063644,400.0087309169643,16762900,MSFT
2024-08-13,406.8382873535156,407.7620065253935,402.47519721922214,402.49483997156227,19414300,MSFT
2024-08-14,409.638916015625,410.484034234621,405.30533476037385,407.61460282522484,18267000,MSFT
2024-08-15,414.482421875,414.56116454959863,411.16483466760724,413.27153919674845,20752100,MSFT
2024-08-16,411.9622497558594,414.787612725286,410.8104315549657,414.05913029915934,22775600,MSFT
2024-08-19,414.97467041015625,415.19125033166955,409.9835081573214,412.4446299731582,15234000,MSFT
2024-08-20,418.19378662109375,419.23729981689326,415.082955234779,415.14201975205145,16387600,MSFT
2024-08-21,417.5440673828125,419.7689009161739,415.1616884163413,417.48497282390196,16067300,MSFT
2024-08-22,409.0876159667969,420.1528389914807,408.1622318516386,417.7606059891525,19361900,MSFT
2024-08-23,410.3083801269531,412.73996960606866,405.6814592418378,410.4954277824997,18493800,MSFT
2024-08-26,407.0596618652344,410.7907306533513,404.94310328054127,409.89487877847426,13152800,MSFT
2024-08-27,407.404296875,407.91619944694173,403.87012920932085,406.43952621400086,13492900,MSFT
2024-08-28,404.2146301269531,408.5461982686738,400.97578558888256,408.4280692350888,14882700,MSFT
2024-08-29,406.6954650878906,415.4865852646763,404.2146650393698,408.48716903331825,17045200,MSFT
2024-08-30,410.6529235839844,410.99745657650817,405.7208262421071,409.1368642535232,24308300,MSFT
2024-09-03,403.0726623535156,413.3503087826454,400.7001374742272,411.41094371784055,20313600,MSFT
2024-09-04,402.54107666015625,404.8446830658677,398.0815251485243,399.59758459335677,15135800,MSFT
2024-09-05,402.0390319824219,406.67577709695456,399.8141682348964,401.2809872314555,14195500,MSFT
2024-09-06,395.45306396484375,404.2638620080845,394.56703607993364,402.6985921439958,19609500,MSFT
2024-09-09,399.4105224609375,402.2949499033103,395.89603343829765,400.9068736495872,15295100,MSFT
2024-09-10,407.7586975097656,409.855548179251,401.3597804269513,401.85200481793703,19594300,MSFT
2024-09-11,416.461181640625,417.39638986900843,403.21048066101315,409.03843011648604,19266900,MSFT
2024-09-12,420.3595886230469,420.7238298297295,413.2223356546228,416.72697057085117,17395700,MSFT
2024-09-13,423.893798828125,425.1145057080557,418.8435717530032,419.2078129966604,15874600,MSFT
2024-09-16,424.632080078125,426.7880250402565,421.5606050753592,423.9035976857479,13834700,MSFT
2024-09-17,428.3828430175781,434.9786612819886,425.54762597309116,433.3838592052121,18874200,MSFT
2024-09-18,424.1103515625,429.2491750935579,423.71657808226,428.2351941115192,18898000,MSFT
2024-09-19,431.8677978515625,434.63409626466625,430.1056262859268,434.36830593406904,21706600,MSFT
2024-09-20,428.5009460449219,432.409208323067,427.4672869965637,430.4206328981448,55167100,MSFT
2024-09-23,426.7684020996094,429.6725079875257,423.6969266994437,427.52641684805,15128900,MSFT
2024-09-24,422.495849609375,426.61083784634445,419.4735849772464,426.2662748026867,17015800,MSFT
2024-09-25,425.3901062011719,426.384408985251,421.9051794925785,423.14556440453987,13396400,MSFT
2024-09-26,424.6025695800781,428.5305103087993,422.45647860828996,428.32378449228514,14492000,MSFT
2024-09-27,421.3636779785156,425.134132931837,420.8222432669672,424.80924807051827,14896100,MSFT
2024-09-30,423.6082763671875,423.7264354508624,418.75495134014767,421.55078212730024,16807300,MSFT
2024-10-01,414.1476745605469,421.8165373929493,412.29690642757294,421.7870051373374,19092900,MSFT
2024-10-02,410.6430969238281,416.24461251055664,410.22961524498584,416.00832438993655,16582300,MSFT
2024-10-03,410.0622863769531,413.0254566537122,407.84727671300476,411.1353318978847,13686400,MSFT
2024-10-04,409.5897216796875,413.2223397680441,408.51667620718774,411.73581262468696,19169700,MSFT
2024-10-07,403.1711120605469,410.6233655735784,402.6395013728588,409.5306419831522,20919800,MSFT
2024-10-08,408.26068115234375,409.19591936395466,401.82240877121177,404.50993429186275,19229300,MSFT
2024-10-09,410.9679260253906,413.84252930935924,407.8570646785986,409.3928021729279,14974300,MSFT
2024-10-10,409.3731384277344,410.859665558973,406.7249690560659,408.77263914925425,13848400,MSFT
2024-10-11,409.8456726074219,410.6430736171545,406.8234080163179,409.6684790592566,14144900,MSFT
2024-10-14,412.6218566894531,417.4456494762865,411.0270245046469,411.2731366880873,16653100,MSFT
2024-10-15,412.22802734375,415.9098858066577,408.80216519233556,415.61453317923247,18900200,MSFT
2024-10-16,409.6487731933594,409.8850312589263,404.09649835161355,408.71356498849764,15508900,MSFT
2024-10-17,410.2394714355469,415.9295838303706,409.127039576057,415.7917465890575,14820000,MSFT
2024-10-18,411.6570739746094,413.12389293089865,409.78662744422246,410.6529471112624,17145300,MSFT
2024-10-21,412.2674255371094,412.44461909285747,407.31564977599334,409.6487883889798,14206100,MSFT
2024-10-22,420.8616638183594,423.8838984262341,411.53893363879695,411.9819175179694,25482200,MSFT
2024-10-23,417.9969177246094,424.37612597688815,415.95910173602493,424.1595460644349,19654400,MSFT
2024-10-24,418.1248779296875,419.3554387186423,415.8310957950025,418.71552307399537,13581600,MSFT
2024-10-25,421.49169921875,425.7937351729216,419.9362835126177,420.1233311665373,16899100,MSFT
2024-10-28,419.9559631347656,425.2227696357769,419.670464602579,424.9471252042487,14882400,MSFT
2024-10-29,425.2326354980469,426.4336641349943,419.1782518516455,421.34405104712135,17644100,MSFT
2024-10-30,425.8035583496094,431.68071778433335,425.38025265537163,430.63720465561414,29749100,MSFT
2024-10-31,400.0307312011719,409.6881704469,399.9814907408766,408.9005934690843,53971000,MSFT
2024-11-01,403.9881896972656,409.0384161036912,401.162826864631,402.64935394725995,24230400,MSFT
2024-11-04,402.1078796386719,404.0374205874987,399.26283871579096,403.42703719981586,19672300,MSFT
2024-11-05,405.06121826171875,408.4477238969609,401.7337771398714,402.0192756499378,17626000,MSFT
2024-11-06,413.6456604003906,413.91148078515863,404.13588205792996,406.0063586804049,26681800,MSFT
2024-11-07,418.81396484375,420.21189508853655,413.3502870767265,414.72850912180576,19901800,MSFT
2024-11-08,415.968994140625,419.8674028807744,415.2208034572557,418.70576053564287,16891400,MSFT
2024-11-11,411.5093994140625,418.2036383732599,409.530647967578,415.9492425000552,24503300,MSFT
2024-11-12,416.45135498046875,417.8394313280264,410.7120319666306,411.7456911405818,19401200,MSFT
2024-11-13,418.58758544921875,422.65333320998997,411.70626883397995,415.0829505962656,21502200,MSFT
2024-11-14,420.2513122558594,421.51140536702854,413.4684464166278,418.39068982634956,30246900,MSFT
2024-11-15,408.5462341308594,416.22492241780895,407.2073982420546,413.29128434963707,28247600,MSFT
2024-11-18,409.29437255859375,411.89330132284374,405.69128696291637,408.41819885611204,24727000,MSFT
2024-11-19,411.2928161621094,411.4404774532615,405.149836063281,406.6855735772408,18133500,MSFT
2024-11-20,409.0285949707031,410.8006207181085,404.19494808048387,410.38713903081657,19191700,MSFT
2024-11-21,407.2629089355469,414.07906953202513,404.717960528392,413.80287334750346,20780200,MSFT
2024-11-22,411.3368225097656,411.73138418459337,405.4774898240383,405.7832773797643,24814600,MSFT
2024-11-25,413.1025085449219,415.36138685697927,409.21601445717323,412.698073057269,27691100,MSFT
2024-11-26,422.17755126953125,423.21330950979313,413.161695275106,413.891635863064,23458900,MSFT
2024-11-27,417.2454528808594,421.42789081016514,416.28862504102557,419.33665679394954,18332400,MSFT
2024-11-29,417.70904541015625,419.1097738504757,412.1259094010287,414.38481768654003,16271900,MSFT
2024-12-02,425.126953125,427.1195090506518,415.58826631722377,415.84474493949193,20207200,MSFT
2024-12-03,425.343994140625,426.59673575541547,421.9309618493427,424.0024483022702,18302000,MSFT
2024-12-04,431.4794921875,433.698935348809,426.754535872994,427.1490975254907,26009400,MSFT
2024-12-05,436.60888671875,438.62119043191433,430.2465005729482,431.9727342727058,21697800,MSFT
2024-12-06,437.5459899902344,440.04162946603964,435.7704172944161,436.29321828806303,18821000,MSFT
2024-12-09,439.9626159667969,442.2412415750421,434.51759362164677,436.5890796572662,19144400,MSFT
2024-12-10,437.3092041015625,443.51378920495125,435.6027181772746,438.3548361326827,18469500,MSFT
2024-12-11,442.89239501953125,444.23394093068583,438.01948123467236,438.01948123467236,19200200,MSFT
2024-12-12,443.4546203613281,449.96499320791463,443.01071967285327,443.01071967285327,20834800,MSFT
2024-12-13,441.1957092285156,445.2992167545738,439.5286583553318,442.34983294961415,20177800,MSFT
2024-12-16,445.4570007324219,446.0389843929351,439.2326985780913,441.1956629672055,23598800,MSFT
2024-12-17,448.28802490234375,449.1067696297947,443.46445105856475,444.88489699979203,22733500,MSFT
2024-12-18,431.4499206542969,446.50265760588917,431.08492025325205,445.1907332778121,24444500,MSFT
2024-12-19,431.0947570800781,437.1612287919841,430.39440791706704,435.6224173363725,22963700,MSFT
2024-12-20,430.670654296875,437.71367214918683,422.80889160222836,427.2280306144627,64263700,MSFT
2024-12-23,429.3389892578125,431.70638949616176,426.9518413679703,430.80874434392524,19152500,MSFT
2024-12-24,433.363525390625,433.6298778354008,428.2933464556966,428.74709084992185,7164500,MSFT
2024-12-26,432.1601257324219,434.9517090842379,430.70024449975995,433.1169536147247,8194200,MSFT
2024-12-27,424.6830749511719,429.3093836032803,420.5598497453618,428.6978084898888,18117700,MSFT
2024-12-30,419.06048583984375,421.7435474622816,416.17028459927946,420.2737923808389,13158700,MSFT
2024-12-31,415.7756652832031,420.93464819489714,414.9470768224156,420.3131993235258,13246500,MSFT
