Date,Open,High,Low,Close,Volume,Symbol
2015-01-01,198.97,199.04,198.2,198.96,3188390.0,STOCK_D_STABLE2
2015-01-02,198.1,198.35,197.05,197.53,3495389.0,STOCK_D_STABLE2
2015-01-05,197.52,198.15,197.06,197.91,582181.0,STOCK_D_STABLE2
2015-01-06,199.76,200.28,198.37,199.98,262945.0,STOCK_D_STABLE2
2015-01-07,199.89,201.05,199.42,199.68,4540177.0,STOCK_D_STABLE2
2015-01-08,200.82,203.25,199.93,200.37,3824666.0,STOCK_D_STABLE2
2015-01-09,202.85,204.9,201.38,201.71,4465620.0,STOCK_D_STABLE2
2015-01-12,202.79,204.14,200.13,203.44,10807171.0,STOCK_D_STABLE2
2015-01-13,201.69,202.77,200.79,201.32,849512.0,STOCK_D_STABLE2
2015-01-14,202.61,203.63,202.36,202.52,2429563.0,STOCK_D_STABLE2
2015-01-15,201.35,203.61,201.09,202.53,454974.0,STOCK_D_STABLE2
2015-01-16,199.89,201.25,198.7,201.13,4015026.0,STOCK_D_STABLE2
2015-01-19,199.36,200.07,198.35,199.56,4570429.0,STOCK_D_STABLE2
2015-01-20,199.58,200.51,197.21,199.07,4326064.0,STOCK_D_STABLE2
2015-01-21,196.52,197.84,195.91,196.76,3613254.0,STOCK_D_STABLE2
2015-01-22,193.41,193.41,193.17,193.37,3765783.0,STOCK_D_STABLE2
2015-01-23,194.49,194.86,193.3,193.58,369469.0,STOCK_D_STABLE2
2015-01-26,195.4,196.84,194.73,195.44,783542.0,STOCK_D_STABLE2
2015-01-27,195.28,195.3,193.61,194.93,1663363.0,STOCK_D_STABLE2
2015-01-28,196.42,197.02,196.13,196.72,1396088.0,STOCK_D_STABLE2
2015-01-29,196.37,197.58,194.85,195.83,213152.0,STOCK_D_STABLE2
2015-01-30,192.72,194.4,190.76,193.55,3732921.0,STOCK_D_STABLE2
2015-02-02,189.15,190.76,189.11,190.08,1529807.0,STOCK_D_STABLE2
2015-02-03,188.49,189.4,187.79,188.26,389271.0,STOCK_D_STABLE2
2015-02-04,192.85,193.07,190.79,191.6,4929865.0,STOCK_D_STABLE2
2015-02-05,190.5,191.14,190.39,191.13,791018.0,STOCK_D_STABLE2
2015-02-06,184.94,189.0,184.65,187.03,1213901.0,STOCK_D_STABLE2
2015-02-09,187.51,187.73,186.08,187.08,791433.0,STOCK_D_STABLE2
2015-02-10,187.39,188.32,186.14,186.27,2470961.0,STOCK_D_STABLE2
2015-02-11,186.0,186.31,185.0,185.26,2780318.0,STOCK_D_STABLE2
2015-02-12,183.09,184.38,182.1,183.89,2201637.0,STOCK_D_STABLE2
2015-02-13,182.14,182.79,180.9,182.08,3133965.0,STOCK_D_STABLE2
2015-02-16,181.45,182.35,180.69,181.33,4007126.0,STOCK_D_STABLE2
2015-02-17,177.92,179.18,176.52,177.43,3384160.0,STOCK_D_STABLE2
2015-02-18,176.03,177.46,173.78,175.04,4444672.0,STOCK_D_STABLE2
2015-02-19,174.78,175.17,173.84,174.41,2558947.0,STOCK_D_STABLE2
2015-02-20,176.44,177.28,175.62,176.06,1543239.0,STOCK_D_STABLE2
2015-02-23,177.5,178.2,177.04,177.08,4906301.0,STOCK_D_STABLE2
2015-02-24,181.02,181.71,179.89,181.06,3365109.0,STOCK_D_STABLE2
2015-02-25,182.55,185.34,182.28,183.75,1956276.0,STOCK_D_STABLE2
2015-02-26,179.42,180.35,178.11,179.7,3732730.0,STOCK_D_STABLE2
2015-02-27,181.16,181.79,179.85,180.89,1999946.0,STOCK_D_STABLE2
2015-03-02,183.48,183.91,182.94,183.07,732495.0,STOCK_D_STABLE2
2015-03-03,182.78,183.75,182.43,183.62,2525680.0,STOCK_D_STABLE2
2015-03-04,178.96,180.42,178.82,179.59,1947161.0,STOCK_D_STABLE2
2015-03-05,178.71,178.99,177.8,178.85,2055347.0,STOCK_D_STABLE2
2015-03-06,177.47,178.19,175.97,177.15,971762.0,STOCK_D_STABLE2
2015-03-09,178.37,178.58,177.94,177.99,2794852.0,STOCK_D_STABLE2
2015-03-10,180.3,180.87,178.86,180.5,4765995.0,STOCK_D_STABLE2
2015-03-11,182.1,182.61,181.84,181.95,2956619.0,STOCK_D_STABLE2
2015-03-12,179.67,181.19,179.6,179.75,1146726.0,STOCK_D_STABLE2
2015-03-13,181.8,182.62,180.7,181.5,3209253.0,STOCK_D_STABLE2
2015-03-16,180.56,181.79,180.08,181.57,1826700.0,STOCK_D_STABLE2
2015-03-17,183.74,183.98,180.81,183.78,2410407.0,STOCK_D_STABLE2
2015-03-18,183.12,183.22,183.0,183.17,2634861.0,STOCK_D_STABLE2
2015-03-19,183.51,184.67,182.82,183.65,2588002.0,STOCK_D_STABLE2
2015-03-20,183.99,184.03,183.0,183.55,549182.0,STOCK_D_STABLE2
2015-03-23,184.28,184.83,182.93,183.09,5224801.0,STOCK_D_STABLE2
2015-03-24,186.81,186.87,185.95,186.42,2685528.0,STOCK_D_STABLE2
2015-03-25,187.73,189.57,187.56,188.43,1977782.0,STOCK_D_STABLE2
2015-03-26,189.35,189.94,188.99,189.4,4248067.0,STOCK_D_STABLE2
2015-03-27,186.84,187.64,185.94,186.26,2785199.0,STOCK_D_STABLE2
2015-03-30,185.75,185.96,183.74,184.7,3451121.0,STOCK_D_STABLE2
2015-03-31,184.47,185.72,183.82,184.74,1378370.0,STOCK_D_STABLE2
2015-04-01,186.3,186.4,185.75,186.02,4404497.0,STOCK_D_STABLE2
2015-04-02,182.16,183.13,180.71,182.18,3631607.0,STOCK_D_STABLE2
2015-04-03,183.56,184.65,183.42,183.97,3099102.0,STOCK_D_STABLE2
2015-04-06,180.82,182.49,179.6,181.45,4534433.0,STOCK_D_STABLE2
2015-04-07,178.3,178.95,177.19,178.76,1693636.0,STOCK_D_STABLE2
2015-04-08,181.57,181.63,180.18,180.96,1115406.0,STOCK_D_STABLE2
2015-04-09,179.57,181.07,179.08,179.58,637633.0,STOCK_D_STABLE2
2015-04-10,179.79,180.3,179.73,180.24,4307820.0,STOCK_D_STABLE2
2015-04-13,182.88,183.12,181.13,182.32,9704299.0,STOCK_D_STABLE2
2015-04-14,183.11,183.88,181.63,183.56,2281484.0,STOCK_D_STABLE2
2015-04-15,180.18,181.25,179.17,181.05,2824389.0,STOCK_D_STABLE2
2015-04-16,179.5,180.42,177.89,179.66,913015.0,STOCK_D_STABLE2
2015-04-17,178.12,178.79,176.84,178.21,2548410.0,STOCK_D_STABLE2
2015-04-20,179.44,180.08,177.96,178.91,4847366.0,STOCK_D_STABLE2
2015-04-21,178.21,179.99,177.99,179.49,964742.0,STOCK_D_STABLE2
2015-04-22,180.88,182.49,180.04,181.75,1167926.0,STOCK_D_STABLE2
2015-04-23,182.18,184.05,181.67,182.73,3444025.0,STOCK_D_STABLE2
2015-04-24,185.07,186.16,184.15,184.71,3433567.0,STOCK_D_STABLE2
2015-04-27,183.54,184.84,183.44,184.16,277683.0,STOCK_D_STABLE2
2015-04-28,182.91,183.92,182.42,183.34,1263378.0,STOCK_D_STABLE2
2015-04-29,178.44,180.88,177.29,179.83,2660269.0,STOCK_D_STABLE2
2015-04-30,178.35,178.69,177.4,178.3,816449.0,STOCK_D_STABLE2
2015-05-01,175.47,176.26,174.42,174.57,2495886.0,STOCK_D_STABLE2
2015-05-04,172.76,173.5,172.11,172.73,2035943.0,STOCK_D_STABLE2
2015-05-05,177.05,177.56,175.74,175.76,1689270.0,STOCK_D_STABLE2
2015-05-06,177.31,177.96,175.87,176.19,3067390.0,STOCK_D_STABLE2
2015-05-07,175.9,177.33,174.86,176.25,4513907.0,STOCK_D_STABLE2
2015-05-08,175.07,177.73,174.94,175.96,2526913.0,STOCK_D_STABLE2
2015-05-11,175.14,175.4,174.48,174.84,2128450.0,STOCK_D_STABLE2
2015-05-12,176.23,176.79,173.8,174.62,353968.0,STOCK_D_STABLE2
2015-05-13,176.99,177.67,176.07,176.71,2184148.0,STOCK_D_STABLE2
2015-05-14,174.6,175.76,173.38,174.43,4774546.0,STOCK_D_STABLE2
2015-05-15,172.41,173.13,170.98,173.02,1546091.0,STOCK_D_STABLE2
2015-05-18,171.06,171.48,169.84,171.06,3672699.0,STOCK_D_STABLE2
2015-05-19,171.08,171.59,169.97,170.31,2467443.0,STOCK_D_STABLE2
2015-05-20,175.42,175.77,174.83,175.64,2336116.0,STOCK_D_STABLE2
2015-05-21,178.79,180.38,178.47,179.58,1386465.0,STOCK_D_STABLE2
2015-05-22,184.46,184.55,183.78,183.85,1601630.0,STOCK_D_STABLE2
2015-05-25,181.0,182.61,180.17,180.93,1998527.0,STOCK_D_STABLE2
2015-05-26,177.3,178.17,177.13,177.85,951801.0,STOCK_D_STABLE2
2015-05-27,178.74,180.06,178.65,179.86,3316274.0,STOCK_D_STABLE2
2015-05-28,178.12,179.38,177.41,177.86,713780.0,STOCK_D_STABLE2
2015-05-29,178.43,179.8,178.05,178.53,1320524.0,STOCK_D_STABLE2
2015-06-01,175.45,176.38,174.02,175.56,4479612.0,STOCK_D_STABLE2
2015-06-02,178.5,178.54,177.33,177.99,4803854.0,STOCK_D_STABLE2
2015-06-03,177.29,178.88,176.92,177.74,632826.0,STOCK_D_STABLE2
2015-06-04,177.01,177.9,176.25,176.92,1842836.0,STOCK_D_STABLE2
2015-06-05,182.78,183.05,181.93,183.01,3157489.0,STOCK_D_STABLE2
2015-06-08,184.56,184.8,182.07,183.44,4801051.0,STOCK_D_STABLE2
2015-06-09,181.59,181.69,180.78,181.1,641892.0,STOCK_D_STABLE2
2015-06-10,177.95,179.16,177.65,179.1,4409215.0,STOCK_D_STABLE2
2015-06-11,182.08,183.29,181.19,181.76,2665152.0,STOCK_D_STABLE2
2015-06-12,179.2,180.16,178.39,179.65,956877.0,STOCK_D_STABLE2
2015-06-15,182.53,184.59,181.88,183.0,3062402.0,STOCK_D_STABLE2
2015-06-16,180.42,181.82,180.23,180.27,374678.0,STOCK_D_STABLE2
2015-06-17,180.46,181.71,179.36,180.59,722792.0,STOCK_D_STABLE2
2015-06-18,177.67,179.06,175.04,177.86,2945122.0,STOCK_D_STABLE2
2015-06-19,179.29,180.7,179.09,179.93,816285.0,STOCK_D_STABLE2
2015-06-22,181.57,183.14,181.55,182.33,3636569.0,STOCK_D_STABLE2
2015-06-23,181.91,183.63,181.71,183.15,3881530.0,STOCK_D_STABLE2
2015-06-24,182.86,183.14,182.05,182.3,1552199.0,STOCK_D_STABLE2
2015-06-25,180.0,180.9,179.06,180.63,680850.0,STOCK_D_STABLE2
2015-06-26,179.22,180.45,178.99,179.9,1754324.0,STOCK_D_STABLE2
2015-06-29,176.37,176.98,176.35,176.8,4351044.0,STOCK_D_STABLE2
2015-06-30,175.7,176.5,173.07,174.8,637507.0,STOCK_D_STABLE2
2015-07-01,178.64,179.35,176.81,177.22,308266.0,STOCK_D_STABLE2
2015-07-02,177.05,177.79,175.07,175.85,2338999.0,STOCK_D_STABLE2
2015-07-03,175.37,176.44,174.52,175.56,720964.0,STOCK_D_STABLE2
2015-07-06,178.1,178.36,176.26,178.3,1118479.0,STOCK_D_STABLE2
2015-07-07,178.64,179.16,177.66,178.82,4493185.0,STOCK_D_STABLE2
2015-07-08,178.59,179.99,177.44,178.7,4944893.0,STOCK_D_STABLE2
2015-07-09,179.93,181.16,179.02,180.83,3372612.0,STOCK_D_STABLE2
2015-07-10,182.61,182.77,180.88,181.71,1832217.0,STOCK_D_STABLE2
2015-07-13,183.74,185.12,182.31,182.42,4157744.0,STOCK_D_STABLE2
2015-07-14,182.25,183.27,181.68,182.72,3983209.0,STOCK_D_STABLE2
2015-07-15,185.93,186.82,185.3,185.78,1298306.0,STOCK_D_STABLE2
2015-07-16,189.56,190.65,188.91,189.45,4271253.0,STOCK_D_STABLE2
2015-07-17,183.92,184.85,183.27,183.9,2360984.0,STOCK_D_STABLE2
2015-07-20,189.03,189.04,187.44,188.13,2402824.0,STOCK_D_STABLE2
2015-07-21,187.76,190.68,186.85,189.83,4867519.0,STOCK_D_STABLE2
2015-07-22,189.77,190.4,188.95,189.0,1762184.0,STOCK_D_STABLE2
2015-07-23,189.34,191.47,188.26,190.93,149820.0,STOCK_D_STABLE2
2015-07-24,186.17,188.96,185.28,187.48,1013131.0,STOCK_D_STABLE2
2015-07-27,187.05,189.33,186.66,188.11,1582242.0,STOCK_D_STABLE2
2015-07-28,190.86,191.47,190.09,190.77,2241970.0,STOCK_D_STABLE2
2015-07-29,189.38,190.02,189.23,190.01,1257089.0,STOCK_D_STABLE2
2015-07-30,184.42,185.24,182.83,184.56,2515563.0,STOCK_D_STABLE2
2015-07-31,184.29,185.54,184.02,184.8,4025796.0,STOCK_D_STABLE2
2015-08-03,183.48,184.37,183.37,184.26,1413573.0,STOCK_D_STABLE2
2015-08-04,188.09,189.11,187.49,187.5,110951.0,STOCK_D_STABLE2
2015-08-05,190.38,191.9,189.54,189.58,683568.0,STOCK_D_STABLE2
2015-08-06,194.78,194.93,193.75,194.18,7950288.0,STOCK_D_STABLE2
2015-08-07,194.13,195.48,193.85,194.47,1258232.0,STOCK_D_STABLE2
2015-08-10,195.67,197.51,192.93,196.27,602201.0,STOCK_D_STABLE2
2015-08-11,196.71,198.73,195.83,197.9,823045.0,STOCK_D_STABLE2
2015-08-12,197.01,198.5,196.5,196.52,1563934.0,STOCK_D_STABLE2
2015-08-13,196.14,199.17,195.06,197.37,1141998.0,STOCK_D_STABLE2
2015-08-14,203.66,204.21,203.27,203.68,1695094.0,STOCK_D_STABLE2
2015-08-17,201.82,203.61,200.79,202.44,2133542.0,STOCK_D_STABLE2
2015-08-18,202.58,204.23,201.71,203.99,617075.0,STOCK_D_STABLE2
2015-08-19,203.59,204.5,202.46,203.9,3290099.0,STOCK_D_STABLE2
2015-08-20,206.22,206.62,204.94,206.06,3607232.0,STOCK_D_STABLE2
2015-08-21,205.42,205.46,202.37,204.15,3308494.0,STOCK_D_STABLE2
2015-08-24,208.19,209.53,206.74,207.77,2429760.0,STOCK_D_STABLE2
2015-08-25,208.2,208.83,206.91,207.66,2040358.0,STOCK_D_STABLE2
2015-08-26,208.18,208.51,205.24,207.19,8466841.0,STOCK_D_STABLE2
2015-08-27,206.68,207.3,205.06,206.03,4361447.0,STOCK_D_STABLE2
2015-08-28,206.84,207.95,205.18,207.2,3434781.0,STOCK_D_STABLE2
2015-08-31,204.9,206.49,203.98,205.04,2428625.0,STOCK_D_STABLE2
2015-09-01,205.76,207.9,205.02,207.31,747445.0,STOCK_D_STABLE2
2015-09-02,205.91,206.63,204.74,205.79,4095163.0,STOCK_D_STABLE2
2015-09-03,204.69,206.91,202.3,205.51,3190621.0,STOCK_D_STABLE2
2015-09-04,207.91,210.29,207.37,208.75,4162490.0,STOCK_D_STABLE2
2015-09-07,211.19,212.75,210.92,212.53,3171980.0,STOCK_D_STABLE2
2015-09-08,212.26,214.04,212.06,213.17,4813690.0,STOCK_D_STABLE2
2015-09-09,210.73,212.84,210.13,211.87,1469599.0,STOCK_D_STABLE2
2015-09-10,212.57,213.87,210.92,212.03,1768203.0,STOCK_D_STABLE2
2015-09-11,214.17,216.06,213.94,214.2,118546.0,STOCK_D_STABLE2
2015-09-14,214.52,215.9,213.4,214.67,4370322.0,STOCK_D_STABLE2
2015-09-15,215.73,216.72,215.17,216.18,4172283.0,STOCK_D_STABLE2
2015-09-16,219.57,220.04,219.35,219.4,3133358.0,STOCK_D_STABLE2
2015-09-17,215.05,215.32,213.86,214.69,3798294.0,STOCK_D_STABLE2
2015-09-18,215.76,215.93,214.27,214.97,3256058.0,STOCK_D_STABLE2
2015-09-21,215.58,216.88,213.95,215.36,2011290.0,STOCK_D_STABLE2
2015-09-22,213.81,214.28,213.64,214.06,2284812.0,STOCK_D_STABLE2
2015-09-23,215.86,216.26,215.13,215.48,1891604.0,STOCK_D_STABLE2
2015-09-24,213.71,214.31,212.83,213.44,3196856.0,STOCK_D_STABLE2
2015-09-25,212.33,212.99,211.59,212.51,1616468.0,STOCK_D_STABLE2
2015-09-28,210.63,211.87,209.88,211.69,3501426.0,STOCK_D_STABLE2
2015-09-29,216.29,217.17,216.25,216.54,3299850.0,STOCK_D_STABLE2
2015-09-30,214.34,214.96,213.56,213.67,467139.0,STOCK_D_STABLE2
2015-10-01,213.04,213.75,211.73,213.39,5170631.0,STOCK_D_STABLE2
2015-10-02,215.82,216.5,215.34,216.05,4746500.0,STOCK_D_STABLE2
2015-10-05,219.41,219.81,216.13,217.71,4783555.0,STOCK_D_STABLE2
2015-10-06,214.53,214.87,214.15,214.46,3049660.0,STOCK_D_STABLE2
2015-10-07,215.21,215.39,214.56,214.73,4409818.0,STOCK_D_STABLE2
2015-10-08,209.93,211.42,209.21,210.01,4133823.0,STOCK_D_STABLE2
2015-10-09,211.29,212.36,210.27,212.07,1955527.0,STOCK_D_STABLE2
2015-10-12,213.55,215.67,211.05,213.7,4935080.0,STOCK_D_STABLE2
2015-10-13,212.66,212.88,211.73,212.27,4117504.0,STOCK_D_STABLE2
2015-10-14,208.68,211.02,208.32,209.56,3643573.0,STOCK_D_STABLE2
2015-10-15,209.77,210.09,209.09,209.78,4387633.0,STOCK_D_STABLE2
2015-10-16,206.77,209.19,206.24,207.94,2834356.0,STOCK_D_STABLE2
2015-10-19,206.14,207.58,204.41,205.42,3254756.0,STOCK_D_STABLE2
2015-10-20,204.84,205.79,204.27,205.7,1814366.0,STOCK_D_STABLE2
2015-10-21,209.3,209.96,208.2,208.34,3161207.0,STOCK_D_STABLE2
2015-10-22,206.93,207.93,206.51,207.16,4537193.0,STOCK_D_STABLE2
2015-10-23,203.94,205.13,202.8,204.87,3877019.0,STOCK_D_STABLE2
2015-10-26,202.66,202.84,201.91,202.74,2549001.0,STOCK_D_STABLE2
2015-10-27,206.67,207.31,205.1,205.77,977377.0,STOCK_D_STABLE2
2015-10-28,202.5,203.45,202.24,203.29,2307669.0,STOCK_D_STABLE2
2015-10-29,200.53,200.93,198.86,200.7,3338300.0,STOCK_D_STABLE2
2015-10-30,201.43,203.71,200.22,202.25,3885028.0,STOCK_D_STABLE2
2015-11-02,202.93,204.19,201.59,202.68,4538848.0,STOCK_D_STABLE2
2015-11-03,206.58,206.59,204.31,205.46,4608938.0,STOCK_D_STABLE2
2015-11-04,205.82,206.37,205.57,206.23,2975385.0,STOCK_D_STABLE2
2015-11-05,204.26,206.04,204.22,204.38,787874.0,STOCK_D_STABLE2
2015-11-06,206.62,208.02,206.34,207.35,4595456.0,STOCK_D_STABLE2
2015-11-09,204.57,205.83,203.58,204.04,3364442.0,STOCK_D_STABLE2
2015-11-10,207.01,207.74,205.2,205.51,807481.0,STOCK_D_STABLE2
2015-11-11,204.58,204.99,202.55,204.7,3252494.0,STOCK_D_STABLE2
2015-11-12,206.79,209.14,206.13,207.53,139414.0,STOCK_D_STABLE2
2015-11-13,206.04,208.46,204.89,206.99,4149761.0,STOCK_D_STABLE2
2015-11-16,209.12,211.7,207.74,208.03,1723897.0,STOCK_D_STABLE2
2015-11-17,208.16,208.27,206.28,207.42,2183643.0,STOCK_D_STABLE2
2015-11-18,209.13,209.17,207.28,207.95,1252173.0,STOCK_D_STABLE2
2015-11-19,209.5,210.2,207.99,209.18,301598.0,STOCK_D_STABLE2
2015-11-20,207.84,208.3,207.01,208.11,4198878.0,STOCK_D_STABLE2
2015-11-23,207.62,207.74,206.34,207.57,2780490.0,STOCK_D_STABLE2
2015-11-24,211.47,211.75,210.48,211.25,3614073.0,STOCK_D_STABLE2
2015-11-25,210.27,212.07,210.0,211.15,746830.0,STOCK_D_STABLE2
2015-11-26,217.83,218.22,217.04,217.25,3755799.0,STOCK_D_STABLE2
2015-11-27,216.89,218.71,215.7,217.27,1548089.0,STOCK_D_STABLE2
2015-11-30,212.71,213.81,210.97,213.37,2756874.0,STOCK_D_STABLE2
2015-12-01,208.57,209.73,207.9,208.64,344373.0,STOCK_D_STABLE2
2015-12-02,211.89,212.42,211.54,212.13,4620370.0,STOCK_D_STABLE2
2015-12-03,210.19,212.11,208.98,211.04,928135.0,STOCK_D_STABLE2
2015-12-04,207.43,209.73,206.56,208.33,1233713.0,STOCK_D_STABLE2
2015-12-07,212.98,213.15,211.59,212.52,1618630.0,STOCK_D_STABLE2
2015-12-08,212.31,213.38,211.29,211.92,316271.0,STOCK_D_STABLE2
2015-12-09,212.27,213.4,210.31,210.7,1521822.0,STOCK_D_STABLE2
2015-12-10,212.3,213.46,211.77,212.6,2419366.0,STOCK_D_STABLE2
2015-12-11,212.13,214.37,209.98,212.54,3035649.0,STOCK_D_STABLE2
2015-12-14,214.12,214.59,211.28,213.43,4583077.0,STOCK_D_STABLE2
2015-12-15,214.0,214.38,213.43,213.73,3296835.0,STOCK_D_STABLE2
2015-12-16,213.29,214.97,210.4,211.73,2827588.0,STOCK_D_STABLE2
2015-12-17,209.41,209.66,208.39,209.07,2168152.0,STOCK_D_STABLE2
2015-12-18,210.91,212.62,210.28,211.11,4716673.0,STOCK_D_STABLE2
2015-12-21,211.05,212.96,209.19,212.05,3827476.0,STOCK_D_STABLE2
2015-12-22,211.18,213.89,210.93,211.51,1860173.0,STOCK_D_STABLE2
2015-12-23,204.78,206.15,204.1,204.39,1957268.0,STOCK_D_STABLE2
2015-12-24,202.72,204.45,202.51,202.61,1524075.0,STOCK_D_STABLE2
2015-12-25,203.18,203.41,202.11,202.23,2551363.0,STOCK_D_STABLE2
2015-12-28,204.49,207.0,204.18,205.21,2116428.0,STOCK_D_STABLE2
2015-12-29,206.07,206.79,205.15,206.34,4767788.0,STOCK_D_STABLE2
2015-12-30,208.44,210.87,207.85,210.74,4525302.0,STOCK_D_STABLE2
2015-12-31,204.3,205.62,203.18,205.38,2213738.0,STOCK_D_STABLE2
2016-01-01,203.33,204.01,203.08,203.49,379748.0,STOCK_D_STABLE2
2016-01-04,203.43,205.74,202.79,203.93,2924709.0,STOCK_D_STABLE2
2016-01-05,201.63,202.54,199.61,200.53,4883758.0,STOCK_D_STABLE2
2016-01-06,201.76,202.46,200.45,200.53,342475.0,STOCK_D_STABLE2
2016-01-07,202.32,203.64,200.06,201.46,3164142.0,STOCK_D_STABLE2
2016-01-08,202.68,202.95,202.61,202.61,1717978.0,STOCK_D_STABLE2
2016-01-11,204.4,204.88,203.84,204.81,11970671.0,STOCK_D_STABLE2
2016-01-12,201.24,201.51,199.29,200.55,3557324.0,STOCK_D_STABLE2
2016-01-13,196.73,198.67,195.15,197.54,4973320.0,STOCK_D_STABLE2
2016-01-14,197.39,197.79,195.61,196.99,3324077.0,STOCK_D_STABLE2
2016-01-15,196.74,197.61,196.64,197.36,455575.0,STOCK_D_STABLE2
2016-01-18,195.61,196.34,194.46,194.87,4875101.0,STOCK_D_STABLE2
2016-01-19,192.65,194.25,191.11,193.21,2476684.0,STOCK_D_STABLE2
2016-01-20,191.82,193.59,191.08,192.15,1990392.0,STOCK_D_STABLE2
2016-01-21,194.14,195.86,193.42,193.8,2037326.0,STOCK_D_STABLE2
2016-01-22,194.66,195.04,193.2,194.62,3739351.0,STOCK_D_STABLE2
2016-01-25,197.34,198.68,196.23,196.81,4004105.0,STOCK_D_STABLE2
2016-01-26,197.78,199.28,197.25,197.62,1219920.0,STOCK_D_STABLE2
2016-01-27,204.59,205.28,203.18,204.02,2096176.0,STOCK_D_STABLE2
2016-01-28,203.79,204.17,202.91,203.27,509004.0,STOCK_D_STABLE2
2016-01-29,202.7,203.58,201.08,203.35,3474207.0,STOCK_D_STABLE2
2016-02-01,204.4,205.0,202.97,203.65,4642336.0,STOCK_D_STABLE2
2016-02-02,206.85,208.89,205.56,207.22,4411466.0,STOCK_D_STABLE2
2016-02-03,212.63,214.7,212.48,213.39,4819719.0,STOCK_D_STABLE2
2016-02-04,213.68,214.17,213.18,214.15,2998572.0,STOCK_D_STABLE2
2016-02-05,215.76,216.17,214.21,214.93,4832966.0,STOCK_D_STABLE2
2016-02-08,218.55,219.57,217.34,218.29,4818303.0,STOCK_D_STABLE2
2016-02-09,216.53,217.93,215.67,217.02,3837753.0,STOCK_D_STABLE2
2016-02-10,216.05,217.98,215.18,216.18,2888040.0,STOCK_D_STABLE2
2016-02-11,208.53,210.18,208.0,208.78,297370.0,STOCK_D_STABLE2
2016-02-12,208.73,210.07,206.91,209.66,3101312.0,STOCK_D_STABLE2
2016-02-15,209.65,210.93,206.84,207.99,3179338.0,STOCK_D_STABLE2
2016-02-16,210.69,211.65,209.47,210.18,4279508.0,STOCK_D_STABLE2
2016-02-17,210.32,211.32,209.43,210.19,3440861.0,STOCK_D_STABLE2
2016-02-18,206.87,207.66,206.72,207.21,3385444.0,STOCK_D_STABLE2
2016-02-19,207.05,207.81,205.5,206.93,3655919.0,STOCK_D_STABLE2
2016-02-22,205.17,207.1,203.57,206.53,2265588.0,STOCK_D_STABLE2
2016-02-23,207.75,208.58,205.42,205.95,1376670.0,STOCK_D_STABLE2
2016-02-24,205.89,206.45,204.31,205.61,2538541.0,STOCK_D_STABLE2
2016-02-25,205.13,207.57,205.06,206.1,230519.0,STOCK_D_STABLE2
2016-02-26,204.71,207.03,203.28,206.42,4799903.0,STOCK_D_STABLE2
2016-02-29,206.7,208.68,205.74,206.15,3567508.0,STOCK_D_STABLE2
2016-03-01,207.55,207.62,206.97,207.17,544287.0,STOCK_D_STABLE2
2016-03-02,207.96,209.14,206.06,207.17,4098061.0,STOCK_D_STABLE2
2016-03-03,208.52,209.31,206.7,207.53,2333701.0,STOCK_D_STABLE2
2016-03-04,207.45,209.1,207.42,207.62,1306201.0,STOCK_D_STABLE2
2016-03-07,206.35,206.95,205.66,206.28,4037073.0,STOCK_D_STABLE2
2016-03-08,205.17,206.98,202.3,204.33,4372635.0,STOCK_D_STABLE2
2016-03-09,204.31,204.92,203.57,204.12,4292072.0,STOCK_D_STABLE2
2016-03-10,202.81,203.4,202.53,202.82,434288.0,STOCK_D_STABLE2
2016-03-11,205.83,205.99,204.52,205.64,3672542.0,STOCK_D_STABLE2
2016-03-14,207.36,207.45,206.35,206.63,3161559.0,STOCK_D_STABLE2
2016-03-15,203.53,203.64,202.88,203.17,4573786.0,STOCK_D_STABLE2
2016-03-16,203.79,204.89,203.61,204.66,1515877.0,STOCK_D_STABLE2
2016-03-17,203.74,205.8,203.73,204.14,771722.0,STOCK_D_STABLE2
2016-03-18,206.1,207.47,203.19,205.28,223898.0,STOCK_D_STABLE2
2016-03-21,202.89,205.38,201.28,203.93,4744411.0,STOCK_D_STABLE2
2016-03-22,203.5,205.03,202.52,204.3,1200818.0,STOCK_D_STABLE2
2016-03-23,203.64,205.96,203.23,205.0,4615435.0,STOCK_D_STABLE2
2016-03-24,200.48,203.28,200.48,201.98,3416050.0,STOCK_D_STABLE2
2016-03-25,205.47,206.23,203.17,203.67,954255.0,STOCK_D_STABLE2
2016-03-28,202.05,203.49,201.95,202.18,4533769.0,STOCK_D_STABLE2
2016-03-29,200.73,201.45,199.77,199.8,3657157.0,STOCK_D_STABLE2
2016-03-30,199.38,199.79,198.98,199.17,4613833.0,STOCK_D_STABLE2
2016-03-31,200.18,201.23,198.0,199.78,113452.0,STOCK_D_STABLE2
2016-04-01,196.96,197.02,195.79,196.03,2240969.0,STOCK_D_STABLE2
2016-04-04,198.34,199.98,197.38,199.91,908148.0,STOCK_D_STABLE2
2016-04-05,203.04,203.97,200.4,201.92,9819881.0,STOCK_D_STABLE2
2016-04-06,200.52,201.34,198.92,200.32,1819234.0,STOCK_D_STABLE2
2016-04-07,201.12,201.82,199.5,200.45,948342.0,STOCK_D_STABLE2
2016-04-08,204.32,205.29,203.31,204.22,4022845.0,STOCK_D_STABLE2
2016-04-11,202.97,203.43,202.34,203.1,5345876.0,STOCK_D_STABLE2
2016-04-12,201.29,203.41,200.27,202.6,1553218.0,STOCK_D_STABLE2
2016-04-13,206.11,206.54,204.87,206.27,1635585.0,STOCK_D_STABLE2
2016-04-14,208.67,208.99,207.46,208.84,3524066.0,STOCK_D_STABLE2
2016-04-15,204.67,206.18,203.28,206.08,1676153.0,STOCK_D_STABLE2
2016-04-18,206.56,208.67,206.28,207.6,1193467.0,STOCK_D_STABLE2
2016-04-19,209.56,210.39,208.41,209.85,4133791.0,STOCK_D_STABLE2
2016-04-20,210.3,211.44,210.27,210.34,3597074.0,STOCK_D_STABLE2
2016-04-21,212.58,213.72,212.42,212.44,3837929.0,STOCK_D_STABLE2
2016-04-22,210.93,211.84,210.09,210.37,481067.0,STOCK_D_STABLE2
2016-04-25,216.31,218.05,214.79,215.64,4826582.0,STOCK_D_STABLE2
2016-04-26,213.99,214.93,213.63,214.55,4222878.0,STOCK_D_STABLE2
2016-04-27,212.7,213.17,211.27,212.02,2644816.0,STOCK_D_STABLE2
2016-04-28,212.74,213.5,211.66,212.16,823469.0,STOCK_D_STABLE2
2016-04-29,207.74,209.58,206.42,207.75,204927.0,STOCK_D_STABLE2
2016-05-02,204.9,205.76,204.35,205.48,2014438.0,STOCK_D_STABLE2
2016-05-03,202.93,203.0,201.56,202.38,2419357.0,STOCK_D_STABLE2
2016-05-04,203.62,204.86,203.36,204.19,1181273.0,STOCK_D_STABLE2
2016-05-05,208.81,208.85,206.63,208.34,2593917.0,STOCK_D_STABLE2
2016-05-06,210.59,212.49,207.74,209.55,4414275.0,STOCK_D_STABLE2
2016-05-09,212.47,213.33,210.67,211.91,3474821.0,STOCK_D_STABLE2
2016-05-10,209.65,210.6,208.42,209.95,3515209.0,STOCK_D_STABLE2
2016-05-11,211.12,211.81,210.49,211.51,2316190.0,STOCK_D_STABLE2
2016-05-12,211.44,211.7,211.18,211.21,1229624.0,STOCK_D_STABLE2
2016-05-13,217.91,218.26,217.29,217.41,2882536.0,STOCK_D_STABLE2
2016-05-16,221.1,221.69,219.92,220.84,993670.0,STOCK_D_STABLE2
2016-05-17,220.29,221.07,217.7,219.46,4427896.0,STOCK_D_STABLE2
2016-05-18,221.16,221.89,219.06,219.36,498662.0,STOCK_D_STABLE2
2016-05-19,213.84,214.65,213.76,214.2,12818456.0,STOCK_D_STABLE2
2016-05-20,217.63,218.22,215.32,216.7,3036736.0,STOCK_D_STABLE2
2016-05-23,222.78,224.59,220.54,221.77,577889.0,STOCK_D_STABLE2
2016-05-24,222.66,223.87,221.6,222.6,4644300.0,STOCK_D_STABLE2
2016-05-25,223.96,225.86,223.25,224.85,2025479.0,STOCK_D_STABLE2
2016-05-26,223.49,225.4,222.24,223.27,1697189.0,STOCK_D_STABLE2
2016-05-27,223.07,225.52,222.44,224.93,3624774.0,STOCK_D_STABLE2
2016-05-30,224.26,224.67,223.94,224.01,3976712.0,STOCK_D_STABLE2
2016-05-31,227.23,228.08,226.37,226.49,2650010.0,STOCK_D_STABLE2
2016-06-01,224.85,225.34,222.7,223.76,206548.0,STOCK_D_STABLE2
2016-06-02,222.5,223.19,221.64,222.86,893641.0,STOCK_D_STABLE2
2016-06-03,221.01,221.98,219.71,221.0,3817430.0,STOCK_D_STABLE2
2016-06-06,224.6,225.69,222.43,222.95,917533.0,STOCK_D_STABLE2
2016-06-07,216.19,218.06,215.35,216.46,4121421.0,STOCK_D_STABLE2
2016-06-08,222.51,222.84,220.48,221.65,4971213.0,STOCK_D_STABLE2
2016-06-09,226.12,227.74,225.37,227.5,3455200.0,STOCK_D_STABLE2
2016-06-10,225.5,227.21,225.17,226.56,2830991.0,STOCK_D_STABLE2
2016-06-13,221.69,222.19,221.54,221.97,1653275.0,STOCK_D_STABLE2
2016-06-14,227.91,228.11,225.35,227.58,1994937.0,STOCK_D_STABLE2
2016-06-15,228.54,229.07,227.38,228.57,4428492.0,STOCK_D_STABLE2
2016-06-16,228.37,228.85,226.73,227.88,1683197.0,STOCK_D_STABLE2
2016-06-17,227.0,228.44,225.49,227.49,3937371.0,STOCK_D_STABLE2
2016-06-20,227.75,228.03,225.88,227.43,3656703.0,STOCK_D_STABLE2
2016-06-21,231.5,232.96,230.59,231.44,2006338.0,STOCK_D_STABLE2
2016-06-22,231.65,232.17,230.46,231.43,736672.0,STOCK_D_STABLE2
2016-06-23,232.48,232.62,230.73,231.77,4322139.0,STOCK_D_STABLE2
2016-06-24,234.6,235.92,232.46,233.21,3970676.0,STOCK_D_STABLE2
2016-06-27,232.65,235.32,231.47,234.16,4307314.0,STOCK_D_STABLE2
2016-06-28,230.09,231.3,228.8,231.21,3394949.0,STOCK_D_STABLE2
2016-06-29,231.48,233.66,231.32,232.07,528424.0,STOCK_D_STABLE2
2016-06-30,228.95,230.48,227.01,228.77,3882344.0,STOCK_D_STABLE2
2016-07-01,232.78,233.55,229.28,231.07,4804601.0,STOCK_D_STABLE2
2016-07-04,228.96,229.17,228.17,229.14,4983037.0,STOCK_D_STABLE2
2016-07-05,228.44,230.13,227.11,229.12,3637398.0,STOCK_D_STABLE2
2016-07-06,229.78,231.75,229.34,230.39,262694.0,STOCK_D_STABLE2
2016-07-07,225.1,225.12,224.44,224.86,4366927.0,STOCK_D_STABLE2
2016-07-08,223.18,224.16,221.64,222.25,4270431.0,STOCK_D_STABLE2
2016-07-11,222.17,222.23,219.78,221.11,2106306.0,STOCK_D_STABLE2
2016-07-12,220.73,222.67,220.1,220.89,3132830.0,STOCK_D_STABLE2
2016-07-13,223.02,223.83,221.93,222.0,3493558.0,STOCK_D_STABLE2
2016-07-14,223.66,225.03,223.26,223.72,4953313.0,STOCK_D_STABLE2
2016-07-15,227.76,228.08,226.13,227.39,4474084.0,STOCK_D_STABLE2
2016-07-18,228.55,230.26,227.31,228.92,2796377.0,STOCK_D_STABLE2
2016-07-19,230.21,230.96,229.47,230.06,4827501.0,STOCK_D_STABLE2
2016-07-20,228.55,228.77,228.06,228.42,1196680.0,STOCK_D_STABLE2
2016-07-21,229.56,230.25,227.35,229.45,4804558.0,STOCK_D_STABLE2
2016-07-22,232.76,233.06,230.82,232.17,2950662.0,STOCK_D_STABLE2
2016-07-25,233.07,233.47,232.44,232.77,2017841.0,STOCK_D_STABLE2
2016-07-26,235.9,237.58,233.44,235.29,4967850.0,STOCK_D_STABLE2
2016-07-27,242.54,243.91,241.21,241.8,1376919.0,STOCK_D_STABLE2
2016-07-28,235.22,237.09,233.81,236.58,2985977.0,STOCK_D_STABLE2
2016-07-29,235.16,236.98,234.39,235.82,2560381.0,STOCK_D_STABLE2
2016-08-01,236.32,237.65,235.88,237.41,3869287.0,STOCK_D_STABLE2
2016-08-02,244.99,246.23,244.38,245.31,2297968.0,STOCK_D_STABLE2
2016-08-03,242.01,242.43,240.94,241.83,3077134.0,STOCK_D_STABLE2
2016-08-04,240.88,242.2,239.44,241.3,3886324.0,STOCK_D_STABLE2
2016-08-05,244.5,246.85,243.57,243.59,3637420.0,STOCK_D_STABLE2
2016-08-08,246.35,247.8,245.61,246.76,2340526.0,STOCK_D_STABLE2
2016-08-09,242.26,242.45,240.83,241.21,1330501.0,STOCK_D_STABLE2
2016-08-10,238.94,240.23,238.46,239.48,3509296.0,STOCK_D_STABLE2
2016-08-11,239.08,240.43,238.74,239.74,2972967.0,STOCK_D_STABLE2
2016-08-12,236.24,238.18,235.02,236.19,1408148.0,STOCK_D_STABLE2
2016-08-15,235.1,235.51,232.57,233.72,2636301.0,STOCK_D_STABLE2
2016-08-16,240.6,242.14,239.44,240.37,1138985.0,STOCK_D_STABLE2
2016-08-17,239.98,240.8,237.34,240.78,1237091.0,STOCK_D_STABLE2
2016-08-18,242.61,243.63,242.24,242.89,978151.0,STOCK_D_STABLE2
2016-08-19,243.01,244.85,241.44,242.82,2855211.0,STOCK_D_STABLE2
2016-08-22,244.52,248.07,242.96,245.62,2230563.0,STOCK_D_STABLE2
2016-08-23,243.45,244.86,243.13,243.57,4984887.0,STOCK_D_STABLE2
2016-08-24,244.97,246.04,241.6,244.95,1695794.0,STOCK_D_STABLE2
2016-08-25,254.02,255.01,252.04,254.77,2137899.0,STOCK_D_STABLE2
2016-08-26,254.28,255.4,253.44,253.75,414796.0,STOCK_D_STABLE2
2016-08-29,258.56,260.53,258.52,259.68,3312892.0,STOCK_D_STABLE2
2016-08-30,256.34,257.38,255.86,256.51,4701369.0,STOCK_D_STABLE2
2016-08-31,262.75,265.14,262.23,262.95,560920.0,STOCK_D_STABLE2
2016-09-01,262.54,263.47,259.66,262.08,1811605.0,STOCK_D_STABLE2
2016-09-02,264.44,265.63,261.53,264.09,2405789.0,STOCK_D_STABLE2
2016-09-05,262.49,265.16,261.86,264.57,4947287.0,STOCK_D_STABLE2
2016-09-06,270.97,271.86,268.22,269.08,4477804.0,STOCK_D_STABLE2
2016-09-07,268.87,270.98,268.48,269.81,4815307.0,STOCK_D_STABLE2
2016-09-08,266.17,268.37,265.23,266.6,4571221.0,STOCK_D_STABLE2
2016-09-09,260.37,261.51,259.13,260.13,9604876.0,STOCK_D_STABLE2
2016-09-12,264.28,266.7,263.38,263.88,1311079.0,STOCK_D_STABLE2
2016-09-13,260.87,261.19,258.65,258.82,3624994.0,STOCK_D_STABLE2
2016-09-14,255.33,256.59,253.97,255.69,682592.0,STOCK_D_STABLE2
2016-09-15,252.87,254.59,252.04,253.53,3961122.0,STOCK_D_STABLE2
2016-09-16,250.63,252.05,249.75,251.14,1387701.0,STOCK_D_STABLE2
2016-09-19,251.26,252.44,249.33,250.68,1804946.0,STOCK_D_STABLE2
2016-09-20,251.53,252.44,250.97,251.53,548828.0,STOCK_D_STABLE2
2016-09-21,247.76,249.89,246.99,249.4,3129147.0,STOCK_D_STABLE2
2016-09-22,253.05,255.31,252.62,253.53,1856719.0,STOCK_D_STABLE2
2016-09-23,253.71,255.85,253.09,254.48,224137.0,STOCK_D_STABLE2
2016-09-26,256.86,258.31,256.65,257.32,3802260.0,STOCK_D_STABLE2
2016-09-27,256.85,257.12,255.14,256.39,907869.0,STOCK_D_STABLE2
2016-09-28,254.58,257.59,251.59,256.64,4378805.0,STOCK_D_STABLE2
2016-09-29,255.63,257.56,254.88,255.39,1622132.0,STOCK_D_STABLE2
2016-09-30,253.36,255.37,248.55,250.9,1201939.0,STOCK_D_STABLE2
2016-10-03,246.65,248.92,246.17,247.21,1945447.0,STOCK_D_STABLE2
2016-10-04,244.82,245.43,243.58,244.82,767366.0,STOCK_D_STABLE2
2016-10-05,247.33,249.43,245.6,245.97,3272794.0,STOCK_D_STABLE2
2016-10-06,245.53,246.51,245.24,246.24,1733402.0,STOCK_D_STABLE2
2016-10-07,246.42,246.7,244.86,245.24,3295654.0,STOCK_D_STABLE2
2016-10-10,247.36,248.01,245.59,247.82,913200.0,STOCK_D_STABLE2
2016-10-11,247.07,247.31,245.22,246.16,891033.0,STOCK_D_STABLE2
2016-10-12,243.02,243.96,242.98,243.45,1953755.0,STOCK_D_STABLE2
2016-10-13,243.23,245.43,242.71,244.4,4622651.0,STOCK_D_STABLE2
2016-10-14,248.36,249.37,245.79,247.7,148404.0,STOCK_D_STABLE2
2016-10-17,250.0,250.92,248.53,248.77,2136438.0,STOCK_D_STABLE2
2016-10-18,248.69,250.71,246.54,247.14,3570919.0,STOCK_D_STABLE2
2016-10-19,248.04,248.91,245.14,246.9,3803488.0,STOCK_D_STABLE2
2016-10-20,254.11,254.57,252.84,253.19,1943528.0,STOCK_D_STABLE2
2016-10-21,248.82,250.49,246.64,248.91,3525009.0,STOCK_D_STABLE2
2016-10-24,250.17,252.43,248.1,249.65,2373302.0,STOCK_D_STABLE2
2016-10-25,242.86,243.3,241.82,242.99,4764689.0,STOCK_D_STABLE2
2016-10-26,238.93,242.31,238.3,240.98,3130484.0,STOCK_D_STABLE2
2016-10-27,241.01,241.56,240.03,240.7,1900398.0,STOCK_D_STABLE2
2016-10-28,240.02,244.01,238.28,241.79,941866.0,STOCK_D_STABLE2
2016-10-31,242.4,243.75,240.22,242.15,2501970.0,STOCK_D_STABLE2
2016-11-01,245.25,246.53,243.76,244.28,1911740.0,STOCK_D_STABLE2
2016-11-02,238.44,240.17,236.52,237.71,3581531.0,STOCK_D_STABLE2
2016-11-03,237.57,238.86,237.22,237.65,618112.0,STOCK_D_STABLE2
2016-11-04,241.63,242.74,240.28,240.64,3129265.0,STOCK_D_STABLE2
2016-11-07,239.84,240.9,238.63,239.99,4286559.0,STOCK_D_STABLE2
2016-11-08,236.7,236.86,236.64,236.73,3545587.0,STOCK_D_STABLE2
2016-11-09,231.88,232.02,230.35,231.64,522042.0,STOCK_D_STABLE2
2016-11-10,227.85,228.92,226.9,227.64,2891677.0,STOCK_D_STABLE2
2016-11-11,227.95,228.28,227.6,227.88,3534661.0,STOCK_D_STABLE2
2016-11-14,227.13,227.56,223.48,225.31,4929293.0,STOCK_D_STABLE2
2016-11-15,223.04,223.64,222.68,223.35,3968617.0,STOCK_D_STABLE2
2016-11-16,226.48,227.79,224.73,225.43,1123175.0,STOCK_D_STABLE2
2016-11-17,221.52,223.0,220.26,220.55,4870857.0,STOCK_D_STABLE2
2016-11-18,220.9,224.36,220.0,222.76,832139.0,STOCK_D_STABLE2
2016-11-21,223.11,224.09,222.66,223.59,3599306.0,STOCK_D_STABLE2
2016-11-22,222.88,223.83,220.69,222.68,2420173.0,STOCK_D_STABLE2
2016-11-23,216.95,218.37,216.69,217.58,2596283.0,STOCK_D_STABLE2
2016-11-24,216.82,218.35,216.37,216.55,3765016.0,STOCK_D_STABLE2
2016-11-25,217.77,218.57,216.89,217.78,843965.0,STOCK_D_STABLE2
2016-11-28,211.22,213.52,209.3,212.84,4538139.0,STOCK_D_STABLE2
2016-11-29,213.8,214.05,211.43,212.27,2687345.0,STOCK_D_STABLE2
2016-11-30,212.9,213.69,211.84,211.84,4139367.0,STOCK_D_STABLE2
2016-12-01,204.61,206.56,202.99,204.98,4181736.0,STOCK_D_STABLE2
2016-12-02,201.36,202.94,200.42,202.14,4430098.0,STOCK_D_STABLE2
2016-12-05,202.63,203.92,200.37,203.19,4449500.0,STOCK_D_STABLE2
2016-12-06,202.08,203.55,200.67,202.17,127751.0,STOCK_D_STABLE2
2016-12-07,206.02,206.55,205.38,205.84,3169391.0,STOCK_D_STABLE2
2016-12-08,209.69,210.78,208.5,209.21,1042688.0,STOCK_D_STABLE2
2016-12-09,204.96,206.21,203.16,205.73,2703823.0,STOCK_D_STABLE2
2016-12-12,203.31,204.67,200.99,201.4,3580341.0,STOCK_D_STABLE2
2016-12-13,205.14,205.35,202.04,203.37,4180327.0,STOCK_D_STABLE2
2016-12-14,203.35,205.36,203.13,203.66,968404.0,STOCK_D_STABLE2
2016-12-15,204.87,207.6,203.91,205.54,4494191.0,STOCK_D_STABLE2
2016-12-16,206.07,206.99,205.34,206.91,4921223.0,STOCK_D_STABLE2
2016-12-19,207.81,207.89,206.67,207.37,1187145.0,STOCK_D_STABLE2
2016-12-20,205.48,206.31,204.99,205.19,587912.0,STOCK_D_STABLE2
2016-12-21,206.53,207.41,206.19,206.91,3974287.0,STOCK_D_STABLE2
2016-12-22,210.85,211.99,209.64,211.41,4210630.0,STOCK_D_STABLE2
2016-12-23,208.22,209.58,207.87,208.94,1696339.0,STOCK_D_STABLE2
2016-12-26,213.89,214.49,211.92,213.12,694761.0,STOCK_D_STABLE2
2016-12-27,213.68,213.94,211.87,212.39,4153672.0,STOCK_D_STABLE2
2016-12-28,212.5,214.26,212.16,213.03,3984527.0,STOCK_D_STABLE2
2016-12-29,210.71,211.8,209.1,211.42,2694430.0,STOCK_D_STABLE2
2016-12-30,208.73,210.29,208.15,208.94,1507600.0,STOCK_D_STABLE2
2017-01-02,210.89,211.91,209.84,211.75,711783.0,STOCK_D_STABLE2
2017-01-03,208.88,209.24,208.0,208.69,251536.0,STOCK_D_STABLE2
2017-01-04,209.13,210.82,208.36,209.35,4311670.0,STOCK_D_STABLE2
2017-01-05,208.25,208.98,207.09,208.32,816735.0,STOCK_D_STABLE2
2017-01-06,213.62,214.65,212.93,213.28,4024580.0,STOCK_D_STABLE2
2017-01-09,211.18,212.83,210.63,211.94,2853586.0,STOCK_D_STABLE2
2017-01-10,209.41,210.77,208.39,210.49,1271929.0,STOCK_D_STABLE2
2017-01-11,214.9,215.71,212.79,214.17,3959429.0,STOCK_D_STABLE2
2017-01-12,213.59,213.86,212.19,213.16,2384063.0,STOCK_D_STABLE2
2017-01-13,210.97,212.08,210.94,211.16,1049212.0,STOCK_D_STABLE2
2017-01-16,211.88,213.43,210.61,212.89,1467920.0,STOCK_D_STABLE2
2017-01-17,214.75,216.06,214.07,214.27,2915656.0,STOCK_D_STABLE2
2017-01-18,214.57,215.84,214.14,214.44,4134899.0,STOCK_D_STABLE2
2017-01-19,213.48,214.72,211.15,212.64,2819523.0,STOCK_D_STABLE2
2017-01-20,213.32,213.5,212.69,212.86,2175787.0,STOCK_D_STABLE2
2017-01-23,214.16,215.37,213.89,215.13,4805035.0,STOCK_D_STABLE2
2017-01-24,216.24,216.27,213.9,215.1,4924459.0,STOCK_D_STABLE2
2017-01-25,221.37,222.27,218.22,219.34,1149192.0,STOCK_D_STABLE2
2017-01-26,218.19,218.61,216.9,217.08,3644702.0,STOCK_D_STABLE2
2017-01-27,209.34,209.57,207.99,209.45,1362777.0,STOCK_D_STABLE2
2017-01-30,212.07,213.28,211.49,211.66,2939646.0,STOCK_D_STABLE2
2017-01-31,215.3,215.45,214.3,215.09,1579972.0,STOCK_D_STABLE2
2017-02-01,215.55,216.89,214.87,215.01,3914818.0,STOCK_D_STABLE2
2017-02-02,218.28,219.94,218.18,218.47,4672402.0,STOCK_D_STABLE2
2017-02-03,212.89,214.48,212.85,214.46,3056116.0,STOCK_D_STABLE2
2017-02-06,214.87,216.0,214.51,215.42,579630.0,STOCK_D_STABLE2
2017-02-07,214.81,216.36,213.01,214.43,1436734.0,STOCK_D_STABLE2
2017-02-08,213.18,213.18,212.89,213.11,4508897.0,STOCK_D_STABLE2
2017-02-09,217.37,218.59,215.53,217.14,4234965.0,STOCK_D_STABLE2
2017-02-10,218.18,219.35,217.14,218.02,2606761.0,STOCK_D_STABLE2
2017-02-13,212.35,213.75,211.79,211.94,4072927.0,STOCK_D_STABLE2
2017-02-14,214.25,214.81,212.94,213.31,4959908.0,STOCK_D_STABLE2
2017-02-15,219.04,220.05,216.69,218.43,342280.0,STOCK_D_STABLE2
2017-02-16,215.59,215.63,212.9,213.56,3214755.0,STOCK_D_STABLE2
2017-02-17,209.58,211.47,207.42,208.89,533193.0,STOCK_D_STABLE2
2017-02-20,207.46,207.99,206.44,206.98,4079413.0,STOCK_D_STABLE2
2017-02-21,202.91,203.59,202.64,203.01,3849863.0,STOCK_D_STABLE2
2017-02-22,203.57,204.53,200.94,202.54,3236980.0,STOCK_D_STABLE2
2017-02-23,203.72,203.95,202.34,202.42,4731658.0,STOCK_D_STABLE2
2017-02-24,206.11,207.02,205.76,206.39,857872.0,STOCK_D_STABLE2
2017-02-27,211.54,212.51,211.47,212.12,2012098.0,STOCK_D_STABLE2
2017-02-28,208.06,208.88,206.41,208.14,2811190.0,STOCK_D_STABLE2
2017-03-01,211.54,211.86,210.62,211.21,2075083.0,STOCK_D_STABLE2
2017-03-02,212.96,214.01,211.03,212.62,1059896.0,STOCK_D_STABLE2
2017-03-03,211.91,213.67,210.65,212.72,481256.0,STOCK_D_STABLE2
2017-03-06,214.67,217.47,214.59,215.29,3104164.0,STOCK_D_STABLE2
2017-03-07,214.04,215.02,212.62,212.93,1702782.0,STOCK_D_STABLE2
2017-03-08,213.34,213.78,212.38,213.32,1689716.0,STOCK_D_STABLE2
2017-03-09,210.3,212.84,209.33,211.68,3991845.0,STOCK_D_STABLE2
2017-03-10,211.13,211.57,210.91,211.14,2043371.0,STOCK_D_STABLE2
2017-03-13,213.9,215.89,213.52,215.42,4201866.0,STOCK_D_STABLE2
2017-03-14,217.41,218.03,216.11,216.78,3169814.0,STOCK_D_STABLE2
2017-03-15,215.74,216.46,215.66,215.8,3047112.0,STOCK_D_STABLE2
2017-03-16,212.56,213.43,211.32,213.18,3535644.0,STOCK_D_STABLE2
2017-03-17,215.0,216.76,214.02,215.36,3710739.0,STOCK_D_STABLE2
2017-03-20,215.76,216.94,213.9,215.06,1888641.0,STOCK_D_STABLE2
2017-03-21,211.56,213.06,210.84,211.88,4788277.0,STOCK_D_STABLE2
2017-03-22,213.91,214.69,211.74,214.02,4941180.0,STOCK_D_STABLE2
2017-03-23,211.23,211.39,210.46,211.03,583722.0,STOCK_D_STABLE2
2017-03-24,211.78,213.51,211.72,212.06,3239767.0,STOCK_D_STABLE2
2017-03-27,213.64,213.8,212.12,213.38,4380040.0,STOCK_D_STABLE2
2017-03-28,213.44,213.74,213.14,213.6,4023254.0,STOCK_D_STABLE2
2017-03-29,218.04,220.28,215.41,216.86,2447653.0,STOCK_D_STABLE2
2017-03-30,217.93,218.77,214.91,215.38,707183.0,STOCK_D_STABLE2
2017-03-31,214.18,214.73,213.31,213.81,168596.0,STOCK_D_STABLE2
2017-04-03,216.25,216.68,214.19,215.2,2684839.0,STOCK_D_STABLE2
2017-04-04,216.74,217.77,216.39,216.47,4950742.0,STOCK_D_STABLE2
2017-04-05,217.57,219.51,216.94,219.31,2550567.0,STOCK_D_STABLE2
2017-04-06,220.74,220.94,217.95,219.49,2975908.0,STOCK_D_STABLE2
2017-04-07,220.45,221.57,220.14,220.68,229389.0,STOCK_D_STABLE2
2017-04-10,225.69,225.96,224.42,224.81,684178.0,STOCK_D_STABLE2
2017-04-11,221.84,223.83,220.53,222.37,327125.0,STOCK_D_STABLE2
2017-04-12,222.83,225.32,220.7,221.13,2535037.0,STOCK_D_STABLE2
2017-04-13,222.46,223.51,221.72,223.51,2128079.0,STOCK_D_STABLE2
2017-04-14,222.64,222.8,221.59,221.93,1245593.0,STOCK_D_STABLE2
2017-04-17,218.53,219.81,218.18,219.03,2674482.0,STOCK_D_STABLE2
2017-04-18,216.94,217.45,216.37,217.02,2874977.0,STOCK_D_STABLE2
2017-04-19,216.35,218.13,214.97,217.26,1544814.0,STOCK_D_STABLE2
2017-04-20,220.77,221.22,219.52,220.03,1932457.0,STOCK_D_STABLE2
2017-04-21,222.34,222.88,220.92,221.24,2739280.0,STOCK_D_STABLE2
2017-04-24,224.81,226.55,223.47,223.71,830838.0,STOCK_D_STABLE2
2017-04-25,225.94,227.83,225.31,226.83,498794.0,STOCK_D_STABLE2
2017-04-26,229.06,229.19,227.75,228.88,3626960.0,STOCK_D_STABLE2
2017-04-27,230.53,231.96,229.43,230.06,2217622.0,STOCK_D_STABLE2
2017-04-28,229.32,230.21,228.29,229.06,3298659.0,STOCK_D_STABLE2
2017-05-01,228.91,229.94,228.62,229.91,1104786.0,STOCK_D_STABLE2
2017-05-02,233.31,234.11,232.79,233.97,4572774.0,STOCK_D_STABLE2
2017-05-03,238.56,241.17,238.04,238.3,1618259.0,STOCK_D_STABLE2
2017-05-04,239.69,241.12,238.33,240.36,1914888.0,STOCK_D_STABLE2
2017-05-05,240.75,241.31,238.49,239.32,1044535.0,STOCK_D_STABLE2
2017-05-08,238.76,239.29,235.52,238.81,4715268.0,STOCK_D_STABLE2
2017-05-09,238.13,239.68,236.16,238.89,3176232.0,STOCK_D_STABLE2
2017-05-10,242.17,244.9,240.87,242.74,1214151.0,STOCK_D_STABLE2
2017-05-11,249.06,250.16,248.24,248.92,2601424.0,STOCK_D_STABLE2
2017-05-12,254.11,255.27,251.84,253.04,3074383.0,STOCK_D_STABLE2
2017-05-15,247.48,250.16,245.78,246.98,242418.0,STOCK_D_STABLE2
2017-05-16,247.56,248.8,245.98,248.02,1714424.0,STOCK_D_STABLE2
2017-05-17,248.8,250.51,246.72,248.48,4483024.0,STOCK_D_STABLE2
2017-05-18,247.91,250.51,247.03,247.63,1692005.0,STOCK_D_STABLE2
2017-05-19,253.87,254.22,250.9,251.85,1203960.0,STOCK_D_STABLE2
2017-05-22,250.27,251.36,249.83,250.57,798710.0,STOCK_D_STABLE2
2017-05-23,247.59,248.73,247.19,247.81,572073.0,STOCK_D_STABLE2
2017-05-24,247.82,248.35,245.91,246.48,4495251.0,STOCK_D_STABLE2
2017-05-25,252.16,252.95,252.02,252.1,3213724.0,STOCK_D_STABLE2
2017-05-26,255.88,257.17,255.45,256.27,1329824.0,STOCK_D_STABLE2
2017-05-29,258.64,259.49,256.29,258.45,2673597.0,STOCK_D_STABLE2
2017-05-30,260.55,261.53,259.73,260.44,4810052.0,STOCK_D_STABLE2
2017-05-31,259.67,260.64,259.62,259.81,1075409.0,STOCK_D_STABLE2
2017-06-01,254.71,255.83,253.2,255.7,4814157.0,STOCK_D_STABLE2
2017-06-02,255.67,260.39,254.5,256.02,584971.0,STOCK_D_STABLE2
2017-06-05,256.49,257.27,255.9,257.17,1854354.0,STOCK_D_STABLE2
2017-06-06,253.69,254.6,251.58,253.26,1308977.0,STOCK_D_STABLE2
2017-06-07,250.49,251.57,248.72,251.31,493985.0,STOCK_D_STABLE2
2017-06-08,254.15,255.75,252.74,255.74,3058310.0,STOCK_D_STABLE2
2017-06-09,257.32,258.47,256.07,258.16,440978.0,STOCK_D_STABLE2
2017-06-12,255.8,255.95,255.29,255.71,2342370.0,STOCK_D_STABLE2
2017-06-13,256.25,258.61,255.96,256.15,3695663.0,STOCK_D_STABLE2
2017-06-14,251.87,254.59,251.83,253.69,1435096.0,STOCK_D_STABLE2
2017-06-15,254.5,257.81,254.35,254.88,560470.0,STOCK_D_STABLE2
2017-06-16,250.7,251.55,249.95,250.29,1825694.0,STOCK_D_STABLE2
2017-06-19,248.34,249.23,246.57,248.71,683528.0,STOCK_D_STABLE2
2017-06-20,244.88,247.15,244.86,245.87,2820206.0,STOCK_D_STABLE2
2017-06-21,245.77,247.99,245.39,246.62,395382.0,STOCK_D_STABLE2
2017-06-22,247.61,250.32,246.04,250.22,2029943.0,STOCK_D_STABLE2
2017-06-23,256.32,257.28,254.4,256.67,4691825.0,STOCK_D_STABLE2
2017-06-26,255.18,255.57,253.62,255.38,3392695.0,STOCK_D_STABLE2
2017-06-27,250.48,251.92,249.95,250.96,814589.0,STOCK_D_STABLE2
2017-06-28,249.19,250.29,248.85,250.11,4345504.0,STOCK_D_STABLE2
2017-06-29,254.62,255.62,253.68,254.78,1015667.0,STOCK_D_STABLE2
2017-06-30,254.23,255.0,250.75,252.49,601645.0,STOCK_D_STABLE2
2017-07-03,255.27,256.71,253.63,255.8,755246.0,STOCK_D_STABLE2
2017-07-04,251.41,256.77,251.06,253.68,4701412.0,STOCK_D_STABLE2
2017-07-05,250.49,252.18,249.94,250.64,3743907.0,STOCK_D_STABLE2
2017-07-06,248.37,249.52,247.67,248.42,973698.0,STOCK_D_STABLE2
2017-07-07,249.23,249.64,248.38,248.93,2734610.0,STOCK_D_STABLE2
2017-07-10,250.23,251.86,248.85,249.6,4505794.0,STOCK_D_STABLE2
2017-07-11,250.22,250.9,249.17,250.67,3240427.0,STOCK_D_STABLE2
2017-07-12,250.09,250.83,248.56,250.77,2668252.0,STOCK_D_STABLE2
2017-07-13,250.25,253.66,249.98,252.6,2477897.0,STOCK_D_STABLE2
2017-07-14,252.6,255.2,250.93,251.76,958344.0,STOCK_D_STABLE2
2017-07-17,255.23,255.26,253.26,254.27,1087107.0,STOCK_D_STABLE2
2017-07-18,256.03,258.05,253.95,257.2,1661981.0,STOCK_D_STABLE2
2017-07-19,257.15,258.43,255.81,257.98,2509995.0,STOCK_D_STABLE2
2017-07-20,256.13,257.36,255.26,256.14,1854848.0,STOCK_D_STABLE2
2017-07-21,253.41,253.67,252.52,253.59,4396241.0,STOCK_D_STABLE2
2017-07-24,254.74,255.29,253.54,255.03,3572063.0,STOCK_D_STABLE2
2017-07-25,256.25,257.69,255.4,255.45,3606441.0,STOCK_D_STABLE2
2017-07-26,247.73,249.45,247.5,247.8,1118663.0,STOCK_D_STABLE2
2017-07-27,245.88,246.05,243.37,244.34,4117178.0,STOCK_D_STABLE2
2017-07-28,242.77,244.16,241.83,243.12,10471105.0,STOCK_D_STABLE2
2017-07-31,240.31,242.05,240.06,240.64,4108105.0,STOCK_D_STABLE2
2017-08-01,241.65,242.59,240.14,242.24,2406349.0,STOCK_D_STABLE2
2017-08-02,241.71,242.32,239.81,240.57,3002981.0,STOCK_D_STABLE2
2017-08-03,238.67,239.02,237.87,238.36,883221.0,STOCK_D_STABLE2
2017-08-04,244.77,244.79,241.52,244.4,2640248.0,STOCK_D_STABLE2
2017-08-07,240.93,242.41,239.9,242.0,9327971.0,STOCK_D_STABLE2
2017-08-08,242.27,242.39,241.68,242.23,2492674.0,STOCK_D_STABLE2
2017-08-09,240.87,241.93,238.88,240.43,2112870.0,STOCK_D_STABLE2
2017-08-10,240.6,241.57,237.69,239.71,529234.0,STOCK_D_STABLE2
2017-08-11,239.38,240.51,237.36,238.13,1900848.0,STOCK_D_STABLE2
2017-08-14,239.08,239.15,238.19,238.59,2666599.0,STOCK_D_STABLE2
2017-08-15,240.75,241.62,238.95,239.42,2491886.0,STOCK_D_STABLE2
2017-08-16,243.37,243.46,239.92,242.82,2940993.0,STOCK_D_STABLE2
2017-08-17,240.63,242.77,239.59,241.17,710696.0,STOCK_D_STABLE2
2017-08-18,244.7,245.21,244.69,244.8,2663012.0,STOCK_D_STABLE2
2017-08-21,239.42,240.08,238.15,238.27,593959.0,STOCK_D_STABLE2
2017-08-22,240.45,243.0,239.2,241.73,2472197.0,STOCK_D_STABLE2
2017-08-23,237.87,239.26,236.73,238.26,1519054.0,STOCK_D_STABLE2
2017-08-24,236.75,237.56,235.97,237.11,4063924.0,STOCK_D_STABLE2
2017-08-25,240.42,241.35,240.06,240.95,511074.0,STOCK_D_STABLE2
2017-08-28,246.62,247.19,243.74,246.38,2527891.0,STOCK_D_STABLE2
2017-08-29,249.37,249.66,246.88,248.38,4888496.0,STOCK_D_STABLE2
2017-08-30,251.12,251.95,251.12,251.65,3682861.0,STOCK_D_STABLE2
2017-08-31,251.25,252.66,249.42,251.07,779576.0,STOCK_D_STABLE2
2017-09-01,257.16,259.72,256.27,258.91,4543261.0,STOCK_D_STABLE2
2017-09-04,253.59,254.67,252.54,253.27,1444305.0,STOCK_D_STABLE2
2017-09-05,258.42,260.06,256.37,257.64,2782441.0,STOCK_D_STABLE2
2017-09-06,255.37,257.49,251.31,255.02,3663190.0,STOCK_D_STABLE2
2017-09-07,257.01,257.87,256.13,256.5,2954917.0,STOCK_D_STABLE2
2017-09-08,259.41,261.35,256.83,260.41,2152267.0,STOCK_D_STABLE2
2017-09-11,259.79,260.04,257.89,258.62,4882941.0,STOCK_D_STABLE2
2017-09-12,263.7,264.56,262.0,262.98,1232745.0,STOCK_D_STABLE2
2017-09-13,267.8,268.38,263.95,265.62,1414048.0,STOCK_D_STABLE2
2017-09-14,266.93,268.04,265.29,266.73,4769499.0,STOCK_D_STABLE2
2017-09-15,271.21,271.82,270.08,270.58,3152920.0,STOCK_D_STABLE2
2017-09-18,275.6,276.99,275.35,276.01,804370.0,STOCK_D_STABLE2
2017-09-19,276.98,279.95,274.88,278.96,845369.0,STOCK_D_STABLE2
2017-09-20,277.3,279.88,274.59,277.14,476601.0,STOCK_D_STABLE2
2017-09-21,279.31,280.69,278.29,279.84,3805995.0,STOCK_D_STABLE2
2017-09-22,280.63,282.31,280.33,280.51,2929730.0,STOCK_D_STABLE2
2017-09-25,276.31,276.43,275.42,275.84,2664822.0,STOCK_D_STABLE2
2017-09-26,277.12,277.49,276.43,276.56,4599307.0,STOCK_D_STABLE2
2017-09-27,277.94,278.96,276.48,277.55,3490843.0,STOCK_D_STABLE2
2017-09-28,274.97,275.75,272.81,274.31,4729614.0,STOCK_D_STABLE2
2017-09-29,273.6,276.28,272.16,273.52,757600.0,STOCK_D_STABLE2
2017-10-02,268.21,268.82,266.77,268.01,2514911.0,STOCK_D_STABLE2
2017-10-03,267.42,268.55,267.41,267.87,623062.0,STOCK_D_STABLE2
2017-10-04,264.65,265.95,262.53,265.46,1063763.0,STOCK_D_STABLE2
2017-10-05,262.31,263.26,260.3,260.89,1820888.0,STOCK_D_STABLE2
2017-10-06,264.01,267.36,263.03,263.51,1078344.0,STOCK_D_STABLE2
2017-10-09,261.07,263.91,260.75,262.08,2330432.0,STOCK_D_STABLE2
2017-10-10,256.2,258.42,255.46,255.89,975462.0,STOCK_D_STABLE2
2017-10-11,256.41,258.27,255.48,256.95,4877101.0,STOCK_D_STABLE2
2017-10-12,249.52,252.41,249.0,250.22,2970375.0,STOCK_D_STABLE2
2017-10-13,245.57,245.79,245.03,245.49,2169128.0,STOCK_D_STABLE2
2017-10-16,246.41,247.68,245.25,245.51,781419.0,STOCK_D_STABLE2
2017-10-17,245.58,246.3,243.21,244.05,3938260.0,STOCK_D_STABLE2
2017-10-18,245.05,245.44,244.58,244.81,2317085.0,STOCK_D_STABLE2
2017-10-19,245.88,247.19,243.88,244.27,904272.0,STOCK_D_STABLE2
2017-10-20,242.23,244.89,241.26,243.1,3200114.0,STOCK_D_STABLE2
2017-10-23,243.03,245.04,242.34,244.58,452603.0,STOCK_D_STABLE2
2017-10-24,242.59,244.52,242.36,242.83,2380672.0,STOCK_D_STABLE2
2017-10-25,238.69,240.59,238.08,239.74,1810882.0,STOCK_D_STABLE2
2017-10-26,237.27,239.16,237.08,238.37,4100971.0,STOCK_D_STABLE2
2017-10-27,240.58,240.85,238.21,239.94,4273793.0,STOCK_D_STABLE2
2017-10-30,243.84,244.17,241.71,243.27,249894.0,STOCK_D_STABLE2
2017-10-31,242.36,242.92,238.84,241.37,2072626.0,STOCK_D_STABLE2
2017-11-01,235.81,238.05,235.19,237.43,1051488.0,STOCK_D_STABLE2
2017-11-02,238.56,238.64,236.75,237.76,840374.0,STOCK_D_STABLE2
2017-11-03,242.27,244.77,242.23,242.5,623683.0,STOCK_D_STABLE2
2017-11-06,245.57,247.83,243.17,244.72,4609541.0,STOCK_D_STABLE2
2017-11-07,250.01,251.61,247.34,248.84,3614735.0,STOCK_D_STABLE2
2017-11-08,248.6,249.64,247.31,249.45,5205526.0,STOCK_D_STABLE2
2017-11-09,251.73,254.56,251.19,252.96,1395356.0,STOCK_D_STABLE2
2017-11-10,255.95,256.06,255.73,255.98,1448194.0,STOCK_D_STABLE2
2017-11-13,257.86,259.47,256.72,258.04,2142350.0,STOCK_D_STABLE2
2017-11-14,262.58,264.16,260.63,261.17,4450495.0,STOCK_D_STABLE2
2017-11-15,259.48,259.6,259.06,259.6,4662630.0,STOCK_D_STABLE2
2017-11-16,262.54,263.43,261.96,262.84,1491432.0,STOCK_D_STABLE2
2017-11-17,258.83,259.45,257.61,258.17,4215717.0,STOCK_D_STABLE2
2017-11-20,255.64,256.23,252.86,255.21,4801820.0,STOCK_D_STABLE2
2017-11-21,253.77,254.91,252.63,253.73,2740381.0,STOCK_D_STABLE2
2017-11-22,254.86,254.87,253.32,254.59,3156835.0,STOCK_D_STABLE2
2017-11-23,257.2,259.25,255.05,256.04,2731482.0,STOCK_D_STABLE2
2017-11-24,258.92,261.27,256.28,257.76,1694148.0,STOCK_D_STABLE2
2017-11-27,255.35,255.87,254.98,255.38,4028364.0,STOCK_D_STABLE2
2017-11-28,253.83,256.29,253.39,255.11,4007981.0,STOCK_D_STABLE2
2017-11-29,254.52,255.56,254.35,255.5,2051782.0,STOCK_D_STABLE2
2017-11-30,250.68,252.49,250.52,251.62,4998573.0,STOCK_D_STABLE2
2017-12-01,257.34,257.65,255.17,256.98,1063330.0,STOCK_D_STABLE2
2017-12-04,255.22,256.63,255.1,256.49,1878397.0,STOCK_D_STABLE2
2017-12-05,256.47,258.2,254.71,257.47,4609302.0,STOCK_D_STABLE2
2017-12-06,256.52,257.21,253.07,254.56,411175.0,STOCK_D_STABLE2
2017-12-07,255.72,256.78,254.59,255.15,4183341.0,STOCK_D_STABLE2
2017-12-08,252.13,252.52,251.26,251.89,1539592.0,STOCK_D_STABLE2
2017-12-11,255.42,255.82,253.7,254.85,4510811.0,STOCK_D_STABLE2
2017-12-12,253.81,254.43,252.84,253.84,4926037.0,STOCK_D_STABLE2
2017-12-13,247.5,248.4,246.64,247.04,1612146.0,STOCK_D_STABLE2
2017-12-14,244.39,244.85,242.67,244.05,1425721.0,STOCK_D_STABLE2
2017-12-15,245.58,246.55,242.99,245.35,1889645.0,STOCK_D_STABLE2
2017-12-18,248.41,248.61,246.82,248.02,1036017.0,STOCK_D_STABLE2
2017-12-19,246.91,247.29,245.13,247.09,3137477.0,STOCK_D_STABLE2
2017-12-20,244.36,246.23,242.64,244.94,2948358.0,STOCK_D_STABLE2
2017-12-21,246.02,247.17,243.97,245.62,3285449.0,STOCK_D_STABLE2
2017-12-22,245.34,245.72,243.54,245.09,3599084.0,STOCK_D_STABLE2
2017-12-25,241.04,241.73,240.72,240.75,894774.0,STOCK_D_STABLE2
2017-12-26,240.23,241.56,239.88,240.69,2561981.0,STOCK_D_STABLE2
2017-12-27,233.97,234.8,232.73,234.54,3773051.0,STOCK_D_STABLE2
2017-12-28,233.22,234.07,232.4,232.71,3858090.0,STOCK_D_STABLE2
2017-12-29,227.62,229.26,225.74,227.23,933893.0,STOCK_D_STABLE2
2018-01-01,226.88,228.0,225.63,226.75,719799.0,STOCK_D_STABLE2
2018-01-02,224.47,225.37,222.98,223.57,1684948.0,STOCK_D_STABLE2
2018-01-03,223.03,223.73,222.17,222.96,1578345.0,STOCK_D_STABLE2
2018-01-04,224.71,224.75,223.88,224.49,4020173.0,STOCK_D_STABLE2
2018-01-05,219.47,220.13,219.2,220.13,2246105.0,STOCK_D_STABLE2
2018-01-08,219.81,219.98,218.66,218.96,2534892.0,STOCK_D_STABLE2
2018-01-09,213.3,213.71,213.23,213.71,1885517.0,STOCK_D_STABLE2
2018-01-10,214.66,215.9,214.53,214.95,4824081.0,STOCK_D_STABLE2
2018-01-11,214.32,216.4,213.28,213.92,4018275.0,STOCK_D_STABLE2
2018-01-12,211.11,211.79,208.73,210.76,883292.0,STOCK_D_STABLE2
2018-01-15,212.44,213.46,211.47,213.23,2497393.0,STOCK_D_STABLE2
2018-01-16,213.2,213.29,210.85,213.02,4576068.0,STOCK_D_STABLE2
2018-01-17,213.85,214.93,213.36,213.6,8809084.0,STOCK_D_STABLE2
2018-01-18,214.36,214.98,211.66,213.72,4975478.0,STOCK_D_STABLE2
2018-01-19,211.69,213.66,211.33,213.02,4301192.0,STOCK_D_STABLE2
2018-01-22,214.64,218.14,212.12,215.61,2203922.0,STOCK_D_STABLE2
2018-01-23,214.87,216.22,213.86,215.54,139863.0,STOCK_D_STABLE2
2018-01-24,213.77,213.89,212.37,213.52,1087508.0,STOCK_D_STABLE2
2018-01-25,214.27,214.98,213.66,214.93,4705272.0,STOCK_D_STABLE2
2018-01-26,216.42,216.98,215.21,215.96,2519038.0,STOCK_D_STABLE2
2018-01-29,215.97,216.18,215.29,215.65,2355971.0,STOCK_D_STABLE2
2018-01-30,215.45,217.32,214.5,216.26,3245055.0,STOCK_D_STABLE2
2018-01-31,212.1,213.99,211.37,213.07,2065677.0,STOCK_D_STABLE2
2018-02-01,214.67,218.02,214.66,216.08,4492772.0,STOCK_D_STABLE2
2018-02-02,218.8,220.68,217.6,218.65,101348.0,STOCK_D_STABLE2
2018-02-05,219.98,221.11,218.46,219.2,1668158.0,STOCK_D_STABLE2
2018-02-06,220.57,222.13,219.89,221.15,4541969.0,STOCK_D_STABLE2
2018-02-07,227.57,228.68,226.65,227.56,3285331.0,STOCK_D_STABLE2
2018-02-08,223.62,226.48,223.5,223.98,2915405.0,STOCK_D_STABLE2
2018-02-09,225.14,225.71,223.25,223.88,2382380.0,STOCK_D_STABLE2
2018-02-12,223.59,224.28,223.14,224.1,305406.0,STOCK_D_STABLE2
2018-02-13,222.5,223.57,220.85,222.92,2459793.0,STOCK_D_STABLE2
2018-02-14,218.68,219.06,217.11,217.38,2929605.0,STOCK_D_STABLE2
2018-02-15,221.1,222.42,219.29,219.62,1339648.0,STOCK_D_STABLE2
2018-02-16,216.18,216.93,213.86,216.39,8007005.0,STOCK_D_STABLE2
2018-02-19,214.11,215.82,213.31,214.46,1097532.0,STOCK_D_STABLE2
2018-02-20,212.57,212.61,211.33,212.58,115761.0,STOCK_D_STABLE2
2018-02-21,215.65,218.51,215.13,216.25,1460379.0,STOCK_D_STABLE2
2018-02-22,214.55,215.66,213.57,214.38,3196941.0,STOCK_D_STABLE2
2018-02-23,215.78,216.36,214.54,215.71,4376670.0,STOCK_D_STABLE2
2018-02-26,212.48,215.17,210.62,212.22,502518.0,STOCK_D_STABLE2
2018-02-27,211.49,212.98,209.19,212.27,4998715.0,STOCK_D_STABLE2
2018-02-28,209.35,209.86,208.76,209.57,1783783.0,STOCK_D_STABLE2
2018-03-01,206.68,206.84,205.33,205.76,1641111.0,STOCK_D_STABLE2
2018-03-02,206.4,206.67,203.83,205.78,1028854.0,STOCK_D_STABLE2
2018-03-05,206.82,208.63,204.11,206.1,1678873.0,STOCK_D_STABLE2
2018-03-06,210.26,210.5,209.16,210.18,4972506.0,STOCK_D_STABLE2
2018-03-07,211.39,211.85,209.54,210.31,676712.0,STOCK_D_STABLE2
2018-03-08,208.33,208.75,208.01,208.15,3482792.0,STOCK_D_STABLE2
2018-03-09,205.7,207.41,203.96,205.39,880636.0,STOCK_D_STABLE2
2018-03-12,211.36,212.32,210.26,210.31,1340705.0,STOCK_D_STABLE2
2018-03-13,208.54,208.76,207.65,208.53,2087019.0,STOCK_D_STABLE2
2018-03-14,208.54,209.17,208.37,209.12,2139163.0,STOCK_D_STABLE2
2018-03-15,211.06,212.75,210.64,210.97,4955380.0,STOCK_D_STABLE2
2018-03-16,210.22,210.57,209.33,209.97,3876596.0,STOCK_D_STABLE2
2018-03-19,207.96,208.34,207.14,208.06,4587066.0,STOCK_D_STABLE2
2018-03-20,202.61,204.06,201.86,203.67,4304742.0,STOCK_D_STABLE2
2018-03-21,203.92,204.88,202.57,203.73,1781613.0,STOCK_D_STABLE2
2018-03-22,208.58,209.91,208.52,208.91,3725670.0,STOCK_D_STABLE2
2018-03-23,206.64,208.21,205.55,207.5,3737714.0,STOCK_D_STABLE2
2018-03-26,210.03,210.63,208.85,210.03,3524192.0,STOCK_D_STABLE2
2018-03-27,205.57,208.46,205.07,208.09,3487885.0,STOCK_D_STABLE2
2018-03-28,210.08,211.12,209.14,210.2,446020.0,STOCK_D_STABLE2
2018-03-29,209.87,210.94,209.12,209.65,2762201.0,STOCK_D_STABLE2
2018-03-30,214.88,215.14,212.48,213.88,3139679.0,STOCK_D_STABLE2
2018-04-02,216.74,217.32,215.36,216.43,4905340.0,STOCK_D_STABLE2
2018-04-03,216.03,217.14,215.45,215.7,4289416.0,STOCK_D_STABLE2
2018-04-04,221.81,223.06,221.34,222.81,1458907.0,STOCK_D_STABLE2
2018-04-05,223.25,224.02,220.1,221.08,4101834.0,STOCK_D_STABLE2
2018-04-06,216.03,216.44,215.01,215.87,4449792.0,STOCK_D_STABLE2
2018-04-09,216.26,217.14,214.45,215.74,4578495.0,STOCK_D_STABLE2
2018-04-10,214.27,214.57,213.01,213.1,419687.0,STOCK_D_STABLE2
2018-04-11,212.93,214.59,212.32,213.73,4707109.0,STOCK_D_STABLE2
2018-04-12,212.18,212.8,211.87,212.17,4535384.0,STOCK_D_STABLE2
2018-04-13,211.45,211.85,211.11,211.66,2573646.0,STOCK_D_STABLE2
2018-04-16,212.23,212.54,211.06,211.51,116491.0,STOCK_D_STABLE2
2018-04-17,211.38,212.23,210.99,211.05,1627528.0,STOCK_D_STABLE2
2018-04-18,210.04,211.81,208.11,208.93,2597486.0,STOCK_D_STABLE2
2018-04-19,210.25,211.26,208.06,209.03,758108.0,STOCK_D_STABLE2
2018-04-20,209.71,210.64,207.96,210.32,3467574.0,STOCK_D_STABLE2
2018-04-23,209.82,212.28,208.08,209.25,4454275.0,STOCK_D_STABLE2
2018-04-24,209.62,210.25,207.33,208.08,2736248.0,STOCK_D_STABLE2
2018-04-25,209.05,209.9,208.83,208.9,4312625.0,STOCK_D_STABLE2
2018-04-26,205.05,205.78,204.64,205.47,3821367.0,STOCK_D_STABLE2
2018-04-27,203.83,204.26,203.25,203.88,356140.0,STOCK_D_STABLE2
2018-04-30,205.64,207.14,205.51,205.63,643520.0,STOCK_D_STABLE2
2018-05-01,205.79,206.57,204.64,205.16,2832505.0,STOCK_D_STABLE2
2018-05-02,203.85,205.22,203.77,204.66,4618872.0,STOCK_D_STABLE2
2018-05-03,211.81,212.49,209.82,211.45,2976476.0,STOCK_D_STABLE2
2018-05-04,212.12,212.59,210.25,211.7,565036.0,STOCK_D_STABLE2
2018-05-07,211.83,212.4,209.37,211.1,5818349.0,STOCK_D_STABLE2
2018-05-08,208.61,209.32,206.11,209.18,403006.0,STOCK_D_STABLE2
2018-05-09,209.17,209.5,209.1,209.37,3537126.0,STOCK_D_STABLE2
2018-05-10,201.44,203.0,201.18,201.7,2079547.0,STOCK_D_STABLE2
2018-05-11,197.71,198.17,196.74,196.92,1553985.0,STOCK_D_STABLE2
2018-05-14,198.71,199.11,197.87,198.81,4484020.0,STOCK_D_STABLE2
2018-05-15,198.73,199.67,198.37,198.99,4486805.0,STOCK_D_STABLE2
2018-05-16,204.36,204.65,201.75,201.79,606541.0,STOCK_D_STABLE2
2018-05-17,201.47,201.73,200.41,200.6,3546624.0,STOCK_D_STABLE2
2018-05-18,203.28,203.88,202.23,203.04,2288419.0,STOCK_D_STABLE2
2018-05-21,203.45,204.95,202.67,203.7,2072012.0,STOCK_D_STABLE2
2018-05-22,209.6,211.61,209.43,209.96,3010685.0,STOCK_D_STABLE2
2018-05-23,205.16,206.61,204.49,204.98,1857531.0,STOCK_D_STABLE2
2018-05-24,207.32,207.62,206.1,206.65,2903932.0,STOCK_D_STABLE2
2018-05-25,207.64,208.35,207.59,207.8,2069733.0,STOCK_D_STABLE2
2018-05-28,204.72,205.89,204.17,204.82,4479195.0,STOCK_D_STABLE2
2018-05-29,207.56,207.82,205.95,207.08,3690202.0,STOCK_D_STABLE2
2018-05-30,209.67,210.87,208.77,210.18,3142884.0,STOCK_D_STABLE2
2018-05-31,211.3,211.9,211.18,211.88,1886600.0,STOCK_D_STABLE2
2018-06-01,215.37,217.12,214.5,214.72,2747818.0,STOCK_D_STABLE2
2018-06-04,214.3,216.48,213.88,213.9,834179.0,STOCK_D_STABLE2
2018-06-05,217.66,219.21,216.61,218.39,200990.0,STOCK_D_STABLE2
2018-06-06,216.29,217.71,215.76,216.53,3312086.0,STOCK_D_STABLE2
2018-06-07,216.46,217.16,213.85,216.48,3183302.0,STOCK_D_STABLE2
2018-06-08,215.14,217.47,212.79,214.94,1585864.0,STOCK_D_STABLE2
2018-06-11,213.6,215.28,213.52,213.76,637036.0,STOCK_D_STABLE2
2018-06-12,214.64,214.79,212.19,212.9,2708016.0,STOCK_D_STABLE2
2018-06-13,210.67,211.84,209.7,210.52,2094945.0,STOCK_D_STABLE2
2018-06-14,209.41,210.16,209.35,209.64,1951970.0,STOCK_D_STABLE2
2018-06-15,209.64,211.52,209.49,210.06,3503432.0,STOCK_D_STABLE2
2018-06-18,209.42,210.12,207.35,208.8,1679975.0,STOCK_D_STABLE2
2018-06-19,210.53,211.42,210.03,211.04,523534.0,STOCK_D_STABLE2
2018-06-20,209.01,210.33,208.59,209.14,1728805.0,STOCK_D_STABLE2
2018-06-21,207.04,208.58,206.57,207.15,1375741.0,STOCK_D_STABLE2
2018-06-22,208.43,208.63,207.46,208.04,1878442.0,STOCK_D_STABLE2
2018-06-25,209.26,210.39,208.7,209.24,2625509.0,STOCK_D_STABLE2
2018-06-26,203.99,205.1,201.48,204.98,515286.0,STOCK_D_STABLE2
2018-06-27,201.63,203.05,200.91,202.45,2151478.0,STOCK_D_STABLE2
2018-06-28,203.93,204.29,203.44,203.72,503767.0,STOCK_D_STABLE2
2018-06-29,200.07,202.01,199.14,200.99,529717.0,STOCK_D_STABLE2
2018-07-02,198.29,200.37,197.75,199.41,756452.0,STOCK_D_STABLE2
2018-07-03,194.29,194.38,193.87,193.97,376102.0,STOCK_D_STABLE2
2018-07-04,196.89,197.27,195.23,196.34,3597485.0,STOCK_D_STABLE2
2018-07-05,192.86,193.43,191.76,192.88,3856366.0,STOCK_D_STABLE2
2018-07-06,193.42,194.8,192.87,193.7,3246604.0,STOCK_D_STABLE2
2018-07-09,197.38,197.6,197.17,197.39,940708.0,STOCK_D_STABLE2
2018-07-10,198.12,198.26,196.08,197.41,762484.0,STOCK_D_STABLE2
2018-07-11,199.87,201.65,199.29,200.63,146901.0,STOCK_D_STABLE2
2018-07-12,200.77,202.08,200.21,200.27,3878202.0,STOCK_D_STABLE2
2018-07-13,197.96,198.12,196.44,197.65,2943507.0,STOCK_D_STABLE2
2018-07-16,194.69,196.12,193.6,195.11,14209184.0,STOCK_D_STABLE2
2018-07-17,195.13,195.94,192.92,194.47,3715091.0,STOCK_D_STABLE2
2018-07-18,197.7,198.75,197.58,198.3,1788613.0,STOCK_D_STABLE2
2018-07-19,203.16,204.26,201.41,202.55,4663477.0,STOCK_D_STABLE2
2018-07-20,202.56,203.7,202.11,203.25,2126236.0,STOCK_D_STABLE2
2018-07-23,204.69,207.38,204.1,205.69,4976881.0,STOCK_D_STABLE2
2018-07-24,207.19,209.11,206.19,207.62,23119795.0,STOCK_D_STABLE2
2018-07-25,203.09,203.94,201.8,203.5,3097182.0,STOCK_D_STABLE2
2018-07-26,206.23,208.26,202.83,205.73,4438366.0,STOCK_D_STABLE2
2018-07-27,203.87,205.63,202.71,203.57,3118130.0,STOCK_D_STABLE2
2018-07-30,201.72,201.84,201.42,201.82,4079889.0,STOCK_D_STABLE2
2018-07-31,203.17,204.68,202.28,202.38,3427921.0,STOCK_D_STABLE2
2018-08-01,210.79,210.88,210.24,210.57,4420528.0,STOCK_D_STABLE2
2018-08-02,209.96,210.43,209.46,210.17,3906348.0,STOCK_D_STABLE2
2018-08-03,211.59,213.14,211.1,212.36,1217731.0,STOCK_D_STABLE2
2018-08-06,207.46,210.77,207.23,209.14,2180675.0,STOCK_D_STABLE2
2018-08-07,211.8,213.06,210.99,211.12,4286626.0,STOCK_D_STABLE2
2018-08-08,211.13,212.93,211.03,211.42,4728821.0,STOCK_D_STABLE2
2018-08-09,211.45,212.61,210.15,211.74,3187316.0,STOCK_D_STABLE2
2018-08-10,209.48,209.7,207.53,209.0,3784179.0,STOCK_D_STABLE2
2018-08-13,207.31,208.15,206.4,208.12,3163885.0,STOCK_D_STABLE2
2018-08-14,204.7,205.99,203.28,204.85,1336226.0,STOCK_D_STABLE2
2018-08-15,202.66,203.81,200.84,203.19,243555.0,STOCK_D_STABLE2
2018-08-16,202.21,203.3,200.38,201.8,3739289.0,STOCK_D_STABLE2
2018-08-17,198.19,199.54,197.7,198.41,905077.0,STOCK_D_STABLE2
2018-08-20,199.36,200.07,198.48,199.03,3482356.0,STOCK_D_STABLE2
2018-08-21,201.08,202.51,199.56,201.53,1559697.0,STOCK_D_STABLE2
2018-08-22,206.37,207.25,204.48,205.59,1586212.0,STOCK_D_STABLE2
2018-08-23,212.47,212.73,210.12,211.76,3691204.0,STOCK_D_STABLE2
2018-08-24,212.1,213.56,211.94,212.21,2562503.0,STOCK_D_STABLE2
2018-08-27,211.47,212.4,208.29,210.1,1432437.0,STOCK_D_STABLE2
2018-08-28,209.48,211.27,208.31,210.17,4905535.0,STOCK_D_STABLE2
2018-08-29,209.53,209.76,208.24,208.93,1336831.0,STOCK_D_STABLE2
2018-08-30,211.83,213.46,211.0,211.29,854194.0,STOCK_D_STABLE2
2018-08-31,212.89,213.28,211.93,212.77,2252559.0,STOCK_D_STABLE2
2018-09-03,211.86,212.44,210.38,211.19,1013241.0,STOCK_D_STABLE2
2018-09-04,211.35,211.98,208.49,211.36,2467656.0,STOCK_D_STABLE2
2018-09-05,209.71,211.27,209.55,210.42,4786677.0,STOCK_D_STABLE2
2018-09-06,203.28,205.2,202.52,204.25,757636.0,STOCK_D_STABLE2
2018-09-07,203.5,204.61,201.69,204.29,2880147.0,STOCK_D_STABLE2
2018-09-10,203.93,204.54,203.65,204.05,4223360.0,STOCK_D_STABLE2
2018-09-11,206.55,207.3,202.34,205.99,4566249.0,STOCK_D_STABLE2
2018-09-12,205.91,207.52,205.14,205.74,4375298.0,STOCK_D_STABLE2
2018-09-13,203.33,204.25,202.51,204.14,3274467.0,STOCK_D_STABLE2
2018-09-14,206.41,207.97,205.9,206.65,2001029.0,STOCK_D_STABLE2
2018-09-17,210.48,211.97,209.75,210.32,2570618.0,STOCK_D_STABLE2
2018-09-18,207.37,207.6,205.84,206.49,1166789.0,STOCK_D_STABLE2
2018-09-19,208.13,211.56,206.59,207.76,4735280.0,STOCK_D_STABLE2
2018-09-20,209.45,209.5,208.92,209.22,492612.0,STOCK_D_STABLE2
2018-09-21,208.4,210.25,207.45,207.82,4924471.0,STOCK_D_STABLE2
2018-09-24,204.88,205.22,204.21,204.51,2357777.0,STOCK_D_STABLE2
2018-09-25,203.31,204.08,202.12,202.53,4966186.0,STOCK_D_STABLE2
2018-09-26,198.75,199.48,198.19,199.3,1301804.0,STOCK_D_STABLE2
2018-09-27,201.2,202.91,200.89,201.69,942805.0,STOCK_D_STABLE2
2018-09-28,200.29,201.99,198.75,201.71,1777461.0,STOCK_D_STABLE2
2018-10-01,199.58,201.19,198.27,200.21,3825234.0,STOCK_D_STABLE2
2018-10-02,198.8,199.46,198.07,198.36,2192357.0,STOCK_D_STABLE2
2018-10-03,195.58,196.18,194.53,195.12,1774750.0,STOCK_D_STABLE2
2018-10-04,193.95,194.81,192.02,193.41,4806290.0,STOCK_D_STABLE2
2018-10-05,193.51,194.54,193.13,193.8,778771.0,STOCK_D_STABLE2
2018-10-08,193.19,195.01,192.21,193.34,1958422.0,STOCK_D_STABLE2
2018-10-09,192.72,192.73,192.41,192.59,1311106.0,STOCK_D_STABLE2
2018-10-10,192.64,193.46,191.06,191.16,4904689.0,STOCK_D_STABLE2
2018-10-11,192.14,192.26,191.54,191.6,352909.0,STOCK_D_STABLE2
2018-10-12,190.6,191.97,190.11,191.75,686287.0,STOCK_D_STABLE2
2018-10-15,193.93,194.47,193.3,193.68,2728755.0,STOCK_D_STABLE2
2018-10-16,196.3,197.21,195.27,196.05,3526057.0,STOCK_D_STABLE2
2018-10-17,194.52,195.08,193.66,193.92,1677978.0,STOCK_D_STABLE2
2018-10-18,194.38,195.63,192.15,193.99,1984596.0,STOCK_D_STABLE2
2018-10-19,194.34,194.74,193.45,194.11,4527011.0,STOCK_D_STABLE2
2018-10-22,192.23,194.17,191.32,191.97,446501.0,STOCK_D_STABLE2
2018-10-23,192.78,194.0,191.08,193.06,3560858.0,STOCK_D_STABLE2
2018-10-24,193.59,194.29,192.72,194.13,2174043.0,STOCK_D_STABLE2
2018-10-25,197.23,198.42,196.4,197.29,4121269.0,STOCK_D_STABLE2
2018-10-26,193.61,194.64,190.97,192.54,1160187.0,STOCK_D_STABLE2
2018-10-29,192.17,192.35,190.76,192.15,3873136.0,STOCK_D_STABLE2
2018-10-30,195.68,196.25,195.26,195.97,3292394.0,STOCK_D_STABLE2
2018-10-31,195.14,196.9,194.68,195.87,2154166.0,STOCK_D_STABLE2
2018-11-01,194.67,195.96,193.93,193.97,4640036.0,STOCK_D_STABLE2
2018-11-02,196.32,198.04,195.59,196.57,2421608.0,STOCK_D_STABLE2
2018-11-05,197.51,198.17,197.32,197.51,1098739.0,STOCK_D_STABLE2
2018-11-06,200.16,202.22,198.04,200.78,1927151.0,STOCK_D_STABLE2
2018-11-07,200.09,201.58,199.64,201.31,4287274.0,STOCK_D_STABLE2
2018-11-08,202.69,203.82,201.45,203.19,1435704.0,STOCK_D_STABLE2
2018-11-09,206.08,206.37,204.33,204.7,3862430.0,STOCK_D_STABLE2
2018-11-12,200.28,201.71,200.23,201.03,3014978.0,STOCK_D_STABLE2
2018-11-13,204.14,204.46,202.76,203.93,1993542.0,STOCK_D_STABLE2
2018-11-14,202.26,202.41,200.87,202.02,3929164.0,STOCK_D_STABLE2
2018-11-15,200.3,201.8,199.23,201.15,1091649.0,STOCK_D_STABLE2
2018-11-16,200.7,201.88,200.03,200.9,3447601.0,STOCK_D_STABLE2
2018-11-19,201.11,204.08,200.97,202.43,545397.0,STOCK_D_STABLE2
2018-11-20,204.7,205.86,202.87,203.81,662002.0,STOCK_D_STABLE2
2018-11-21,201.31,202.01,199.48,200.65,1987910.0,STOCK_D_STABLE2
2018-11-22,200.7,201.48,199.95,200.3,102657.0,STOCK_D_STABLE2
2018-11-23,199.37,200.89,198.51,199.21,3835792.0,STOCK_D_STABLE2
2018-11-26,197.72,198.75,195.67,197.45,2984770.0,STOCK_D_STABLE2
2018-11-27,195.07,195.24,194.38,194.76,115873.0,STOCK_D_STABLE2
2018-11-28,192.91,193.89,191.87,193.48,3234640.0,STOCK_D_STABLE2
2018-11-29,192.57,193.62,191.54,193.04,1866813.0,STOCK_D_STABLE2
2018-11-30,195.19,196.46,194.74,196.04,3454369.0,STOCK_D_STABLE2
2018-12-03,197.42,197.55,193.67,195.1,3116802.0,STOCK_D_STABLE2
2018-12-04,194.3,195.55,191.49,193.89,4993870.0,STOCK_D_STABLE2
2018-12-05,190.49,191.11,190.33,190.57,4778994.0,STOCK_D_STABLE2
2018-12-06,191.37,191.83,188.64,190.41,1198828.0,STOCK_D_STABLE2
2018-12-07,194.59,195.75,192.65,194.44,4874088.0,STOCK_D_STABLE2
2018-12-10,192.31,192.83,191.57,192.07,1263926.0,STOCK_D_STABLE2
2018-12-11,190.37,191.52,189.09,191.05,3748021.0,STOCK_D_STABLE2
2018-12-12,186.95,187.24,186.28,186.74,731551.0,STOCK_D_STABLE2
2018-12-13,184.28,184.95,183.27,184.83,3722420.0,STOCK_D_STABLE2
2018-12-14,182.07,183.2,181.82,182.54,1112030.0,STOCK_D_STABLE2
2018-12-17,184.29,184.87,182.48,183.09,3145524.0,STOCK_D_STABLE2
2018-12-18,184.76,185.16,182.68,184.0,962199.0,STOCK_D_STABLE2
2018-12-19,183.6,184.9,182.76,183.09,1242177.0,STOCK_D_STABLE2
2018-12-20,181.4,181.93,180.23,181.56,4798829.0,STOCK_D_STABLE2
2018-12-21,181.45,182.18,180.89,180.91,4278023.0,STOCK_D_STABLE2
2018-12-24,180.37,182.56,179.47,181.42,3733875.0,STOCK_D_STABLE2
2018-12-25,181.91,183.95,180.07,181.52,162047.0,STOCK_D_STABLE2
2018-12-26,178.8,179.46,177.94,178.99,4072706.0,STOCK_D_STABLE2
2018-12-27,178.94,179.62,178.53,179.21,4815372.0,STOCK_D_STABLE2
2018-12-28,176.2,177.56,175.45,177.06,3277056.0,STOCK_D_STABLE2
2018-12-31,179.93,180.1,179.06,179.35,1494018.0,STOCK_D_STABLE2
2019-01-01,179.62,180.39,178.42,179.11,3311821.0,STOCK_D_STABLE2
2019-01-02,180.51,180.67,179.42,179.63,4910080.0,STOCK_D_STABLE2
2019-01-03,180.87,181.5,180.16,180.92,1800290.0,STOCK_D_STABLE2
2019-01-04,176.25,176.85,176.01,176.6,4337228.0,STOCK_D_STABLE2
2019-01-07,181.7,182.72,180.96,182.14,4797609.0,STOCK_D_STABLE2
2019-01-08,181.3,183.83,179.86,182.02,1910365.0,STOCK_D_STABLE2
2019-01-09,180.12,180.31,179.72,180.15,1320595.0,STOCK_D_STABLE2
2019-01-10,179.12,179.53,178.08,178.13,788331.0,STOCK_D_STABLE2
2019-01-11,181.19,182.49,180.56,180.97,2686529.0,STOCK_D_STABLE2
2019-01-14,183.87,185.44,183.23,184.21,2731254.0,STOCK_D_STABLE2
2019-01-15,189.17,190.29,187.36,187.89,4241896.0,STOCK_D_STABLE2
2019-01-16,188.53,188.96,187.33,188.18,1788898.0,STOCK_D_STABLE2
2019-01-17,187.67,188.02,185.95,187.09,3680530.0,STOCK_D_STABLE2
2019-01-18,190.6,191.36,190.06,190.58,819255.0,STOCK_D_STABLE2
2019-01-21,191.49,192.25,191.03,191.69,2992926.0,STOCK_D_STABLE2
2019-01-22,191.15,192.28,189.92,190.09,3106121.0,STOCK_D_STABLE2
2019-01-23,187.28,188.64,186.23,187.92,4376811.0,STOCK_D_STABLE2
2019-01-24,188.8,190.26,188.49,189.55,284122.0,STOCK_D_STABLE2
2019-01-25,191.2,192.35,190.44,191.76,9566600.0,STOCK_D_STABLE2
2019-01-28,187.71,189.54,186.78,188.07,4535134.0,STOCK_D_STABLE2
2019-01-29,187.62,188.41,187.5,188.08,3019342.0,STOCK_D_STABLE2
2019-01-30,189.24,191.69,188.81,190.37,4894625.0,STOCK_D_STABLE2
2019-01-31,186.66,188.2,186.36,187.39,478849.0,STOCK_D_STABLE2
2019-02-01,190.34,190.4,187.95,189.42,3837086.0,STOCK_D_STABLE2
2019-02-04,189.36,190.96,189.32,190.06,2908723.0,STOCK_D_STABLE2
2019-02-05,188.45,188.95,187.63,188.94,1198028.0,STOCK_D_STABLE2
2019-02-06,190.97,193.15,188.75,191.36,2033757.0,STOCK_D_STABLE2
2019-02-07,193.86,193.91,192.28,192.46,4469894.0,STOCK_D_STABLE2
2019-02-08,189.07,190.08,187.82,188.43,4649682.0,STOCK_D_STABLE2
2019-02-11,189.32,190.42,186.87,188.13,2723202.0,STOCK_D_STABLE2
2019-02-12,189.99,190.51,189.84,190.31,3276125.0,STOCK_D_STABLE2
2019-02-13,188.13,189.08,187.12,188.77,4251356.0,STOCK_D_STABLE2
2019-02-14,189.23,190.44,188.52,190.01,700669.0,STOCK_D_STABLE2
2019-02-15,189.46,191.46,188.56,190.77,690186.0,STOCK_D_STABLE2
2019-02-18,189.64,190.28,189.16,190.01,4416646.0,STOCK_D_STABLE2
2019-02-19,191.67,191.68,190.03,191.51,3633048.0,STOCK_D_STABLE2
2019-02-20,190.63,192.61,190.6,191.36,1968039.0,STOCK_D_STABLE2
2019-02-21,186.69,186.85,185.04,186.38,507957.0,STOCK_D_STABLE2
2019-02-22,184.81,185.76,182.96,183.98,1225068.0,STOCK_D_STABLE2
2019-02-25,182.75,182.81,180.52,182.55,2620433.0,STOCK_D_STABLE2
2019-02-26,185.94,187.32,184.3,186.7,1282619.0,STOCK_D_STABLE2
2019-02-27,184.59,186.22,184.54,185.31,3986337.0,STOCK_D_STABLE2
2019-02-28,187.85,188.65,186.15,187.02,739138.0,STOCK_D_STABLE2
2019-03-01,189.83,191.38,189.66,190.53,4341211.0,STOCK_D_STABLE2
2019-03-04,189.7,192.0,189.58,189.74,4075480.0,STOCK_D_STABLE2
2019-03-05,189.65,190.41,188.54,189.91,2277951.0,STOCK_D_STABLE2
2019-03-06,189.0,189.32,187.74,188.18,1168942.0,STOCK_D_STABLE2
2019-03-07,189.05,189.79,187.94,188.21,1743603.0,STOCK_D_STABLE2
2019-03-08,187.38,189.25,186.46,187.62,524659.0,STOCK_D_STABLE2
2019-03-11,185.82,187.08,185.54,185.61,4133390.0,STOCK_D_STABLE2
2019-03-12,186.9,189.15,185.97,187.6,4021503.0,STOCK_D_STABLE2
2019-03-13,187.36,188.59,187.2,187.47,744962.0,STOCK_D_STABLE2
2019-03-14,189.2,190.13,188.76,189.65,4369845.0,STOCK_D_STABLE2
2019-03-15,188.7,189.5,187.51,188.11,564935.0,STOCK_D_STABLE2
2019-03-18,187.06,188.38,186.85,187.32,4580651.0,STOCK_D_STABLE2
2019-03-19,185.62,186.87,185.52,186.27,1467263.0,STOCK_D_STABLE2
2019-03-20,186.43,187.1,185.37,185.8,1411099.0,STOCK_D_STABLE2
2019-03-21,184.78,185.18,183.91,184.59,4316778.0,STOCK_D_STABLE2
2019-03-22,184.45,185.68,183.51,185.33,2157470.0,STOCK_D_STABLE2
2019-03-25,189.89,189.99,188.73,189.2,2712831.0,STOCK_D_STABLE2
2019-03-26,186.79,187.26,186.7,186.92,3776001.0,STOCK_D_STABLE2
2019-03-27,191.95,192.59,190.4,191.3,4137843.0,STOCK_D_STABLE2
2019-03-28,194.52,196.21,192.85,193.28,2080710.0,STOCK_D_STABLE2
2019-03-29,190.3,190.5,188.92,190.23,4436830.0,STOCK_D_STABLE2
2019-04-01,190.29,191.63,189.27,190.12,4271859.0,STOCK_D_STABLE2
2019-04-02,194.59,195.12,192.9,193.71,537367.0,STOCK_D_STABLE2
2019-04-03,193.5,194.02,191.82,193.11,2476344.0,STOCK_D_STABLE2
2019-04-04,193.2,194.52,192.89,194.0,4134662.0,STOCK_D_STABLE2
2019-04-05,194.37,195.43,192.87,195.38,175581.0,STOCK_D_STABLE2
2019-04-08,194.01,194.44,193.11,194.22,4622414.0,STOCK_D_STABLE2
2019-04-09,194.95,195.28,194.77,194.91,3454042.0,STOCK_D_STABLE2
2019-04-10,194.37,196.2,193.33,194.62,4387339.0,STOCK_D_STABLE2
2019-04-11,193.06,193.21,192.38,193.12,379731.0,STOCK_D_STABLE2
2019-04-12,193.18,193.65,192.66,192.89,3722329.0,STOCK_D_STABLE2
2019-04-15,194.14,195.56,193.59,194.89,1307278.0,STOCK_D_STABLE2
2019-04-16,195.85,196.04,194.64,195.02,3325660.0,STOCK_D_STABLE2
2019-04-17,194.58,194.99,194.04,194.06,431263.0,STOCK_D_STABLE2
2019-04-18,193.71,195.02,193.12,193.59,1813150.0,STOCK_D_STABLE2
2019-04-19,190.06,191.04,188.33,188.8,3486763.0,STOCK_D_STABLE2
2019-04-22,192.32,193.09,190.91,191.52,1448956.0,STOCK_D_STABLE2
2019-04-23,188.04,189.58,187.32,188.35,1309823.0,STOCK_D_STABLE2
2019-04-24,187.13,187.88,186.27,187.7,3583700.0,STOCK_D_STABLE2
2019-04-25,188.36,189.01,187.75,187.86,1398917.0,STOCK_D_STABLE2
2019-04-26,189.63,191.26,188.44,188.89,507881.0,STOCK_D_STABLE2
2019-04-29,190.7,191.84,190.41,191.41,3688836.0,STOCK_D_STABLE2
2019-04-30,191.92,194.02,191.65,192.19,4408457.0,STOCK_D_STABLE2
2019-05-01,194.88,195.8,193.92,195.46,2002614.0,STOCK_D_STABLE2
2019-05-02,194.22,196.9,193.62,196.18,3658653.0,STOCK_D_STABLE2
2019-05-03,196.45,197.04,195.3,196.06,1572316.0,STOCK_D_STABLE2
2019-05-06,195.41,195.67,193.99,194.75,1887391.0,STOCK_D_STABLE2
2019-05-07,191.3,191.72,189.91,191.47,4288921.0,STOCK_D_STABLE2
2019-05-08,194.01,195.6,193.02,193.5,2475072.0,STOCK_D_STABLE2
2019-05-09,194.14,195.05,192.56,193.69,2494053.0,STOCK_D_STABLE2
2019-05-10,189.84,190.69,188.22,189.83,708551.0,STOCK_D_STABLE2
2019-05-13,190.74,190.81,189.38,189.95,1334334.0,STOCK_D_STABLE2
2019-05-14,190.31,190.81,189.45,190.24,4806066.0,STOCK_D_STABLE2
2019-05-15,187.63,188.12,187.06,187.29,2409189.0,STOCK_D_STABLE2
2019-05-16,186.02,186.96,185.22,186.14,4627650.0,STOCK_D_STABLE2
2019-05-17,184.26,185.25,183.79,184.76,2077466.0,STOCK_D_STABLE2
2019-05-20,185.82,186.92,185.7,186.56,2764290.0,STOCK_D_STABLE2
2019-05-21,185.83,187.1,185.01,185.47,933783.0,STOCK_D_STABLE2
2019-05-22,186.38,187.35,184.98,185.64,3562547.0,STOCK_D_STABLE2
2019-05-23,184.37,184.8,181.7,183.81,2989863.0,STOCK_D_STABLE2
2019-05-24,185.08,185.27,182.89,184.35,2030461.0,STOCK_D_STABLE2
2019-05-27,186.59,188.06,185.87,186.93,3086252.0,STOCK_D_STABLE2
2019-05-28,191.21,192.57,189.91,190.95,1980789.0,STOCK_D_STABLE2
2019-05-29,189.27,189.83,187.61,188.21,4874711.0,STOCK_D_STABLE2
2019-05-30,190.61,192.06,190.61,190.93,3269497.0,STOCK_D_STABLE2
2019-05-31,190.59,191.7,190.55,191.0,4056592.0,STOCK_D_STABLE2
2019-06-03,193.16,194.26,192.34,193.56,4936052.0,STOCK_D_STABLE2
2019-06-04,191.32,193.39,190.28,190.88,2119308.0,STOCK_D_STABLE2
2019-06-05,190.17,191.41,189.92,191.21,243458.0,STOCK_D_STABLE2
2019-06-06,190.76,191.44,189.9,190.68,1435602.0,STOCK_D_STABLE2
2019-06-07,191.13,191.41,189.46,190.35,3455154.0,STOCK_D_STABLE2
2019-06-10,189.26,191.47,189.08,189.12,3091141.0,STOCK_D_STABLE2
2019-06-11,186.88,187.69,185.76,186.97,2368931.0,STOCK_D_STABLE2
2019-06-12,186.52,188.72,185.11,186.64,3593040.0,STOCK_D_STABLE2
2019-06-13,186.0,186.18,185.0,185.26,2625512.0,STOCK_D_STABLE2
2019-06-14,183.54,183.84,182.72,183.64,565666.0,STOCK_D_STABLE2
2019-06-17,182.5,183.02,180.21,182.26,1670691.0,STOCK_D_STABLE2
2019-06-18,184.74,184.95,183.13,184.0,1994060.0,STOCK_D_STABLE2
2019-06-19,184.75,186.17,183.97,185.15,2287562.0,STOCK_D_STABLE2
2019-06-20,187.48,188.22,186.08,187.43,230483.0,STOCK_D_STABLE2
2019-06-21,187.95,189.23,187.16,188.73,143111.0,STOCK_D_STABLE2
2019-06-24,190.3,191.43,189.49,190.76,3254931.0,STOCK_D_STABLE2
2019-06-25,190.39,191.4,190.16,190.58,4760215.0,STOCK_D_STABLE2
2019-06-26,190.81,190.94,189.62,189.94,4549225.0,STOCK_D_STABLE2
2019-06-27,192.55,194.22,191.5,193.0,3987349.0,STOCK_D_STABLE2
2019-06-28,190.66,192.55,190.46,191.06,3987348.0,STOCK_D_STABLE2
2019-07-01,198.56,200.37,197.72,197.74,519587.0,STOCK_D_STABLE2
2019-07-02,202.41,203.7,200.69,202.44,4593468.0,STOCK_D_STABLE2
2019-07-03,205.63,206.27,204.68,204.8,2774647.0,STOCK_D_STABLE2
2019-07-04,207.14,207.38,205.21,205.61,4108019.0,STOCK_D_STABLE2
2019-07-05,204.17,205.85,203.73,204.25,2684036.0,STOCK_D_STABLE2
2019-07-08,199.45,200.1,199.02,200.02,4829910.0,STOCK_D_STABLE2
2019-07-09,202.21,202.83,200.64,201.15,4057190.0,STOCK_D_STABLE2
2019-07-10,200.35,200.63,199.1,199.88,709199.0,STOCK_D_STABLE2
2019-07-11,199.74,200.25,199.51,199.77,688722.0,STOCK_D_STABLE2
2019-07-12,200.77,201.72,199.06,199.33,4588651.0,STOCK_D_STABLE2
2019-07-15,198.31,200.69,197.32,198.28,1724885.0,STOCK_D_STABLE2
2019-07-16,201.06,201.76,199.99,201.25,2216198.0,STOCK_D_STABLE2
2019-07-17,202.47,203.67,201.68,202.67,1356720.0,STOCK_D_STABLE2
2019-07-18,204.68,205.29,203.95,204.81,1189942.0,STOCK_D_STABLE2
2019-07-19,206.84,208.06,205.73,207.27,211063.0,STOCK_D_STABLE2
2019-07-22,205.2,206.01,204.75,205.74,1176048.0,STOCK_D_STABLE2
2019-07-23,209.76,210.1,207.5,208.33,3309249.0,STOCK_D_STABLE2
2019-07-24,209.0,210.52,207.3,208.61,3669064.0,STOCK_D_STABLE2
2019-07-25,207.99,209.57,206.78,208.6,3479946.0,STOCK_D_STABLE2
2019-07-26,206.03,206.04,203.24,206.03,115783.0,STOCK_D_STABLE2
2019-07-29,205.72,207.7,204.46,206.69,2929792.0,STOCK_D_STABLE2
2019-07-30,206.26,206.96,205.19,206.31,2911418.0,STOCK_D_STABLE2
2019-07-31,208.12,209.3,206.52,207.6,4437756.0,STOCK_D_STABLE2
2019-08-01,205.66,207.18,205.41,206.12,4246095.0,STOCK_D_STABLE2
2019-08-02,209.29,210.17,208.7,209.43,1739259.0,STOCK_D_STABLE2
2019-08-05,209.31,209.45,207.75,209.06,2051059.0,STOCK_D_STABLE2
2019-08-06,210.6,210.97,209.7,210.87,599090.0,STOCK_D_STABLE2
2019-08-07,208.53,210.23,207.62,209.17,128219.0,STOCK_D_STABLE2
2019-08-08,209.46,210.78,208.62,208.95,2100419.0,STOCK_D_STABLE2
2019-08-09,209.69,210.58,207.9,209.9,2309483.0,STOCK_D_STABLE2
2019-08-12,208.16,208.26,206.88,207.76,4185203.0,STOCK_D_STABLE2
2019-08-13,211.2,212.63,210.29,210.56,3169542.0,STOCK_D_STABLE2
2019-08-14,210.51,210.95,209.01,209.72,897092.0,STOCK_D_STABLE2
2019-08-15,205.59,207.34,204.21,207.14,2678595.0,STOCK_D_STABLE2
2019-08-16,207.8,209.35,207.7,208.52,2959838.0,STOCK_D_STABLE2
2019-08-19,209.37,209.76,208.34,209.4,975374.0,STOCK_D_STABLE2
2019-08-20,215.39,217.07,215.04,215.66,2031523.0,STOCK_D_STABLE2
2019-08-21,216.68,218.55,215.68,217.53,3060739.0,STOCK_D_STABLE2
2019-08-22,223.74,224.17,223.62,223.67,4622882.0,STOCK_D_STABLE2
2019-08-23,221.22,223.12,220.37,222.33,254296.0,STOCK_D_STABLE2
2019-08-26,221.81,222.67,220.64,220.68,3573512.0,STOCK_D_STABLE2
2019-08-27,224.04,225.39,221.19,225.13,1631884.0,STOCK_D_STABLE2
2019-08-28,225.6,226.6,223.66,224.43,1581316.0,STOCK_D_STABLE2
2019-08-29,219.63,221.82,219.4,220.62,3982980.0,STOCK_D_STABLE2
2019-08-30,217.5,219.09,216.88,218.83,1488450.0,STOCK_D_STABLE2
2019-09-02,217.74,219.75,216.11,218.44,2273689.0,STOCK_D_STABLE2
2019-09-03,218.87,219.41,217.75,218.44,1330979.0,STOCK_D_STABLE2
2019-09-04,218.32,219.36,216.58,218.6,169493.0,STOCK_D_STABLE2
2019-09-05,216.07,216.97,215.99,216.59,2248715.0,STOCK_D_STABLE2
2019-09-06,216.83,217.25,215.96,216.58,4764492.0,STOCK_D_STABLE2
2019-09-09,215.01,215.8,213.55,214.14,3428964.0,STOCK_D_STABLE2
2019-09-10,215.31,215.41,214.12,214.99,4207590.0,STOCK_D_STABLE2
2019-09-11,213.29,214.33,211.62,212.71,2971221.0,STOCK_D_STABLE2
2019-09-12,210.88,211.08,209.21,209.87,4178189.0,STOCK_D_STABLE2
2019-09-13,207.35,209.81,206.77,208.14,1396533.0,STOCK_D_STABLE2
2019-09-16,206.25,207.53,204.62,206.09,1336337.0,STOCK_D_STABLE2
2019-09-17,204.15,205.75,203.08,204.6,4286233.0,STOCK_D_STABLE2
2019-09-18,207.54,207.8,206.0,206.21,897586.0,STOCK_D_STABLE2
2019-09-19,206.83,207.08,205.18,206.59,4185176.0,STOCK_D_STABLE2
2019-09-20,209.3,210.39,207.17,207.77,16569856.0,STOCK_D_STABLE2
2019-09-23,211.53,211.79,211.13,211.57,1353832.0,STOCK_D_STABLE2
2019-09-24,216.85,217.2,215.63,216.13,3121036.0,STOCK_D_STABLE2
2019-09-25,220.54,223.42,219.98,221.78,3483237.0,STOCK_D_STABLE2
2019-09-26,218.99,220.39,218.43,219.22,2478103.0,STOCK_D_STABLE2
2019-09-27,218.09,219.26,217.7,219.21,1396373.0,STOCK_D_STABLE2
2019-09-30,218.11,218.43,216.75,218.3,751306.0,STOCK_D_STABLE2
2019-10-01,217.08,218.86,216.78,218.46,13578757.0,STOCK_D_STABLE2
2019-10-02,217.15,217.33,215.39,216.35,1255195.0,STOCK_D_STABLE2
2019-10-03,221.74,223.24,219.54,220.52,3361512.0,STOCK_D_STABLE2
2019-10-04,218.93,219.61,217.6,217.67,2061815.0,STOCK_D_STABLE2
2019-10-07,217.33,217.68,215.25,216.22,3324645.0,STOCK_D_STABLE2
2019-10-08,213.86,214.3,213.65,214.22,3891544.0,STOCK_D_STABLE2
2019-10-09,209.26,211.41,207.49,210.03,4800895.0,STOCK_D_STABLE2
2019-10-10,210.06,210.97,208.81,209.13,3456291.0,STOCK_D_STABLE2
2019-10-11,206.22,206.9,205.0,206.4,4248420.0,STOCK_D_STABLE2
2019-10-14,202.39,204.34,200.69,202.98,3488287.0,STOCK_D_STABLE2
2019-10-15,205.7,206.23,204.12,204.73,2553836.0,STOCK_D_STABLE2
2019-10-16,208.32,209.14,207.3,208.35,945908.0,STOCK_D_STABLE2
2019-10-17,209.1,209.86,206.87,207.33,933177.0,STOCK_D_STABLE2
2019-10-18,210.78,213.59,210.07,212.04,2486002.0,STOCK_D_STABLE2
2019-10-21,213.03,215.12,211.67,212.52,3586731.0,STOCK_D_STABLE2
2019-10-22,207.41,207.58,207.15,207.55,1547261.0,STOCK_D_STABLE2
2019-10-23,210.95,211.59,208.04,210.39,267465.0,STOCK_D_STABLE2
2019-10-24,212.56,213.26,211.42,211.76,3872004.0,STOCK_D_STABLE2
2019-10-25,211.75,214.08,210.55,213.33,2577424.0,STOCK_D_STABLE2
2019-10-28,211.5,212.14,210.21,211.48,4604950.0,STOCK_D_STABLE2
2019-10-29,209.63,211.16,207.69,210.25,4183738.0,STOCK_D_STABLE2
2019-10-30,206.46,207.72,205.62,206.94,2768778.0,STOCK_D_STABLE2
2019-10-31,206.72,207.59,206.55,207.25,4369817.0,STOCK_D_STABLE2
2019-11-01,208.46,210.4,207.3,208.4,1928562.0,STOCK_D_STABLE2
2019-11-04,205.76,210.09,205.21,208.12,1525167.0,STOCK_D_STABLE2
2019-11-05,206.63,208.18,205.29,205.37,4568314.0,STOCK_D_STABLE2
2019-11-06,206.38,207.05,204.11,205.89,4151240.0,STOCK_D_STABLE2
2019-11-07,207.58,208.96,207.51,208.19,4954250.0,STOCK_D_STABLE2
2019-11-08,210.32,211.51,207.27,209.09,6577864.0,STOCK_D_STABLE2
2019-11-11,206.57,208.53,204.7,207.35,667204.0,STOCK_D_STABLE2
2019-11-12,205.63,206.83,204.76,205.43,2847144.0,STOCK_D_STABLE2
2019-11-13,202.76,204.18,201.75,202.4,3681762.0,STOCK_D_STABLE2
2019-11-14,204.17,206.51,203.98,204.67,860604.0,STOCK_D_STABLE2
2019-11-15,206.44,207.01,205.56,206.6,784448.0,STOCK_D_STABLE2
2019-11-18,208.05,208.83,207.98,208.42,2459245.0,STOCK_D_STABLE2
2019-11-19,208.42,209.63,207.47,209.26,1750011.0,STOCK_D_STABLE2
2019-11-20,209.31,209.36,208.54,208.64,755764.0,STOCK_D_STABLE2
2019-11-21,210.6,211.66,209.93,210.59,3541269.0,STOCK_D_STABLE2
2019-11-22,209.03,209.18,208.48,208.95,3845403.0,STOCK_D_STABLE2
2019-11-25,203.99,205.33,203.97,204.39,104922.0,STOCK_D_STABLE2
2019-11-26,205.76,206.31,204.23,205.06,3055384.0,STOCK_D_STABLE2
2019-11-27,205.93,207.01,205.55,206.81,1672245.0,STOCK_D_STABLE2
2019-11-28,206.84,208.7,206.1,207.3,549396.0,STOCK_D_STABLE2
2019-11-29,209.94,211.44,209.05,209.51,4118550.0,STOCK_D_STABLE2
2019-12-02,213.38,213.58,212.03,212.41,1544437.0,STOCK_D_STABLE2
2019-12-03,211.37,213.1,211.17,211.77,1879515.0,STOCK_D_STABLE2
2019-12-04,213.1,213.11,210.15,211.73,4680657.0,STOCK_D_STABLE2
2019-12-05,212.62,214.15,211.6,211.66,2848294.0,STOCK_D_STABLE2
2019-12-06,211.46,212.86,210.41,210.74,527269.0,STOCK_D_STABLE2
2019-12-09,210.25,210.94,209.65,210.04,603057.0,STOCK_D_STABLE2
2019-12-10,212.44,213.84,211.69,212.99,2301600.0,STOCK_D_STABLE2
2019-12-11,211.89,213.5,211.47,212.61,2633682.0,STOCK_D_STABLE2
2019-12-12,213.26,214.7,212.57,214.05,728010.0,STOCK_D_STABLE2
2019-12-13,215.24,215.67,213.93,214.68,3497522.0,STOCK_D_STABLE2
2019-12-16,211.79,213.61,209.9,212.74,243474.0,STOCK_D_STABLE2
2019-12-17,207.23,210.41,206.72,208.45,2470857.0,STOCK_D_STABLE2
2019-12-18,210.62,211.19,208.89,209.28,908417.0,STOCK_D_STABLE2
2019-12-19,209.43,209.94,209.03,209.21,4839024.0,STOCK_D_STABLE2
2019-12-20,206.03,208.63,205.99,206.68,984967.0,STOCK_D_STABLE2
2019-12-23,211.48,212.07,209.64,209.86,3769480.0,STOCK_D_STABLE2
2019-12-24,209.53,211.88,209.1,210.21,1116403.0,STOCK_D_STABLE2
2019-12-25,214.65,215.29,213.0,213.2,1976716.0,STOCK_D_STABLE2
2019-12-26,210.12,211.83,209.29,210.9,2345066.0,STOCK_D_STABLE2
2019-12-27,207.36,209.24,206.15,208.65,3363323.0,STOCK_D_STABLE2
2019-12-30,209.35,209.9,207.71,208.64,1072787.0,STOCK_D_STABLE2
2019-12-31,206.51,209.05,205.65,205.98,3500663.0,STOCK_D_STABLE2
2020-01-01,205.05,206.6,204.62,206.39,1779455.0,STOCK_D_STABLE2
2020-01-02,205.48,206.45,204.77,205.18,3440602.0,STOCK_D_STABLE2
2020-01-03,205.17,205.28,204.9,205.19,2378819.0,STOCK_D_STABLE2
2020-01-06,205.94,207.39,205.02,205.06,3861706.0,STOCK_D_STABLE2
2020-01-07,204.11,204.49,203.18,203.25,4285592.0,STOCK_D_STABLE2
2020-01-08,203.12,206.43,201.86,202.72,904369.0,STOCK_D_STABLE2
2020-01-09,206.05,207.29,202.66,204.12,3036520.0,STOCK_D_STABLE2
2020-01-10,203.56,204.01,202.08,203.38,361875.0,STOCK_D_STABLE2
2020-01-13,201.09,202.28,200.58,201.66,4759047.0,STOCK_D_STABLE2
2020-01-14,204.2,204.77,202.47,204.12,2529644.0,STOCK_D_STABLE2
2020-01-15,202.81,203.5,202.62,202.73,687524.0,STOCK_D_STABLE2
2020-01-16,204.9,205.22,203.65,204.51,11392982.0,STOCK_D_STABLE2
2020-01-17,203.92,204.22,202.37,203.52,4676381.0,STOCK_D_STABLE2
2020-01-20,204.84,204.95,204.15,204.2,3375769.0,STOCK_D_STABLE2
2020-01-21,201.58,203.47,201.26,202.32,1104567.0,STOCK_D_STABLE2
2020-01-22,199.01,200.44,198.61,200.25,2156623.0,STOCK_D_STABLE2
2020-01-23,199.6,201.26,198.35,200.31,902094.0,STOCK_D_STABLE2
2020-01-24,199.3,203.2,197.91,199.9,1564012.0,STOCK_D_STABLE2
2020-01-27,198.37,198.93,197.25,197.58,4281041.0,STOCK_D_STABLE2
2020-01-28,195.65,196.22,194.09,194.16,133612.0,STOCK_D_STABLE2
2020-01-29,188.85,189.83,187.84,188.06,4578655.0,STOCK_D_STABLE2
2020-01-30,185.75,185.93,185.68,185.88,564120.0,STOCK_D_STABLE2
2020-01-31,187.37,188.22,187.05,187.17,3337826.0,STOCK_D_STABLE2
2020-02-03,186.03,187.62,184.23,185.31,2611302.0,STOCK_D_STABLE2
2020-02-04,186.09,187.64,185.9,186.54,2483144.0,STOCK_D_STABLE2
2020-02-05,186.17,187.51,186.1,187.31,197487.0,STOCK_D_STABLE2
2020-02-06,184.24,186.64,183.93,185.06,885153.0,STOCK_D_STABLE2
2020-02-07,184.92,186.37,182.86,184.58,11703664.0,STOCK_D_STABLE2
2020-02-10,185.44,186.36,184.45,184.97,2358962.0,STOCK_D_STABLE2
2020-02-11,183.54,184.06,182.37,182.49,397656.0,STOCK_D_STABLE2
2020-02-12,181.93,182.51,180.13,181.64,4472083.0,STOCK_D_STABLE2
2020-02-13,182.51,184.55,181.93,183.98,9543459.0,STOCK_D_STABLE2
2020-02-14,183.9,184.44,183.63,184.02,255503.0,STOCK_D_STABLE2
2020-02-17,186.85,187.51,186.25,186.9,2008479.0,STOCK_D_STABLE2
2020-02-18,186.17,186.81,185.96,186.14,4769563.0,STOCK_D_STABLE2
2020-02-19,184.49,185.61,182.78,185.24,2445637.0,STOCK_D_STABLE2
2020-02-20,185.83,186.77,184.98,185.68,4696352.0,STOCK_D_STABLE2
2020-02-21,186.33,188.11,183.98,185.98,3312184.0,STOCK_D_STABLE2
2020-02-24,191.54,192.48,191.11,191.45,2533860.0,STOCK_D_STABLE2
2020-02-25,195.14,195.31,193.33,194.68,324724.0,STOCK_D_STABLE2
2020-02-26,195.44,195.84,194.19,195.07,727303.0,STOCK_D_STABLE2
2020-02-27,192.23,193.41,192.09,192.86,3137760.0,STOCK_D_STABLE2
2020-02-28,192.96,192.99,191.64,192.48,547079.0,STOCK_D_STABLE2
2020-03-02,192.43,193.32,191.96,193.13,2129959.0,STOCK_D_STABLE2
2020-03-03,193.76,195.03,190.3,192.28,670346.0,STOCK_D_STABLE2
2020-03-04,189.67,191.31,188.74,189.98,2883860.0,STOCK_D_STABLE2
2020-03-05,188.05,188.77,187.43,188.67,4285139.0,STOCK_D_STABLE2
2020-03-06,187.02,188.01,185.71,187.24,246169.0,STOCK_D_STABLE2
2020-03-09,190.29,191.02,187.31,189.87,2797611.0,STOCK_D_STABLE2
2020-03-10,193.36,194.65,192.21,193.92,914903.0,STOCK_D_STABLE2
2020-03-11,196.18,198.0,194.2,194.77,3692720.0,STOCK_D_STABLE2
2020-03-12,197.03,197.8,196.26,196.49,3626853.0,STOCK_D_STABLE2
2020-03-13,196.81,197.05,195.42,195.75,2367935.0,STOCK_D_STABLE2
2020-03-16,199.25,199.41,198.13,199.02,1302218.0,STOCK_D_STABLE2
2020-03-17,199.05,199.96,198.0,199.87,1421802.0,STOCK_D_STABLE2
2020-03-18,199.21,202.02,198.13,199.91,4770670.0,STOCK_D_STABLE2
2020-03-19,199.6,199.91,199.01,199.72,2779262.0,STOCK_D_STABLE2
2020-03-20,197.28,198.64,196.77,197.69,2739088.0,STOCK_D_STABLE2
2020-03-23,197.51,201.22,197.38,199.17,2822163.0,STOCK_D_STABLE2
2020-03-24,197.0,197.1,193.56,196.29,2574295.0,STOCK_D_STABLE2
2020-03-25,195.32,196.41,194.79,195.75,1750907.0,STOCK_D_STABLE2
2020-03-26,195.43,196.48,195.33,196.09,2372060.0,STOCK_D_STABLE2
2020-03-27,197.27,198.16,195.36,197.96,3928823.0,STOCK_D_STABLE2
2020-03-30,200.37,200.8,199.7,199.79,4830648.0,STOCK_D_STABLE2
2020-03-31,197.22,198.43,196.93,197.86,4968200.0,STOCK_D_STABLE2
2020-04-01,199.6,200.12,197.92,199.22,4240753.0,STOCK_D_STABLE2
2020-04-02,200.74,201.22,200.73,201.15,1632906.0,STOCK_D_STABLE2
2020-04-03,202.88,204.24,202.77,202.94,3119515.0,STOCK_D_STABLE2
2020-04-06,201.85,202.46,200.96,201.7,4690196.0,STOCK_D_STABLE2
2020-04-07,199.72,200.77,198.73,200.01,3478841.0,STOCK_D_STABLE2
2020-04-08,202.05,203.25,201.73,201.85,2148277.0,STOCK_D_STABLE2
2020-04-09,201.62,201.76,199.17,200.8,2770808.0,STOCK_D_STABLE2
2020-04-10,202.71,203.33,202.05,202.48,1216643.0,STOCK_D_STABLE2
2020-04-13,203.51,203.75,201.01,202.8,2674306.0,STOCK_D_STABLE2
2020-04-14,204.52,204.87,201.13,203.53,4537993.0,STOCK_D_STABLE2
2020-04-15,203.8,204.74,202.63,202.7,1778361.0,STOCK_D_STABLE2
2020-04-16,205.36,206.51,204.79,205.4,2085145.0,STOCK_D_STABLE2
2020-04-17,206.24,208.36,204.92,205.85,562991.0,STOCK_D_STABLE2
2020-04-20,206.94,208.98,204.7,206.29,562067.0,STOCK_D_STABLE2
2020-04-21,209.32,210.88,208.24,208.33,2961956.0,STOCK_D_STABLE2
2020-04-22,211.07,212.17,209.3,211.83,4510100.0,STOCK_D_STABLE2
2020-04-23,214.13,216.03,212.28,212.85,2302584.0,STOCK_D_STABLE2
2020-04-24,217.19,217.91,213.87,215.92,810919.0,STOCK_D_STABLE2
2020-04-27,219.99,221.07,217.73,218.85,3844198.0,STOCK_D_STABLE2
2020-04-28,218.99,219.72,217.63,217.68,2579234.0,STOCK_D_STABLE2
2020-04-29,215.85,216.06,214.35,215.0,3893254.0,STOCK_D_STABLE2
2020-04-30,213.58,214.14,212.84,213.4,4615509.0,STOCK_D_STABLE2
2020-05-01,213.72,214.19,212.56,213.52,794740.0,STOCK_D_STABLE2
2020-05-04,209.59,210.49,207.83,209.41,2510167.0,STOCK_D_STABLE2
2020-05-05,207.57,210.85,206.91,207.08,1264153.0,STOCK_D_STABLE2
2020-05-06,204.58,207.81,204.13,207.08,4193784.0,STOCK_D_STABLE2
2020-05-07,207.99,209.26,207.22,207.79,3133747.0,STOCK_D_STABLE2
2020-05-08,203.78,205.89,203.75,204.17,2581331.0,STOCK_D_STABLE2
2020-05-11,202.25,203.57,201.65,203.24,3775228.0,STOCK_D_STABLE2
2020-05-12,198.82,200.27,198.11,199.22,4810549.0,STOCK_D_STABLE2
2020-05-13,201.52,202.02,201.39,201.98,4344091.0,STOCK_D_STABLE2
2020-05-14,203.09,203.21,201.99,202.71,4266909.0,STOCK_D_STABLE2
2020-05-15,201.79,202.83,201.27,201.77,2270015.0,STOCK_D_STABLE2
2020-05-18,200.05,201.09,199.98,201.07,2050643.0,STOCK_D_STABLE2
2020-05-19,203.81,203.85,201.57,202.77,3874494.0,STOCK_D_STABLE2
2020-05-20,199.06,200.0,198.44,198.68,2780058.0,STOCK_D_STABLE2
2020-05-21,197.25,198.22,194.06,195.92,3742932.0,STOCK_D_STABLE2
2020-05-22,194.91,197.13,192.87,195.94,3779085.0,STOCK_D_STABLE2
2020-05-25,196.53,198.27,195.58,196.68,2815097.0,STOCK_D_STABLE2
2020-05-26,194.81,196.94,193.93,196.0,3619942.0,STOCK_D_STABLE2
2020-05-27,191.01,192.19,189.06,190.97,2086144.0,STOCK_D_STABLE2
2020-05-28,191.17,192.08,189.01,189.54,3467913.0,STOCK_D_STABLE2
2020-05-29,188.34,190.29,187.12,187.8,2162466.0,STOCK_D_STABLE2
2020-06-01,182.8,184.4,182.24,183.74,1043995.0,STOCK_D_STABLE2
2020-06-02,179.47,180.08,178.85,179.14,1503538.0,STOCK_D_STABLE2
2020-06-03,177.7,179.45,177.7,178.25,2043195.0,STOCK_D_STABLE2
2020-06-04,175.48,176.49,174.11,175.16,398741.0,STOCK_D_STABLE2
2020-06-05,174.42,174.9,172.93,174.39,4533425.0,STOCK_D_STABLE2
2020-06-08,174.74,175.73,174.38,174.69,1343510.0,STOCK_D_STABLE2
2020-06-09,171.23,172.05,170.17,171.55,2691508.0,STOCK_D_STABLE2
2020-06-10,171.53,172.74,171.22,172.21,3375616.0,STOCK_D_STABLE2
2020-06-11,171.16,173.11,170.36,172.0,568505.0,STOCK_D_STABLE2
2020-06-12,171.04,172.26,169.62,170.35,145920.0,STOCK_D_STABLE2
2020-06-15,171.29,171.84,171.16,171.78,1754378.0,STOCK_D_STABLE2
2020-06-16,174.6,174.64,172.47,173.69,703069.0,STOCK_D_STABLE2
2020-06-17,173.42,174.62,172.87,173.02,1956340.0,STOCK_D_STABLE2
2020-06-18,172.21,172.24,171.39,172.1,3209556.0,STOCK_D_STABLE2
2020-06-19,171.25,171.58,171.0,171.56,1993571.0,STOCK_D_STABLE2
2020-06-22,164.33,166.7,162.9,165.89,2366155.0,STOCK_D_STABLE2
2020-06-23,164.89,164.94,163.61,164.62,3469895.0,STOCK_D_STABLE2
2020-06-24,163.22,164.1,162.91,163.46,2531886.0,STOCK_D_STABLE2
2020-06-25,162.61,163.74,162.3,162.44,494411.0,STOCK_D_STABLE2
2020-06-26,159.79,161.4,159.0,161.34,2877344.0,STOCK_D_STABLE2
2020-06-29,160.08,160.48,159.33,159.94,3858916.0,STOCK_D_STABLE2
2020-06-30,162.31,162.62,162.09,162.45,655103.0,STOCK_D_STABLE2
2020-07-01,161.92,163.5,161.63,162.67,1319423.0,STOCK_D_STABLE2
2020-07-02,164.01,164.13,163.13,163.39,2922402.0,STOCK_D_STABLE2
2020-07-03,163.86,164.63,162.61,164.56,1719272.0,STOCK_D_STABLE2
2020-07-06,165.86,166.81,165.61,166.44,1817342.0,STOCK_D_STABLE2
2020-07-07,169.02,169.03,167.32,167.78,4778239.0,STOCK_D_STABLE2
2020-07-08,167.35,169.73,167.29,167.98,1693831.0,STOCK_D_STABLE2
2020-07-09,164.35,164.82,163.5,164.58,1277922.0,STOCK_D_STABLE2
2020-07-10,165.44,165.82,164.86,165.65,4368273.0,STOCK_D_STABLE2
2020-07-13,166.58,166.97,165.48,166.83,3917790.0,STOCK_D_STABLE2
2020-07-14,165.38,166.53,165.35,165.75,3184316.0,STOCK_D_STABLE2
2020-07-15,164.44,165.32,163.91,164.24,1862687.0,STOCK_D_STABLE2
2020-07-16,160.45,161.11,159.73,160.82,3885643.0,STOCK_D_STABLE2
2020-07-17,161.44,162.13,159.71,161.08,4143751.0,STOCK_D_STABLE2
2020-07-20,160.73,160.75,159.18,159.75,4341087.0,STOCK_D_STABLE2
2020-07-21,158.36,159.03,157.42,158.22,2990981.0,STOCK_D_STABLE2
2020-07-22,158.08,159.86,155.9,158.78,4279585.0,STOCK_D_STABLE2
2020-07-23,156.03,156.75,155.45,156.12,4921899.0,STOCK_D_STABLE2
2020-07-24,156.33,157.02,155.0,155.58,3803511.0,STOCK_D_STABLE2
2020-07-27,155.55,156.16,155.53,155.99,3331482.0,STOCK_D_STABLE2
2020-07-28,155.97,157.98,155.29,157.2,3599616.0,STOCK_D_STABLE2
2020-07-29,157.06,159.01,156.83,158.43,3257736.0,STOCK_D_STABLE2
2020-07-30,159.38,159.59,158.89,159.0,4122510.0,STOCK_D_STABLE2
2020-07-31,156.76,157.23,155.72,155.91,9312504.0,STOCK_D_STABLE2
2020-08-03,158.12,158.35,157.1,157.91,3594722.0,STOCK_D_STABLE2
2020-08-04,157.8,158.18,157.33,157.79,1911662.0,STOCK_D_STABLE2
2020-08-05,156.4,156.95,155.77,156.13,509569.0,STOCK_D_STABLE2
2020-08-06,152.56,154.61,151.94,153.92,2315292.0,STOCK_D_STABLE2
2020-08-07,154.01,154.11,153.42,154.02,3304123.0,STOCK_D_STABLE2
2020-08-10,153.94,154.55,152.18,153.15,3527314.0,STOCK_D_STABLE2
2020-08-11,154.92,155.6,154.14,155.33,4800203.0,STOCK_D_STABLE2
2020-08-12,157.48,158.32,156.21,156.24,762600.0,STOCK_D_STABLE2
2020-08-13,158.47,158.89,157.99,158.22,1492809.0,STOCK_D_STABLE2
2020-08-14,157.27,157.61,156.4,157.43,2105585.0,STOCK_D_STABLE2
2020-08-17,157.49,158.36,156.81,158.15,2536450.0,STOCK_D_STABLE2
2020-08-18,159.23,159.76,158.69,159.75,3032235.0,STOCK_D_STABLE2
2020-08-19,158.58,160.53,158.22,159.37,4185207.0,STOCK_D_STABLE2
2020-08-20,157.48,158.61,157.04,157.05,2143839.0,STOCK_D_STABLE2
2020-08-21,157.03,157.47,156.83,156.84,4558714.0,STOCK_D_STABLE2
2020-08-24,158.37,158.7,157.32,157.85,2470873.0,STOCK_D_STABLE2
2020-08-25,155.67,156.63,155.35,156.03,4848009.0,STOCK_D_STABLE2
2020-08-26,156.54,157.33,155.71,156.12,2709770.0,STOCK_D_STABLE2
2020-08-27,154.6,155.6,154.33,155.34,188271.0,STOCK_D_STABLE2
2020-08-28,155.39,156.86,155.18,155.57,3176756.0,STOCK_D_STABLE2
2020-08-31,154.06,154.77,153.2,153.96,1181322.0,STOCK_D_STABLE2
2020-09-01,152.74,153.0,151.64,152.9,552091.0,STOCK_D_STABLE2
2020-09-02,152.79,153.87,152.52,153.21,288384.0,STOCK_D_STABLE2
2020-09-03,152.61,153.23,150.7,151.67,2089955.0,STOCK_D_STABLE2
2020-09-04,150.62,150.66,149.75,150.03,4454545.0,STOCK_D_STABLE2
2020-09-07,148.02,148.84,147.11,147.67,1814444.0,STOCK_D_STABLE2
2020-09-08,147.73,149.98,147.49,148.32,3564204.0,STOCK_D_STABLE2
2020-09-09,150.59,151.83,149.56,150.05,3009370.0,STOCK_D_STABLE2
2020-09-10,149.43,151.09,148.76,149.69,1454602.0,STOCK_D_STABLE2
2020-09-11,148.51,149.13,148.19,148.47,3675741.0,STOCK_D_STABLE2
2020-09-14,149.37,149.57,149.0,149.21,1209956.0,STOCK_D_STABLE2
2020-09-15,151.48,152.17,150.32,151.34,24351049.0,STOCK_D_STABLE2
2020-09-16,146.0,147.12,145.37,146.17,1349933.0,STOCK_D_STABLE2
2020-09-17,146.86,147.63,145.2,147.59,1612623.0,STOCK_D_STABLE2
2020-09-18,146.94,147.45,145.53,146.22,1547303.0,STOCK_D_STABLE2
2020-09-21,146.67,147.59,146.65,147.29,14800795.0,STOCK_D_STABLE2
2020-09-22,147.26,147.55,146.38,147.51,1399055.0,STOCK_D_STABLE2
2020-09-23,145.04,145.7,144.99,145.68,1051799.0,STOCK_D_STABLE2
2020-09-24,143.35,144.25,141.6,142.93,4496151.0,STOCK_D_STABLE2
2020-09-25,141.25,141.49,139.75,140.36,4354154.0,STOCK_D_STABLE2
2020-09-28,143.95,144.81,142.26,142.84,1562346.0,STOCK_D_STABLE2
2020-09-29,143.17,143.69,142.24,142.96,4949483.0,STOCK_D_STABLE2
2020-09-30,143.04,143.63,141.69,141.84,1155980.0,STOCK_D_STABLE2
2020-10-01,142.37,143.05,141.81,142.16,1582591.0,STOCK_D_STABLE2
2020-10-02,140.82,143.53,140.37,142.37,4540141.0,STOCK_D_STABLE2
2020-10-05,142.52,143.77,141.89,142.47,830433.0,STOCK_D_STABLE2
2020-10-06,142.15,142.88,141.34,141.91,8610595.0,STOCK_D_STABLE2
2020-10-07,139.47,140.22,139.29,139.58,4309870.0,STOCK_D_STABLE2
2020-10-08,136.7,137.29,135.26,137.28,1569457.0,STOCK_D_STABLE2
2020-10-09,138.0,139.19,137.72,139.0,3784043.0,STOCK_D_STABLE2
2020-10-12,138.59,139.2,138.02,138.61,739073.0,STOCK_D_STABLE2
2020-10-13,137.91,138.97,137.38,138.49,3999200.0,STOCK_D_STABLE2
2020-10-14,136.21,137.16,135.64,136.69,155395.0,STOCK_D_STABLE2
2020-10-15,138.34,138.62,137.87,138.14,641851.0,STOCK_D_STABLE2
2020-10-16,137.32,137.4,136.59,136.86,4901716.0,STOCK_D_STABLE2
2020-10-19,136.2,137.62,135.93,136.78,1671823.0,STOCK_D_STABLE2
2020-10-20,137.14,137.54,136.2,136.93,4665552.0,STOCK_D_STABLE2
2020-10-21,135.41,136.4,134.15,135.23,1612372.0,STOCK_D_STABLE2
2020-10-22,135.28,136.56,134.57,135.5,3231910.0,STOCK_D_STABLE2
2020-10-23,135.83,136.77,135.51,136.06,3427426.0,STOCK_D_STABLE2
2020-10-26,136.28,137.02,135.5,136.73,4364337.0,STOCK_D_STABLE2
2020-10-27,136.28,136.4,134.1,135.59,3894602.0,STOCK_D_STABLE2
2020-10-28,136.0,136.11,135.27,135.39,3420314.0,STOCK_D_STABLE2
2020-10-29,137.24,138.22,136.98,137.07,3057669.0,STOCK_D_STABLE2
2020-10-30,139.76,139.97,138.27,138.84,2573110.0,STOCK_D_STABLE2
2020-11-02,139.02,139.05,137.95,138.72,3409761.0,STOCK_D_STABLE2
2020-11-03,140.96,141.56,139.58,140.16,1374185.0,STOCK_D_STABLE2
2020-11-04,142.13,142.42,139.91,141.58,1635253.0,STOCK_D_STABLE2
2020-11-05,141.18,141.55,140.15,141.5,4789434.0,STOCK_D_STABLE2
2020-11-06,144.53,145.1,142.7,143.41,1766316.0,STOCK_D_STABLE2
2020-11-09,144.18,145.4,143.54,143.87,2581859.0,STOCK_D_STABLE2
2020-11-10,141.28,141.53,141.08,141.17,1548591.0,STOCK_D_STABLE2
2020-11-11,145.38,146.17,144.94,145.8,4897273.0,STOCK_D_STABLE2
2020-11-12,143.63,144.43,143.54,143.79,2584394.0,STOCK_D_STABLE2
2020-11-13,143.68,144.57,142.0,143.32,1215039.0,STOCK_D_STABLE2
2020-11-16,143.06,143.25,142.21,142.94,3297663.0,STOCK_D_STABLE2
2020-11-17,141.06,141.48,140.69,141.21,2173414.0,STOCK_D_STABLE2
2020-11-18,140.94,141.42,140.72,141.06,3017736.0,STOCK_D_STABLE2
2020-11-19,140.47,141.23,140.09,140.96,4329884.0,STOCK_D_STABLE2
2020-11-20,139.09,140.42,137.96,139.05,3688258.0,STOCK_D_STABLE2
2020-11-23,140.63,141.12,139.73,140.28,4844394.0,STOCK_D_STABLE2
2020-11-24,143.57,144.5,143.11,143.37,2044963.0,STOCK_D_STABLE2
2020-11-25,145.91,145.92,144.23,144.56,4752804.0,STOCK_D_STABLE2
2020-11-26,146.55,147.36,145.62,146.39,4516957.0,STOCK_D_STABLE2
2020-11-27,147.9,148.55,147.77,147.92,1579734.0,STOCK_D_STABLE2
2020-11-30,146.23,148.03,145.38,147.1,4498192.0,STOCK_D_STABLE2
2020-12-01,149.17,150.7,147.92,150.0,4549677.0,STOCK_D_STABLE2
2020-12-02,151.91,152.29,151.53,151.66,1095668.0,STOCK_D_STABLE2
2020-12-03,153.84,154.23,153.16,153.18,1861695.0,STOCK_D_STABLE2
2020-12-04,157.33,158.5,156.52,156.89,432473.0,STOCK_D_STABLE2
2020-12-07,159.14,160.04,158.54,159.38,3789908.0,STOCK_D_STABLE2
2020-12-08,160.6,161.19,159.71,159.75,582397.0,STOCK_D_STABLE2
2020-12-09,160.46,161.31,160.24,160.55,1108293.0,STOCK_D_STABLE2
2020-12-10,163.41,163.76,163.05,163.5,4804346.0,STOCK_D_STABLE2
2020-12-11,166.51,166.72,164.6,165.47,3896238.0,STOCK_D_STABLE2
2020-12-14,162.63,163.1,161.02,163.08,3778225.0,STOCK_D_STABLE2
2020-12-15,166.51,167.53,165.6,166.67,2746304.0,STOCK_D_STABLE2
2020-12-16,168.1,169.12,167.57,168.9,4693075.0,STOCK_D_STABLE2
2020-12-17,173.05,174.28,172.49,173.43,399985.0,STOCK_D_STABLE2
2020-12-18,173.97,174.16,172.84,173.81,830790.0,STOCK_D_STABLE2
2020-12-21,171.72,172.17,169.16,170.23,677174.0,STOCK_D_STABLE2
2020-12-22,169.16,169.3,168.91,169.2,1076944.0,STOCK_D_STABLE2
2020-12-23,167.86,168.3,167.67,168.0,375373.0,STOCK_D_STABLE2
2020-12-24,167.46,168.97,166.92,168.58,3883537.0,STOCK_D_STABLE2
2020-12-25,174.41,174.71,173.96,174.21,2705952.0,STOCK_D_STABLE2
2020-12-28,173.99,174.31,173.37,173.62,3572718.0,STOCK_D_STABLE2
2020-12-29,177.91,179.69,176.35,177.2,1936994.0,STOCK_D_STABLE2
2020-12-30,176.66,176.68,175.39,176.44,4818894.0,STOCK_D_STABLE2
2020-12-31,178.69,179.19,178.18,178.75,1207446.0,STOCK_D_STABLE2
2021-01-01,182.75,185.37,182.7,183.53,2666113.0,STOCK_D_STABLE2
2021-01-04,182.94,183.65,182.27,183.01,2482222.0,STOCK_D_STABLE2
2021-01-05,184.5,187.13,184.08,186.4,3137283.0,STOCK_D_STABLE2
2021-01-06,187.67,187.78,185.17,186.38,3242091.0,STOCK_D_STABLE2
2021-01-07,189.41,189.86,188.58,188.9,3210565.0,STOCK_D_STABLE2
2021-01-08,191.18,192.74,190.63,191.69,4206653.0,STOCK_D_STABLE2
2021-01-11,190.21,191.65,189.18,191.47,4577397.0,STOCK_D_STABLE2
2021-01-12,186.62,187.61,185.59,186.67,1486957.0,STOCK_D_STABLE2
2021-01-13,188.14,188.88,187.37,188.67,529679.0,STOCK_D_STABLE2
2021-01-14,185.99,187.14,185.01,185.42,926587.0,STOCK_D_STABLE2
2021-01-15,182.23,182.99,181.64,182.2,2680056.0,STOCK_D_STABLE2
2021-01-18,182.84,183.32,182.41,182.7,1522352.0,STOCK_D_STABLE2
2021-01-19,180.99,182.05,179.99,180.36,4912091.0,STOCK_D_STABLE2
2021-01-20,182.1,183.43,180.94,182.3,150393.0,STOCK_D_STABLE2
2021-01-21,185.05,186.84,184.37,186.36,2756983.0,STOCK_D_STABLE2
2021-01-22,187.25,189.48,186.49,187.7,1438564.0,STOCK_D_STABLE2
2021-01-25,190.53,191.21,188.51,189.7,2290795.0,STOCK_D_STABLE2
2021-01-26,191.39,192.74,191.17,191.99,2373163.0,STOCK_D_STABLE2
2021-01-27,188.75,190.25,187.05,189.13,3279399.0,STOCK_D_STABLE2
2021-01-28,187.01,188.02,186.83,187.71,4611961.0,STOCK_D_STABLE2
2021-01-29,182.49,183.1,181.98,182.38,3135633.0,STOCK_D_STABLE2
2021-02-01,187.61,188.3,186.87,187.11,4291038.0,STOCK_D_STABLE2
2021-02-02,183.27,183.82,182.65,183.53,4926459.0,STOCK_D_STABLE2
2021-02-03,185.52,186.44,185.4,185.82,1977555.0,STOCK_D_STABLE2
2021-02-04,185.21,185.8,185.06,185.5,4752335.0,STOCK_D_STABLE2
2021-02-05,182.18,183.6,181.28,182.25,3087683.0,STOCK_D_STABLE2
2021-02-08,186.07,186.73,185.61,185.93,2584401.0,STOCK_D_STABLE2
2021-02-09,186.81,187.59,184.77,185.66,2279364.0,STOCK_D_STABLE2
2021-02-10,189.27,190.85,188.83,190.12,1343958.0,STOCK_D_STABLE2
2021-02-11,186.04,187.99,185.86,187.07,1193095.0,STOCK_D_STABLE2
2021-02-12,187.56,188.42,187.55,188.1,2040729.0,STOCK_D_STABLE2
2021-02-15,189.75,190.75,188.43,190.3,325378.0,STOCK_D_STABLE2
2021-02-16,188.15,189.46,188.0,188.21,4394521.0,STOCK_D_STABLE2
2021-02-17,184.97,187.96,183.39,185.77,1553639.0,STOCK_D_STABLE2
2021-02-18,188.28,188.49,187.81,188.3,2459680.0,STOCK_D_STABLE2
2021-02-19,186.94,188.77,185.74,186.31,3709423.0,STOCK_D_STABLE2
2021-02-22,182.58,183.75,182.14,182.91,3787950.0,STOCK_D_STABLE2
2021-02-23,185.14,185.73,182.96,184.51,1162245.0,STOCK_D_STABLE2
2021-02-24,184.24,184.28,183.59,183.62,2992794.0,STOCK_D_STABLE2
2021-02-25,186.56,186.64,185.44,186.29,212549.0,STOCK_D_STABLE2
2021-02-26,188.37,188.96,186.36,187.12,1194642.0,STOCK_D_STABLE2
2021-03-01,185.83,187.33,185.05,186.35,1376321.0,STOCK_D_STABLE2
2021-03-02,185.58,186.42,183.63,185.95,648275.0,STOCK_D_STABLE2
2021-03-03,187.72,188.16,186.84,187.57,4207043.0,STOCK_D_STABLE2
2021-03-04,193.15,193.69,192.22,192.37,1482064.0,STOCK_D_STABLE2
2021-03-05,197.42,198.29,195.24,196.59,4122581.0,STOCK_D_STABLE2
2021-03-08,193.15,193.93,191.83,193.62,4211684.0,STOCK_D_STABLE2
2021-03-09,192.39,192.45,191.89,192.26,3171784.0,STOCK_D_STABLE2
2021-03-10,191.27,192.58,190.21,190.84,4238212.0,STOCK_D_STABLE2
2021-03-11,190.69,191.74,189.4,191.38,1518818.0,STOCK_D_STABLE2
2021-03-12,193.16,193.68,189.86,191.91,1783822.0,STOCK_D_STABLE2
2021-03-15,192.01,193.85,191.81,192.33,971792.0,STOCK_D_STABLE2
2021-03-16,197.5,198.83,196.79,197.12,3330494.0,STOCK_D_STABLE2
2021-03-17,198.06,198.43,197.14,197.45,4028404.0,STOCK_D_STABLE2
2021-03-18,195.97,197.4,195.48,196.47,4990673.0,STOCK_D_STABLE2
2021-03-19,195.81,196.99,195.72,196.33,3141061.0,STOCK_D_STABLE2
2021-03-22,194.04,196.11,192.23,195.5,4289272.0,STOCK_D_STABLE2
2021-03-23,194.75,195.59,194.46,195.05,1957104.0,STOCK_D_STABLE2
2021-03-24,198.6,199.62,195.89,198.29,224972.0,STOCK_D_STABLE2
2021-03-25,199.14,199.56,199.01,199.39,992275.0,STOCK_D_STABLE2
2021-03-26,193.3,194.19,191.54,193.83,3720798.0,STOCK_D_STABLE2
2021-03-29,200.11,201.4,197.98,199.49,3893009.0,STOCK_D_STABLE2
2021-03-30,201.51,202.34,200.69,200.94,1355379.0,STOCK_D_STABLE2
2021-03-31,196.77,196.94,196.38,196.57,2200088.0,STOCK_D_STABLE2
2021-04-01,195.25,195.94,194.6,195.44,803861.0,STOCK_D_STABLE2
2021-04-02,194.26,195.04,193.98,194.08,504715.0,STOCK_D_STABLE2
2021-04-05,194.08,194.19,192.9,194.04,2293795.0,STOCK_D_STABLE2
2021-04-06,192.51,193.61,191.27,193.15,2088035.0,STOCK_D_STABLE2
2021-04-07,189.3,190.35,187.57,187.78,2367881.0,STOCK_D_STABLE2
2021-04-08,185.9,188.27,185.82,186.56,1340678.0,STOCK_D_STABLE2
2021-04-09,190.22,191.04,190.16,190.33,1015693.0,STOCK_D_STABLE2
2021-04-12,186.94,187.27,186.39,186.96,3330461.0,STOCK_D_STABLE2
2021-04-13,190.68,191.71,189.23,191.15,4356084.0,STOCK_D_STABLE2
2021-04-14,188.46,188.97,187.79,188.12,4239729.0,STOCK_D_STABLE2
2021-04-15,185.73,187.38,185.58,186.09,3797099.0,STOCK_D_STABLE2
2021-04-16,186.47,188.48,184.61,185.62,4492322.0,STOCK_D_STABLE2
2021-04-19,182.6,185.69,182.4,184.02,2239244.0,STOCK_D_STABLE2
2021-04-20,183.2,183.34,181.6,183.19,2947445.0,STOCK_D_STABLE2
2021-04-21,184.24,184.82,183.29,184.21,2448982.0,STOCK_D_STABLE2
2021-04-22,183.46,185.44,182.6,184.6,2999808.0,STOCK_D_STABLE2
2021-04-23,191.39,192.39,188.74,190.51,1896384.0,STOCK_D_STABLE2
2021-04-26,189.58,191.1,188.64,190.13,2660158.0,STOCK_D_STABLE2
2021-04-27,191.24,192.33,191.12,191.45,3475710.0,STOCK_D_STABLE2
2021-04-28,190.38,191.52,190.2,190.29,4078355.0,STOCK_D_STABLE2
2021-04-29,185.72,187.86,184.2,186.72,150156.0,STOCK_D_STABLE2
2021-04-30,184.15,185.92,182.56,184.27,1487520.0,STOCK_D_STABLE2
2021-05-03,186.71,187.2,186.01,186.06,2701741.0,STOCK_D_STABLE2
2021-05-04,187.71,188.3,187.09,187.71,3580797.0,STOCK_D_STABLE2
2021-05-05,187.66,189.76,186.79,188.15,3982094.0,STOCK_D_STABLE2
2021-05-06,191.94,192.28,190.3,191.65,1874447.0,STOCK_D_STABLE2
2021-05-07,186.68,188.97,186.22,187.04,201648.0,STOCK_D_STABLE2
2021-05-10,185.17,186.6,184.57,186.07,3505126.0,STOCK_D_STABLE2
2021-05-11,186.13,186.56,184.86,185.82,1820965.0,STOCK_D_STABLE2
2021-05-12,188.37,188.43,186.07,186.73,4351730.0,STOCK_D_STABLE2
2021-05-13,184.0,185.7,182.78,184.19,559484.0,STOCK_D_STABLE2
2021-05-14,188.13,189.23,186.72,186.75,4323137.0,STOCK_D_STABLE2
2021-05-17,183.92,186.48,183.49,185.07,997042.0,STOCK_D_STABLE2
2021-05-18,185.73,185.83,183.94,185.6,4249601.0,STOCK_D_STABLE2
2021-05-19,183.65,185.7,181.33,184.22,1787615.0,STOCK_D_STABLE2
2021-05-20,182.24,182.32,181.75,181.77,2757055.0,STOCK_D_STABLE2
2021-05-21,179.95,181.17,179.48,180.34,1914310.0,STOCK_D_STABLE2
2021-05-24,182.25,182.48,182.18,182.29,2101561.0,STOCK_D_STABLE2
2021-05-25,180.91,181.27,180.32,180.91,2268907.0,STOCK_D_STABLE2
2021-05-26,177.95,179.08,177.44,178.26,4440725.0,STOCK_D_STABLE2
2021-05-27,181.38,182.08,180.63,181.37,3417824.0,STOCK_D_STABLE2
2021-05-28,181.8,182.73,180.38,181.12,4407080.0,STOCK_D_STABLE2
2021-05-31,178.17,179.44,178.11,178.55,1944664.0,STOCK_D_STABLE2
2021-06-01,180.84,181.45,179.8,181.35,570449.0,STOCK_D_STABLE2
2021-06-02,180.76,182.5,180.6,181.68,3818461.0,STOCK_D_STABLE2
2021-06-03,179.08,179.9,177.46,178.24,4410917.0,STOCK_D_STABLE2
2021-06-04,174.06,174.59,173.74,174.11,2962849.0,STOCK_D_STABLE2
2021-06-07,172.1,172.65,171.27,171.73,442661.0,STOCK_D_STABLE2
2021-06-08,172.03,172.77,170.64,172.25,2161123.0,STOCK_D_STABLE2
2021-06-09,173.22,173.97,171.45,172.13,4968576.0,STOCK_D_STABLE2
2021-06-10,172.42,173.76,170.79,171.86,3014191.0,STOCK_D_STABLE2
2021-06-11,170.63,170.64,169.28,170.42,3596596.0,STOCK_D_STABLE2
2021-06-14,171.42,172.9,170.25,171.78,4173459.0,STOCK_D_STABLE2
2021-06-15,172.35,173.84,172.15,172.25,4405331.0,STOCK_D_STABLE2
2021-06-16,175.29,176.16,175.12,175.43,3398465.0,STOCK_D_STABLE2
2021-06-17,175.11,176.23,174.53,174.81,4559766.0,STOCK_D_STABLE2
2021-06-18,175.83,176.61,174.63,175.24,513930.0,STOCK_D_STABLE2
2021-06-21,176.55,177.9,175.5,177.43,639398.0,STOCK_D_STABLE2
2021-06-22,177.0,178.61,176.51,177.53,559118.0,STOCK_D_STABLE2
2021-06-23,173.19,174.58,172.73,173.84,2702686.0,STOCK_D_STABLE2
2021-06-24,176.0,176.28,175.19,175.37,1241670.0,STOCK_D_STABLE2
2021-06-25,176.96,178.87,176.45,177.44,1357754.0,STOCK_D_STABLE2
2021-06-28,181.38,183.15,181.18,181.88,13091235.0,STOCK_D_STABLE2
2021-06-29,178.99,179.58,177.26,179.05,3470120.0,STOCK_D_STABLE2
2021-06-30,179.54,179.82,178.13,178.82,4021353.0,STOCK_D_STABLE2
2021-07-01,173.49,174.76,171.58,174.13,3933201.0,STOCK_D_STABLE2
2021-07-02,175.12,175.98,175.12,175.3,2997673.0,STOCK_D_STABLE2
2021-07-05,175.24,175.94,174.72,175.8,308962.0,STOCK_D_STABLE2
2021-07-06,176.55,176.57,175.02,175.68,826434.0,STOCK_D_STABLE2
2021-07-07,176.44,177.46,175.3,176.62,3636810.0,STOCK_D_STABLE2
2021-07-08,175.19,175.55,174.54,175.07,7862467.0,STOCK_D_STABLE2
2021-07-09,176.25,176.63,175.29,175.81,947476.0,STOCK_D_STABLE2
2021-07-12,180.7,180.96,179.84,180.86,4450743.0,STOCK_D_STABLE2
2021-07-13,178.96,180.15,177.92,178.81,4030267.0,STOCK_D_STABLE2
2021-07-14,179.06,179.85,177.58,177.89,4620842.0,STOCK_D_STABLE2
2021-07-15,179.86,180.13,178.65,178.74,4444496.0,STOCK_D_STABLE2
2021-07-16,181.05,181.33,180.88,181.2,4769419.0,STOCK_D_STABLE2
2021-07-19,180.45,181.81,180.26,181.66,4286227.0,STOCK_D_STABLE2
2021-07-20,180.83,181.94,180.22,181.08,2296056.0,STOCK_D_STABLE2
2021-07-21,180.1,180.65,178.44,178.72,1087678.0,STOCK_D_STABLE2
2021-07-22,176.8,177.52,176.05,176.17,536743.0,STOCK_D_STABLE2
2021-07-23,176.72,177.27,175.3,176.66,1126004.0,STOCK_D_STABLE2
2021-07-26,175.29,177.2,173.55,175.08,4601403.0,STOCK_D_STABLE2
2021-07-27,175.69,176.34,174.63,174.82,4168615.0,STOCK_D_STABLE2
2021-07-28,176.53,178.21,175.76,177.15,2987870.0,STOCK_D_STABLE2
2021-07-29,174.71,175.15,173.87,174.22,4165218.0,STOCK_D_STABLE2
2021-07-30,172.25,173.53,171.87,172.84,1643695.0,STOCK_D_STABLE2
2021-08-02,171.71,173.58,170.48,172.84,2275630.0,STOCK_D_STABLE2
2021-08-03,173.55,173.86,172.28,172.76,3086203.0,STOCK_D_STABLE2
2021-08-04,172.31,172.5,169.98,171.32,2195624.0,STOCK_D_STABLE2
2021-08-05,168.18,169.06,167.19,167.61,4423569.0,STOCK_D_STABLE2
2021-08-06,166.44,167.09,165.51,166.75,620103.0,STOCK_D_STABLE2
2021-08-09,164.28,164.76,163.52,163.93,2778128.0,STOCK_D_STABLE2
2021-08-10,164.4,165.9,164.03,165.25,2062985.0,STOCK_D_STABLE2
2021-08-11,168.03,169.05,167.7,168.29,3738493.0,STOCK_D_STABLE2
2021-08-12,164.67,164.69,163.97,164.15,2696413.0,STOCK_D_STABLE2
2021-08-13,162.94,163.15,162.67,162.73,3969631.0,STOCK_D_STABLE2
2021-08-16,162.2,164.46,161.77,163.82,4441317.0,STOCK_D_STABLE2
2021-08-17,160.77,162.29,160.25,161.84,386789.0,STOCK_D_STABLE2
2021-08-18,161.17,161.92,161.16,161.33,2548367.0,STOCK_D_STABLE2
2021-08-19,160.62,161.65,160.29,160.84,4454435.0,STOCK_D_STABLE2
2021-08-20,162.79,163.58,161.58,163.03,4513686.0,STOCK_D_STABLE2
2021-08-23,162.76,163.64,162.67,162.99,1689000.0,STOCK_D_STABLE2
2021-08-24,165.39,166.08,164.89,165.11,4852468.0,STOCK_D_STABLE2
2021-08-25,168.13,169.3,167.73,167.91,902990.0,STOCK_D_STABLE2
2021-08-26,168.76,169.05,168.23,168.61,1932428.0,STOCK_D_STABLE2
2021-08-27,166.91,168.84,166.27,167.73,675104.0,STOCK_D_STABLE2
2021-08-30,169.55,171.33,169.08,170.31,5533710.0,STOCK_D_STABLE2
2021-08-31,171.98,172.68,171.96,172.17,3528670.0,STOCK_D_STABLE2
2021-09-01,169.53,169.74,167.3,168.85,2612910.0,STOCK_D_STABLE2
2021-09-02,168.66,170.13,167.46,169.07,993355.0,STOCK_D_STABLE2
2021-09-03,170.08,172.16,169.31,170.23,3413243.0,STOCK_D_STABLE2
2021-09-06,168.98,169.0,168.24,168.89,1135902.0,STOCK_D_STABLE2
2021-09-07,168.23,168.87,167.7,168.56,4049728.0,STOCK_D_STABLE2
2021-09-08,166.48,168.95,165.85,167.3,1921855.0,STOCK_D_STABLE2
2021-09-09,166.36,167.38,166.18,166.44,4173907.0,STOCK_D_STABLE2
2021-09-10,164.17,164.99,163.86,164.52,3418223.0,STOCK_D_STABLE2
2021-09-13,165.06,165.38,164.51,164.82,3486882.0,STOCK_D_STABLE2
2021-09-14,162.69,163.8,162.24,162.62,455375.0,STOCK_D_STABLE2
2021-09-15,161.66,161.9,160.88,161.31,4777536.0,STOCK_D_STABLE2
2021-09-16,160.34,161.15,159.97,160.9,2236106.0,STOCK_D_STABLE2
2021-09-17,162.16,163.57,161.06,161.52,2561204.0,STOCK_D_STABLE2
2021-09-20,161.91,162.8,161.41,161.81,2892063.0,STOCK_D_STABLE2
2021-09-21,164.12,164.34,163.09,164.0,1297210.0,STOCK_D_STABLE2
2021-09-22,162.01,163.62,160.94,162.87,864646.0,STOCK_D_STABLE2
2021-09-23,165.27,165.75,164.85,165.28,4476219.0,STOCK_D_STABLE2
2021-09-24,160.43,161.07,159.27,160.42,3855631.0,STOCK_D_STABLE2
2021-09-27,163.94,165.02,162.91,162.99,1502146.0,STOCK_D_STABLE2
2021-09-28,163.22,164.19,162.62,163.26,616813.0,STOCK_D_STABLE2
2021-09-29,161.2,161.58,160.71,161.49,3584325.0,STOCK_D_STABLE2
2021-09-30,161.08,161.11,160.25,161.07,3745718.0,STOCK_D_STABLE2
2021-10-01,161.01,161.79,159.89,160.38,1602923.0,STOCK_D_STABLE2
2021-10-04,159.59,161.05,159.53,159.79,1176342.0,STOCK_D_STABLE2
2021-10-05,162.61,164.25,161.86,163.16,719643.0,STOCK_D_STABLE2
2021-10-06,163.17,164.49,163.08,163.62,304296.0,STOCK_D_STABLE2
2021-10-07,161.73,162.52,161.6,161.95,1980079.0,STOCK_D_STABLE2
2021-10-08,162.64,163.03,161.8,162.56,4773896.0,STOCK_D_STABLE2
2021-10-11,164.16,165.37,163.27,164.68,1366534.0,STOCK_D_STABLE2
2021-10-12,164.06,164.68,162.84,163.86,1815291.0,STOCK_D_STABLE2
2021-10-13,164.89,165.2,164.38,164.6,3287747.0,STOCK_D_STABLE2
2021-10-14,164.88,165.88,163.68,164.73,4313222.0,STOCK_D_STABLE2
2021-10-15,166.76,168.93,166.11,166.52,2245273.0,STOCK_D_STABLE2
2021-10-18,166.24,168.48,164.89,167.23,1204576.0,STOCK_D_STABLE2
2021-10-19,165.57,166.19,165.19,165.48,1157830.0,STOCK_D_STABLE2
2021-10-20,169.01,169.77,168.27,168.62,4892365.0,STOCK_D_STABLE2
2021-10-21,169.11,170.22,169.08,169.87,3844249.0,STOCK_D_STABLE2
2021-10-22,172.02,172.23,170.68,170.84,3226855.0,STOCK_D_STABLE2
2021-10-25,170.43,172.22,168.94,171.65,4306301.0,STOCK_D_STABLE2
2021-10-26,172.09,172.45,171.4,172.44,1975427.0,STOCK_D_STABLE2
2021-10-27,173.94,174.57,173.28,173.77,1191236.0,STOCK_D_STABLE2
2021-10-28,172.22,173.43,171.83,173.0,357319.0,STOCK_D_STABLE2
2021-10-29,170.57,171.23,168.1,170.03,1419285.0,STOCK_D_STABLE2
2021-11-01,170.01,171.44,169.97,170.37,4967673.0,STOCK_D_STABLE2
2021-11-02,168.19,170.72,167.12,168.02,1285464.0,STOCK_D_STABLE2
2021-11-03,170.82,173.31,170.66,171.08,3372647.0,STOCK_D_STABLE2
2021-11-04,168.0,169.41,167.26,168.72,1777169.0,STOCK_D_STABLE2
2021-11-05,170.78,172.02,170.46,170.83,2056011.0,STOCK_D_STABLE2
2021-11-08,171.64,171.71,171.28,171.62,4531351.0,STOCK_D_STABLE2
2021-11-09,172.6,173.4,171.86,172.47,415228.0,STOCK_D_STABLE2
2021-11-10,171.32,172.58,170.77,171.06,1084497.0,STOCK_D_STABLE2
2021-11-11,171.05,171.16,170.55,170.92,1665449.0,STOCK_D_STABLE2
2021-11-12,168.03,168.51,167.53,167.79,3655503.0,STOCK_D_STABLE2
2021-11-15,165.66,167.6,163.68,166.85,2604924.0,STOCK_D_STABLE2
2021-11-16,167.46,167.6,166.79,166.82,789548.0,STOCK_D_STABLE2
2021-11-17,166.44,167.97,166.28,166.53,2742140.0,STOCK_D_STABLE2
2021-11-18,163.5,164.58,162.78,164.27,100539.0,STOCK_D_STABLE2
2021-11-19,166.23,167.34,165.73,167.0,3018838.0,STOCK_D_STABLE2
2021-11-22,165.18,165.42,163.63,164.34,3212197.0,STOCK_D_STABLE2
2021-11-23,163.86,164.97,163.04,164.53,2785311.0,STOCK_D_STABLE2
2021-11-24,164.88,166.53,164.55,165.62,4532544.0,STOCK_D_STABLE2
2021-11-25,166.24,166.44,165.54,165.64,874286.0,STOCK_D_STABLE2
2021-11-26,162.54,162.66,161.64,162.1,2595073.0,STOCK_D_STABLE2
2021-11-29,158.13,159.11,157.17,157.42,1282757.0,STOCK_D_STABLE2
2021-11-30,155.4,155.46,154.37,155.2,390748.0,STOCK_D_STABLE2
2021-12-01,157.06,157.55,155.55,155.98,1206762.0,STOCK_D_STABLE2
2021-12-02,153.75,154.27,152.99,153.47,1054547.0,STOCK_D_STABLE2
2021-12-03,156.2,156.3,155.25,155.67,542706.0,STOCK_D_STABLE2
2021-12-06,149.22,150.03,147.9,149.06,1557933.0,STOCK_D_STABLE2
2021-12-07,147.67,148.68,147.44,147.94,4916420.0,STOCK_D_STABLE2
2021-12-08,150.82,151.05,149.76,151.05,433559.0,STOCK_D_STABLE2
2021-12-09,148.8,149.23,148.57,148.96,4618173.0,STOCK_D_STABLE2
2021-12-10,148.46,149.1,147.86,149.1,535473.0,STOCK_D_STABLE2
2021-12-13,149.31,149.37,147.67,149.06,1717908.0,STOCK_D_STABLE2
2021-12-14,148.81,149.79,148.16,148.44,573988.0,STOCK_D_STABLE2
2021-12-15,145.17,145.82,144.6,144.96,3366833.0,STOCK_D_STABLE2
2021-12-16,145.95,146.56,144.98,145.95,1254704.0,STOCK_D_STABLE2
2021-12-17,145.58,145.79,145.0,145.04,1082564.0,STOCK_D_STABLE2
2021-12-20,144.81,146.02,143.38,144.51,3678640.0,STOCK_D_STABLE2
2021-12-21,144.85,146.18,144.72,145.55,3519148.0,STOCK_D_STABLE2
2021-12-22,145.89,146.57,145.27,145.96,257335.0,STOCK_D_STABLE2
2021-12-23,146.6,148.35,146.29,146.86,854590.0,STOCK_D_STABLE2
2021-12-24,146.41,147.46,145.01,146.24,2809567.0,STOCK_D_STABLE2
2021-12-27,144.95,145.89,143.97,144.14,2889437.0,STOCK_D_STABLE2
2021-12-28,145.59,146.16,144.61,145.03,3875624.0,STOCK_D_STABLE2
2021-12-29,142.97,143.98,141.57,143.13,888777.0,STOCK_D_STABLE2
2021-12-30,141.19,141.68,140.37,141.57,2691463.0,STOCK_D_STABLE2
2021-12-31,142.53,143.81,140.79,141.98,1252267.0,STOCK_D_STABLE2
2022-01-03,143.49,144.64,142.2,143.56,4183412.0,STOCK_D_STABLE2
2022-01-04,146.88,147.14,146.27,147.02,622342.0,STOCK_D_STABLE2
2022-01-05,143.54,143.85,143.13,143.68,4574203.0,STOCK_D_STABLE2
2022-01-06,145.58,145.94,143.88,145.85,3397045.0,STOCK_D_STABLE2
2022-01-07,144.86,145.85,144.66,145.64,2524383.0,STOCK_D_STABLE2
2022-01-10,144.53,146.39,144.01,145.18,3239453.0,STOCK_D_STABLE2
2022-01-11,144.79,145.08,143.68,144.56,2087122.0,STOCK_D_STABLE2
2022-01-12,144.13,144.92,142.82,144.45,4544447.0,STOCK_D_STABLE2
2022-01-13,145.34,146.01,144.37,145.29,884278.0,STOCK_D_STABLE2
2022-01-14,147.17,148.24,146.09,146.68,2282989.0,STOCK_D_STABLE2
2022-01-17,146.36,147.75,145.41,147.65,2761191.0,STOCK_D_STABLE2
2022-01-18,146.7,148.5,145.93,147.51,1811767.0,STOCK_D_STABLE2
2022-01-19,148.88,149.32,148.64,148.76,1150824.0,STOCK_D_STABLE2
2022-01-20,148.98,149.81,147.47,148.37,1777372.0,STOCK_D_STABLE2
2022-01-21,154.51,155.06,154.25,154.43,4766948.0,STOCK_D_STABLE2
2022-01-24,155.75,156.81,155.71,156.5,1156950.0,STOCK_D_STABLE2
2022-01-25,158.25,158.6,157.63,158.05,4600949.0,STOCK_D_STABLE2
2022-01-26,159.73,160.27,159.56,160.11,3665428.0,STOCK_D_STABLE2
2022-01-27,158.81,160.04,157.88,158.98,963386.0,STOCK_D_STABLE2
2022-01-28,159.77,160.02,159.23,159.95,353497.0,STOCK_D_STABLE2
2022-01-31,160.98,161.35,160.47,160.89,3932526.0,STOCK_D_STABLE2
2022-02-01,162.21,162.99,160.87,162.66,2027397.0,STOCK_D_STABLE2
2022-02-02,162.2,162.26,161.95,162.24,2746547.0,STOCK_D_STABLE2
2022-02-03,160.32,160.88,159.84,160.6,1730084.0,STOCK_D_STABLE2
2022-02-04,161.17,161.65,159.68,161.12,477709.0,STOCK_D_STABLE2
2022-02-07,160.84,161.81,160.23,160.79,2356797.0,STOCK_D_STABLE2
2022-02-08,159.47,159.83,158.92,159.62,758491.0,STOCK_D_STABLE2
2022-02-09,162.43,163.29,161.1,161.97,3817569.0,STOCK_D_STABLE2
2022-02-10,164.99,165.11,164.18,164.78,453646.0,STOCK_D_STABLE2
2022-02-11,165.25,166.2,163.99,165.26,4293958.0,STOCK_D_STABLE2
2022-02-14,165.33,167.27,164.95,165.08,4028440.0,STOCK_D_STABLE2
2022-02-15,164.43,165.34,163.61,165.27,585377.0,STOCK_D_STABLE2
2022-02-16,167.68,168.71,166.56,166.8,498100.0,STOCK_D_STABLE2
2022-02-17,166.15,167.06,165.8,165.91,920794.0,STOCK_D_STABLE2
2022-02-18,165.81,166.87,164.82,166.22,1942081.0,STOCK_D_STABLE2
2022-02-21,162.5,162.95,161.72,162.7,3888026.0,STOCK_D_STABLE2
2022-02-22,161.07,161.69,159.55,161.56,4396730.0,STOCK_D_STABLE2
2022-02-23,159.46,160.12,158.7,159.62,2224648.0,STOCK_D_STABLE2
2022-02-24,159.22,159.53,159.12,159.37,3530089.0,STOCK_D_STABLE2
2022-02-25,159.88,160.0,158.74,159.28,207257.0,STOCK_D_STABLE2
2022-02-28,156.31,156.7,155.53,156.29,329197.0,STOCK_D_STABLE2
2022-03-01,154.68,155.28,153.5,154.2,1790993.0,STOCK_D_STABLE2
2022-03-02,155.29,156.55,154.87,155.58,3685577.0,STOCK_D_STABLE2
2022-03-03,156.91,157.72,155.15,157.33,3460145.0,STOCK_D_STABLE2
2022-03-04,156.07,156.44,155.6,156.17,2987687.0,STOCK_D_STABLE2
2022-03-07,157.36,158.6,156.13,157.47,2363288.0,STOCK_D_STABLE2
2022-03-08,157.65,158.33,157.02,157.2,744631.0,STOCK_D_STABLE2
2022-03-09,157.69,159.1,157.29,157.32,2028162.0,STOCK_D_STABLE2
2022-03-10,157.28,159.52,156.95,157.49,4464951.0,STOCK_D_STABLE2
2022-03-11,160.06,161.17,159.35,160.19,3543690.0,STOCK_D_STABLE2
2022-03-14,160.91,162.34,160.26,160.49,2543302.0,STOCK_D_STABLE2
2022-03-15,161.04,162.83,160.61,160.86,2790262.0,STOCK_D_STABLE2
2022-03-16,161.68,161.78,160.73,161.15,3652496.0,STOCK_D_STABLE2
2022-03-17,160.73,161.61,160.64,161.1,9444167.0,STOCK_D_STABLE2
2022-03-18,163.73,164.19,162.57,162.81,1409152.0,STOCK_D_STABLE2
2022-03-21,160.08,161.62,159.89,160.61,3627778.0,STOCK_D_STABLE2
2022-03-22,164.49,166.88,164.23,164.9,3370580.0,STOCK_D_STABLE2
2022-03-23,163.0,163.99,162.78,163.72,3549129.0,STOCK_D_STABLE2
2022-03-24,165.16,166.78,164.31,165.07,474019.0,STOCK_D_STABLE2
2022-03-25,167.87,169.02,167.03,167.46,2887527.0,STOCK_D_STABLE2
2022-03-28,168.95,169.16,167.49,168.51,2289259.0,STOCK_D_STABLE2
2022-03-29,163.82,164.06,163.11,163.56,3060062.0,STOCK_D_STABLE2
2022-03-30,163.35,164.17,162.3,163.05,2431976.0,STOCK_D_STABLE2
2022-03-31,163.03,163.27,161.57,162.85,2108412.0,STOCK_D_STABLE2
2022-04-01,164.38,164.93,163.85,164.17,2023535.0,STOCK_D_STABLE2
2022-04-04,165.0,165.84,163.99,165.37,3084454.0,STOCK_D_STABLE2
2022-04-05,167.8,168.74,166.55,167.12,4841067.0,STOCK_D_STABLE2
2022-04-06,167.96,168.42,166.63,167.53,4540581.0,STOCK_D_STABLE2
2022-04-07,169.55,170.29,169.18,169.87,3091370.0,STOCK_D_STABLE2
2022-04-08,169.97,170.27,169.73,170.16,570378.0,STOCK_D_STABLE2
2022-04-11,172.13,173.26,171.61,172.11,4154361.0,STOCK_D_STABLE2
2022-04-12,174.61,174.97,171.85,173.99,3763292.0,STOCK_D_STABLE2
2022-04-13,174.44,176.42,173.67,174.36,1409155.0,STOCK_D_STABLE2
2022-04-14,177.7,179.44,175.88,176.98,1158076.0,STOCK_D_STABLE2
2022-04-15,179.54,180.31,178.04,178.67,1403986.0,STOCK_D_STABLE2
2022-04-18,179.19,180.24,176.71,179.0,449209.0,STOCK_D_STABLE2
2022-04-19,178.54,179.77,177.09,177.85,4980898.0,STOCK_D_STABLE2
2022-04-20,179.04,180.21,177.92,178.38,301877.0,STOCK_D_STABLE2
2022-04-21,180.37,181.52,178.04,179.74,1365563.0,STOCK_D_STABLE2
2022-04-22,177.38,177.92,176.76,177.17,705107.0,STOCK_D_STABLE2
2022-04-25,176.14,176.26,174.46,175.36,787847.0,STOCK_D_STABLE2
2022-04-26,177.35,177.95,174.99,175.82,3245825.0,STOCK_D_STABLE2
2022-04-27,174.65,174.79,173.56,174.45,1028924.0,STOCK_D_STABLE2
2022-04-28,175.94,176.94,175.25,176.76,3645180.0,STOCK_D_STABLE2
2022-04-29,179.57,181.34,178.54,179.62,3569953.0,STOCK_D_STABLE2
2022-05-02,179.4,180.12,178.72,179.68,1566410.0,STOCK_D_STABLE2
2022-05-03,178.51,180.43,177.72,179.12,390981.0,STOCK_D_STABLE2
2022-05-04,175.86,176.5,175.42,175.9,1280455.0,STOCK_D_STABLE2
2022-05-05,173.46,174.28,173.18,173.31,772181.0,STOCK_D_STABLE2
2022-05-06,174.7,175.55,174.08,175.15,3292027.0,STOCK_D_STABLE2
2022-05-09,176.26,176.44,175.45,176.15,836156.0,STOCK_D_STABLE2
2022-05-10,179.7,180.59,178.94,179.98,2861400.0,STOCK_D_STABLE2
2022-05-11,181.57,182.93,180.45,180.46,2996190.0,STOCK_D_STABLE2
2022-05-12,182.77,182.99,182.72,182.77,579047.0,STOCK_D_STABLE2
2022-05-13,184.35,185.55,183.51,185.31,305600.0,STOCK_D_STABLE2
2022-05-16,184.8,186.19,184.62,185.51,2864330.0,STOCK_D_STABLE2
2022-05-17,187.28,189.21,185.91,188.53,2174219.0,STOCK_D_STABLE2
2022-05-18,183.78,184.41,181.8,183.43,3562793.0,STOCK_D_STABLE2
2022-05-19,178.8,179.36,177.49,178.21,3948526.0,STOCK_D_STABLE2
2022-05-20,181.79,183.44,180.87,181.44,2862580.0,STOCK_D_STABLE2
2022-05-23,179.1,181.28,178.55,179.21,1934417.0,STOCK_D_STABLE2
2022-05-24,182.83,183.24,181.44,182.76,4582283.0,STOCK_D_STABLE2
2022-05-25,185.72,186.82,185.3,186.35,2377245.0,STOCK_D_STABLE2
2022-05-26,185.47,186.47,184.74,185.49,273570.0,STOCK_D_STABLE2
2022-05-27,182.31,183.02,182.23,182.24,3916089.0,STOCK_D_STABLE2
2022-05-30,184.0,184.94,181.79,182.86,4219561.0,STOCK_D_STABLE2
2022-05-31,186.33,186.55,185.9,186.09,2417658.0,STOCK_D_STABLE2
2022-06-01,185.04,187.23,184.79,185.73,3257281.0,STOCK_D_STABLE2
2022-06-02,190.64,191.32,189.66,190.08,3891309.0,STOCK_D_STABLE2
2022-06-03,191.24,193.18,189.83,190.23,5960666.0,STOCK_D_STABLE2
2022-06-06,191.18,191.88,190.13,190.68,4207850.0,STOCK_D_STABLE2
2022-06-07,188.84,189.33,187.18,188.83,704859.0,STOCK_D_STABLE2
2022-06-08,187.17,188.26,185.5,186.42,2821235.0,STOCK_D_STABLE2
2022-06-09,184.28,185.85,183.82,185.43,6270311.0,STOCK_D_STABLE2
2022-06-10,185.58,185.73,183.19,185.45,7764934.0,STOCK_D_STABLE2
2022-06-13,185.5,187.17,185.35,186.86,1524026.0,STOCK_D_STABLE2
2022-06-14,181.95,184.05,181.72,183.09,3609802.0,STOCK_D_STABLE2
2022-06-15,185.81,187.36,185.62,187.17,3864583.0,STOCK_D_STABLE2
2022-06-16,185.68,186.92,184.94,186.3,988864.0,STOCK_D_STABLE2
2022-06-17,186.51,186.98,185.3,185.82,813551.0,STOCK_D_STABLE2
2022-06-20,188.11,188.22,186.56,187.38,3304576.0,STOCK_D_STABLE2
2022-06-21,183.9,184.99,182.45,184.03,4078429.0,STOCK_D_STABLE2
2022-06-22,182.98,183.65,182.85,183.51,4319953.0,STOCK_D_STABLE2
2022-06-23,184.29,184.56,183.15,183.88,129480.0,STOCK_D_STABLE2
2022-06-24,181.4,181.89,181.0,181.52,4530499.0,STOCK_D_STABLE2
2022-06-27,185.69,186.42,185.07,186.09,317230.0,STOCK_D_STABLE2
2022-06-28,185.61,186.05,184.34,184.79,3722985.0,STOCK_D_STABLE2
2022-06-29,184.29,184.85,183.0,183.49,1981627.0,STOCK_D_STABLE2
2022-06-30,184.7,185.03,182.91,183.95,1493414.0,STOCK_D_STABLE2
2022-07-01,185.55,186.31,183.64,184.71,4627629.0,STOCK_D_STABLE2
2022-07-04,185.13,185.27,181.88,183.61,4497736.0,STOCK_D_STABLE2
2022-07-05,183.96,187.63,183.38,185.04,4608896.0,STOCK_D_STABLE2
2022-07-06,185.81,186.1,184.14,185.25,190961.0,STOCK_D_STABLE2
2022-07-07,185.38,185.44,184.29,185.27,708115.0,STOCK_D_STABLE2
2022-07-08,187.9,189.05,184.91,186.62,3472987.0,STOCK_D_STABLE2
2022-07-11,189.25,190.35,188.11,188.71,262335.0,STOCK_D_STABLE2
2022-07-12,186.67,186.84,186.08,186.32,2292430.0,STOCK_D_STABLE2
2022-07-13,188.99,189.46,187.04,188.26,3843554.0,STOCK_D_STABLE2
2022-07-14,191.57,192.9,190.76,191.85,3803753.0,STOCK_D_STABLE2
2022-07-15,195.82,197.17,195.11,196.62,658927.0,STOCK_D_STABLE2
2022-07-18,199.46,200.76,197.98,198.42,1580254.0,STOCK_D_STABLE2
2022-07-19,193.74,195.79,192.29,194.35,4724967.0,STOCK_D_STABLE2
2022-07-20,191.76,191.98,191.74,191.92,3631481.0,STOCK_D_STABLE2
2022-07-21,191.1,193.75,190.8,192.95,1209255.0,STOCK_D_STABLE2
2022-07-22,191.29,192.47,190.4,191.52,1408251.0,STOCK_D_STABLE2
2022-07-25,191.81,192.62,191.21,191.46,2916162.0,STOCK_D_STABLE2
2022-07-26,189.82,191.98,188.61,190.18,811602.0,STOCK_D_STABLE2
2022-07-27,191.28,191.59,189.5,191.43,2369691.0,STOCK_D_STABLE2
2022-07-28,194.26,194.96,192.45,193.72,471083.0,STOCK_D_STABLE2
2022-07-29,194.48,195.16,193.8,194.48,3195084.0,STOCK_D_STABLE2
2022-08-01,196.97,197.41,193.74,196.35,2082468.0,STOCK_D_STABLE2
2022-08-02,195.61,196.54,195.18,195.91,1669307.0,STOCK_D_STABLE2
2022-08-03,198.1,198.75,197.13,197.85,550313.0,STOCK_D_STABLE2
2022-08-04,194.69,196.07,194.38,195.1,3669235.0,STOCK_D_STABLE2
2022-08-05,193.14,195.62,191.34,192.87,3424194.0,STOCK_D_STABLE2
2022-08-08,193.52,195.49,192.96,193.44,3907363.0,STOCK_D_STABLE2
2022-08-09,195.47,196.34,195.1,196.12,4184397.0,STOCK_D_STABLE2
2022-08-10,194.49,196.42,193.26,195.58,2900856.0,STOCK_D_STABLE2
2022-08-11,197.02,197.03,196.06,196.12,4379635.0,STOCK_D_STABLE2
2022-08-12,195.7,196.41,194.74,195.9,4389537.0,STOCK_D_STABLE2
2022-08-15,195.9,197.18,194.89,196.33,3052147.0,STOCK_D_STABLE2
2022-08-16,196.31,197.35,195.95,196.25,397166.0,STOCK_D_STABLE2
2022-08-17,197.2,197.62,196.28,196.95,3557433.0,STOCK_D_STABLE2
2022-08-18,195.02,196.63,194.37,194.37,1834465.0,STOCK_D_STABLE2
2022-08-19,197.35,198.08,197.23,197.85,1597606.0,STOCK_D_STABLE2
2022-08-22,195.91,197.0,195.06,195.4,2342254.0,STOCK_D_STABLE2
2022-08-23,195.64,197.15,194.74,195.76,662117.0,STOCK_D_STABLE2
2022-08-24,194.97,195.39,193.63,194.06,467531.0,STOCK_D_STABLE2
2022-08-25,197.21,200.54,197.04,197.65,3643544.0,STOCK_D_STABLE2
2022-08-26,193.94,196.48,192.45,195.28,1565443.0,STOCK_D_STABLE2
2022-08-29,193.14,195.02,192.96,193.89,901492.0,STOCK_D_STABLE2
2022-08-30,190.9,191.11,188.52,189.83,2797777.0,STOCK_D_STABLE2
2022-08-31,189.51,190.63,188.51,188.66,3146360.0,STOCK_D_STABLE2
2022-09-01,189.52,192.61,189.39,190.31,2468847.0,STOCK_D_STABLE2
2022-09-02,191.51,191.94,190.62,191.65,441802.0,STOCK_D_STABLE2
2022-09-05,191.75,193.09,189.24,191.13,3534829.0,STOCK_D_STABLE2
2022-09-06,192.59,193.4,191.86,192.77,2389934.0,STOCK_D_STABLE2
2022-09-07,194.08,194.82,193.58,194.36,2671534.0,STOCK_D_STABLE2
2022-09-08,195.83,196.29,194.79,195.45,311393.0,STOCK_D_STABLE2
2022-09-09,201.86,201.87,200.93,201.67,3538066.0,STOCK_D_STABLE2
2022-09-12,202.11,202.93,200.68,201.54,186954.0,STOCK_D_STABLE2
2022-09-13,200.68,201.19,199.93,201.16,2296813.0,STOCK_D_STABLE2
2022-09-14,200.7,202.0,198.81,199.69,4168939.0,STOCK_D_STABLE2
2022-09-15,202.62,204.29,202.08,202.85,3199888.0,STOCK_D_STABLE2
2022-09-16,199.35,200.01,198.57,198.75,4660951.0,STOCK_D_STABLE2
2022-09-19,200.16,201.2,197.39,198.65,3831406.0,STOCK_D_STABLE2
2022-09-20,198.39,199.51,197.48,198.96,2970569.0,STOCK_D_STABLE2
2022-09-21,195.73,196.11,194.81,195.43,933019.0,STOCK_D_STABLE2
2022-09-22,193.8,196.63,193.48,195.55,1324889.0,STOCK_D_STABLE2
2022-09-23,190.31,190.47,188.8,189.06,3294310.0,STOCK_D_STABLE2
2022-09-26,187.46,188.61,186.27,188.53,906670.0,STOCK_D_STABLE2
2022-09-27,185.79,186.98,185.56,186.69,3801737.0,STOCK_D_STABLE2
2022-09-28,188.4,190.05,187.35,188.24,3859545.0,STOCK_D_STABLE2
2022-09-29,188.56,189.45,187.15,187.7,2874739.0,STOCK_D_STABLE2
2022-09-30,187.74,188.7,187.04,188.47,13801066.0,STOCK_D_STABLE2
2022-10-03,189.7,190.77,188.71,189.16,1672700.0,STOCK_D_STABLE2
2022-10-04,194.75,195.49,193.83,194.62,1403346.0,STOCK_D_STABLE2
2022-10-05,193.38,194.12,192.94,194.11,2295511.0,STOCK_D_STABLE2
2022-10-06,194.43,195.68,193.74,194.43,1439531.0,STOCK_D_STABLE2
2022-10-07,194.71,196.12,193.21,193.62,4681187.0,STOCK_D_STABLE2
2022-10-10,194.06,194.69,193.36,194.38,1125634.0,STOCK_D_STABLE2
2022-10-11,196.87,197.44,196.77,196.96,1933593.0,STOCK_D_STABLE2
2022-10-12,197.18,198.9,196.74,197.6,3248406.0,STOCK_D_STABLE2
2022-10-13,197.56,198.96,197.35,198.2,2187670.0,STOCK_D_STABLE2
2022-10-14,199.86,202.51,199.57,200.46,3154320.0,STOCK_D_STABLE2
2022-10-17,203.33,203.35,202.0,202.26,436390.0,STOCK_D_STABLE2
2022-10-18,199.11,199.77,198.4,199.24,614058.0,STOCK_D_STABLE2
2022-10-19,196.95,197.38,195.57,197.04,234351.0,STOCK_D_STABLE2
2022-10-20,197.23,198.46,196.72,197.49,4612940.0,STOCK_D_STABLE2
2022-10-21,199.2,200.73,197.74,199.73,2210933.0,STOCK_D_STABLE2
2022-10-24,199.41,199.97,198.46,199.01,3090555.0,STOCK_D_STABLE2
2022-10-25,197.4,197.91,196.12,196.95,3711897.0,STOCK_D_STABLE2
2022-10-26,194.85,195.05,193.99,194.38,1450501.0,STOCK_D_STABLE2
2022-10-27,192.2,192.4,190.37,191.91,2115101.0,STOCK_D_STABLE2
2022-10-28,192.87,192.95,192.32,192.37,585660.0,STOCK_D_STABLE2
2022-10-31,194.66,194.68,193.31,194.07,1070297.0,STOCK_D_STABLE2
2022-11-01,198.37,198.63,197.77,198.28,3017220.0,STOCK_D_STABLE2
2022-11-02,196.84,198.35,195.71,196.83,1002276.0,STOCK_D_STABLE2
2022-11-03,196.97,198.14,195.57,195.77,4902581.0,STOCK_D_STABLE2
2022-11-04,198.04,198.49,195.74,196.66,4793882.0,STOCK_D_STABLE2
2022-11-07,200.71,200.92,200.2,200.56,4798415.0,STOCK_D_STABLE2
2022-11-08,204.4,206.16,202.96,204.28,4028816.0,STOCK_D_STABLE2
2022-11-09,200.84,203.24,200.65,201.84,1188826.0,STOCK_D_STABLE2
2022-11-10,200.93,202.11,200.11,201.87,273231.0,STOCK_D_STABLE2
2022-11-11,203.43,204.8,201.46,204.65,4677432.0,STOCK_D_STABLE2
2022-11-14,198.19,199.85,196.41,198.57,2616748.0,STOCK_D_STABLE2
2022-11-15,197.78,197.85,197.6,197.65,3005745.0,STOCK_D_STABLE2
2022-11-16,193.85,195.99,193.13,194.05,3918350.0,STOCK_D_STABLE2
2022-11-17,190.08,190.38,189.08,190.26,1281557.0,STOCK_D_STABLE2
2022-11-18,192.69,193.71,191.38,192.3,2129569.0,STOCK_D_STABLE2
2022-11-21,196.57,196.69,196.32,196.43,2020663.0,STOCK_D_STABLE2
2022-11-22,196.19,198.4,195.77,197.6,14427754.0,STOCK_D_STABLE2
2022-11-23,196.49,197.18,195.19,195.37,2864212.0,STOCK_D_STABLE2
2022-11-24,196.86,197.19,195.71,196.61,2029959.0,STOCK_D_STABLE2
2022-11-25,197.07,197.89,195.43,197.4,3819488.0,STOCK_D_STABLE2
2022-11-28,196.13,197.38,195.98,196.27,3499528.0,STOCK_D_STABLE2
2022-11-29,195.89,197.02,195.21,196.56,3512269.0,STOCK_D_STABLE2
2022-11-30,198.33,200.39,197.6,199.09,1174600.0,STOCK_D_STABLE2
2022-12-01,196.02,198.09,194.51,196.24,3413306.0,STOCK_D_STABLE2
2022-12-02,193.27,193.68,192.34,193.24,2056404.0,STOCK_D_STABLE2
2022-12-05,192.8,193.34,192.15,192.77,2986162.0,STOCK_D_STABLE2
2022-12-06,188.59,188.82,188.26,188.82,170063.0,STOCK_D_STABLE2
2022-12-07,190.92,191.2,190.05,190.2,3615595.0,STOCK_D_STABLE2
2022-12-08,193.15,193.4,192.15,192.45,4351458.0,STOCK_D_STABLE2
2022-12-09,190.14,191.79,188.93,191.19,2527905.0,STOCK_D_STABLE2
2022-12-12,187.44,188.31,187.06,187.82,2489390.0,STOCK_D_STABLE2
2022-12-13,186.03,187.71,184.83,186.65,4151351.0,STOCK_D_STABLE2
2022-12-14,185.27,186.4,184.72,185.68,3957672.0,STOCK_D_STABLE2
2022-12-15,185.21,185.28,184.68,185.18,2958162.0,STOCK_D_STABLE2
2022-12-16,187.01,188.6,186.54,187.59,2015849.0,STOCK_D_STABLE2
2022-12-19,185.23,185.39,184.33,184.52,1012494.0,STOCK_D_STABLE2
2022-12-20,185.75,186.29,184.19,185.92,1688435.0,STOCK_D_STABLE2
2022-12-21,185.2,186.78,185.03,185.41,2780123.0,STOCK_D_STABLE2
2022-12-22,186.39,186.66,185.97,186.33,1294997.0,STOCK_D_STABLE2
2022-12-23,186.48,187.0,185.23,185.83,712030.0,STOCK_D_STABLE2
2022-12-26,185.12,187.87,184.12,185.79,1885596.0,STOCK_D_STABLE2
2022-12-27,183.21,184.36,182.06,183.13,430270.0,STOCK_D_STABLE2
2022-12-28,181.26,182.16,180.84,182.09,676863.0,STOCK_D_STABLE2
2022-12-29,182.53,182.77,182.47,182.56,2347113.0,STOCK_D_STABLE2
2022-12-30,180.08,181.36,179.51,179.62,2779673.0,STOCK_D_STABLE2
2023-01-02,175.48,176.73,173.71,176.26,1650244.0,STOCK_D_STABLE2
2023-01-03,176.66,176.96,175.52,176.08,878738.0,STOCK_D_STABLE2
2023-01-04,175.28,176.42,174.72,175.53,969671.0,STOCK_D_STABLE2
2023-01-05,178.86,179.96,178.6,179.11,1279294.0,STOCK_D_STABLE2
2023-01-06,178.28,178.63,177.42,178.13,1260320.0,STOCK_D_STABLE2
2023-01-09,181.05,183.33,180.7,182.18,667905.0,STOCK_D_STABLE2
2023-01-10,182.8,183.59,182.32,182.41,4121876.0,STOCK_D_STABLE2
2023-01-11,185.37,186.1,185.25,185.34,1316129.0,STOCK_D_STABLE2
2023-01-12,184.84,186.13,183.52,185.8,3706521.0,STOCK_D_STABLE2
2023-01-13,187.59,188.33,186.3,186.74,435420.0,STOCK_D_STABLE2
2023-01-16,188.33,189.63,187.78,188.41,4322130.0,STOCK_D_STABLE2
2023-01-17,188.52,188.68,187.7,188.5,548161.0,STOCK_D_STABLE2
2023-01-18,189.16,190.35,188.98,189.62,4384623.0,STOCK_D_STABLE2
2023-01-19,188.38,189.37,188.08,188.36,2123342.0,STOCK_D_STABLE2
2023-01-20,183.88,184.72,183.59,184.29,1397349.0,STOCK_D_STABLE2
2023-01-23,182.8,182.85,182.53,182.8,4358650.0,STOCK_D_STABLE2
2023-01-24,183.57,183.83,183.04,183.46,3475214.0,STOCK_D_STABLE2
2023-01-25,183.04,184.14,182.69,182.72,2437070.0,STOCK_D_STABLE2
2023-01-26,184.25,186.08,182.25,184.83,200473.0,STOCK_D_STABLE2
2023-01-27,187.22,188.79,186.69,187.51,4849013.0,STOCK_D_STABLE2
2023-01-30,185.48,188.07,185.11,186.94,2090572.0,STOCK_D_STABLE2
2023-01-31,186.94,187.53,186.47,187.21,4285740.0,STOCK_D_STABLE2
2023-02-01,183.96,185.0,183.52,184.71,3991095.0,STOCK_D_STABLE2
2023-02-02,186.11,186.85,183.92,184.5,2655200.0,STOCK_D_STABLE2
2023-02-03,183.76,183.96,182.37,183.49,4127689.0,STOCK_D_STABLE2
2023-02-06,187.99,188.43,185.78,187.17,489975.0,STOCK_D_STABLE2
2023-02-07,189.16,190.31,189.0,189.31,3414099.0,STOCK_D_STABLE2
2023-02-08,191.91,192.4,190.95,191.22,4286547.0,STOCK_D_STABLE2
2023-02-09,200.03,200.31,198.43,199.34,198975.0,STOCK_D_STABLE2
2023-02-10,201.33,202.32,199.69,200.38,3999507.0,STOCK_D_STABLE2
2023-02-13,197.95,198.48,196.65,197.44,3560908.0,STOCK_D_STABLE2
2023-02-14,198.15,199.25,197.82,199.06,3275629.0,STOCK_D_STABLE2
2023-02-15,199.83,201.58,198.0,200.73,3250022.0,STOCK_D_STABLE2
2023-02-16,202.84,204.45,201.73,203.46,4296122.0,STOCK_D_STABLE2
2023-02-17,203.67,204.74,202.65,204.22,1131722.0,STOCK_D_STABLE2
2023-02-20,202.05,202.86,201.39,201.64,764968.0,STOCK_D_STABLE2
2023-02-21,206.03,206.04,203.82,204.22,1792897.0,STOCK_D_STABLE2
2023-02-22,205.78,206.56,204.38,205.0,833415.0,STOCK_D_STABLE2
2023-02-23,206.5,207.43,205.01,206.38,375922.0,STOCK_D_STABLE2
2023-02-24,205.85,208.42,204.77,207.64,3746567.0,STOCK_D_STABLE2
2023-02-27,205.62,206.87,205.02,206.35,4076304.0,STOCK_D_STABLE2
2023-02-28,203.21,203.78,202.44,202.79,3595872.0,STOCK_D_STABLE2
2023-03-01,201.18,201.65,200.65,201.07,228711.0,STOCK_D_STABLE2
2023-03-02,199.87,200.34,197.87,198.63,2418458.0,STOCK_D_STABLE2
2023-03-03,197.0,199.03,196.46,197.0,456184.0,STOCK_D_STABLE2
2023-03-06,196.99,197.52,194.9,196.8,1414433.0,STOCK_D_STABLE2
2023-03-07,199.68,199.87,198.17,198.53,695867.0,STOCK_D_STABLE2
2023-03-08,199.72,200.58,198.23,199.16,1858603.0,STOCK_D_STABLE2
2023-03-09,198.6,199.69,198.57,198.97,4579587.0,STOCK_D_STABLE2
2023-03-10,194.08,196.5,193.82,196.4,806647.0,STOCK_D_STABLE2
2023-03-13,197.98,199.8,197.05,197.08,748187.0,STOCK_D_STABLE2
2023-03-14,194.6,197.1,193.77,195.62,3419526.0,STOCK_D_STABLE2
2023-03-15,199.13,199.16,197.9,198.06,2905567.0,STOCK_D_STABLE2
2023-03-16,195.43,198.21,194.6,197.25,3820815.0,STOCK_D_STABLE2
2023-03-17,201.37,201.38,199.83,200.82,4043103.0,STOCK_D_STABLE2
2023-03-20,204.3,205.07,202.78,204.14,1210377.0,STOCK_D_STABLE2
2023-03-21,203.74,204.56,202.81,203.4,2369300.0,STOCK_D_STABLE2
2023-03-22,203.54,204.57,200.42,201.24,3277737.0,STOCK_D_STABLE2
2023-03-23,200.38,201.24,197.96,198.53,6788050.0,STOCK_D_STABLE2
2023-03-24,196.58,198.78,195.55,196.11,1259861.0,STOCK_D_STABLE2
2023-03-27,198.08,199.05,196.21,197.82,1982980.0,STOCK_D_STABLE2
2023-03-28,197.71,198.25,197.23,197.81,3336380.0,STOCK_D_STABLE2
2023-03-29,200.23,202.64,199.2,200.9,3148965.0,STOCK_D_STABLE2
2023-03-30,197.43,200.24,195.4,199.84,766793.0,STOCK_D_STABLE2
2023-03-31,199.86,201.08,196.93,198.81,539585.0,STOCK_D_STABLE2
2023-04-03,194.85,195.27,193.9,194.32,1145012.0,STOCK_D_STABLE2
2023-04-04,193.95,195.36,193.52,194.36,1201947.0,STOCK_D_STABLE2
2023-04-05,192.8,193.55,192.32,193.09,2902873.0,STOCK_D_STABLE2
2023-04-06,192.13,193.02,192.02,192.42,3242315.0,STOCK_D_STABLE2
2023-04-07,191.65,192.04,191.13,191.26,2349584.0,STOCK_D_STABLE2
2023-04-10,191.78,192.89,191.32,192.39,4689007.0,STOCK_D_STABLE2
2023-04-11,192.89,193.35,190.33,191.54,4318854.0,STOCK_D_STABLE2
2023-04-12,192.25,193.28,191.15,192.95,804542.0,STOCK_D_STABLE2
2023-04-13,190.94,192.35,190.53,191.54,399386.0,STOCK_D_STABLE2
2023-04-14,196.52,197.44,195.2,195.5,1290670.0,STOCK_D_STABLE2
2023-04-17,193.99,194.97,192.31,194.41,698519.0,STOCK_D_STABLE2
2023-04-18,198.57,198.7,197.79,198.59,4876679.0,STOCK_D_STABLE2
2023-04-19,200.65,201.02,200.65,200.73,2981229.0,STOCK_D_STABLE2
2023-04-20,201.36,201.79,200.81,200.95,146073.0,STOCK_D_STABLE2
2023-04-21,201.11,202.67,200.62,202.2,1356799.0,STOCK_D_STABLE2
2023-04-24,202.78,203.38,202.4,202.82,3062241.0,STOCK_D_STABLE2
2023-04-25,201.55,202.77,201.27,201.58,4801665.0,STOCK_D_STABLE2
2023-04-26,204.12,205.42,202.19,204.4,1396578.0,STOCK_D_STABLE2
2023-04-27,208.38,209.55,207.07,208.02,2861482.0,STOCK_D_STABLE2
2023-04-28,207.36,207.73,206.06,206.99,3413821.0,STOCK_D_STABLE2
2023-05-01,208.77,209.84,206.03,207.15,690683.0,STOCK_D_STABLE2
2023-05-02,206.62,207.97,206.19,207.53,2346570.0,STOCK_D_STABLE2
2023-05-03,210.7,211.75,208.29,210.27,9798491.0,STOCK_D_STABLE2
2023-05-04,211.19,213.7,210.65,211.95,2026136.0,STOCK_D_STABLE2
2023-05-05,212.5,213.16,211.47,212.15,4041789.0,STOCK_D_STABLE2
2023-05-08,213.45,216.76,213.17,214.39,1036378.0,STOCK_D_STABLE2
2023-05-09,220.71,221.22,219.43,220.05,3425978.0,STOCK_D_STABLE2
2023-05-10,225.11,226.52,224.52,225.47,2332311.0,STOCK_D_STABLE2
2023-05-11,223.21,223.92,221.53,223.8,2623231.0,STOCK_D_STABLE2
2023-05-12,220.48,223.04,220.02,221.51,3519660.0,STOCK_D_STABLE2
2023-05-15,224.42,226.41,221.79,223.39,2934404.0,STOCK_D_STABLE2
2023-05-16,220.86,222.47,219.27,221.12,470072.0,STOCK_D_STABLE2
2023-05-17,220.33,221.03,219.53,219.86,3716345.0,STOCK_D_STABLE2
2023-05-18,221.45,221.99,220.66,221.12,3034014.0,STOCK_D_STABLE2
2023-05-19,220.31,221.21,219.37,220.32,2781344.0,STOCK_D_STABLE2
2023-05-22,222.78,223.46,222.21,222.74,607366.0,STOCK_D_STABLE2
2023-05-23,223.62,225.32,221.07,222.51,3005381.0,STOCK_D_STABLE2
2023-05-24,223.29,224.77,222.31,222.62,3857755.0,STOCK_D_STABLE2
2023-05-25,216.33,217.31,215.84,217.15,4052524.0,STOCK_D_STABLE2
2023-05-26,217.33,218.04,215.92,217.82,2929598.0,STOCK_D_STABLE2
2023-05-29,219.07,219.95,218.78,219.35,1355628.0,STOCK_D_STABLE2
2023-05-30,220.27,221.34,219.45,220.33,1760534.0,STOCK_D_STABLE2
2023-05-31,219.07,221.4,217.09,217.54,1381318.0,STOCK_D_STABLE2
2023-06-01,219.02,220.42,217.53,219.88,6601344.0,STOCK_D_STABLE2
2023-06-02,220.35,222.38,219.0,221.41,1120007.0,STOCK_D_STABLE2
2023-06-05,222.8,223.42,221.26,222.94,1969622.0,STOCK_D_STABLE2
2023-06-06,223.34,223.7,220.72,221.59,3806274.0,STOCK_D_STABLE2
2023-06-07,218.73,220.91,217.12,220.26,4818352.0,STOCK_D_STABLE2
2023-06-08,221.82,223.11,221.53,222.66,2306210.0,STOCK_D_STABLE2
2023-06-09,223.57,225.01,222.67,224.73,6944278.0,STOCK_D_STABLE2
2023-06-12,220.83,223.24,220.06,222.06,1923404.0,STOCK_D_STABLE2
2023-06-13,222.82,222.83,221.99,222.37,188207.0,STOCK_D_STABLE2
2023-06-14,219.33,220.55,219.33,220.1,3559722.0,STOCK_D_STABLE2
2023-06-15,222.72,223.45,221.05,221.39,2218974.0,STOCK_D_STABLE2
2023-06-16,223.9,224.45,221.69,222.88,420542.0,STOCK_D_STABLE2
2023-06-19,219.58,219.99,217.23,218.4,3201952.0,STOCK_D_STABLE2
2023-06-20,214.39,215.53,213.03,215.12,2708369.0,STOCK_D_STABLE2
2023-06-21,210.27,210.41,210.04,210.14,4134514.0,STOCK_D_STABLE2
2023-06-22,215.29,217.14,214.42,214.77,3311525.0,STOCK_D_STABLE2
2023-06-23,214.54,216.29,213.08,215.36,3924051.0,STOCK_D_STABLE2
2023-06-26,220.32,221.62,217.66,218.55,2543520.0,STOCK_D_STABLE2
2023-06-27,221.79,223.79,220.06,221.29,7416734.0,STOCK_D_STABLE2
2023-06-28,223.6,223.77,219.54,221.21,3432906.0,STOCK_D_STABLE2
2023-06-29,219.36,219.45,218.5,219.43,2669263.0,STOCK_D_STABLE2
2023-06-30,218.92,219.58,217.57,219.57,2010337.0,STOCK_D_STABLE2
2023-07-03,213.83,214.49,213.09,214.42,2737457.0,STOCK_D_STABLE2
2023-07-04,215.12,217.21,213.65,215.51,1963456.0,STOCK_D_STABLE2
2023-07-05,217.52,218.87,216.61,217.53,1524865.0,STOCK_D_STABLE2
2023-07-06,218.36,220.15,217.35,218.45,4090534.0,STOCK_D_STABLE2
2023-07-07,217.83,218.03,217.09,217.71,809142.0,STOCK_D_STABLE2
2023-07-10,214.9,214.99,214.64,214.91,3492526.0,STOCK_D_STABLE2
2023-07-11,213.15,214.52,212.1,214.01,4088574.0,STOCK_D_STABLE2
2023-07-12,215.88,217.48,215.73,216.57,3954041.0,STOCK_D_STABLE2
2023-07-13,221.74,222.33,220.19,220.63,376169.0,STOCK_D_STABLE2
2023-07-14,218.12,219.72,217.82,218.74,2849533.0,STOCK_D_STABLE2
2023-07-17,222.22,223.14,221.56,221.83,4700025.0,STOCK_D_STABLE2
2023-07-18,218.65,221.96,217.36,220.43,4041715.0,STOCK_D_STABLE2
2023-07-19,219.72,220.06,217.66,219.19,783601.0,STOCK_D_STABLE2
2023-07-20,225.72,227.41,223.98,224.55,4384303.0,STOCK_D_STABLE2
2023-07-21,228.66,228.78,226.67,227.5,2894344.0,STOCK_D_STABLE2
2023-07-24,231.48,231.91,231.0,231.27,3085805.0,STOCK_D_STABLE2
2023-07-25,225.5,226.43,223.85,226.07,2066045.0,STOCK_D_STABLE2
2023-07-26,230.47,231.61,230.27,230.48,246523.0,STOCK_D_STABLE2
2023-07-27,225.23,226.4,225.04,225.83,2440159.0,STOCK_D_STABLE2
2023-07-28,230.02,231.61,228.54,230.51,3266737.0,STOCK_D_STABLE2
2023-07-31,232.58,234.15,231.37,233.03,1558481.0,STOCK_D_STABLE2
2023-08-01,229.46,230.45,228.55,229.57,3027543.0,STOCK_D_STABLE2
2023-08-02,230.65,231.77,229.1,231.31,2317672.0,STOCK_D_STABLE2
2023-08-03,239.9,240.46,237.84,238.26,1005095.0,STOCK_D_STABLE2
2023-08-04,239.75,241.52,236.93,240.2,121783.0,STOCK_D_STABLE2
2023-08-07,241.04,242.59,240.28,242.24,4385824.0,STOCK_D_STABLE2
2023-08-08,240.23,241.41,239.86,240.5,789103.0,STOCK_D_STABLE2
2023-08-09,240.75,242.05,240.56,241.54,418004.0,STOCK_D_STABLE2
2023-08-10,236.26,236.72,235.21,236.62,489884.0,STOCK_D_STABLE2
2023-08-11,236.75,238.24,235.15,237.72,3238096.0,STOCK_D_STABLE2
2023-08-14,236.13,236.63,234.06,236.51,1352760.0,STOCK_D_STABLE2
2023-08-15,233.37,236.33,230.91,233.63,749779.0,STOCK_D_STABLE2
2023-08-16,236.4,238.38,234.37,235.15,2225954.0,STOCK_D_STABLE2
2023-08-17,232.22,235.28,230.77,232.75,4567983.0,STOCK_D_STABLE2
2023-08-18,237.8,239.07,234.86,236.0,2651529.0,STOCK_D_STABLE2
2023-08-21,237.49,238.36,235.36,236.78,4167345.0,STOCK_D_STABLE2
2023-08-22,238.93,239.97,238.69,239.79,2970073.0,STOCK_D_STABLE2
2023-08-23,241.32,244.11,240.64,242.2,3259221.0,STOCK_D_STABLE2
2023-08-24,237.18,237.81,236.87,236.89,2301568.0,STOCK_D_STABLE2
2023-08-25,233.6,235.01,231.96,233.43,3239984.0,STOCK_D_STABLE2
2023-08-28,233.12,234.23,232.41,233.3,3363785.0,STOCK_D_STABLE2
2023-08-29,234.14,236.32,232.73,234.07,2398291.0,STOCK_D_STABLE2
2023-08-30,240.07,241.87,236.51,239.12,4646751.0,STOCK_D_STABLE2
2023-08-31,238.94,239.73,237.07,239.03,1526229.0,STOCK_D_STABLE2
2023-09-01,241.49,242.93,239.37,239.82,1053942.0,STOCK_D_STABLE2
2023-09-04,240.43,242.46,238.21,240.9,2415951.0,STOCK_D_STABLE2
2023-09-05,239.27,240.07,238.83,239.52,433863.0,STOCK_D_STABLE2
2023-09-06,236.19,236.7,235.72,235.85,3169727.0,STOCK_D_STABLE2
2023-09-07,237.9,238.9,236.44,238.61,1013681.0,STOCK_D_STABLE2
2023-09-08,238.02,240.8,237.18,240.33,2586298.0,STOCK_D_STABLE2
2023-09-11,237.17,238.59,236.44,238.54,1153884.0,STOCK_D_STABLE2
2023-09-12,240.97,240.97,240.17,240.88,758377.0,STOCK_D_STABLE2
2023-09-13,235.95,237.47,235.32,237.29,267810.0,STOCK_D_STABLE2
2023-09-14,242.08,242.77,241.82,241.91,3722441.0,STOCK_D_STABLE2
2023-09-15,242.69,243.84,242.4,242.46,1909201.0,STOCK_D_STABLE2
2023-09-18,252.69,252.87,249.64,251.02,3912809.0,STOCK_D_STABLE2
2023-09-19,246.88,249.47,246.85,247.48,2520387.0,STOCK_D_STABLE2
2023-09-20,247.76,249.08,246.43,248.91,2861867.0,STOCK_D_STABLE2
2023-09-21,252.06,252.16,247.53,250.13,1559745.0,STOCK_D_STABLE2
2023-09-22,249.52,250.96,249.47,250.18,2752873.0,STOCK_D_STABLE2
2023-09-25,255.35,257.93,254.53,255.93,2277739.0,STOCK_D_STABLE2
2023-09-26,257.07,259.64,255.65,258.52,3587064.0,STOCK_D_STABLE2
2023-09-27,257.85,260.59,256.99,258.43,3890029.0,STOCK_D_STABLE2
2023-09-28,254.42,256.45,253.25,256.33,761086.0,STOCK_D_STABLE2
2023-09-29,259.19,260.14,258.27,259.83,1973447.0,STOCK_D_STABLE2
2023-10-02,267.2,268.66,266.06,266.57,4554178.0,STOCK_D_STABLE2
2023-10-03,268.05,271.15,266.83,268.43,1866666.0,STOCK_D_STABLE2
2023-10-04,268.54,270.07,266.4,266.76,2698264.0,STOCK_D_STABLE2
2023-10-05,270.56,271.35,268.9,270.01,2032219.0,STOCK_D_STABLE2
2023-10-06,268.26,270.23,266.99,267.18,1667140.0,STOCK_D_STABLE2
2023-10-09,276.03,276.68,274.69,275.51,2143162.0,STOCK_D_STABLE2
2023-10-10,273.14,276.14,272.13,274.41,1468357.0,STOCK_D_STABLE2
2023-10-11,272.51,272.77,269.95,272.71,1528059.0,STOCK_D_STABLE2
2023-10-12,274.27,276.42,271.49,273.69,3916606.0,STOCK_D_STABLE2
2023-10-13,269.09,270.43,266.92,267.65,763970.0,STOCK_D_STABLE2
2023-10-16,270.77,271.42,269.42,271.26,211767.0,STOCK_D_STABLE2
2023-10-17,276.54,276.71,274.63,276.02,1408192.0,STOCK_D_STABLE2
2023-10-18,273.5,275.66,271.25,272.8,1485888.0,STOCK_D_STABLE2
2023-10-19,275.06,278.32,274.03,275.49,3507874.0,STOCK_D_STABLE2
2023-10-20,274.13,276.8,273.55,274.47,1278210.0,STOCK_D_STABLE2
2023-10-23,275.09,275.92,271.23,272.23,3919993.0,STOCK_D_STABLE2
2023-10-24,270.81,274.16,270.32,273.02,4287668.0,STOCK_D_STABLE2
2023-10-25,269.17,270.69,268.14,269.59,301245.0,STOCK_D_STABLE2
2023-10-26,266.39,268.32,265.62,266.46,3958614.0,STOCK_D_STABLE2
2023-10-27,271.03,273.39,270.65,273.23,2456317.0,STOCK_D_STABLE2
2023-10-30,269.01,269.26,268.85,269.05,4777256.0,STOCK_D_STABLE2
2023-10-31,272.98,275.33,272.01,272.57,678213.0,STOCK_D_STABLE2
2023-11-01,277.11,277.59,275.66,276.97,1571016.0,STOCK_D_STABLE2
2023-11-02,280.96,282.5,276.65,277.25,1816669.0,STOCK_D_STABLE2
2023-11-03,274.25,275.38,272.16,274.86,1294590.0,STOCK_D_STABLE2
2023-11-06,272.54,272.72,270.28,271.57,4686647.0,STOCK_D_STABLE2
2023-11-07,272.54,275.57,269.33,273.5,4072575.0,STOCK_D_STABLE2
2023-11-08,276.33,278.1,275.3,276.26,158919.0,STOCK_D_STABLE2
2023-11-09,280.27,281.0,279.21,280.87,3593116.0,STOCK_D_STABLE2
2023-11-10,273.97,275.94,272.96,274.44,828534.0,STOCK_D_STABLE2
2023-11-13,279.76,280.26,278.27,278.98,876358.0,STOCK_D_STABLE2
2023-11-14,279.56,281.08,278.84,279.78,1525151.0,STOCK_D_STABLE2
2023-11-15,276.27,278.3,273.97,276.12,4490548.0,STOCK_D_STABLE2
2023-11-16,278.67,281.04,277.66,279.48,3897173.0,STOCK_D_STABLE2
2023-11-17,277.54,281.23,276.17,278.88,1707467.0,STOCK_D_STABLE2
2023-11-20,282.12,283.19,280.62,282.41,2624771.0,STOCK_D_STABLE2
2023-11-21,277.31,278.04,276.71,276.77,2884137.0,STOCK_D_STABLE2
2023-11-22,280.62,280.7,279.0,280.05,4017846.0,STOCK_D_STABLE2
2023-11-23,281.76,283.28,280.02,281.43,3370503.0,STOCK_D_STABLE2
2023-11-24,280.54,281.71,279.81,280.26,298741.0,STOCK_D_STABLE2
2023-11-27,276.73,278.06,276.03,276.28,3642969.0,STOCK_D_STABLE2
2023-11-28,281.11,283.07,279.67,281.67,256504.0,STOCK_D_STABLE2
2023-11-29,279.2,280.48,276.34,277.63,3410270.0,STOCK_D_STABLE2
2023-11-30,277.83,279.83,275.33,276.37,1703816.0,STOCK_D_STABLE2
2023-12-01,281.33,282.4,280.26,281.51,2452064.0,STOCK_D_STABLE2
2023-12-04,281.49,283.14,279.99,282.2,3155113.0,STOCK_D_STABLE2
2023-12-05,282.05,283.59,281.09,281.3,4708632.0,STOCK_D_STABLE2
2023-12-06,285.34,288.83,283.94,286.26,2346619.0,STOCK_D_STABLE2
2023-12-07,286.73,287.05,282.56,285.79,1522686.0,STOCK_D_STABLE2
2023-12-08,284.21,285.17,283.56,284.96,1176820.0,STOCK_D_STABLE2
2023-12-11,288.08,289.48,287.18,288.77,1263740.0,STOCK_D_STABLE2
2023-12-12,289.07,291.17,288.42,289.22,3855804.0,STOCK_D_STABLE2
2023-12-13,287.49,287.77,285.05,286.22,4933092.0,STOCK_D_STABLE2
2023-12-14,283.05,284.75,282.48,284.34,798744.0,STOCK_D_STABLE2
2023-12-15,279.3,279.51,275.09,278.45,4130428.0,STOCK_D_STABLE2
2023-12-18,284.85,286.54,284.18,284.48,987167.0,STOCK_D_STABLE2
2023-12-19,278.25,278.67,277.35,278.46,1686807.0,STOCK_D_STABLE2
2023-12-20,280.5,282.54,279.84,282.44,3298545.0,STOCK_D_STABLE2
2023-12-21,281.82,283.89,280.25,283.19,1153344.0,STOCK_D_STABLE2
2023-12-22,290.87,294.71,290.6,290.66,179030.0,STOCK_D_STABLE2
2023-12-25,291.11,294.8,289.91,291.14,3326338.0,STOCK_D_STABLE2
2023-12-26,295.14,295.33,293.77,293.87,2577352.0,STOCK_D_STABLE2
2023-12-27,301.01,301.58,298.81,299.8,3233278.0,STOCK_D_STABLE2
2023-12-28,303.61,305.69,301.46,303.05,3267587.0,STOCK_D_STABLE2
2023-12-29,298.4,299.96,298.0,298.96,2818770.0,STOCK_D_STABLE2
2024-01-01,295.1,296.19,294.01,295.65,1360130.0,STOCK_D_STABLE2
2024-01-02,296.36,296.41,294.03,294.46,3237876.0,STOCK_D_STABLE2
2024-01-03,293.73,294.51,293.41,294.27,3696332.0,STOCK_D_STABLE2
2024-01-04,296.24,298.59,295.46,297.8,2029689.0,STOCK_D_STABLE2
2024-01-05,296.69,297.06,294.55,296.75,831710.0,STOCK_D_STABLE2
2024-01-08,302.17,302.59,299.54,302.53,2424557.0,STOCK_D_STABLE2
2024-01-09,302.13,303.85,300.77,302.11,245344.0,STOCK_D_STABLE2
2024-01-10,305.29,305.74,303.7,305.56,2391984.0,STOCK_D_STABLE2
2024-01-11,305.32,309.24,304.42,304.68,2370443.0,STOCK_D_STABLE2
2024-01-12,306.83,308.3,306.69,307.26,751334.0,STOCK_D_STABLE2
2024-01-15,305.39,306.47,303.7,304.61,2889319.0,STOCK_D_STABLE2
2024-01-16,306.65,307.66,304.09,306.11,353151.0,STOCK_D_STABLE2
2024-01-17,310.92,310.94,308.24,309.65,4666050.0,STOCK_D_STABLE2
2024-01-18,309.58,311.01,307.49,310.01,4078490.0,STOCK_D_STABLE2
2024-01-19,308.17,308.67,306.03,306.56,3639539.0,STOCK_D_STABLE2
2024-01-22,314.53,315.56,312.92,314.81,3347184.0,STOCK_D_STABLE2
2024-01-23,311.46,315.78,310.43,314.17,2283325.0,STOCK_D_STABLE2
2024-01-24,309.0,309.79,307.66,308.19,1467501.0,STOCK_D_STABLE2
2024-01-25,311.18,314.96,311.14,313.09,578530.0,STOCK_D_STABLE2
2024-01-26,319.29,319.64,318.7,319.18,4780872.0,STOCK_D_STABLE2
2024-01-29,318.5,320.0,317.05,318.93,1568565.0,STOCK_D_STABLE2
2024-01-30,314.06,315.68,312.89,314.22,263105.0,STOCK_D_STABLE2
2024-01-31,313.45,315.12,312.5,312.92,236742.0,STOCK_D_STABLE2
2024-02-01,313.51,314.71,312.59,313.61,4941050.0,STOCK_D_STABLE2
2024-02-02,314.5,316.36,313.81,314.91,1375912.0,STOCK_D_STABLE2
2024-02-05,311.48,312.74,310.95,311.02,2260228.0,STOCK_D_STABLE2
2024-02-06,313.78,314.62,311.73,312.36,3372770.0,STOCK_D_STABLE2
2024-02-07,313.39,317.33,310.15,311.98,4333309.0,STOCK_D_STABLE2
2024-02-08,314.35,315.09,311.8,312.38,3618840.0,STOCK_D_STABLE2
2024-02-09,306.51,308.02,305.79,307.1,980072.0,STOCK_D_STABLE2
2024-02-12,305.72,308.36,304.69,307.27,1307477.0,STOCK_D_STABLE2
2024-02-13,306.68,308.76,306.04,307.97,2336833.0,STOCK_D_STABLE2
2024-02-14,300.08,300.77,299.12,299.96,4742672.0,STOCK_D_STABLE2
2024-02-15,295.32,298.43,294.98,296.95,2804199.0,STOCK_D_STABLE2
2024-02-16,298.2,300.08,297.65,299.59,3390449.0,STOCK_D_STABLE2
2024-02-19,293.99,295.0,292.3,293.25,2377407.0,STOCK_D_STABLE2
2024-02-20,296.01,297.63,292.23,294.2,3060431.0,STOCK_D_STABLE2
2024-02-21,295.71,298.03,294.77,296.03,3996845.0,STOCK_D_STABLE2
2024-02-22,297.65,297.78,297.25,297.52,2134627.0,STOCK_D_STABLE2
2024-02-23,298.95,299.9,295.22,297.68,4296161.0,STOCK_D_STABLE2
2024-02-26,296.43,297.61,294.8,294.93,4187379.0,STOCK_D_STABLE2
2024-02-27,299.29,300.94,299.11,299.94,4981520.0,STOCK_D_STABLE2
2024-02-28,295.19,296.63,292.04,295.2,325797.0,STOCK_D_STABLE2
2024-02-29,297.42,301.32,296.64,298.8,1084731.0,STOCK_D_STABLE2
2024-03-01,303.08,303.44,300.9,301.39,4749659.0,STOCK_D_STABLE2
2024-03-04,304.12,306.72,301.45,305.71,1884094.0,STOCK_D_STABLE2
2024-03-05,300.31,303.32,299.74,300.99,1318240.0,STOCK_D_STABLE2
2024-03-06,298.1,298.98,296.31,298.47,1148808.0,STOCK_D_STABLE2
2024-03-07,301.04,301.84,300.66,301.73,4038837.0,STOCK_D_STABLE2
2024-03-08,301.51,302.67,300.02,301.73,1896432.0,STOCK_D_STABLE2
2024-03-11,300.88,302.58,298.7,299.78,447882.0,STOCK_D_STABLE2
2024-03-12,295.67,300.31,294.56,298.09,1396085.0,STOCK_D_STABLE2
2024-03-13,299.67,299.85,298.3,298.58,1353105.0,STOCK_D_STABLE2
2024-03-14,297.07,298.68,294.71,296.33,1731540.0,STOCK_D_STABLE2
2024-03-15,295.61,296.68,295.59,296.06,246750.0,STOCK_D_STABLE2
2024-03-18,290.21,293.45,290.13,291.96,10412848.0,STOCK_D_STABLE2
2024-03-19,290.41,293.93,288.72,290.38,1935723.0,STOCK_D_STABLE2
2024-03-20,289.02,290.44,286.57,289.31,2242698.0,STOCK_D_STABLE2
2024-03-21,283.16,283.86,282.25,283.2,405561.0,STOCK_D_STABLE2
2024-03-22,279.61,281.85,278.04,281.09,2456263.0,STOCK_D_STABLE2
2024-03-25,287.4,288.15,284.5,285.73,3185209.0,STOCK_D_STABLE2
2024-03-26,286.16,288.99,284.44,287.7,1345472.0,STOCK_D_STABLE2
2024-03-27,286.6,288.3,285.96,286.19,699728.0,STOCK_D_STABLE2
2024-03-28,284.47,288.73,283.06,285.92,703793.0,STOCK_D_STABLE2
2024-03-29,286.22,288.44,285.18,286.53,3186208.0,STOCK_D_STABLE2
2024-04-01,285.75,287.32,285.49,286.34,525792.0,STOCK_D_STABLE2
2024-04-02,287.06,287.44,284.26,286.47,3857348.0,STOCK_D_STABLE2
2024-04-03,288.15,289.28,285.49,287.99,4624495.0,STOCK_D_STABLE2
2024-04-04,291.17,293.45,290.05,290.1,954931.0,STOCK_D_STABLE2
2024-04-05,294.63,294.73,292.98,294.2,3768688.0,STOCK_D_STABLE2
2024-04-08,293.76,294.12,291.55,293.45,4507148.0,STOCK_D_STABLE2
2024-04-09,292.76,293.95,291.36,292.26,3307424.0,STOCK_D_STABLE2
2024-04-10,294.58,295.48,292.7,294.03,1917347.0,STOCK_D_STABLE2
2024-04-11,289.71,291.06,286.35,289.04,4215829.0,STOCK_D_STABLE2
2024-04-12,292.06,292.62,291.82,291.88,1713658.0,STOCK_D_STABLE2
2024-04-15,292.22,295.11,292.16,293.46,831954.0,STOCK_D_STABLE2
2024-04-16,298.54,299.67,296.25,297.41,4775613.0,STOCK_D_STABLE2
2024-04-17,292.49,293.11,292.09,292.82,2908594.0,STOCK_D_STABLE2
2024-04-18,286.52,287.6,284.34,285.92,1668618.0,STOCK_D_STABLE2
2024-04-19,284.6,285.77,283.97,285.06,1866012.0,STOCK_D_STABLE2
2024-04-22,286.82,287.29,285.71,286.21,3235622.0,STOCK_D_STABLE2
2024-04-23,283.36,284.44,282.08,284.14,1626861.0,STOCK_D_STABLE2
2024-04-24,285.17,287.27,283.3,284.14,2910849.0,STOCK_D_STABLE2
2024-04-25,290.35,292.8,290.03,291.69,3141046.0,STOCK_D_STABLE2
2024-04-26,291.57,293.2,290.48,290.83,1088140.0,STOCK_D_STABLE2
2024-04-29,288.34,289.62,288.23,289.18,3556335.0,STOCK_D_STABLE2
2024-04-30,284.53,285.84,283.5,285.42,3927242.0,STOCK_D_STABLE2
2024-05-01,288.45,290.9,285.2,286.43,1263974.0,STOCK_D_STABLE2
2024-05-02,282.83,284.04,281.86,283.02,363722.0,STOCK_D_STABLE2
2024-05-03,285.77,286.26,284.26,284.81,845663.0,STOCK_D_STABLE2
2024-05-06,277.83,279.5,277.31,277.55,1898522.0,STOCK_D_STABLE2
2024-05-07,277.32,278.93,276.5,277.84,985050.0,STOCK_D_STABLE2
2024-05-08,272.22,272.29,270.68,271.95,3481250.0,STOCK_D_STABLE2
2024-05-09,275.79,278.61,273.37,275.43,1892248.0,STOCK_D_STABLE2
2024-05-10,278.08,278.39,276.82,277.67,3995639.0,STOCK_D_STABLE2
2024-05-13,280.63,282.15,279.38,281.0,3478556.0,STOCK_D_STABLE2
2024-05-14,282.05,282.9,280.58,281.33,2957921.0,STOCK_D_STABLE2
2024-05-15,276.64,279.0,275.98,277.91,3278918.0,STOCK_D_STABLE2
2024-05-16,281.35,282.37,278.73,280.85,4784447.0,STOCK_D_STABLE2
2024-05-17,280.66,280.86,277.22,279.88,4536125.0,STOCK_D_STABLE2
2024-05-20,284.56,286.29,283.27,284.28,3901044.0,STOCK_D_STABLE2
2024-05-21,284.15,288.06,282.63,285.07,2627643.0,STOCK_D_STABLE2
2024-05-22,288.15,288.64,286.68,287.26,2334479.0,STOCK_D_STABLE2
2024-05-23,286.39,288.62,284.84,287.54,4538789.0,STOCK_D_STABLE2
2024-05-24,292.29,295.44,291.02,293.12,333642.0,STOCK_D_STABLE2
2024-05-27,296.29,297.42,294.42,295.78,3262078.0,STOCK_D_STABLE2
2024-05-28,307.69,308.31,305.31,307.35,488183.0,STOCK_D_STABLE2
2024-05-29,310.13,311.09,309.27,309.28,3563773.0,STOCK_D_STABLE2
2024-05-30,314.04,314.23,312.22,312.72,819222.0,STOCK_D_STABLE2
2024-05-31,311.18,313.52,309.0,310.84,757340.0,STOCK_D_STABLE2
2024-06-03,309.93,312.66,309.45,310.95,1385056.0,STOCK_D_STABLE2
2024-06-04,313.41,313.81,308.52,311.34,2002831.0,STOCK_D_STABLE2
2024-06-05,304.15,305.7,302.68,304.83,3638575.0,STOCK_D_STABLE2
2024-06-06,304.79,305.52,301.44,303.57,1469630.0,STOCK_D_STABLE2
2024-06-07,303.5,303.55,302.5,303.53,2288909.0,STOCK_D_STABLE2
2024-06-10,304.69,305.19,302.75,303.68,1018443.0,STOCK_D_STABLE2
2024-06-11,303.91,304.93,303.75,304.32,4647944.0,STOCK_D_STABLE2
2024-06-12,306.92,307.2,304.97,305.13,1625046.0,STOCK_D_STABLE2
2024-06-13,306.39,307.8,305.5,305.94,3912465.0,STOCK_D_STABLE2
2024-06-14,305.2,307.31,304.68,306.32,4023453.0,STOCK_D_STABLE2
2024-06-17,308.73,309.18,307.57,308.99,2583720.0,STOCK_D_STABLE2
2024-06-18,305.13,306.77,302.09,305.45,2251182.0,STOCK_D_STABLE2
2024-06-19,311.14,313.98,309.26,310.18,1023928.0,STOCK_D_STABLE2
2024-06-20,309.04,309.36,306.88,307.53,2808448.0,STOCK_D_STABLE2
2024-06-21,300.87,302.15,300.42,301.73,1925296.0,STOCK_D_STABLE2
2024-06-24,298.69,299.61,296.15,298.44,2046871.0,STOCK_D_STABLE2
2024-06-25,294.59,296.82,293.65,294.99,589770.0,STOCK_D_STABLE2
2024-06-26,291.29,293.71,291.02,291.14,2239590.0,STOCK_D_STABLE2
2024-06-27,287.19,287.84,285.31,287.61,2301455.0,STOCK_D_STABLE2
2024-06-28,285.3,286.32,283.73,286.03,3674284.0,STOCK_D_STABLE2
2024-07-01,285.3,285.82,282.77,283.88,2782023.0,STOCK_D_STABLE2
2024-07-02,284.32,285.77,283.0,284.14,1078872.0,STOCK_D_STABLE2
2024-07-03,287.33,291.63,286.89,288.57,4030806.0,STOCK_D_STABLE2
2024-07-04,294.51,296.01,293.92,294.58,407131.0,STOCK_D_STABLE2
2024-07-05,290.49,294.18,290.19,292.44,4892094.0,STOCK_D_STABLE2
2024-07-08,292.38,293.86,291.34,293.56,3029635.0,STOCK_D_STABLE2
2024-07-09,295.36,295.99,292.12,293.6,3768333.0,STOCK_D_STABLE2
2024-07-10,293.77,295.48,292.7,294.56,9691106.0,STOCK_D_STABLE2
2024-07-11,296.77,298.13,295.12,295.78,421696.0,STOCK_D_STABLE2
2024-07-12,296.76,298.22,296.51,296.72,3173907.0,STOCK_D_STABLE2
2024-07-15,299.95,300.75,298.83,299.73,1881012.0,STOCK_D_STABLE2
2024-07-16,297.06,299.48,297.03,298.69,496046.0,STOCK_D_STABLE2
2024-07-17,300.53,300.9,296.37,299.26,2045712.0,STOCK_D_STABLE2
2024-07-18,300.08,302.57,299.96,301.77,1547462.0,STOCK_D_STABLE2
2024-07-19,302.04,302.39,298.37,299.69,1726103.0,STOCK_D_STABLE2
2024-07-22,301.03,301.64,298.23,299.27,2350005.0,STOCK_D_STABLE2
2024-07-23,296.9,299.64,296.21,297.35,3681240.0,STOCK_D_STABLE2
2024-07-24,300.64,301.24,296.16,298.09,2445717.0,STOCK_D_STABLE2
2024-07-25,295.23,295.98,294.04,294.25,2939452.0,STOCK_D_STABLE2
2024-07-26,297.24,297.99,294.72,296.34,3415828.0,STOCK_D_STABLE2
2024-07-29,297.24,298.05,293.53,294.96,4222738.0,STOCK_D_STABLE2
2024-07-30,294.78,297.18,294.34,296.7,877790.0,STOCK_D_STABLE2
2024-07-31,295.7,298.15,294.93,295.23,739473.0,STOCK_D_STABLE2
2024-08-01,298.83,300.25,297.59,298.41,240309.0,STOCK_D_STABLE2
2024-08-02,298.67,299.25,297.93,298.05,1878365.0,STOCK_D_STABLE2
2024-08-05,294.26,298.0,293.4,295.82,916995.0,STOCK_D_STABLE2
2024-08-06,292.07,292.63,289.61,292.28,251083.0,STOCK_D_STABLE2
2024-08-07,290.67,293.86,289.48,291.99,3983755.0,STOCK_D_STABLE2
2024-08-08,297.2,298.26,296.67,298.1,4691634.0,STOCK_D_STABLE2
2024-08-09,296.14,298.99,295.28,296.02,3199138.0,STOCK_D_STABLE2
2024-08-12,290.49,294.61,290.08,292.48,1489942.0,STOCK_D_STABLE2
2024-08-13,293.74,294.91,292.77,293.61,11951346.0,STOCK_D_STABLE2
2024-08-14,291.71,292.51,289.66,291.65,4479450.0,STOCK_D_STABLE2
2024-08-15,287.59,289.71,286.3,288.55,1034510.0,STOCK_D_STABLE2
2024-08-16,286.12,287.44,284.68,286.55,3196048.0,STOCK_D_STABLE2
2024-08-19,283.41,283.93,283.12,283.82,3422933.0,STOCK_D_STABLE2
2024-08-20,282.62,283.51,280.91,283.21,4460624.0,STOCK_D_STABLE2
2024-08-21,288.31,288.61,286.39,287.5,2781327.0,STOCK_D_STABLE2
2024-08-22,288.76,290.18,286.87,288.34,1597168.0,STOCK_D_STABLE2
2024-08-23,284.67,284.84,283.21,283.82,4319934.0,STOCK_D_STABLE2
2024-08-26,289.53,291.48,289.22,289.25,963712.0,STOCK_D_STABLE2
2024-08-27,285.33,288.77,283.18,288.01,2095485.0,STOCK_D_STABLE2
2024-08-28,280.06,280.28,279.76,280.01,2670298.0,STOCK_D_STABLE2
2024-08-29,280.11,280.77,278.37,279.09,2239020.0,STOCK_D_STABLE2
2024-08-30,286.75,288.5,284.66,286.4,2560084.0,STOCK_D_STABLE2
2024-09-02,284.54,286.03,283.95,285.95,1925037.0,STOCK_D_STABLE2
2024-09-03,289.14,289.52,287.03,287.47,701834.0,STOCK_D_STABLE2
2024-09-04,287.78,289.08,286.63,287.73,228472.0,STOCK_D_STABLE2
2024-09-05,283.98,288.15,282.64,282.83,1695731.0,STOCK_D_STABLE2
2024-09-06,291.01,291.68,290.6,291.64,3880928.0,STOCK_D_STABLE2
2024-09-09,299.15,300.33,295.61,297.55,4903833.0,STOCK_D_STABLE2
2024-09-10,304.12,304.12,301.43,302.39,2687960.0,STOCK_D_STABLE2
2024-09-11,300.21,300.3,298.46,299.17,1353066.0,STOCK_D_STABLE2
2024-09-12,299.22,300.92,299.04,300.46,3002942.0,STOCK_D_STABLE2
2024-09-13,305.95,306.65,305.6,306.08,2961681.0,STOCK_D_STABLE2
2024-09-16,306.13,307.33,304.45,305.31,4557139.0,STOCK_D_STABLE2
2024-09-17,303.05,305.43,300.68,303.58,4344671.0,STOCK_D_STABLE2
2024-09-18,301.96,302.22,299.84,301.86,2032088.0,STOCK_D_STABLE2
2024-09-19,296.45,299.99,295.9,297.74,12127917.0,STOCK_D_STABLE2
2024-09-20,296.59,300.06,296.0,296.07,2419694.0,STOCK_D_STABLE2
2024-09-23,293.63,294.08,293.16,294.03,1599390.0,STOCK_D_STABLE2
2024-09-24,294.84,296.32,294.69,295.16,4806316.0,STOCK_D_STABLE2
2024-09-25,292.43,293.54,291.89,292.31,104556.0,STOCK_D_STABLE2
2024-09-26,291.94,292.77,288.97,290.65,1765843.0,STOCK_D_STABLE2
2024-09-27,290.96,292.04,290.52,291.75,4624410.0,STOCK_D_STABLE2
2024-09-30,293.74,297.41,292.23,294.11,1191702.0,STOCK_D_STABLE2
2024-10-01,298.57,299.49,298.4,299.43,999663.0,STOCK_D_STABLE2
2024-10-02,298.16,299.05,297.06,299.05,3037879.0,STOCK_D_STABLE2
2024-10-03,302.84,304.29,300.25,301.69,4735976.0,STOCK_D_STABLE2
2024-10-04,302.27,304.81,300.63,302.92,2061018.0,STOCK_D_STABLE2
2024-10-07,304.76,305.7,301.78,302.99,3129426.0,STOCK_D_STABLE2
2024-10-08,306.38,306.75,303.01,305.81,4429586.0,STOCK_D_STABLE2
2024-10-09,304.25,306.11,302.7,303.25,2608139.0,STOCK_D_STABLE2
2024-10-10,303.75,304.82,300.45,301.82,3990202.0,STOCK_D_STABLE2
2024-10-11,304.09,304.29,302.84,303.63,3469049.0,STOCK_D_STABLE2
2024-10-14,307.08,308.7,305.03,307.41,4898002.0,STOCK_D_STABLE2
2024-10-15,307.35,311.04,306.91,309.14,3486031.0,STOCK_D_STABLE2
2024-10-16,310.77,310.78,309.19,310.52,1358239.0,STOCK_D_STABLE2
2024-10-17,310.7,312.26,308.88,311.57,5716853.0,STOCK_D_STABLE2
2024-10-18,314.88,315.84,314.33,315.65,2802004.0,STOCK_D_STABLE2
2024-10-21,318.63,321.49,317.59,319.66,2944367.0,STOCK_D_STABLE2
2024-10-22,321.11,321.73,318.76,319.4,3154042.0,STOCK_D_STABLE2
2024-10-23,321.21,324.02,320.69,321.84,1743718.0,STOCK_D_STABLE2
2024-10-24,324.04,324.37,322.89,324.14,4904624.0,STOCK_D_STABLE2
2024-10-25,322.74,323.59,321.95,323.51,1392178.0,STOCK_D_STABLE2
2024-10-28,322.18,322.41,318.56,320.4,642195.0,STOCK_D_STABLE2
2024-10-29,319.66,321.02,318.77,318.84,112909.0,STOCK_D_STABLE2
2024-10-30,316.29,318.85,313.83,316.06,512293.0,STOCK_D_STABLE2
2024-10-31,312.14,313.8,309.23,311.05,852056.0,STOCK_D_STABLE2
2024-11-01,316.11,316.53,314.57,314.92,2348647.0,STOCK_D_STABLE2
2024-11-04,315.31,317.32,314.62,316.44,605190.0,STOCK_D_STABLE2
2024-11-05,316.95,317.16,314.41,316.85,4807502.0,STOCK_D_STABLE2
2024-11-06,319.93,321.64,317.6,320.79,314136.0,STOCK_D_STABLE2
2024-11-07,322.81,325.7,322.8,324.32,477249.0,STOCK_D_STABLE2
2024-11-08,326.18,329.07,325.25,326.67,2333375.0,STOCK_D_STABLE2
2024-11-11,330.02,332.19,328.15,329.21,266213.0,STOCK_D_STABLE2
2024-11-12,336.41,337.27,334.11,335.32,2973967.0,STOCK_D_STABLE2
2024-11-13,333.05,334.15,331.62,332.01,2803252.0,STOCK_D_STABLE2
2024-11-14,330.63,334.44,329.79,332.5,2293263.0,STOCK_D_STABLE2
2024-11-15,332.74,334.19,332.55,333.42,1511074.0,STOCK_D_STABLE2
2024-11-18,332.78,335.42,330.08,330.81,14099558.0,STOCK_D_STABLE2
2024-11-19,329.47,330.23,328.85,329.86,1277973.0,STOCK_D_STABLE2
2024-11-20,323.5,323.84,323.47,323.8,1575216.0,STOCK_D_STABLE2
2024-11-21,323.41,323.68,320.44,322.18,3793968.0,STOCK_D_STABLE2
2024-11-22,321.86,324.71,320.81,322.88,2265376.0,STOCK_D_STABLE2
2024-11-25,320.24,322.87,316.74,320.58,2170558.0,STOCK_D_STABLE2
2024-11-26,320.73,320.74,320.02,320.63,492118.0,STOCK_D_STABLE2
2024-11-27,316.09,320.73,315.7,318.67,2295428.0,STOCK_D_STABLE2
2024-11-28,322.22,323.92,321.47,323.51,3251328.0,STOCK_D_STABLE2
2024-11-29,327.99,329.26,326.0,326.67,1835330.0,STOCK_D_STABLE2
2024-12-02,323.9,325.39,318.44,322.16,170006.0,STOCK_D_STABLE2
2024-12-03,324.63,325.52,322.92,324.77,2335120.0,STOCK_D_STABLE2
2024-12-04,324.07,324.93,323.78,324.58,1177704.0,STOCK_D_STABLE2
2024-12-05,327.75,330.47,327.03,327.52,316390.0,STOCK_D_STABLE2
2024-12-06,329.39,330.53,327.19,328.4,3869848.0,STOCK_D_STABLE2
2024-12-09,327.8,328.24,326.71,326.87,4421493.0,STOCK_D_STABLE2
2024-12-10,325.07,326.53,323.9,325.3,4511272.0,STOCK_D_STABLE2
2024-12-11,326.32,326.5,322.89,326.06,1734649.0,STOCK_D_STABLE2
2024-12-12,323.92,325.12,321.58,324.97,3475389.0,STOCK_D_STABLE2
2024-12-13,326.6,327.44,326.46,326.82,2942590.0,STOCK_D_STABLE2
2024-12-16,325.08,325.55,323.56,325.05,168708.0,STOCK_D_STABLE2
2024-12-17,321.51,321.61,319.32,320.08,2416045.0,STOCK_D_STABLE2
2024-12-18,324.0,325.68,323.8,324.28,331829.0,STOCK_D_STABLE2
2024-12-19,328.12,329.24,326.32,327.4,396882.0,STOCK_D_STABLE2
2024-12-20,333.55,334.39,332.19,333.43,4335939.0,STOCK_D_STABLE2
2024-12-23,328.63,330.04,327.83,329.13,271849.0,STOCK_D_STABLE2
2024-12-24,328.45,331.53,327.96,329.11,4882996.0,STOCK_D_STABLE2
2024-12-25,327.61,328.6,325.42,326.05,9148359.0,STOCK_D_STABLE2
2024-12-26,315.84,319.98,315.58,316.65,4176112.0,STOCK_D_STABLE2
2024-12-27,321.17,322.36,318.7,322.02,2357181.0,STOCK_D_STABLE2
2024-12-30,322.33,322.91,320.3,321.81,4376980.0,STOCK_D_STABLE2
2024-12-31,320.34,321.25,316.93,319.12,4433416.0,STOCK_D_STABLE2
2025-01-01,322.02,324.49,318.18,321.57,2376676.0,STOCK_D_STABLE2
