Date,Open,High,Low,Close,Volume,Symbol
2015-01-01,42.51,43.08,41.67,42.63,1218198.0,STOCK_C_VOLATILE
2015-01-02,41.57,43.04,40.64,42.87,868211.0,STOCK_C_VOLATILE
2015-01-05,42.65,44.43,41.96,43.53,3250756.0,STOCK_C_VOLATILE
2015-01-06,45.31,47.01,44.45,45.79,2342285.0,STOCK_C_VOLATILE
2015-01-07,47.73,49.52,46.27,47.53,3252008.0,STOCK_C_VOLATILE
2015-01-08,47.38,50.1,46.99,48.8,4244240.0,STOCK_C_VOLATILE
2015-01-09,47.74,48.5,47.37,48.01,3326941.0,STOCK_C_VOLATILE
2015-01-12,46.3,48.08,44.21,45.85,3907512.0,STOCK_C_VOLATILE
2015-01-13,46.61,47.11,45.32,46.66,3853596.0,STOCK_C_VOLATILE
2015-01-14,45.08,45.69,44.78,45.62,1198395.0,STOCK_C_VOLATILE
2015-01-15,48.08,48.09,46.69,47.36,1486937.0,STOCK_C_VOLATILE
2015-01-16,48.43,48.84,47.39,47.84,4332841.0,STOCK_C_VOLATILE
2015-01-19,46.95,47.7,45.9,46.28,799608.0,STOCK_C_VOLATILE
2015-01-20,46.78,47.46,45.5,46.87,438883.0,STOCK_C_VOLATILE
2015-01-21,48.03,49.32,47.45,48.41,1412850.0,STOCK_C_VOLATILE
2015-01-22,47.97,49.23,46.41,48.83,4912900.0,STOCK_C_VOLATILE
2015-01-23,46.83,47.83,46.8,47.15,203968.0,STOCK_C_VOLATILE
2015-01-26,47.53,48.72,47.47,47.74,431182.0,STOCK_C_VOLATILE
2015-01-27,48.52,48.62,47.72,48.55,2991425.0,STOCK_C_VOLATILE
2015-01-28,51.11,52.08,50.04,50.39,1775776.0,STOCK_C_VOLATILE
2015-01-29,52.17,53.43,50.76,52.07,4787589.0,STOCK_C_VOLATILE
2015-01-30,50.01,50.76,49.06,49.98,4124824.0,STOCK_C_VOLATILE
2015-02-02,48.2,49.51,45.77,48.9,2222218.0,STOCK_C_VOLATILE
2015-02-03,49.63,51.26,49.52,50.27,1971014.0,STOCK_C_VOLATILE
2015-02-04,46.37,47.16,46.07,46.47,2786859.0,STOCK_C_VOLATILE
2015-02-05,48.39,49.1,47.18,48.13,1549655.0,STOCK_C_VOLATILE
2015-02-06,46.6,47.13,45.81,46.36,215544.0,STOCK_C_VOLATILE
2015-02-09,45.29,45.92,43.85,45.51,2537191.0,STOCK_C_VOLATILE
2015-02-10,48.26,49.38,48.04,48.5,442167.0,STOCK_C_VOLATILE
2015-02-11,46.99,48.66,46.43,48.4,3105432.0,STOCK_C_VOLATILE
2015-02-12,49.08,49.39,45.86,47.78,4691935.0,STOCK_C_VOLATILE
2015-02-13,48.32,48.51,46.78,48.43,2606097.0,STOCK_C_VOLATILE
2015-02-16,47.45,48.77,47.43,48.26,3390505.0,STOCK_C_VOLATILE
2015-02-17,46.18,47.15,45.21,46.94,4601298.0,STOCK_C_VOLATILE
2015-02-18,47.47,48.27,45.99,47.51,4023120.0,STOCK_C_VOLATILE
2015-02-19,51.66,53.93,51.38,52.11,4967075.0,STOCK_C_VOLATILE
2015-02-20,54.36,56.0,54.3,54.31,2949653.0,STOCK_C_VOLATILE
2015-02-23,54.31,56.02,54.3,55.42,3104129.0,STOCK_C_VOLATILE
2015-02-24,55.97,56.34,54.88,56.11,4672575.0,STOCK_C_VOLATILE
2015-02-25,59.11,59.58,56.8,58.17,2574353.0,STOCK_C_VOLATILE
2015-02-26,59.32,59.86,57.8,59.85,2903931.0,STOCK_C_VOLATILE
2015-02-27,56.78,58.32,56.39,57.59,3108207.0,STOCK_C_VOLATILE
2015-03-02,58.07,59.59,57.27,58.95,1697133.0,STOCK_C_VOLATILE
2015-03-03,58.45,59.73,57.95,59.14,7154989.0,STOCK_C_VOLATILE
2015-03-04,63.44,64.14,62.5,63.75,2966982.0,STOCK_C_VOLATILE
2015-03-05,64.14,64.63,62.43,63.19,3501815.0,STOCK_C_VOLATILE
2015-03-06,67.69,69.15,66.44,66.81,2966687.0,STOCK_C_VOLATILE
2015-03-09,62.01,64.61,61.63,63.38,2847696.0,STOCK_C_VOLATILE
2015-03-10,64.08,64.58,62.92,64.33,968346.0,STOCK_C_VOLATILE
2015-03-11,61.27,62.42,60.5,62.32,426467.0,STOCK_C_VOLATILE
2015-03-12,59.68,60.01,59.65,59.91,4710062.0,STOCK_C_VOLATILE
2015-03-13,61.35,62.74,61.15,62.07,1860485.0,STOCK_C_VOLATILE
2015-03-16,59.8,60.81,59.23,59.38,1829770.0,STOCK_C_VOLATILE
2015-03-17,58.89,59.22,57.84,59.06,3958125.0,STOCK_C_VOLATILE
2015-03-18,58.14,59.78,56.81,57.24,2826275.0,STOCK_C_VOLATILE
2015-03-19,58.43,58.95,57.1,58.3,785521.0,STOCK_C_VOLATILE
2015-03-20,60.31,60.77,57.34,59.08,3038493.0,STOCK_C_VOLATILE
2015-03-23,53.42,54.04,52.08,53.37,516997.0,STOCK_C_VOLATILE
2015-03-24,54.42,55.3,52.92,55.1,791871.0,STOCK_C_VOLATILE
2015-03-25,54.71,55.58,52.71,53.63,4637486.0,STOCK_C_VOLATILE
2015-03-26,58.33,58.83,56.55,58.52,2804274.0,STOCK_C_VOLATILE
2015-03-27,59.27,62.24,58.38,60.89,3950279.0,STOCK_C_VOLATILE
2015-03-30,63.9,64.29,62.76,63.56,766389.0,STOCK_C_VOLATILE
2015-03-31,57.74,58.21,56.29,56.89,3737127.0,STOCK_C_VOLATILE
2015-04-01,60.72,61.54,59.79,61.42,2062991.0,STOCK_C_VOLATILE
2015-04-02,61.42,62.28,61.29,61.66,4974739.0,STOCK_C_VOLATILE
2015-04-03,58.57,59.6,57.08,58.1,1068943.0,STOCK_C_VOLATILE
2015-04-06,59.01,60.51,57.92,59.01,835708.0,STOCK_C_VOLATILE
2015-04-07,62.49,64.26,62.19,62.51,4956682.0,STOCK_C_VOLATILE
2015-04-08,56.93,59.52,55.8,58.22,3021358.0,STOCK_C_VOLATILE
2015-04-09,60.09,61.43,59.7,61.07,2743753.0,STOCK_C_VOLATILE
2015-04-10,59.15,60.49,57.5,60.31,4161835.0,STOCK_C_VOLATILE
2015-04-13,59.58,60.7,58.11,58.91,3707758.0,STOCK_C_VOLATILE
2015-04-14,58.1,58.43,56.23,57.93,1268383.0,STOCK_C_VOLATILE
2015-04-15,55.81,56.3,55.76,55.93,103832.0,STOCK_C_VOLATILE
2015-04-16,57.26,58.55,55.22,56.52,1748186.0,STOCK_C_VOLATILE
2015-04-17,58.48,59.21,56.24,57.25,3615359.0,STOCK_C_VOLATILE
2015-04-20,60.1,62.11,59.93,59.97,4792703.0,STOCK_C_VOLATILE
2015-04-21,62.72,64.06,62.19,63.78,4243865.0,STOCK_C_VOLATILE
2015-04-22,62.82,64.28,61.63,62.99,4315346.0,STOCK_C_VOLATILE
2015-04-23,64.12,66.45,62.34,66.08,2352379.0,STOCK_C_VOLATILE
2015-04-24,62.22,64.03,62.2,62.82,2430752.0,STOCK_C_VOLATILE
2015-04-27,64.57,64.84,61.7,64.69,1176252.0,STOCK_C_VOLATILE
2015-04-28,60.27,63.18,59.73,61.68,2747024.0,STOCK_C_VOLATILE
2015-04-29,60.39,60.69,59.94,60.26,413700.0,STOCK_C_VOLATILE
2015-04-30,62.59,63.88,61.49,61.96,3260187.0,STOCK_C_VOLATILE
2015-05-01,59.5,60.46,58.2,60.05,509605.0,STOCK_C_VOLATILE
2015-05-04,60.92,62.18,60.0,61.44,1052528.0,STOCK_C_VOLATILE
2015-05-05,58.23,59.1,57.02,57.61,1843494.0,STOCK_C_VOLATILE
2015-05-06,56.24,56.74,55.17,55.9,4949519.0,STOCK_C_VOLATILE
2015-05-07,58.26,58.37,56.58,57.29,3671202.0,STOCK_C_VOLATILE
2015-05-08,62.07,62.55,60.44,61.14,3845484.0,STOCK_C_VOLATILE
2015-05-11,57.05,58.47,56.05,58.13,4202044.0,STOCK_C_VOLATILE
2015-05-12,61.67,63.48,60.6,62.22,3645409.0,STOCK_C_VOLATILE
2015-05-13,62.09,63.33,61.12,63.03,4696973.0,STOCK_C_VOLATILE
2015-05-14,69.05,71.64,68.61,69.35,531416.0,STOCK_C_VOLATILE
2015-05-15,67.01,69.8,66.92,68.52,2770434.0,STOCK_C_VOLATILE
2015-05-18,66.93,67.95,66.6,67.09,3254346.0,STOCK_C_VOLATILE
2015-05-19,67.83,68.63,67.65,68.13,1023951.0,STOCK_C_VOLATILE
2015-05-20,65.55,66.84,62.77,64.99,3837690.0,STOCK_C_VOLATILE
2015-05-21,66.73,68.2,63.0,65.43,4911662.0,STOCK_C_VOLATILE
2015-05-22,66.76,68.94,65.03,65.33,890072.0,STOCK_C_VOLATILE
2015-05-25,67.06,70.31,65.94,69.19,207406.0,STOCK_C_VOLATILE
2015-05-26,70.51,71.74,70.06,70.31,1733376.0,STOCK_C_VOLATILE
2015-05-27,66.53,68.11,66.07,66.54,4266621.0,STOCK_C_VOLATILE
2015-05-28,61.57,64.09,60.68,62.8,3521726.0,STOCK_C_VOLATILE
2015-05-29,61.47,61.6,60.14,60.25,3277031.0,STOCK_C_VOLATILE
2015-06-01,54.56,55.72,52.01,54.88,2050481.0,STOCK_C_VOLATILE
2015-06-02,50.19,51.22,49.76,49.79,166055.0,STOCK_C_VOLATILE
2015-06-03,55.23,55.7,51.75,54.46,2715885.0,STOCK_C_VOLATILE
2015-06-04,52.38,53.4,51.91,52.54,2177589.0,STOCK_C_VOLATILE
2015-06-05,56.79,58.19,54.16,55.56,946107.0,STOCK_C_VOLATILE
2015-06-08,52.33,54.62,51.07,53.82,4332826.0,STOCK_C_VOLATILE
2015-06-09,53.78,54.47,51.37,52.92,2889368.0,STOCK_C_VOLATILE
2015-06-10,48.15,49.09,47.87,49.02,1701906.0,STOCK_C_VOLATILE
2015-06-11,52.41,53.85,50.84,51.8,1688559.0,STOCK_C_VOLATILE
2015-06-12,50.29,52.2,49.28,50.97,1578072.0,STOCK_C_VOLATILE
2015-06-15,54.51,56.11,53.66,54.76,4463700.0,STOCK_C_VOLATILE
2015-06-16,53.73,53.73,52.11,53.14,950288.0,STOCK_C_VOLATILE
2015-06-17,56.89,57.08,56.19,56.21,4549469.0,STOCK_C_VOLATILE
2015-06-18,61.44,62.0,59.46,59.97,1011438.0,STOCK_C_VOLATILE
2015-06-19,57.28,58.26,56.03,56.07,1337391.0,STOCK_C_VOLATILE
2015-06-22,56.54,58.78,55.33,57.26,2316973.0,STOCK_C_VOLATILE
2015-06-23,54.52,55.13,53.67,54.73,1319592.0,STOCK_C_VOLATILE
2015-06-24,52.61,52.65,51.82,52.01,2531896.0,STOCK_C_VOLATILE
2015-06-25,52.48,52.86,51.95,52.34,4128761.0,STOCK_C_VOLATILE
2015-06-26,53.79,54.67,52.53,54.27,2577704.0,STOCK_C_VOLATILE
2015-06-29,57.74,59.65,57.38,57.57,535998.0,STOCK_C_VOLATILE
2015-06-30,57.36,57.38,56.44,56.76,1246651.0,STOCK_C_VOLATILE
2015-07-01,60.04,60.62,57.32,59.3,3615040.0,STOCK_C_VOLATILE
2015-07-02,62.09,62.59,60.63,60.83,2963338.0,STOCK_C_VOLATILE
2015-07-03,60.23,61.6,58.19,60.86,3074037.0,STOCK_C_VOLATILE
2015-07-06,58.36,59.88,58.31,58.37,2824932.0,STOCK_C_VOLATILE
2015-07-07,58.92,60.07,58.06,58.52,2720709.0,STOCK_C_VOLATILE
2015-07-08,66.46,68.08,65.43,67.69,707120.0,STOCK_C_VOLATILE
2015-07-09,64.42,67.52,63.62,64.95,3666810.0,STOCK_C_VOLATILE
2015-07-10,64.2,64.99,63.59,64.51,2760566.0,STOCK_C_VOLATILE
2015-07-13,61.02,62.78,59.51,62.0,535532.0,STOCK_C_VOLATILE
2015-07-14,64.58,66.16,63.9,65.83,1305262.0,STOCK_C_VOLATILE
2015-07-15,72.37,73.85,70.66,71.15,573278.0,STOCK_C_VOLATILE
2015-07-16,73.91,75.57,73.62,75.43,1569269.0,STOCK_C_VOLATILE
2015-07-17,83.29,84.96,81.56,82.11,180967.0,STOCK_C_VOLATILE
2015-07-20,82.63,83.77,81.32,81.89,945364.0,STOCK_C_VOLATILE
2015-07-21,87.06,88.16,86.65,88.03,986865.0,STOCK_C_VOLATILE
2015-07-22,85.75,86.89,84.59,84.86,4879678.0,STOCK_C_VOLATILE
2015-07-23,89.92,91.63,89.64,90.77,4581609.0,STOCK_C_VOLATILE
2015-07-24,96.36,97.69,96.09,96.83,3964816.0,STOCK_C_VOLATILE
2015-07-27,93.49,95.34,92.62,94.19,4094308.0,STOCK_C_VOLATILE
2015-07-28,97.31,100.73,94.1,98.19,3674451.0,STOCK_C_VOLATILE
2015-07-29,94.8,96.19,92.49,93.51,923342.0,STOCK_C_VOLATILE
2015-07-30,87.93,88.95,84.41,87.71,3718344.0,STOCK_C_VOLATILE
2015-07-31,82.98,83.97,81.43,82.31,1578557.0,STOCK_C_VOLATILE
2015-08-03,78.61,79.41,76.95,78.28,2576182.0,STOCK_C_VOLATILE
2015-08-04,77.45,78.19,73.89,74.32,568361.0,STOCK_C_VOLATILE
2015-08-05,72.93,74.54,71.96,73.97,2764061.0,STOCK_C_VOLATILE
2015-08-06,80.35,81.21,77.53,79.73,101420.0,STOCK_C_VOLATILE
2015-08-07,80.59,82.2,77.81,78.84,3060337.0,STOCK_C_VOLATILE
2015-08-10,75.21,77.15,73.69,75.85,1009992.0,STOCK_C_VOLATILE
2015-08-11,78.19,80.12,76.53,78.17,3072077.0,STOCK_C_VOLATILE
2015-08-12,79.08,79.18,76.32,77.3,3027334.0,STOCK_C_VOLATILE
2015-08-13,79.87,81.56,76.87,77.62,2764118.0,STOCK_C_VOLATILE
2015-08-14,80.69,82.27,77.86,78.99,2761352.0,STOCK_C_VOLATILE
2015-08-17,83.11,83.26,80.07,80.53,1667952.0,STOCK_C_VOLATILE
2015-08-18,78.62,80.58,77.02,78.05,222115.0,STOCK_C_VOLATILE
2015-08-19,77.48,78.38,76.23,77.18,1528450.0,STOCK_C_VOLATILE
2015-08-20,81.83,82.03,80.21,80.4,1373238.0,STOCK_C_VOLATILE
2015-08-21,81.01,82.41,77.93,79.04,1061026.0,STOCK_C_VOLATILE
2015-08-24,77.56,78.36,75.07,78.18,2288283.0,STOCK_C_VOLATILE
2015-08-25,81.62,82.01,77.13,79.24,2962637.0,STOCK_C_VOLATILE
2015-08-26,81.18,81.25,80.24,80.73,3381732.0,STOCK_C_VOLATILE
2015-08-27,78.68,80.92,78.43,79.57,2467648.0,STOCK_C_VOLATILE
2015-08-28,83.5,83.9,81.02,81.57,3023935.0,STOCK_C_VOLATILE
2015-08-31,81.46,82.74,80.49,81.54,2901356.0,STOCK_C_VOLATILE
2015-09-01,75.98,79.44,75.25,76.73,3431393.0,STOCK_C_VOLATILE
2015-09-02,79.99,80.48,78.41,78.96,503984.0,STOCK_C_VOLATILE
2015-09-03,75.47,77.34,74.54,75.87,778478.0,STOCK_C_VOLATILE
2015-09-04,85.3,88.9,83.12,86.31,2563834.0,STOCK_C_VOLATILE
2015-09-07,89.23,91.5,87.05,87.43,4615485.0,STOCK_C_VOLATILE
2015-09-08,84.89,88.36,84.09,86.32,763833.0,STOCK_C_VOLATILE
2015-09-09,89.73,91.02,89.39,89.62,3420672.0,STOCK_C_VOLATILE
2015-09-10,97.17,97.18,92.62,95.53,2277400.0,STOCK_C_VOLATILE
2015-09-11,102.77,104.91,100.73,102.04,258605.0,STOCK_C_VOLATILE
2015-09-14,102.0,106.21,99.95,103.45,3150704.0,STOCK_C_VOLATILE
2015-09-15,107.79,108.55,104.77,108.45,1062090.0,STOCK_C_VOLATILE
2015-09-16,111.0,113.36,107.29,111.91,677801.0,STOCK_C_VOLATILE
2015-09-17,113.79,115.26,111.86,112.4,732976.0,STOCK_C_VOLATILE
2015-09-18,103.15,106.73,99.57,104.79,4158082.0,STOCK_C_VOLATILE
2015-09-21,108.32,110.51,103.59,104.93,505518.0,STOCK_C_VOLATILE
2015-09-22,92.53,97.63,88.77,92.85,1827726.0,STOCK_C_VOLATILE
2015-09-23,89.1,89.71,87.83,89.18,3377894.0,STOCK_C_VOLATILE
2015-09-24,93.03,96.14,92.63,94.67,3273871.0,STOCK_C_VOLATILE
2015-09-25,95.88,95.94,93.56,95.47,375494.0,STOCK_C_VOLATILE
2015-09-28,94.79,99.05,92.75,95.32,3632769.0,STOCK_C_VOLATILE
2015-09-29,90.91,93.23,90.03,91.61,2712607.0,STOCK_C_VOLATILE
2015-09-30,86.14,89.19,84.86,88.12,3405573.0,STOCK_C_VOLATILE
2015-10-01,87.16,87.89,84.81,85.44,2518911.0,STOCK_C_VOLATILE
2015-10-02,80.23,81.9,78.44,80.12,466821.0,STOCK_C_VOLATILE
2015-10-05,70.81,72.95,70.13,71.96,1615198.0,STOCK_C_VOLATILE
2015-10-06,74.67,75.55,74.31,75.32,3559955.0,STOCK_C_VOLATILE
2015-10-07,81.84,82.78,80.71,80.94,3283390.0,STOCK_C_VOLATILE
2015-10-08,78.58,79.61,77.89,78.64,887621.0,STOCK_C_VOLATILE
2015-10-09,81.88,82.25,80.03,81.38,2527202.0,STOCK_C_VOLATILE
2015-10-12,75.72,78.03,75.38,76.89,1189639.0,STOCK_C_VOLATILE
2015-10-13,79.21,80.5,77.72,78.11,8907765.0,STOCK_C_VOLATILE
2015-10-14,71.69,75.78,71.48,73.26,2978921.0,STOCK_C_VOLATILE
2015-10-15,76.15,76.4,75.76,76.27,3981001.0,STOCK_C_VOLATILE
2015-10-16,74.53,77.31,71.97,76.47,1715404.0,STOCK_C_VOLATILE
2015-10-19,72.49,73.73,71.65,72.1,4070057.0,STOCK_C_VOLATILE
2015-10-20,74.35,74.76,73.21,73.89,4844152.0,STOCK_C_VOLATILE
2015-10-21,79.35,79.65,77.84,79.39,3781986.0,STOCK_C_VOLATILE
2015-10-22,79.98,80.07,77.72,79.42,3082288.0,STOCK_C_VOLATILE
2015-10-23,80.22,81.33,78.81,79.28,1602831.0,STOCK_C_VOLATILE
2015-10-26,78.16,81.62,76.4,79.33,3405603.0,STOCK_C_VOLATILE
2015-10-27,79.31,80.9,78.42,79.79,13256443.0,STOCK_C_VOLATILE
2015-10-28,83.13,85.16,82.98,84.29,1022532.0,STOCK_C_VOLATILE
2015-10-29,90.55,90.68,87.99,89.2,202850.0,STOCK_C_VOLATILE
2015-10-30,78.49,81.76,76.46,80.74,525716.0,STOCK_C_VOLATILE
2015-11-02,83.75,86.29,82.82,85.14,1014241.0,STOCK_C_VOLATILE
2015-11-03,83.48,87.22,81.46,84.37,3335311.0,STOCK_C_VOLATILE
2015-11-04,90.12,93.01,87.63,90.71,2960206.0,STOCK_C_VOLATILE
2015-11-05,94.34,94.68,90.08,92.6,523308.0,STOCK_C_VOLATILE
2015-11-06,95.21,97.28,93.66,96.62,2374803.0,STOCK_C_VOLATILE
2015-11-09,94.03,97.0,90.9,94.39,6324785.0,STOCK_C_VOLATILE
2015-11-10,88.73,91.02,88.49,88.71,488258.0,STOCK_C_VOLATILE
2015-11-11,90.47,92.36,86.33,89.68,2585554.0,STOCK_C_VOLATILE
2015-11-12,93.46,93.92,90.67,93.58,2643886.0,STOCK_C_VOLATILE
2015-11-13,96.99,97.93,96.57,96.69,2408409.0,STOCK_C_VOLATILE
2015-11-16,100.14,102.21,97.77,100.11,3504814.0,STOCK_C_VOLATILE
2015-11-17,101.49,102.63,99.35,101.13,3701093.0,STOCK_C_VOLATILE
2015-11-18,104.65,106.29,103.52,104.41,3158209.0,STOCK_C_VOLATILE
2015-11-19,98.27,100.74,96.75,100.54,4858406.0,STOCK_C_VOLATILE
2015-11-20,100.17,100.76,98.95,99.89,116570.0,STOCK_C_VOLATILE
2015-11-23,92.69,94.03,92.49,92.89,3345082.0,STOCK_C_VOLATILE
2015-11-24,92.34,93.6,91.4,92.66,2621222.0,STOCK_C_VOLATILE
2015-11-25,92.0,92.22,90.83,91.37,4568731.0,STOCK_C_VOLATILE
2015-11-26,92.78,93.47,90.42,91.59,3872724.0,STOCK_C_VOLATILE
2015-11-27,97.68,98.04,95.19,95.89,563209.0,STOCK_C_VOLATILE
2015-11-30,96.45,97.28,94.89,96.17,2384610.0,STOCK_C_VOLATILE
2015-12-01,83.53,85.62,82.25,83.58,3225679.0,STOCK_C_VOLATILE
2015-12-02,89.06,89.12,88.36,88.74,4230910.0,STOCK_C_VOLATILE
2015-12-03,87.65,90.42,86.71,89.35,1860049.0,STOCK_C_VOLATILE
2015-12-04,92.04,94.89,91.44,92.48,2505678.0,STOCK_C_VOLATILE
2015-12-07,87.82,90.61,86.04,89.18,1016982.0,STOCK_C_VOLATILE
2015-12-08,95.12,96.46,91.86,92.5,847423.0,STOCK_C_VOLATILE
2015-12-09,100.16,101.9,98.19,98.9,1327235.0,STOCK_C_VOLATILE
2015-12-10,92.13,93.29,88.94,91.69,2073435.0,STOCK_C_VOLATILE
2015-12-11,98.58,99.05,95.97,96.77,2360027.0,STOCK_C_VOLATILE
2015-12-14,94.31,94.31,91.7,92.69,1194759.0,STOCK_C_VOLATILE
2015-12-15,89.9,90.27,88.91,89.47,3183265.0,STOCK_C_VOLATILE
2015-12-16,90.77,90.87,87.7,89.47,1034473.0,STOCK_C_VOLATILE
2015-12-17,98.46,99.18,96.99,97.89,763554.0,STOCK_C_VOLATILE
2015-12-18,91.44,92.77,86.8,89.91,2699768.0,STOCK_C_VOLATILE
2015-12-21,87.0,88.99,87.0,87.32,2061135.0,STOCK_C_VOLATILE
2015-12-22,87.67,87.8,86.34,87.48,2002864.0,STOCK_C_VOLATILE
2015-12-23,90.58,94.18,88.92,90.05,1179241.0,STOCK_C_VOLATILE
2015-12-24,90.65,93.52,88.98,89.58,3890973.0,STOCK_C_VOLATILE
2015-12-25,90.47,91.34,88.68,91.32,4380981.0,STOCK_C_VOLATILE
2015-12-28,87.47,89.23,85.01,87.05,3600240.0,STOCK_C_VOLATILE
2015-12-29,89.22,93.48,88.97,90.08,3722473.0,STOCK_C_VOLATILE
2015-12-30,94.47,94.64,92.47,94.37,379448.0,STOCK_C_VOLATILE
2015-12-31,87.46,90.97,85.43,89.67,1627826.0,STOCK_C_VOLATILE
2016-01-01,83.88,87.41,79.3,86.48,4238000.0,STOCK_C_VOLATILE
2016-01-04,87.46,88.6,85.93,88.03,1420555.0,STOCK_C_VOLATILE
2016-01-05,89.39,91.99,88.03,89.36,1176851.0,STOCK_C_VOLATILE
2016-01-06,90.13,92.18,88.79,91.5,2814723.0,STOCK_C_VOLATILE
2016-01-07,89.04,91.38,85.94,86.46,2339776.0,STOCK_C_VOLATILE
2016-01-08,83.68,85.51,81.96,84.93,2667117.0,STOCK_C_VOLATILE
2016-01-11,81.83,85.89,81.22,83.05,2533849.0,STOCK_C_VOLATILE
2016-01-12,88.02,88.82,86.5,88.15,427862.0,STOCK_C_VOLATILE
2016-01-13,87.08,89.73,81.65,87.79,1957566.0,STOCK_C_VOLATILE
2016-01-14,86.14,86.68,84.09,85.8,4232664.0,STOCK_C_VOLATILE
2016-01-15,81.1,82.39,80.22,82.29,1063828.0,STOCK_C_VOLATILE
2016-01-18,83.13,83.82,81.42,82.3,502363.0,STOCK_C_VOLATILE
2016-01-19,85.07,89.63,81.37,86.76,4709938.0,STOCK_C_VOLATILE
2016-01-20,79.81,81.43,78.2,80.67,3318427.0,STOCK_C_VOLATILE
2016-01-21,80.72,82.39,79.32,81.11,559546.0,STOCK_C_VOLATILE
2016-01-22,81.74,85.33,81.57,82.99,3264788.0,STOCK_C_VOLATILE
2016-01-25,90.92,92.38,88.74,90.49,3511051.0,STOCK_C_VOLATILE
2016-01-26,93.23,96.34,92.6,93.3,1230191.0,STOCK_C_VOLATILE
2016-01-27,99.86,102.02,97.66,99.04,2278037.0,STOCK_C_VOLATILE
2016-01-28,97.68,100.47,96.39,99.26,253114.0,STOCK_C_VOLATILE
2016-01-29,92.53,94.31,92.48,93.02,1776290.0,STOCK_C_VOLATILE
2016-02-01,86.79,89.32,84.72,87.03,2356730.0,STOCK_C_VOLATILE
2016-02-02,85.04,86.76,82.93,84.2,2635602.0,STOCK_C_VOLATILE
2016-02-03,84.78,84.96,81.5,84.73,2281838.0,STOCK_C_VOLATILE
2016-02-04,84.16,85.79,82.98,83.64,4049347.0,STOCK_C_VOLATILE
2016-02-05,82.47,83.39,80.48,81.88,2778101.0,STOCK_C_VOLATILE
2016-02-08,90.05,93.56,86.79,88.61,589592.0,STOCK_C_VOLATILE
2016-02-09,79.19,79.82,78.77,78.99,7902100.0,STOCK_C_VOLATILE
2016-02-10,73.4,76.86,73.29,75.24,966290.0,STOCK_C_VOLATILE
2016-02-11,82.83,83.78,81.88,83.42,634438.0,STOCK_C_VOLATILE
2016-02-12,86.49,88.07,83.39,84.59,1992625.0,STOCK_C_VOLATILE
2016-02-15,81.6,82.17,79.85,82.02,2279495.0,STOCK_C_VOLATILE
2016-02-16,78.54,80.55,77.4,77.85,14262356.0,STOCK_C_VOLATILE
2016-02-17,82.75,83.08,80.24,80.7,3724626.0,STOCK_C_VOLATILE
2016-02-18,82.99,84.59,81.85,83.27,4801121.0,STOCK_C_VOLATILE
2016-02-19,86.19,87.4,85.42,86.34,3837097.0,STOCK_C_VOLATILE
2016-02-22,80.71,81.98,76.82,81.27,1676446.0,STOCK_C_VOLATILE
2016-02-23,83.14,84.12,78.31,81.77,539065.0,STOCK_C_VOLATILE
2016-02-24,81.08,82.13,80.34,80.96,3030071.0,STOCK_C_VOLATILE
2016-02-25,81.66,83.33,80.17,82.59,1663863.0,STOCK_C_VOLATILE
2016-02-26,76.04,77.63,74.17,76.54,2295614.0,STOCK_C_VOLATILE
2016-02-29,77.88,79.9,77.16,78.61,2128984.0,STOCK_C_VOLATILE
2016-03-01,82.55,86.93,81.89,84.09,1673355.0,STOCK_C_VOLATILE
2016-03-02,79.64,80.02,78.61,78.87,2683581.0,STOCK_C_VOLATILE
2016-03-03,83.25,86.6,80.57,82.01,513885.0,STOCK_C_VOLATILE
2016-03-04,90.38,91.13,84.89,88.26,168052.0,STOCK_C_VOLATILE
2016-03-07,91.29,92.84,89.65,91.83,4070110.0,STOCK_C_VOLATILE
2016-03-08,92.94,94.53,91.06,91.65,3725839.0,STOCK_C_VOLATILE
2016-03-09,95.33,96.93,92.04,92.22,3771290.0,STOCK_C_VOLATILE
2016-03-10,87.54,90.66,86.69,90.03,3323596.0,STOCK_C_VOLATILE
2016-03-11,89.71,91.62,87.63,90.96,954958.0,STOCK_C_VOLATILE
2016-03-14,85.62,89.74,84.1,86.69,4943460.0,STOCK_C_VOLATILE
2016-03-15,89.35,90.28,85.79,86.94,2190112.0,STOCK_C_VOLATILE
2016-03-16,84.24,85.06,81.9,83.65,3460727.0,STOCK_C_VOLATILE
2016-03-17,78.22,79.58,77.68,78.17,1271767.0,STOCK_C_VOLATILE
2016-03-18,83.33,84.96,82.25,83.54,4650813.0,STOCK_C_VOLATILE
2016-03-21,75.99,76.89,74.37,76.54,4812482.0,STOCK_C_VOLATILE
2016-03-22,81.61,83.69,80.39,82.8,4252363.0,STOCK_C_VOLATILE
2016-03-23,74.33,75.11,74.05,74.63,1769177.0,STOCK_C_VOLATILE
2016-03-24,76.52,78.99,76.43,77.86,4889059.0,STOCK_C_VOLATILE
2016-03-25,79.27,81.01,77.84,78.57,1360553.0,STOCK_C_VOLATILE
2016-03-28,73.03,73.21,72.38,72.83,2881617.0,STOCK_C_VOLATILE
2016-03-29,71.53,71.55,70.62,71.19,566191.0,STOCK_C_VOLATILE
2016-03-30,69.71,71.51,65.54,67.93,418701.0,STOCK_C_VOLATILE
2016-03-31,66.1,69.69,63.5,65.02,461186.0,STOCK_C_VOLATILE
2016-04-01,68.4,69.81,67.63,67.67,4462645.0,STOCK_C_VOLATILE
2016-04-04,64.71,64.82,63.17,64.09,1451589.0,STOCK_C_VOLATILE
2016-04-05,58.4,59.48,57.62,58.51,3326858.0,STOCK_C_VOLATILE
2016-04-06,62.56,63.14,60.43,61.52,2124209.0,STOCK_C_VOLATILE
2016-04-07,63.0,63.72,62.51,62.65,490568.0,STOCK_C_VOLATILE
2016-04-08,62.48,63.34,62.48,62.7,4073920.0,STOCK_C_VOLATILE
2016-04-11,61.95,62.13,61.49,61.93,3667282.0,STOCK_C_VOLATILE
2016-04-12,64.31,64.5,63.62,63.93,3974773.0,STOCK_C_VOLATILE
2016-04-13,64.58,65.38,63.88,65.06,4601063.0,STOCK_C_VOLATILE
2016-04-14,65.62,66.12,64.3,64.76,3290110.0,STOCK_C_VOLATILE
2016-04-15,65.42,66.84,62.24,63.06,2260870.0,STOCK_C_VOLATILE
2016-04-18,65.25,66.8,65.09,66.21,1034230.0,STOCK_C_VOLATILE
2016-04-19,70.1,70.84,69.52,70.65,3607102.0,STOCK_C_VOLATILE
2016-04-20,72.03,73.04,71.58,72.21,2496427.0,STOCK_C_VOLATILE
2016-04-21,82.35,83.84,81.1,82.14,4807175.0,STOCK_C_VOLATILE
2016-04-22,82.29,83.36,80.85,83.05,1461906.0,STOCK_C_VOLATILE
2016-04-25,85.15,87.64,82.1,83.82,3336955.0,STOCK_C_VOLATILE
2016-04-26,89.57,90.5,87.58,89.7,2737029.0,STOCK_C_VOLATILE
2016-04-27,92.33,92.6,86.93,90.98,438930.0,STOCK_C_VOLATILE
2016-04-28,93.21,94.42,91.28,92.14,3855389.0,STOCK_C_VOLATILE
2016-04-29,90.33,91.38,88.88,90.72,3838929.0,STOCK_C_VOLATILE
2016-05-02,93.5,94.44,92.22,92.78,2105867.0,STOCK_C_VOLATILE
2016-05-03,88.53,90.74,85.31,85.73,4582225.0,STOCK_C_VOLATILE
2016-05-04,82.59,84.69,82.07,82.94,4630985.0,STOCK_C_VOLATILE
2016-05-05,78.18,80.55,77.53,78.92,4218810.0,STOCK_C_VOLATILE
2016-05-06,73.25,74.71,70.33,71.1,722419.0,STOCK_C_VOLATILE
2016-05-09,74.56,74.88,73.21,74.71,3627132.0,STOCK_C_VOLATILE
2016-05-10,72.72,74.9,70.76,73.64,948691.0,STOCK_C_VOLATILE
2016-05-11,68.84,71.04,68.42,70.73,872553.0,STOCK_C_VOLATILE
2016-05-12,72.64,73.24,71.75,72.01,4706419.0,STOCK_C_VOLATILE
2016-05-13,68.23,68.95,65.68,67.98,3560423.0,STOCK_C_VOLATILE
2016-05-16,69.15,72.88,68.88,70.82,3224718.0,STOCK_C_VOLATILE
2016-05-17,75.67,76.05,75.4,75.43,4892088.0,STOCK_C_VOLATILE
2016-05-18,68.82,70.68,68.53,70.56,3354674.0,STOCK_C_VOLATILE
2016-05-19,75.11,75.28,73.53,74.45,252724.0,STOCK_C_VOLATILE
2016-05-20,76.51,78.45,72.37,75.21,4280070.0,STOCK_C_VOLATILE
2016-05-23,79.33,80.18,77.9,79.17,4552442.0,STOCK_C_VOLATILE
2016-05-24,81.55,81.78,77.69,79.96,864217.0,STOCK_C_VOLATILE
2016-05-25,75.19,77.11,74.86,76.94,1053775.0,STOCK_C_VOLATILE
2016-05-26,69.4,71.6,67.23,71.4,586864.0,STOCK_C_VOLATILE
2016-05-27,68.73,68.84,66.62,67.83,3778234.0,STOCK_C_VOLATILE
2016-05-30,64.96,66.36,62.67,66.33,4250444.0,STOCK_C_VOLATILE
2016-05-31,69.42,70.27,68.53,69.59,4541123.0,STOCK_C_VOLATILE
2016-06-01,73.4,73.58,71.63,71.67,4663579.0,STOCK_C_VOLATILE
2016-06-02,73.36,74.09,70.48,72.72,1400281.0,STOCK_C_VOLATILE
2016-06-03,77.41,79.53,74.94,77.67,814670.0,STOCK_C_VOLATILE
2016-06-06,71.0,72.72,70.45,71.21,4146910.0,STOCK_C_VOLATILE
2016-06-07,68.48,69.65,67.01,67.45,4461747.0,STOCK_C_VOLATILE
2016-06-08,63.23,64.08,62.94,63.99,2575886.0,STOCK_C_VOLATILE
2016-06-09,64.51,66.83,63.48,64.24,1117646.0,STOCK_C_VOLATILE
2016-06-10,59.52,61.46,58.29,59.42,724573.0,STOCK_C_VOLATILE
2016-06-13,58.07,58.59,55.82,57.89,3733033.0,STOCK_C_VOLATILE
2016-06-14,61.37,62.89,60.61,61.56,2763919.0,STOCK_C_VOLATILE
2016-06-15,63.73,66.6,63.53,64.43,3224163.0,STOCK_C_VOLATILE
2016-06-16,67.64,69.46,66.22,69.05,3773361.0,STOCK_C_VOLATILE
2016-06-17,68.25,69.18,66.21,67.34,4080413.0,STOCK_C_VOLATILE
2016-06-20,63.95,65.52,63.94,64.24,3805038.0,STOCK_C_VOLATILE
2016-06-21,66.03,66.32,64.71,65.1,2312530.0,STOCK_C_VOLATILE
2016-06-22,62.91,63.48,62.18,62.43,2130358.0,STOCK_C_VOLATILE
2016-06-23,60.38,63.65,59.61,62.25,1052908.0,STOCK_C_VOLATILE
2016-06-24,62.41,64.16,61.84,61.93,4301443.0,STOCK_C_VOLATILE
2016-06-27,63.24,64.05,61.58,63.52,3378874.0,STOCK_C_VOLATILE
2016-06-28,68.48,68.52,67.28,67.77,4146036.0,STOCK_C_VOLATILE
2016-06-29,71.12,73.01,71.03,72.15,2897668.0,STOCK_C_VOLATILE
2016-06-30,76.18,79.06,73.88,75.32,1369483.0,STOCK_C_VOLATILE
2016-07-01,76.57,79.48,70.36,74.72,4731831.0,STOCK_C_VOLATILE
2016-07-04,75.04,78.82,74.79,77.07,4879287.0,STOCK_C_VOLATILE
2016-07-05,75.62,78.04,74.45,75.84,102290.0,STOCK_C_VOLATILE
2016-07-06,72.94,73.48,71.48,72.79,1560931.0,STOCK_C_VOLATILE
2016-07-07,68.59,68.66,67.36,67.84,4543759.0,STOCK_C_VOLATILE
2016-07-08,66.87,68.4,65.5,66.16,4166651.0,STOCK_C_VOLATILE
2016-07-11,67.1,68.7,66.46,67.77,1770246.0,STOCK_C_VOLATILE
2016-07-12,70.15,71.67,69.15,70.0,4126174.0,STOCK_C_VOLATILE
2016-07-13,71.07,74.45,69.0,70.24,2873818.0,STOCK_C_VOLATILE
2016-07-14,71.43,72.8,69.72,72.22,4121915.0,STOCK_C_VOLATILE
2016-07-15,70.54,71.5,69.12,70.48,3622152.0,STOCK_C_VOLATILE
2016-07-18,75.67,76.71,74.34,75.96,2143291.0,STOCK_C_VOLATILE
2016-07-19,76.61,76.76,75.42,76.61,802943.0,STOCK_C_VOLATILE
2016-07-20,73.62,76.97,73.22,75.63,968839.0,STOCK_C_VOLATILE
2016-07-21,78.77,82.63,77.4,78.07,2009542.0,STOCK_C_VOLATILE
2016-07-22,77.53,78.14,74.99,77.66,1698363.0,STOCK_C_VOLATILE
2016-07-25,79.85,80.69,78.88,79.0,1816517.0,STOCK_C_VOLATILE
2016-07-26,85.58,87.11,82.05,84.51,2742692.0,STOCK_C_VOLATILE
2016-07-27,82.48,82.97,80.66,81.57,2277095.0,STOCK_C_VOLATILE
2016-07-28,81.65,86.01,78.29,80.72,1087274.0,STOCK_C_VOLATILE
2016-07-29,81.2,81.37,78.04,80.24,3371131.0,STOCK_C_VOLATILE
2016-08-01,82.28,82.34,78.99,80.61,3394128.0,STOCK_C_VOLATILE
2016-08-02,87.32,90.52,84.99,87.78,1170386.0,STOCK_C_VOLATILE
2016-08-03,89.42,95.07,89.09,91.65,1463987.0,STOCK_C_VOLATILE
2016-08-04,97.36,97.6,96.38,97.37,376015.0,STOCK_C_VOLATILE
2016-08-05,86.44,88.37,85.34,86.31,3320537.0,STOCK_C_VOLATILE
2016-08-08,89.51,90.73,87.43,88.56,1174151.0,STOCK_C_VOLATILE
2016-08-09,90.37,91.33,88.66,89.98,1500152.0,STOCK_C_VOLATILE
2016-08-10,92.16,93.46,91.66,92.52,4199188.0,STOCK_C_VOLATILE
2016-08-11,94.28,95.18,92.07,92.93,4253486.0,STOCK_C_VOLATILE
2016-08-12,90.28,91.25,90.25,90.47,4115957.0,STOCK_C_VOLATILE
2016-08-15,92.04,97.99,90.04,93.74,3304594.0,STOCK_C_VOLATILE
2016-08-16,90.65,93.93,90.09,93.25,1656118.0,STOCK_C_VOLATILE
2016-08-17,92.84,96.81,92.25,93.57,1500659.0,STOCK_C_VOLATILE
2016-08-18,94.06,94.42,89.73,91.36,4501984.0,STOCK_C_VOLATILE
2016-08-19,90.81,90.86,90.24,90.85,4022168.0,STOCK_C_VOLATILE
2016-08-22,92.72,93.76,91.52,93.36,2737939.0,STOCK_C_VOLATILE
2016-08-23,97.32,97.4,96.65,97.17,1144847.0,STOCK_C_VOLATILE
2016-08-24,95.22,98.37,94.42,97.36,2358069.0,STOCK_C_VOLATILE
2016-08-25,100.27,104.1,95.48,98.08,3016611.0,STOCK_C_VOLATILE
2016-08-26,96.0,97.68,95.03,97.53,4189804.0,STOCK_C_VOLATILE
2016-08-29,100.41,103.71,98.77,101.82,891713.0,STOCK_C_VOLATILE
2016-08-30,99.53,102.64,97.52,100.17,2800647.0,STOCK_C_VOLATILE
2016-08-31,100.98,103.01,98.17,99.18,3442700.0,STOCK_C_VOLATILE
2016-09-01,101.47,104.82,98.98,100.0,4575329.0,STOCK_C_VOLATILE
2016-09-02,99.3,101.14,96.72,98.39,3590135.0,STOCK_C_VOLATILE
2016-09-05,100.78,105.79,99.37,100.04,4381631.0,STOCK_C_VOLATILE
2016-09-06,105.05,108.87,102.3,107.86,322281.0,STOCK_C_VOLATILE
2016-09-07,110.42,110.93,104.36,108.19,4702317.0,STOCK_C_VOLATILE
2016-09-08,116.53,120.15,112.82,115.8,4839212.0,STOCK_C_VOLATILE
2016-09-09,120.31,121.98,119.93,121.13,1904339.0,STOCK_C_VOLATILE
2016-09-12,120.92,125.77,120.74,122.59,4828580.0,STOCK_C_VOLATILE
2016-09-13,127.86,128.71,126.64,126.93,3834945.0,STOCK_C_VOLATILE
2016-09-14,133.64,137.67,133.13,135.77,2433500.0,STOCK_C_VOLATILE
2016-09-15,130.4,131.12,127.76,131.1,1921852.0,STOCK_C_VOLATILE
2016-09-16,139.4,142.55,132.87,135.84,1322903.0,STOCK_C_VOLATILE
2016-09-19,143.12,144.52,138.26,144.07,870275.0,STOCK_C_VOLATILE
2016-09-20,140.3,141.41,139.23,139.85,4476766.0,STOCK_C_VOLATILE
2016-09-21,148.82,149.13,148.53,148.98,3981817.0,STOCK_C_VOLATILE
2016-09-22,156.93,160.14,152.29,154.1,2559758.0,STOCK_C_VOLATILE
2016-09-23,148.04,152.77,147.32,149.11,4931791.0,STOCK_C_VOLATILE
2016-09-26,155.0,159.22,151.72,152.87,3963622.0,STOCK_C_VOLATILE
2016-09-27,145.95,146.47,141.96,143.7,3688667.0,STOCK_C_VOLATILE
2016-09-28,137.53,138.78,134.29,136.32,312850.0,STOCK_C_VOLATILE
2016-09-29,127.19,128.99,123.56,127.53,4193646.0,STOCK_C_VOLATILE
2016-09-30,131.11,132.92,128.94,129.52,3503730.0,STOCK_C_VOLATILE
2016-10-03,126.53,128.28,124.94,127.76,1557189.0,STOCK_C_VOLATILE
2016-10-04,120.09,123.83,119.98,123.78,4817320.0,STOCK_C_VOLATILE
2016-10-05,122.33,124.78,117.12,121.2,4791658.0,STOCK_C_VOLATILE
2016-10-06,119.67,122.66,115.64,121.08,1875435.0,STOCK_C_VOLATILE
2016-10-07,119.6,121.99,118.35,119.58,1237034.0,STOCK_C_VOLATILE
2016-10-10,117.69,122.03,115.68,117.19,2350760.0,STOCK_C_VOLATILE
2016-10-11,120.68,121.66,116.27,118.34,4855772.0,STOCK_C_VOLATILE
2016-10-12,111.6,117.76,109.79,113.52,3379668.0,STOCK_C_VOLATILE
2016-10-13,112.9,113.37,109.03,111.02,1321996.0,STOCK_C_VOLATILE
2016-10-14,117.74,121.88,115.45,117.12,3815694.0,STOCK_C_VOLATILE
2016-10-17,118.7,121.19,116.93,119.25,4809392.0,STOCK_C_VOLATILE
2016-10-18,109.4,113.53,109.02,109.77,3868352.0,STOCK_C_VOLATILE
2016-10-19,117.91,119.34,115.67,117.75,2647759.0,STOCK_C_VOLATILE
2016-10-20,115.04,117.05,112.05,113.47,1257021.0,STOCK_C_VOLATILE
2016-10-21,122.99,123.08,121.01,122.25,3133707.0,STOCK_C_VOLATILE
2016-10-24,121.67,125.73,117.96,123.09,3357793.0,STOCK_C_VOLATILE
2016-10-25,127.28,130.32,124.7,128.79,123311.0,STOCK_C_VOLATILE
2016-10-26,118.75,121.25,117.99,118.74,863574.0,STOCK_C_VOLATILE
2016-10-27,112.77,115.55,112.36,114.82,4453840.0,STOCK_C_VOLATILE
2016-10-28,114.8,115.1,110.42,111.68,986933.0,STOCK_C_VOLATILE
2016-10-31,111.7,113.13,108.47,109.03,897231.0,STOCK_C_VOLATILE
2016-11-01,105.19,108.83,104.38,105.34,1720330.0,STOCK_C_VOLATILE
2016-11-02,103.56,106.4,100.81,102.49,3024539.0,STOCK_C_VOLATILE
2016-11-03,99.62,103.89,98.92,102.07,1289549.0,STOCK_C_VOLATILE
2016-11-04,103.15,103.9,96.83,99.38,765495.0,STOCK_C_VOLATILE
2016-11-07,97.37,100.14,97.27,98.83,2965545.0,STOCK_C_VOLATILE
2016-11-08,98.66,101.52,97.65,100.43,4208484.0,STOCK_C_VOLATILE
2016-11-09,96.19,97.4,91.54,92.51,919560.0,STOCK_C_VOLATILE
2016-11-10,91.33,92.12,90.69,91.62,2963642.0,STOCK_C_VOLATILE
2016-11-11,88.83,90.58,86.95,87.7,2334199.0,STOCK_C_VOLATILE
2016-11-14,86.36,89.23,82.93,87.39,3950626.0,STOCK_C_VOLATILE
2016-11-15,90.11,92.3,89.82,89.87,1903521.0,STOCK_C_VOLATILE
2016-11-16,85.27,88.76,81.32,84.29,2236796.0,STOCK_C_VOLATILE
2016-11-17,83.62,83.77,81.89,82.9,1110434.0,STOCK_C_VOLATILE
2016-11-18,86.71,88.86,86.4,86.4,3880500.0,STOCK_C_VOLATILE
2016-11-21,90.91,91.7,88.9,90.55,1801899.0,STOCK_C_VOLATILE
2016-11-22,89.03,90.27,86.26,88.49,657381.0,STOCK_C_VOLATILE
2016-11-23,93.16,93.43,90.9,92.12,1409561.0,STOCK_C_VOLATILE
2016-11-24,95.59,96.41,92.51,93.43,2905665.0,STOCK_C_VOLATILE
2016-11-25,93.35,94.91,91.6,93.75,3302204.0,STOCK_C_VOLATILE
2016-11-28,91.62,92.65,89.55,91.72,4549767.0,STOCK_C_VOLATILE
2016-11-29,92.32,95.11,90.01,92.93,3296636.0,STOCK_C_VOLATILE
2016-11-30,95.71,97.52,95.46,95.86,917672.0,STOCK_C_VOLATILE
2016-12-01,93.01,93.86,92.98,93.09,1469968.0,STOCK_C_VOLATILE
2016-12-02,95.75,96.93,93.23,95.14,870250.0,STOCK_C_VOLATILE
2016-12-05,90.04,92.35,88.26,90.29,4623589.0,STOCK_C_VOLATILE
2016-12-06,88.16,90.35,83.41,85.59,4427446.0,STOCK_C_VOLATILE
2016-12-07,88.76,88.96,86.23,87.77,991805.0,STOCK_C_VOLATILE
2016-12-08,87.65,88.13,86.59,86.99,206145.0,STOCK_C_VOLATILE
2016-12-09,85.03,85.57,83.22,83.9,1378711.0,STOCK_C_VOLATILE
2016-12-12,85.27,85.68,84.9,85.29,2654715.0,STOCK_C_VOLATILE
2016-12-13,90.1,91.02,87.93,88.07,1167132.0,STOCK_C_VOLATILE
2016-12-14,87.3,88.37,85.19,88.35,131329.0,STOCK_C_VOLATILE
2016-12-15,93.06,94.62,92.77,94.26,3022514.0,STOCK_C_VOLATILE
2016-12-16,92.2,93.4,90.9,91.44,1853324.0,STOCK_C_VOLATILE
2016-12-19,89.23,90.22,84.96,88.85,3470297.0,STOCK_C_VOLATILE
2016-12-20,92.38,92.67,91.11,92.6,2453124.0,STOCK_C_VOLATILE
2016-12-21,87.76,91.77,86.32,88.52,3749604.0,STOCK_C_VOLATILE
2016-12-22,90.79,92.53,88.96,91.43,507724.0,STOCK_C_VOLATILE
2016-12-23,87.44,87.62,83.5,84.92,2822044.0,STOCK_C_VOLATILE
2016-12-26,82.17,82.66,80.9,81.21,3485853.0,STOCK_C_VOLATILE
2016-12-27,78.05,82.76,77.23,80.65,3859110.0,STOCK_C_VOLATILE
2016-12-28,80.07,80.21,78.53,79.25,4612444.0,STOCK_C_VOLATILE
2016-12-29,85.9,86.88,84.11,84.74,4233345.0,STOCK_C_VOLATILE
2016-12-30,82.29,83.33,80.96,81.19,2380768.0,STOCK_C_VOLATILE
2017-01-02,80.61,84.19,80.6,81.14,2408744.0,STOCK_C_VOLATILE
2017-01-03,82.35,82.97,80.94,81.78,4406096.0,STOCK_C_VOLATILE
2017-01-04,82.98,83.12,78.88,81.46,758652.0,STOCK_C_VOLATILE
2017-01-05,86.04,87.09,83.77,85.67,1881691.0,STOCK_C_VOLATILE
2017-01-06,83.14,85.49,82.35,83.56,647942.0,STOCK_C_VOLATILE
2017-01-09,81.71,83.85,80.62,81.7,3267529.0,STOCK_C_VOLATILE
2017-01-10,79.12,80.06,77.34,78.17,2599201.0,STOCK_C_VOLATILE
2017-01-11,80.23,82.54,78.07,81.31,2052892.0,STOCK_C_VOLATILE
2017-01-12,83.3,84.09,82.05,82.33,2712872.0,STOCK_C_VOLATILE
2017-01-13,82.52,84.4,81.76,83.42,3540854.0,STOCK_C_VOLATILE
2017-01-16,84.43,86.92,84.04,84.3,3732653.0,STOCK_C_VOLATILE
2017-01-17,79.67,81.81,79.06,80.19,2273345.0,STOCK_C_VOLATILE
2017-01-18,82.24,82.34,81.63,82.05,10966224.0,STOCK_C_VOLATILE
2017-01-19,82.17,84.39,81.25,83.31,3243224.0,STOCK_C_VOLATILE
2017-01-20,88.22,88.79,88.05,88.71,4207937.0,STOCK_C_VOLATILE
2017-01-23,90.48,91.49,88.5,90.48,4786272.0,STOCK_C_VOLATILE
2017-01-24,86.1,89.26,83.9,87.42,1148177.0,STOCK_C_VOLATILE
2017-01-25,85.14,88.13,81.76,86.33,4709014.0,STOCK_C_VOLATILE
2017-01-26,95.11,95.37,93.13,93.34,3916203.0,STOCK_C_VOLATILE
2017-01-27,89.14,90.13,87.76,88.46,8699143.0,STOCK_C_VOLATILE
2017-01-30,83.26,85.85,81.66,83.22,3295099.0,STOCK_C_VOLATILE
2017-01-31,84.4,84.67,84.01,84.2,1303711.0,STOCK_C_VOLATILE
2017-02-01,89.28,90.78,87.96,89.72,1997542.0,STOCK_C_VOLATILE
2017-02-02,90.9,92.99,90.08,90.12,592779.0,STOCK_C_VOLATILE
2017-02-03,85.92,86.9,83.87,85.55,709985.0,STOCK_C_VOLATILE
2017-02-06,93.05,94.67,92.86,93.99,1784494.0,STOCK_C_VOLATILE
2017-02-07,90.73,93.32,89.31,90.93,2482838.0,STOCK_C_VOLATILE
2017-02-08,94.42,96.07,93.42,94.37,1815288.0,STOCK_C_VOLATILE
2017-02-09,100.86,102.24,100.31,100.56,2056873.0,STOCK_C_VOLATILE
2017-02-10,99.27,103.5,96.93,101.13,4987574.0,STOCK_C_VOLATILE
2017-02-13,105.0,105.51,101.24,103.98,1539135.0,STOCK_C_VOLATILE
2017-02-14,110.77,114.37,110.17,110.96,3414429.0,STOCK_C_VOLATILE
2017-02-15,105.63,105.89,104.24,104.78,4518987.0,STOCK_C_VOLATILE
2017-02-16,107.96,109.08,106.15,108.59,4485724.0,STOCK_C_VOLATILE
2017-02-17,112.52,116.05,110.59,114.45,714519.0,STOCK_C_VOLATILE
2017-02-20,118.46,124.95,115.46,121.02,4093063.0,STOCK_C_VOLATILE
2017-02-21,115.62,119.28,115.26,118.95,847401.0,STOCK_C_VOLATILE
2017-02-22,120.1,122.64,118.33,121.51,2334561.0,STOCK_C_VOLATILE
2017-02-23,119.26,120.71,116.19,118.58,916293.0,STOCK_C_VOLATILE
2017-02-24,118.16,119.55,115.05,115.59,1528500.0,STOCK_C_VOLATILE
2017-02-27,110.74,112.13,109.76,110.95,4766371.0,STOCK_C_VOLATILE
2017-02-28,112.25,116.59,112.15,114.2,4392431.0,STOCK_C_VOLATILE
2017-03-01,115.68,120.2,114.86,115.36,2818906.0,STOCK_C_VOLATILE
2017-03-02,121.16,122.89,118.46,121.34,120684.0,STOCK_C_VOLATILE
2017-03-03,109.41,111.24,104.87,108.67,1641383.0,STOCK_C_VOLATILE
2017-03-06,102.84,105.59,102.28,104.52,4097586.0,STOCK_C_VOLATILE
2017-03-07,106.47,107.36,105.73,106.2,2682320.0,STOCK_C_VOLATILE
2017-03-08,113.52,115.06,112.92,114.55,2583419.0,STOCK_C_VOLATILE
2017-03-09,112.47,113.21,108.82,111.09,2657283.0,STOCK_C_VOLATILE
2017-03-10,101.69,103.68,99.46,102.54,2170221.0,STOCK_C_VOLATILE
2017-03-13,100.45,101.6,98.13,100.07,4139394.0,STOCK_C_VOLATILE
2017-03-14,100.5,102.47,99.46,99.92,4621563.0,STOCK_C_VOLATILE
2017-03-15,105.68,106.48,101.44,103.75,533053.0,STOCK_C_VOLATILE
2017-03-16,108.81,110.17,106.51,109.2,4761374.0,STOCK_C_VOLATILE
2017-03-17,112.28,113.28,108.88,112.93,4351381.0,STOCK_C_VOLATILE
2017-03-20,111.16,114.28,110.18,112.73,4209012.0,STOCK_C_VOLATILE
2017-03-21,120.71,124.22,119.12,123.5,420239.0,STOCK_C_VOLATILE
2017-03-22,120.44,121.36,119.74,120.03,1351698.0,STOCK_C_VOLATILE
2017-03-23,121.44,125.88,119.53,120.34,4776008.0,STOCK_C_VOLATILE
2017-03-24,125.55,126.87,121.87,123.83,4310835.0,STOCK_C_VOLATILE
2017-03-27,122.12,123.21,120.79,121.35,2117010.0,STOCK_C_VOLATILE
2017-03-28,124.89,126.25,120.38,120.46,2694193.0,STOCK_C_VOLATILE
2017-03-29,126.92,127.56,122.53,124.25,668553.0,STOCK_C_VOLATILE
2017-03-30,120.86,121.94,118.56,119.62,3030071.0,STOCK_C_VOLATILE
2017-03-31,119.94,124.31,117.96,118.99,1819911.0,STOCK_C_VOLATILE
2017-04-03,119.87,120.45,116.69,118.54,3214338.0,STOCK_C_VOLATILE
2017-04-04,128.91,133.41,126.22,130.86,2220852.0,STOCK_C_VOLATILE
2017-04-05,136.67,137.56,135.13,136.07,4463664.0,STOCK_C_VOLATILE
2017-04-06,131.85,132.78,129.94,132.41,4198713.0,STOCK_C_VOLATILE
2017-04-07,137.11,139.4,135.49,137.33,1673695.0,STOCK_C_VOLATILE
2017-04-10,131.41,136.28,128.44,131.44,4181165.0,STOCK_C_VOLATILE
2017-04-11,135.05,138.06,133.87,134.44,4602493.0,STOCK_C_VOLATILE
2017-04-12,123.9,129.82,121.33,125.19,3074582.0,STOCK_C_VOLATILE
2017-04-13,128.23,130.47,128.05,129.77,4217546.0,STOCK_C_VOLATILE
2017-04-14,127.96,131.98,127.33,129.4,4658204.0,STOCK_C_VOLATILE
2017-04-17,124.06,127.16,119.85,122.35,2999149.0,STOCK_C_VOLATILE
2017-04-18,124.58,126.63,124.32,125.17,3426397.0,STOCK_C_VOLATILE
2017-04-19,128.83,131.38,127.13,130.42,4162418.0,STOCK_C_VOLATILE
2017-04-20,135.22,136.43,132.68,133.26,1073201.0,STOCK_C_VOLATILE
2017-04-21,135.46,136.82,134.09,134.91,656912.0,STOCK_C_VOLATILE
2017-04-24,127.97,130.51,126.92,127.72,1197714.0,STOCK_C_VOLATILE
2017-04-25,133.15,134.38,132.17,132.87,3932660.0,STOCK_C_VOLATILE
2017-04-26,118.02,121.58,117.99,120.77,4243807.0,STOCK_C_VOLATILE
2017-04-27,117.05,118.9,115.0,118.29,4465006.0,STOCK_C_VOLATILE
2017-04-28,127.07,129.4,126.19,129.16,12156264.0,STOCK_C_VOLATILE
2017-05-01,120.24,124.71,119.33,121.85,3233419.0,STOCK_C_VOLATILE
2017-05-02,113.16,114.24,110.86,112.82,2957089.0,STOCK_C_VOLATILE
2017-05-03,112.52,112.82,108.5,108.7,2410823.0,STOCK_C_VOLATILE
2017-05-04,112.92,114.43,110.0,110.97,3070075.0,STOCK_C_VOLATILE
2017-05-05,113.28,115.6,110.45,111.02,2253475.0,STOCK_C_VOLATILE
2017-05-08,114.51,117.55,113.93,116.35,4341792.0,STOCK_C_VOLATILE
2017-05-09,118.77,119.95,114.95,117.06,2870755.0,STOCK_C_VOLATILE
2017-05-10,112.16,114.38,110.48,112.1,3532478.0,STOCK_C_VOLATILE
2017-05-11,115.51,119.33,115.25,117.11,3585368.0,STOCK_C_VOLATILE
2017-05-12,113.67,114.92,110.14,114.65,1163819.0,STOCK_C_VOLATILE
2017-05-15,119.67,120.58,116.03,118.46,1041913.0,STOCK_C_VOLATILE
2017-05-16,131.59,133.46,121.24,126.16,489430.0,STOCK_C_VOLATILE
2017-05-17,129.47,129.97,128.04,129.47,1397943.0,STOCK_C_VOLATILE
2017-05-18,137.2,138.4,136.17,137.39,2567331.0,STOCK_C_VOLATILE
2017-05-19,132.54,136.87,128.86,130.61,3097369.0,STOCK_C_VOLATILE
2017-05-22,127.6,130.42,126.18,128.72,2764766.0,STOCK_C_VOLATILE
2017-05-23,132.06,134.16,128.93,130.3,4136608.0,STOCK_C_VOLATILE
2017-05-24,126.07,126.09,121.37,124.12,2820167.0,STOCK_C_VOLATILE
2017-05-25,134.68,135.21,129.21,131.92,2946703.0,STOCK_C_VOLATILE
2017-05-26,139.97,144.05,138.29,139.67,4439754.0,STOCK_C_VOLATILE
2017-05-29,142.55,150.19,139.82,143.21,4097136.0,STOCK_C_VOLATILE
2017-05-30,144.83,149.89,143.23,147.66,4873951.0,STOCK_C_VOLATILE
2017-05-31,151.44,153.16,147.49,147.53,2810012.0,STOCK_C_VOLATILE
2017-06-01,136.83,142.61,136.58,141.35,3371513.0,STOCK_C_VOLATILE
2017-06-02,138.87,139.46,135.8,138.21,2787235.0,STOCK_C_VOLATILE
2017-06-05,138.0,139.15,136.14,137.34,2767444.0,STOCK_C_VOLATILE
2017-06-06,139.2,143.54,133.42,139.41,4927623.0,STOCK_C_VOLATILE
2017-06-07,141.67,145.34,138.38,139.28,2060092.0,STOCK_C_VOLATILE
2017-06-08,146.23,146.69,140.39,141.69,2278394.0,STOCK_C_VOLATILE
2017-06-09,134.46,135.22,132.39,134.18,1390853.0,STOCK_C_VOLATILE
2017-06-12,132.09,132.16,129.1,130.42,1611237.0,STOCK_C_VOLATILE
2017-06-13,133.77,134.58,129.84,132.05,4454309.0,STOCK_C_VOLATILE
2017-06-14,138.29,140.23,137.37,138.31,3021498.0,STOCK_C_VOLATILE
2017-06-15,129.6,131.54,125.46,129.13,747956.0,STOCK_C_VOLATILE
2017-06-16,132.24,133.4,131.27,131.69,2093817.0,STOCK_C_VOLATILE
2017-06-19,135.54,138.67,131.43,136.6,3419107.0,STOCK_C_VOLATILE
2017-06-20,138.45,139.39,135.4,136.93,3804057.0,STOCK_C_VOLATILE
2017-06-21,139.83,140.44,132.85,138.13,1767856.0,STOCK_C_VOLATILE
2017-06-22,136.27,138.26,134.18,136.43,2285501.0,STOCK_C_VOLATILE
2017-06-23,139.38,140.19,136.38,136.91,4249355.0,STOCK_C_VOLATILE
2017-06-26,132.94,135.86,131.21,135.39,1829608.0,STOCK_C_VOLATILE
2017-06-27,125.08,130.43,122.9,127.16,862009.0,STOCK_C_VOLATILE
2017-06-28,138.45,139.53,134.1,135.38,4005155.0,STOCK_C_VOLATILE
2017-06-29,135.99,138.49,132.3,138.0,1917187.0,STOCK_C_VOLATILE
2017-06-30,137.7,137.98,134.6,135.57,1411537.0,STOCK_C_VOLATILE
2017-07-03,142.32,147.27,141.38,144.18,3964862.0,STOCK_C_VOLATILE
2017-07-04,144.51,145.76,142.03,143.21,215077.0,STOCK_C_VOLATILE
2017-07-05,148.7,149.82,146.29,148.01,2588886.0,STOCK_C_VOLATILE
2017-07-06,137.68,143.58,135.14,137.98,2756006.0,STOCK_C_VOLATILE
2017-07-07,135.25,139.42,132.71,135.12,2796525.0,STOCK_C_VOLATILE
2017-07-10,141.89,142.31,139.96,142.25,5313142.0,STOCK_C_VOLATILE
2017-07-11,148.83,156.08,148.8,152.2,3242855.0,STOCK_C_VOLATILE
2017-07-12,167.13,167.7,164.06,165.58,2228136.0,STOCK_C_VOLATILE
2017-07-13,174.75,177.39,170.75,176.89,4845779.0,STOCK_C_VOLATILE
2017-07-14,195.55,198.84,189.88,191.87,1255881.0,STOCK_C_VOLATILE
2017-07-17,189.64,193.91,187.06,187.18,4192167.0,STOCK_C_VOLATILE
2017-07-18,174.57,181.25,169.09,176.7,3845846.0,STOCK_C_VOLATILE
2017-07-19,161.5,162.64,155.06,159.02,2911824.0,STOCK_C_VOLATILE
2017-07-20,160.57,166.06,159.48,160.67,2682884.0,STOCK_C_VOLATILE
2017-07-21,155.27,165.37,153.4,159.89,4845222.0,STOCK_C_VOLATILE
2017-07-24,173.39,175.33,162.85,171.62,4206128.0,STOCK_C_VOLATILE
2017-07-25,170.02,172.53,163.47,170.9,4514471.0,STOCK_C_VOLATILE
2017-07-26,182.76,185.07,181.84,184.2,2867888.0,STOCK_C_VOLATILE
2017-07-27,173.49,177.66,170.73,172.49,4973069.0,STOCK_C_VOLATILE
2017-07-28,189.49,192.96,186.3,187.02,2126151.0,STOCK_C_VOLATILE
2017-07-31,187.4,194.17,184.72,187.56,2582377.0,STOCK_C_VOLATILE
2017-08-01,200.66,202.24,197.95,200.11,2471053.0,STOCK_C_VOLATILE
2017-08-02,204.84,218.75,202.61,210.12,1847653.0,STOCK_C_VOLATILE
2017-08-03,203.05,203.74,199.59,203.37,4652931.0,STOCK_C_VOLATILE
2017-08-04,211.48,213.41,201.73,212.83,1565246.0,STOCK_C_VOLATILE
2017-08-07,208.05,210.99,203.79,208.49,4395704.0,STOCK_C_VOLATILE
2017-08-08,220.91,225.66,214.41,218.13,4470971.0,STOCK_C_VOLATILE
2017-08-09,227.08,228.59,215.31,225.29,4745169.0,STOCK_C_VOLATILE
2017-08-10,234.51,238.05,223.16,231.05,1432915.0,STOCK_C_VOLATILE
2017-08-11,227.89,234.43,220.9,230.96,4854189.0,STOCK_C_VOLATILE
2017-08-14,226.68,232.21,224.05,230.02,2431834.0,STOCK_C_VOLATILE
2017-08-15,234.49,238.8,229.25,232.23,2935631.0,STOCK_C_VOLATILE
2017-08-16,206.94,210.1,206.47,208.94,10041751.0,STOCK_C_VOLATILE
2017-08-17,223.06,225.42,217.84,219.5,462384.0,STOCK_C_VOLATILE
2017-08-18,216.52,222.22,216.29,220.25,2690356.0,STOCK_C_VOLATILE
2017-08-21,224.88,225.36,221.69,223.9,2827991.0,STOCK_C_VOLATILE
2017-08-22,216.86,218.81,215.3,216.15,4829240.0,STOCK_C_VOLATILE
2017-08-23,212.66,222.33,205.06,220.56,1267977.0,STOCK_C_VOLATILE
2017-08-24,217.68,218.99,212.52,217.5,2816758.0,STOCK_C_VOLATILE
2017-08-25,238.1,243.02,228.65,234.36,4831444.0,STOCK_C_VOLATILE
2017-08-28,221.68,225.92,214.38,221.19,470068.0,STOCK_C_VOLATILE
2017-08-29,235.97,238.16,228.12,235.0,1495361.0,STOCK_C_VOLATILE
2017-08-30,229.08,230.3,221.55,228.16,4216440.0,STOCK_C_VOLATILE
2017-08-31,233.06,233.63,231.24,233.38,2395079.0,STOCK_C_VOLATILE
2017-09-01,232.85,234.15,231.15,232.26,1249383.0,STOCK_C_VOLATILE
2017-09-04,221.06,231.65,220.52,223.7,681627.0,STOCK_C_VOLATILE
2017-09-05,206.42,207.44,202.58,204.54,1935256.0,STOCK_C_VOLATILE
2017-09-06,212.91,217.11,211.97,212.64,1356615.0,STOCK_C_VOLATILE
2017-09-07,196.04,202.9,190.47,197.61,1129364.0,STOCK_C_VOLATILE
2017-09-08,192.72,196.32,191.05,194.72,2336179.0,STOCK_C_VOLATILE
2017-09-11,206.89,207.62,206.16,207.35,1652393.0,STOCK_C_VOLATILE
2017-09-12,221.05,221.8,217.19,221.06,2224362.0,STOCK_C_VOLATILE
2017-09-13,221.43,230.0,219.68,225.27,4933458.0,STOCK_C_VOLATILE
2017-09-14,208.54,213.62,204.01,210.26,1606536.0,STOCK_C_VOLATILE
2017-09-15,217.92,219.4,210.14,210.28,2759532.0,STOCK_C_VOLATILE
2017-09-18,213.88,216.78,211.71,212.2,1198375.0,STOCK_C_VOLATILE
2017-09-19,204.3,209.39,198.51,205.78,898167.0,STOCK_C_VOLATILE
2017-09-20,217.34,221.87,214.17,219.33,4535857.0,STOCK_C_VOLATILE
2017-09-21,220.0,228.31,218.78,222.91,2085337.0,STOCK_C_VOLATILE
2017-09-22,226.3,227.56,224.17,227.34,360046.0,STOCK_C_VOLATILE
2017-09-25,227.83,229.37,227.23,227.55,3378647.0,STOCK_C_VOLATILE
2017-09-26,216.4,217.63,210.88,214.91,10278584.0,STOCK_C_VOLATILE
2017-09-27,211.62,211.73,205.89,207.14,1945759.0,STOCK_C_VOLATILE
2017-09-28,201.07,204.8,197.84,199.2,4593513.0,STOCK_C_VOLATILE
2017-09-29,205.17,212.14,202.43,211.16,704847.0,STOCK_C_VOLATILE
2017-10-02,208.13,212.94,204.78,212.7,472166.0,STOCK_C_VOLATILE
2017-10-03,212.53,219.06,211.27,218.19,628643.0,STOCK_C_VOLATILE
2017-10-04,221.62,227.35,220.59,223.45,3632425.0,STOCK_C_VOLATILE
2017-10-05,229.36,235.35,222.56,228.74,909350.0,STOCK_C_VOLATILE
2017-10-06,247.4,254.25,245.99,247.16,4290192.0,STOCK_C_VOLATILE
2017-10-09,250.45,262.61,245.0,257.96,2290678.0,STOCK_C_VOLATILE
2017-10-10,263.51,266.6,258.8,262.88,1601258.0,STOCK_C_VOLATILE
2017-10-11,258.21,275.59,258.16,266.14,192068.0,STOCK_C_VOLATILE
2017-10-12,285.23,289.12,283.64,285.07,2797377.0,STOCK_C_VOLATILE
2017-10-13,265.79,273.1,263.22,263.63,2415296.0,STOCK_C_VOLATILE
2017-10-16,281.84,285.64,271.83,280.98,3968484.0,STOCK_C_VOLATILE
2017-10-17,279.37,279.95,269.41,276.01,3754675.0,STOCK_C_VOLATILE
2017-10-18,280.63,287.29,277.68,283.64,2072846.0,STOCK_C_VOLATILE
2017-10-19,279.63,286.35,276.25,281.81,1576585.0,STOCK_C_VOLATILE
2017-10-20,281.68,286.76,278.04,283.84,3106039.0,STOCK_C_VOLATILE
2017-10-23,281.71,286.79,277.27,282.32,4704777.0,STOCK_C_VOLATILE
2017-10-24,232.7,239.48,224.92,237.89,4307518.0,STOCK_C_VOLATILE
2017-10-25,228.7,234.54,224.4,226.98,3432972.0,STOCK_C_VOLATILE
2017-10-26,224.04,228.34,217.88,219.65,4631247.0,STOCK_C_VOLATILE
2017-10-27,207.71,211.74,204.28,207.44,417863.0,STOCK_C_VOLATILE
2017-10-30,188.43,197.23,187.76,190.76,3109108.0,STOCK_C_VOLATILE
2017-10-31,195.17,200.85,192.67,195.88,4585716.0,STOCK_C_VOLATILE
2017-11-01,184.53,191.31,180.9,187.48,17660916.0,STOCK_C_VOLATILE
2017-11-02,188.82,190.58,186.67,188.93,3812329.0,STOCK_C_VOLATILE
2017-11-03,196.04,201.77,193.02,199.64,3302020.0,STOCK_C_VOLATILE
2017-11-06,189.79,196.87,188.43,190.5,3847098.0,STOCK_C_VOLATILE
2017-11-07,188.64,195.2,187.89,189.48,3228089.0,STOCK_C_VOLATILE
2017-11-08,192.74,199.68,191.65,199.66,437874.0,STOCK_C_VOLATILE
2017-11-09,201.72,205.29,195.96,197.39,1783121.0,STOCK_C_VOLATILE
2017-11-10,199.08,205.43,188.11,194.54,4268457.0,STOCK_C_VOLATILE
2017-11-13,175.61,177.5,175.57,176.36,719497.0,STOCK_C_VOLATILE
2017-11-14,190.86,191.08,180.4,187.41,669502.0,STOCK_C_VOLATILE
2017-11-15,186.47,193.63,184.72,185.67,2734465.0,STOCK_C_VOLATILE
2017-11-16,176.18,178.16,173.09,174.74,3054180.0,STOCK_C_VOLATILE
2017-11-17,183.31,186.49,179.33,181.64,2988520.0,STOCK_C_VOLATILE
2017-11-20,174.5,179.16,171.56,178.41,3555985.0,STOCK_C_VOLATILE
2017-11-21,179.2,182.97,177.91,178.03,1509001.0,STOCK_C_VOLATILE
2017-11-22,172.95,177.97,169.29,172.96,1851811.0,STOCK_C_VOLATILE
2017-11-23,181.33,184.74,176.41,178.84,1177975.0,STOCK_C_VOLATILE
2017-11-24,188.04,190.81,179.76,184.39,3036590.0,STOCK_C_VOLATILE
2017-11-27,179.31,184.73,178.99,180.69,10967396.0,STOCK_C_VOLATILE
2017-11-28,176.39,185.4,174.32,181.01,1055340.0,STOCK_C_VOLATILE
2017-11-29,192.7,196.39,189.36,193.76,1439592.0,STOCK_C_VOLATILE
2017-11-30,190.22,197.1,186.78,195.27,719157.0,STOCK_C_VOLATILE
2017-12-01,193.39,195.96,189.2,191.43,3999169.0,STOCK_C_VOLATILE
2017-12-04,202.77,208.22,202.61,203.68,1530550.0,STOCK_C_VOLATILE
2017-12-05,201.31,202.68,195.87,197.91,888758.0,STOCK_C_VOLATILE
2017-12-06,197.57,206.29,195.53,198.73,247303.0,STOCK_C_VOLATILE
2017-12-07,192.72,196.6,184.77,188.08,3812131.0,STOCK_C_VOLATILE
2017-12-08,175.56,186.22,171.99,180.81,4851779.0,STOCK_C_VOLATILE
2017-12-11,177.28,179.14,173.25,176.44,2884320.0,STOCK_C_VOLATILE
2017-12-12,179.22,182.19,178.92,180.96,4448743.0,STOCK_C_VOLATILE
2017-12-13,188.97,190.0,188.7,189.55,4136651.0,STOCK_C_VOLATILE
2017-12-14,190.41,193.23,184.88,185.93,2241266.0,STOCK_C_VOLATILE
2017-12-15,190.49,193.55,188.32,192.35,2961801.0,STOCK_C_VOLATILE
2017-12-18,191.91,193.93,188.21,191.71,3295522.0,STOCK_C_VOLATILE
2017-12-19,197.91,198.17,195.12,197.92,4548978.0,STOCK_C_VOLATILE
2017-12-20,193.77,194.94,189.67,191.08,1168633.0,STOCK_C_VOLATILE
2017-12-21,192.16,198.52,187.41,193.59,1845127.0,STOCK_C_VOLATILE
2017-12-22,190.88,192.55,190.58,192.44,4768600.0,STOCK_C_VOLATILE
2017-12-25,190.34,202.93,183.15,193.8,1681961.0,STOCK_C_VOLATILE
2017-12-26,217.15,227.46,215.24,215.75,4005520.0,STOCK_C_VOLATILE
2017-12-27,220.58,221.26,213.91,218.84,2462481.0,STOCK_C_VOLATILE
2017-12-28,224.74,238.39,221.45,232.97,4599797.0,STOCK_C_VOLATILE
2017-12-29,242.52,245.9,233.72,244.57,2388092.0,STOCK_C_VOLATILE
2018-01-01,229.26,230.13,219.21,228.17,440014.0,STOCK_C_VOLATILE
2018-01-02,231.54,236.45,223.28,232.74,1583177.0,STOCK_C_VOLATILE
2018-01-03,243.6,244.93,240.74,244.37,668818.0,STOCK_C_VOLATILE
2018-01-04,225.02,229.09,220.2,227.76,3787470.0,STOCK_C_VOLATILE
2018-01-05,222.75,223.55,213.03,219.95,798399.0,STOCK_C_VOLATILE
2018-01-08,264.83,266.02,250.77,254.39,4936965.0,STOCK_C_VOLATILE
2018-01-09,253.4,263.49,250.9,255.97,2028941.0,STOCK_C_VOLATILE
2018-01-10,249.13,257.83,248.22,251.51,4593221.0,STOCK_C_VOLATILE
2018-01-11,251.54,253.07,249.54,252.49,1773477.0,STOCK_C_VOLATILE
2018-01-12,246.79,247.35,240.24,243.42,4015607.0,STOCK_C_VOLATILE
2018-01-15,249.99,255.35,241.49,245.2,4868046.0,STOCK_C_VOLATILE
2018-01-16,249.35,259.02,245.92,248.28,4631715.0,STOCK_C_VOLATILE
2018-01-17,246.29,246.41,245.22,245.72,1283042.0,STOCK_C_VOLATILE
2018-01-18,265.9,268.86,257.42,262.0,3371283.0,STOCK_C_VOLATILE
2018-01-19,280.08,291.52,275.66,282.8,1346877.0,STOCK_C_VOLATILE
2018-01-22,299.52,300.75,294.43,296.76,4423356.0,STOCK_C_VOLATILE
2018-01-23,283.42,291.83,280.38,287.22,1977119.0,STOCK_C_VOLATILE
2018-01-24,280.48,287.94,275.48,281.24,1274505.0,STOCK_C_VOLATILE
2018-01-25,269.35,272.12,263.95,264.94,4995671.0,STOCK_C_VOLATILE
2018-01-26,267.72,272.59,260.82,270.31,17353126.0,STOCK_C_VOLATILE
2018-01-29,263.59,274.6,263.18,265.22,606964.0,STOCK_C_VOLATILE
2018-01-30,254.69,267.31,253.08,259.2,4244290.0,STOCK_C_VOLATILE
2018-01-31,245.89,254.63,245.83,251.85,2158859.0,STOCK_C_VOLATILE
2018-02-01,257.81,265.21,248.97,255.11,2321282.0,STOCK_C_VOLATILE
2018-02-02,254.82,257.53,247.4,257.45,3108008.0,STOCK_C_VOLATILE
2018-02-05,246.41,252.6,242.53,244.67,4294862.0,STOCK_C_VOLATILE
2018-02-06,260.82,262.71,255.23,261.96,3656533.0,STOCK_C_VOLATILE
2018-02-07,262.21,265.09,252.53,264.57,2649005.0,STOCK_C_VOLATILE
2018-02-08,253.04,253.99,246.65,248.91,3810558.0,STOCK_C_VOLATILE
2018-02-09,255.81,260.85,248.36,258.97,965860.0,STOCK_C_VOLATILE
2018-02-12,251.34,253.5,248.87,249.53,4276778.0,STOCK_C_VOLATILE
2018-02-13,265.3,273.22,262.94,270.51,911558.0,STOCK_C_VOLATILE
2018-02-14,286.81,298.26,275.61,287.47,2190761.0,STOCK_C_VOLATILE
2018-02-15,295.68,300.44,292.71,295.17,2101950.0,STOCK_C_VOLATILE
2018-02-16,332.0,332.71,317.82,326.94,901652.0,STOCK_C_VOLATILE
2018-02-19,314.18,315.12,312.5,314.57,2632334.0,STOCK_C_VOLATILE
2018-02-20,320.01,327.3,312.53,319.65,2731739.0,STOCK_C_VOLATILE
2018-02-21,322.46,330.41,308.0,316.64,2937357.0,STOCK_C_VOLATILE
2018-02-22,302.86,315.34,301.78,304.61,3511140.0,STOCK_C_VOLATILE
2018-02-23,291.99,297.19,281.52,287.7,2907744.0,STOCK_C_VOLATILE
2018-02-26,309.08,313.63,299.82,302.86,476110.0,STOCK_C_VOLATILE
2018-02-27,302.95,303.48,298.3,300.28,4147104.0,STOCK_C_VOLATILE
2018-02-28,289.41,291.64,284.07,288.05,650492.0,STOCK_C_VOLATILE
2018-03-01,282.61,296.53,281.63,281.88,1472396.0,STOCK_C_VOLATILE
2018-03-02,325.76,330.18,319.75,321.95,2932967.0,STOCK_C_VOLATILE
2018-03-05,319.84,335.1,317.04,323.09,4932023.0,STOCK_C_VOLATILE
2018-03-06,310.23,322.4,307.98,313.58,332494.0,STOCK_C_VOLATILE
2018-03-07,306.35,315.41,305.96,311.1,3355717.0,STOCK_C_VOLATILE
2018-03-08,325.29,332.35,322.52,328.42,1623913.0,STOCK_C_VOLATILE
2018-03-09,325.52,332.02,322.04,327.46,2675908.0,STOCK_C_VOLATILE
2018-03-12,333.03,333.98,318.62,325.35,916826.0,STOCK_C_VOLATILE
2018-03-13,327.32,329.48,321.96,324.98,3789486.0,STOCK_C_VOLATILE
2018-03-14,319.94,322.56,309.83,317.94,2086346.0,STOCK_C_VOLATILE
2018-03-15,312.15,315.7,310.85,314.84,3572324.0,STOCK_C_VOLATILE
2018-03-16,339.62,342.0,331.28,335.01,354569.0,STOCK_C_VOLATILE
2018-03-19,334.73,346.53,325.22,332.29,934211.0,STOCK_C_VOLATILE
2018-03-20,332.27,345.36,331.37,331.61,1446283.0,STOCK_C_VOLATILE
2018-03-21,287.17,290.38,284.24,288.88,578147.0,STOCK_C_VOLATILE
2018-03-22,294.33,298.75,291.14,298.43,3976147.0,STOCK_C_VOLATILE
2018-03-23,316.68,321.72,304.78,315.55,1086251.0,STOCK_C_VOLATILE
2018-03-26,306.16,312.82,305.88,306.33,2573757.0,STOCK_C_VOLATILE
2018-03-27,309.49,321.69,301.04,313.34,355742.0,STOCK_C_VOLATILE
2018-03-28,298.56,303.23,295.74,298.46,4428099.0,STOCK_C_VOLATILE
2018-03-29,302.54,304.41,297.15,303.17,1466076.0,STOCK_C_VOLATILE
2018-03-30,312.37,318.37,296.34,308.49,977858.0,STOCK_C_VOLATILE
2018-04-02,274.61,278.51,266.04,277.85,4320804.0,STOCK_C_VOLATILE
2018-04-03,289.72,295.4,289.1,291.84,866016.0,STOCK_C_VOLATILE
2018-04-04,306.69,317.31,305.8,309.53,4727581.0,STOCK_C_VOLATILE
2018-04-05,309.8,311.62,300.51,307.89,4680485.0,STOCK_C_VOLATILE
2018-04-06,295.04,302.3,282.36,293.09,4484128.0,STOCK_C_VOLATILE
2018-04-09,288.26,299.54,287.11,293.34,2284777.0,STOCK_C_VOLATILE
2018-04-10,291.07,298.94,284.76,291.74,3069810.0,STOCK_C_VOLATILE
2018-04-11,302.89,314.5,294.24,304.37,450309.0,STOCK_C_VOLATILE
2018-04-12,305.31,313.34,299.92,303.99,4195811.0,STOCK_C_VOLATILE
2018-04-13,298.4,304.42,293.86,302.63,4524111.0,STOCK_C_VOLATILE
2018-04-16,318.49,322.43,312.23,316.73,283610.0,STOCK_C_VOLATILE
2018-04-17,328.36,334.14,323.85,326.62,1912222.0,STOCK_C_VOLATILE
2018-04-18,324.95,331.99,313.1,328.59,4389692.0,STOCK_C_VOLATILE
2018-04-19,326.38,332.85,317.15,319.02,731693.0,STOCK_C_VOLATILE
2018-04-20,305.38,310.79,301.51,308.75,4490764.0,STOCK_C_VOLATILE
2018-04-23,299.67,300.69,298.84,299.96,3486513.0,STOCK_C_VOLATILE
2018-04-24,292.47,301.01,285.79,289.7,333721.0,STOCK_C_VOLATILE
2018-04-25,287.24,288.25,285.09,285.43,4822756.0,STOCK_C_VOLATILE
2018-04-26,296.51,304.03,292.8,301.24,3233160.0,STOCK_C_VOLATILE
2018-04-27,297.77,300.37,296.06,297.29,2197634.0,STOCK_C_VOLATILE
2018-04-30,290.01,297.02,277.98,294.63,2551433.0,STOCK_C_VOLATILE
2018-05-01,267.28,271.44,266.58,268.07,1113752.0,STOCK_C_VOLATILE
2018-05-02,275.8,285.07,270.86,281.29,4386205.0,STOCK_C_VOLATILE
2018-05-03,284.34,284.87,274.56,277.26,2992037.0,STOCK_C_VOLATILE
2018-05-04,292.33,298.86,282.71,285.94,112199.0,STOCK_C_VOLATILE
2018-05-07,294.62,296.37,282.68,293.13,1950812.0,STOCK_C_VOLATILE
2018-05-08,281.03,286.79,279.47,285.27,576243.0,STOCK_C_VOLATILE
2018-05-09,289.69,301.54,289.17,292.36,684884.0,STOCK_C_VOLATILE
2018-05-10,283.7,286.57,273.25,273.53,2867775.0,STOCK_C_VOLATILE
2018-05-11,264.53,271.16,262.31,265.69,1496643.0,STOCK_C_VOLATILE
2018-05-14,282.24,287.27,279.3,284.4,2150981.0,STOCK_C_VOLATILE
2018-05-15,277.85,279.46,267.3,273.17,3622343.0,STOCK_C_VOLATILE
2018-05-16,272.86,282.98,272.71,279.24,3289436.0,STOCK_C_VOLATILE
2018-05-17,272.28,295.96,268.19,280.26,2645990.0,STOCK_C_VOLATILE
2018-05-18,273.42,276.32,268.64,270.99,3327734.0,STOCK_C_VOLATILE
2018-05-21,283.77,294.43,279.53,289.89,2978520.0,STOCK_C_VOLATILE
2018-05-22,290.72,297.58,285.68,289.01,2269245.0,STOCK_C_VOLATILE
2018-05-23,304.12,308.02,291.76,299.73,469461.0,STOCK_C_VOLATILE
2018-05-24,327.3,328.83,321.0,328.56,1868030.0,STOCK_C_VOLATILE
2018-05-25,313.78,317.77,304.56,307.13,2502529.0,STOCK_C_VOLATILE
2018-05-28,303.8,310.02,302.71,306.67,2937381.0,STOCK_C_VOLATILE
2018-05-29,314.25,328.42,300.39,320.12,3275850.0,STOCK_C_VOLATILE
2018-05-30,318.74,323.35,317.72,319.44,520503.0,STOCK_C_VOLATILE
2018-05-31,337.32,349.13,332.45,337.12,3893223.0,STOCK_C_VOLATILE
2018-06-01,343.07,355.16,339.47,347.53,263763.0,STOCK_C_VOLATILE
2018-06-04,357.32,363.2,350.47,351.87,2410033.0,STOCK_C_VOLATILE
2018-06-05,353.39,365.86,352.03,360.21,1755923.0,STOCK_C_VOLATILE
2018-06-06,349.29,357.49,337.47,347.9,4805707.0,STOCK_C_VOLATILE
2018-06-07,331.93,335.54,322.9,324.03,3526816.0,STOCK_C_VOLATILE
2018-06-08,302.32,305.15,292.2,297.8,768913.0,STOCK_C_VOLATILE
2018-06-11,307.65,314.25,301.03,302.01,125871.0,STOCK_C_VOLATILE
2018-06-12,293.91,301.18,287.53,288.73,2430369.0,STOCK_C_VOLATILE
2018-06-13,309.04,323.4,298.32,306.84,1147033.0,STOCK_C_VOLATILE
2018-06-14,294.18,298.47,286.96,290.43,3002679.0,STOCK_C_VOLATILE
2018-06-15,268.19,281.18,252.12,267.76,1381377.0,STOCK_C_VOLATILE
2018-06-18,233.83,247.78,231.32,243.57,1994584.0,STOCK_C_VOLATILE
2018-06-19,260.0,262.61,258.27,259.37,4405911.0,STOCK_C_VOLATILE
2018-06-20,251.37,263.4,249.96,260.27,2455689.0,STOCK_C_VOLATILE
2018-06-21,261.19,270.58,260.43,267.15,3248775.0,STOCK_C_VOLATILE
2018-06-22,252.12,254.6,243.79,252.45,4043941.0,STOCK_C_VOLATILE
2018-06-25,274.19,278.12,260.76,270.4,4214548.0,STOCK_C_VOLATILE
2018-06-26,247.44,253.27,242.53,252.25,1159222.0,STOCK_C_VOLATILE
2018-06-27,244.02,255.71,240.61,252.0,1622737.0,STOCK_C_VOLATILE
2018-06-28,242.9,251.02,241.76,247.05,3832464.0,STOCK_C_VOLATILE
2018-06-29,253.01,267.4,248.64,258.9,3824789.0,STOCK_C_VOLATILE
2018-07-02,246.08,257.19,238.97,245.66,7279099.0,STOCK_C_VOLATILE
2018-07-03,235.86,242.43,235.25,241.17,3041514.0,STOCK_C_VOLATILE
2018-07-04,238.65,240.78,232.82,237.88,4580153.0,STOCK_C_VOLATILE
2018-07-05,241.02,245.06,229.87,237.26,2810351.0,STOCK_C_VOLATILE
2018-07-06,238.53,244.3,232.87,237.54,460201.0,STOCK_C_VOLATILE
2018-07-09,245.53,246.58,245.06,245.56,1507565.0,STOCK_C_VOLATILE
2018-07-10,260.96,264.6,249.38,256.31,612557.0,STOCK_C_VOLATILE
2018-07-11,254.24,256.34,250.37,252.78,2098069.0,STOCK_C_VOLATILE
2018-07-12,253.36,257.19,250.14,251.39,4159620.0,STOCK_C_VOLATILE
2018-07-13,255.21,266.79,244.41,253.62,1994681.0,STOCK_C_VOLATILE
2018-07-16,248.87,264.83,244.2,258.45,605473.0,STOCK_C_VOLATILE
2018-07-17,254.9,258.03,253.76,257.58,762387.0,STOCK_C_VOLATILE
2018-07-18,269.88,272.43,258.43,264.26,283507.0,STOCK_C_VOLATILE
2018-07-19,264.66,273.98,257.22,268.23,4997440.0,STOCK_C_VOLATILE
2018-07-20,281.2,285.36,275.27,278.5,2795048.0,STOCK_C_VOLATILE
2018-07-23,268.7,277.19,267.57,271.09,4669902.0,STOCK_C_VOLATILE
2018-07-24,274.36,279.34,273.89,274.17,2325920.0,STOCK_C_VOLATILE
2018-07-25,261.48,273.5,256.69,267.56,1359744.0,STOCK_C_VOLATILE
2018-07-26,242.78,254.64,235.75,246.45,291423.0,STOCK_C_VOLATILE
2018-07-27,238.94,247.39,234.74,239.02,1560804.0,STOCK_C_VOLATILE
2018-07-30,241.76,249.0,237.07,241.15,1949810.0,STOCK_C_VOLATILE
2018-07-31,231.62,239.93,229.64,235.99,1871869.0,STOCK_C_VOLATILE
2018-08-01,220.36,228.29,214.91,225.81,3987956.0,STOCK_C_VOLATILE
2018-08-02,235.25,236.35,225.37,233.09,555383.0,STOCK_C_VOLATILE
2018-08-03,248.56,249.67,241.18,246.4,3681663.0,STOCK_C_VOLATILE
2018-08-06,256.88,260.97,253.65,254.36,2580668.0,STOCK_C_VOLATILE
2018-08-07,268.21,274.92,262.09,262.76,1871509.0,STOCK_C_VOLATILE
2018-08-08,251.26,254.68,239.38,247.52,4340116.0,STOCK_C_VOLATILE
2018-08-09,256.58,259.95,249.83,254.04,2575103.0,STOCK_C_VOLATILE
2018-08-10,276.37,279.56,271.83,273.41,3858054.0,STOCK_C_VOLATILE
2018-08-13,290.25,292.32,288.57,290.18,901187.0,STOCK_C_VOLATILE
2018-08-14,292.23,294.86,290.75,291.98,182363.0,STOCK_C_VOLATILE
2018-08-15,310.68,312.0,308.07,308.07,440781.0,STOCK_C_VOLATILE
2018-08-16,309.34,319.67,292.4,305.37,3678575.0,STOCK_C_VOLATILE
2018-08-17,309.21,316.95,300.49,301.41,2629031.0,STOCK_C_VOLATILE
2018-08-20,310.27,312.74,304.21,308.46,4101598.0,STOCK_C_VOLATILE
2018-08-21,317.79,324.91,311.38,315.18,1954230.0,STOCK_C_VOLATILE
2018-08-22,312.34,320.01,302.02,307.15,4020633.0,STOCK_C_VOLATILE
2018-08-23,306.51,315.9,299.76,305.22,1718733.0,STOCK_C_VOLATILE
2018-08-24,317.91,322.17,316.96,320.72,889540.0,STOCK_C_VOLATILE
2018-08-27,313.86,320.61,310.81,314.38,3854494.0,STOCK_C_VOLATILE
2018-08-28,317.43,323.74,316.46,317.37,1703705.0,STOCK_C_VOLATILE
2018-08-29,320.69,327.89,317.36,322.79,1274306.0,STOCK_C_VOLATILE
2018-08-30,333.64,350.46,331.57,337.82,600605.0,STOCK_C_VOLATILE
2018-08-31,342.38,343.38,330.13,337.52,174011.0,STOCK_C_VOLATILE
2018-09-03,349.91,350.62,338.64,342.79,2748318.0,STOCK_C_VOLATILE
2018-09-04,357.83,365.22,354.02,362.18,1365921.0,STOCK_C_VOLATILE
2018-09-05,365.4,368.24,353.94,355.37,2117023.0,STOCK_C_VOLATILE
2018-09-06,338.85,350.44,338.41,345.99,3193322.0,STOCK_C_VOLATILE
2018-09-07,327.29,334.53,323.2,325.0,1547519.0,STOCK_C_VOLATILE
2018-09-10,338.98,348.2,334.65,336.61,1860576.0,STOCK_C_VOLATILE
2018-09-11,326.77,334.19,313.12,330.29,2546006.0,STOCK_C_VOLATILE
2018-09-12,328.24,337.24,314.06,322.93,4279512.0,STOCK_C_VOLATILE
2018-09-13,297.54,302.21,292.03,297.62,2702662.0,STOCK_C_VOLATILE
2018-09-14,292.67,300.48,285.38,292.35,4687475.0,STOCK_C_VOLATILE
2018-09-17,276.3,287.05,273.15,280.31,4305589.0,STOCK_C_VOLATILE
2018-09-18,268.72,279.1,267.25,276.94,251891.0,STOCK_C_VOLATILE
2018-09-19,269.08,278.05,265.34,273.21,2727061.0,STOCK_C_VOLATILE
2018-09-20,278.28,282.87,267.51,274.09,3831521.0,STOCK_C_VOLATILE
2018-09-21,288.18,300.87,279.36,294.63,3216748.0,STOCK_C_VOLATILE
2018-09-24,278.45,283.78,275.38,280.75,922678.0,STOCK_C_VOLATILE
2018-09-25,278.15,285.88,277.03,280.27,3906201.0,STOCK_C_VOLATILE
2018-09-26,268.56,277.6,264.58,273.75,1409726.0,STOCK_C_VOLATILE
2018-09-27,269.95,276.82,267.01,270.7,3392372.0,STOCK_C_VOLATILE
2018-09-28,273.6,273.8,272.59,273.32,1510363.0,STOCK_C_VOLATILE
2018-10-01,285.01,287.79,276.43,284.81,921041.0,STOCK_C_VOLATILE
2018-10-02,290.67,301.44,277.81,286.96,1742865.0,STOCK_C_VOLATILE
2018-10-03,292.49,295.87,285.9,290.57,3098735.0,STOCK_C_VOLATILE
2018-10-04,308.47,308.87,299.01,300.07,2262298.0,STOCK_C_VOLATILE
2018-10-05,309.61,310.77,296.81,303.08,2961314.0,STOCK_C_VOLATILE
2018-10-08,299.57,302.59,296.29,298.37,1616112.0,STOCK_C_VOLATILE
2018-10-09,300.88,305.12,298.36,299.37,1942271.0,STOCK_C_VOLATILE
2018-10-10,302.05,308.14,290.7,302.31,2317769.0,STOCK_C_VOLATILE
2018-10-11,284.82,285.8,282.08,282.22,139478.0,STOCK_C_VOLATILE
2018-10-12,291.77,293.2,287.66,293.14,954589.0,STOCK_C_VOLATILE
2018-10-15,297.66,310.78,292.98,296.8,252806.0,STOCK_C_VOLATILE
2018-10-16,312.04,313.07,306.34,307.62,296737.0,STOCK_C_VOLATILE
2018-10-17,317.8,319.95,303.8,312.26,955691.0,STOCK_C_VOLATILE
2018-10-18,300.94,308.25,288.98,296.81,4358524.0,STOCK_C_VOLATILE
2018-10-19,288.7,290.28,286.59,289.72,1573961.0,STOCK_C_VOLATILE
2018-10-22,291.92,296.06,289.45,291.12,3927296.0,STOCK_C_VOLATILE
2018-10-23,272.35,278.93,271.11,276.96,3160432.0,STOCK_C_VOLATILE
2018-10-24,285.79,293.1,281.33,293.05,4150203.0,STOCK_C_VOLATILE
2018-10-25,279.75,284.2,275.09,279.14,4952369.0,STOCK_C_VOLATILE
2018-10-26,307.56,309.17,300.16,300.94,4853949.0,STOCK_C_VOLATILE
2018-10-29,296.33,312.78,291.87,306.43,4742226.0,STOCK_C_VOLATILE
2018-10-30,311.21,323.39,305.79,315.84,3962174.0,STOCK_C_VOLATILE
2018-10-31,305.62,308.82,298.72,301.11,728029.0,STOCK_C_VOLATILE
2018-11-01,301.45,304.85,296.24,299.01,3313956.0,STOCK_C_VOLATILE
2018-11-02,297.92,298.93,295.85,295.94,1777274.0,STOCK_C_VOLATILE
2018-11-05,317.08,326.5,305.96,315.85,498715.0,STOCK_C_VOLATILE
2018-11-06,352.59,359.37,339.85,345.62,689877.0,STOCK_C_VOLATILE
2018-11-07,374.06,382.16,369.07,375.57,4530931.0,STOCK_C_VOLATILE
2018-11-08,337.83,341.33,333.78,338.01,2204733.0,STOCK_C_VOLATILE
2018-11-09,338.86,342.29,338.58,341.36,1270937.0,STOCK_C_VOLATILE
2018-11-12,319.88,335.97,304.37,325.1,1665727.0,STOCK_C_VOLATILE
2018-11-13,336.0,338.26,322.1,326.61,3640978.0,STOCK_C_VOLATILE
2018-11-14,320.31,326.81,313.45,322.96,11875473.0,STOCK_C_VOLATILE
2018-11-15,295.83,303.79,292.84,302.2,1304291.0,STOCK_C_VOLATILE
2018-11-16,291.47,292.79,288.01,288.89,234439.0,STOCK_C_VOLATILE
2018-11-19,290.3,304.04,278.11,299.36,4591371.0,STOCK_C_VOLATILE
2018-11-20,300.68,306.61,295.78,299.95,3935942.0,STOCK_C_VOLATILE
2018-11-21,286.8,306.36,283.12,294.11,1169196.0,STOCK_C_VOLATILE
2018-11-22,297.44,301.59,290.32,297.87,744832.0,STOCK_C_VOLATILE
2018-11-23,287.02,291.46,284.65,286.3,1640005.0,STOCK_C_VOLATILE
2018-11-26,289.9,297.3,286.54,296.28,4692318.0,STOCK_C_VOLATILE
2018-11-27,296.34,303.11,292.66,293.9,1770988.0,STOCK_C_VOLATILE
2018-11-28,313.15,318.67,306.96,309.8,4436967.0,STOCK_C_VOLATILE
2018-11-29,287.2,288.81,281.03,285.27,3434715.0,STOCK_C_VOLATILE
2018-11-30,286.05,294.64,284.79,291.71,2242752.0,STOCK_C_VOLATILE
2018-12-03,294.64,297.24,277.41,288.57,209217.0,STOCK_C_VOLATILE
2018-12-04,273.13,275.28,270.78,273.47,442674.0,STOCK_C_VOLATILE
2018-12-05,269.46,273.04,261.32,263.86,1971266.0,STOCK_C_VOLATILE
2018-12-06,267.72,273.5,260.88,266.58,2986255.0,STOCK_C_VOLATILE
2018-12-07,281.13,290.68,272.74,275.6,1662934.0,STOCK_C_VOLATILE
2018-12-10,275.37,286.17,268.37,272.46,1215347.0,STOCK_C_VOLATILE
2018-12-11,268.75,280.48,264.74,272.29,2850411.0,STOCK_C_VOLATILE
2018-12-12,273.16,275.55,259.17,268.62,2885764.0,STOCK_C_VOLATILE
2018-12-13,262.34,269.11,259.39,264.58,859059.0,STOCK_C_VOLATILE
2018-12-14,285.94,292.85,279.37,288.62,4829337.0,STOCK_C_VOLATILE
2018-12-17,295.36,302.06,288.08,299.82,1617346.0,STOCK_C_VOLATILE
2018-12-18,324.77,326.11,319.88,322.53,2285024.0,STOCK_C_VOLATILE
2018-12-19,320.93,328.19,313.21,319.38,4350691.0,STOCK_C_VOLATILE
2018-12-20,328.86,332.01,319.99,327.42,2177738.0,STOCK_C_VOLATILE
2018-12-21,319.33,329.16,319.3,328.12,1597810.0,STOCK_C_VOLATILE
2018-12-24,355.05,362.6,339.42,345.57,1708165.0,STOCK_C_VOLATILE
2018-12-25,355.16,359.44,348.43,352.15,141541.0,STOCK_C_VOLATILE
2018-12-26,381.68,388.03,364.72,379.59,2922499.0,STOCK_C_VOLATILE
2018-12-27,385.57,390.35,383.09,385.5,3026039.0,STOCK_C_VOLATILE
2018-12-28,380.1,393.33,379.56,382.02,3260734.0,STOCK_C_VOLATILE
2018-12-31,370.95,371.56,367.25,368.49,2290568.0,STOCK_C_VOLATILE
2019-01-01,368.68,370.6,357.15,361.64,3553640.0,STOCK_C_VOLATILE
2019-01-02,369.61,376.56,368.67,376.24,1502529.0,STOCK_C_VOLATILE
2019-01-03,372.56,374.28,361.32,370.67,347065.0,STOCK_C_VOLATILE
2019-01-04,373.48,381.71,369.44,374.52,243884.0,STOCK_C_VOLATILE
2019-01-07,392.23,399.68,375.34,389.74,850938.0,STOCK_C_VOLATILE
2019-01-08,406.37,414.61,400.91,413.66,2302367.0,STOCK_C_VOLATILE
2019-01-09,396.09,406.63,395.19,396.79,528262.0,STOCK_C_VOLATILE
2019-01-10,398.3,399.96,392.35,394.47,2644213.0,STOCK_C_VOLATILE
2019-01-11,383.04,385.66,369.09,375.36,4967087.0,STOCK_C_VOLATILE
2019-01-14,381.9,384.03,374.99,380.04,4172877.0,STOCK_C_VOLATILE
2019-01-15,390.3,391.04,372.98,381.0,1671865.0,STOCK_C_VOLATILE
2019-01-16,385.74,400.32,385.57,386.01,2792125.0,STOCK_C_VOLATILE
2019-01-17,368.82,369.05,358.85,366.55,3163834.0,STOCK_C_VOLATILE
2019-01-18,355.53,370.44,351.95,361.06,1406529.0,STOCK_C_VOLATILE
2019-01-21,338.35,339.69,331.19,335.93,366493.0,STOCK_C_VOLATILE
2019-01-22,343.77,352.58,338.55,346.32,304509.0,STOCK_C_VOLATILE
2019-01-23,345.41,348.42,331.64,339.93,2387258.0,STOCK_C_VOLATILE
2019-01-24,324.33,334.7,320.0,331.39,4630755.0,STOCK_C_VOLATILE
2019-01-25,326.41,344.38,324.98,336.63,15105818.0,STOCK_C_VOLATILE
2019-01-28,338.61,356.5,327.8,347.61,3346816.0,STOCK_C_VOLATILE
2019-01-29,345.39,348.19,332.58,340.55,4701620.0,STOCK_C_VOLATILE
2019-01-30,340.48,343.2,334.5,341.96,2187036.0,STOCK_C_VOLATILE
2019-01-31,347.84,354.62,344.68,347.04,4642603.0,STOCK_C_VOLATILE
2019-02-01,342.62,344.29,341.07,343.34,4966521.0,STOCK_C_VOLATILE
2019-02-04,334.96,335.89,325.66,330.1,2323628.0,STOCK_C_VOLATILE
2019-02-05,314.6,329.89,300.83,320.76,3303050.0,STOCK_C_VOLATILE
2019-02-06,328.31,335.54,325.87,331.7,2968481.0,STOCK_C_VOLATILE
2019-02-07,334.12,338.11,326.27,335.1,4257203.0,STOCK_C_VOLATILE
2019-02-08,322.67,325.74,317.31,319.03,147407.0,STOCK_C_VOLATILE
2019-02-11,310.66,318.25,307.05,312.58,1678787.0,STOCK_C_VOLATILE
2019-02-12,323.81,329.07,319.33,322.0,1908233.0,STOCK_C_VOLATILE
2019-02-13,326.58,334.89,314.33,322.41,684722.0,STOCK_C_VOLATILE
2019-02-14,312.69,329.61,306.93,311.55,2056113.0,STOCK_C_VOLATILE
2019-02-15,294.58,296.0,285.33,295.9,1972710.0,STOCK_C_VOLATILE
2019-02-18,300.03,306.45,294.31,298.24,1292673.0,STOCK_C_VOLATILE
2019-02-19,319.01,328.58,314.24,319.82,1665536.0,STOCK_C_VOLATILE
2019-02-20,311.94,323.91,303.94,317.51,4791964.0,STOCK_C_VOLATILE
2019-02-21,304.24,308.7,299.83,305.85,1578344.0,STOCK_C_VOLATILE
2019-02-22,289.23,304.63,283.73,294.21,2726999.0,STOCK_C_VOLATILE
2019-02-25,311.58,313.92,305.5,306.7,1139432.0,STOCK_C_VOLATILE
2019-02-26,278.52,284.01,271.87,280.34,4388152.0,STOCK_C_VOLATILE
2019-02-27,266.68,276.23,264.2,274.01,1167581.0,STOCK_C_VOLATILE
2019-02-28,274.34,276.44,270.14,272.67,4110360.0,STOCK_C_VOLATILE
2019-03-01,271.23,276.74,264.19,264.9,4876202.0,STOCK_C_VOLATILE
2019-03-04,284.13,288.4,281.87,287.99,2517967.0,STOCK_C_VOLATILE
2019-03-05,293.02,298.1,289.75,290.14,3773333.0,STOCK_C_VOLATILE
2019-03-06,285.12,292.23,279.11,291.5,4195359.0,STOCK_C_VOLATILE
2019-03-07,302.39,304.37,299.16,304.07,4432858.0,STOCK_C_VOLATILE
2019-03-08,302.75,303.31,302.55,303.0,435221.0,STOCK_C_VOLATILE
2019-03-11,279.98,280.52,276.23,280.33,3773244.0,STOCK_C_VOLATILE
2019-03-12,285.54,285.74,281.37,282.85,3430848.0,STOCK_C_VOLATILE
2019-03-13,278.18,279.74,269.44,276.47,3045329.0,STOCK_C_VOLATILE
2019-03-14,272.78,283.04,266.07,269.18,4078147.0,STOCK_C_VOLATILE
2019-03-15,286.19,290.02,273.15,283.28,3103118.0,STOCK_C_VOLATILE
2019-03-18,274.75,278.29,266.24,272.26,2511812.0,STOCK_C_VOLATILE
2019-03-19,269.9,276.55,264.5,272.24,2009632.0,STOCK_C_VOLATILE
2019-03-20,270.47,278.01,264.6,271.9,2347363.0,STOCK_C_VOLATILE
2019-03-21,271.4,277.62,268.41,275.08,3866293.0,STOCK_C_VOLATILE
2019-03-22,301.8,309.25,298.6,299.28,3776675.0,STOCK_C_VOLATILE
2019-03-25,290.38,294.13,284.25,287.51,3182509.0,STOCK_C_VOLATILE
2019-03-26,287.8,291.81,285.46,286.53,3475054.0,STOCK_C_VOLATILE
2019-03-27,301.22,314.06,294.55,299.79,743663.0,STOCK_C_VOLATILE
2019-03-28,293.04,310.67,291.75,300.13,4535286.0,STOCK_C_VOLATILE
2019-03-29,293.14,293.25,287.58,290.55,2847653.0,STOCK_C_VOLATILE
2019-04-01,282.24,289.2,277.63,284.38,1720536.0,STOCK_C_VOLATILE
2019-04-02,301.17,311.42,296.29,298.19,3494216.0,STOCK_C_VOLATILE
2019-04-03,281.55,289.01,278.56,281.64,1684017.0,STOCK_C_VOLATILE
2019-04-04,305.24,305.57,299.04,302.16,3849568.0,STOCK_C_VOLATILE
2019-04-05,324.96,326.04,316.88,325.55,995838.0,STOCK_C_VOLATILE
2019-04-08,328.96,335.25,321.41,326.86,397336.0,STOCK_C_VOLATILE
2019-04-09,330.23,342.72,327.93,332.2,556239.0,STOCK_C_VOLATILE
2019-04-10,345.12,347.33,338.05,338.85,3043713.0,STOCK_C_VOLATILE
2019-04-11,330.39,340.18,323.31,334.17,1013322.0,STOCK_C_VOLATILE
2019-04-12,335.68,345.52,325.69,339.3,3702708.0,STOCK_C_VOLATILE
2019-04-15,304.46,310.31,298.73,308.93,1355034.0,STOCK_C_VOLATILE
2019-04-16,288.84,289.35,279.76,286.8,22461538.0,STOCK_C_VOLATILE
2019-04-17,274.64,276.27,270.22,275.39,1320319.0,STOCK_C_VOLATILE
2019-04-18,266.19,272.63,257.4,266.86,3379818.0,STOCK_C_VOLATILE
2019-04-19,275.41,277.76,266.48,272.42,3398964.0,STOCK_C_VOLATILE
2019-04-22,275.15,281.34,266.86,274.56,2921746.0,STOCK_C_VOLATILE
2019-04-23,287.53,288.55,275.72,283.72,1401358.0,STOCK_C_VOLATILE
2019-04-24,282.6,286.11,281.88,283.55,1064386.0,STOCK_C_VOLATILE
2019-04-25,288.47,290.65,278.98,283.51,2022254.0,STOCK_C_VOLATILE
2019-04-26,288.15,294.93,286.64,288.9,2386766.0,STOCK_C_VOLATILE
2019-04-29,278.33,282.38,270.23,278.61,1550653.0,STOCK_C_VOLATILE
2019-04-30,274.98,285.92,264.24,267.78,335605.0,STOCK_C_VOLATILE
2019-05-01,257.59,266.21,256.01,260.53,3803058.0,STOCK_C_VOLATILE
2019-05-02,245.8,256.17,240.71,244.68,2377477.0,STOCK_C_VOLATILE
2019-05-03,234.36,242.01,233.92,238.94,3278889.0,STOCK_C_VOLATILE
2019-05-06,236.16,243.35,235.46,236.21,3497736.0,STOCK_C_VOLATILE
2019-05-07,222.37,231.72,222.23,225.35,3099419.0,STOCK_C_VOLATILE
2019-05-08,220.28,221.88,210.41,216.71,2852426.0,STOCK_C_VOLATILE
2019-05-09,211.45,212.3,208.19,210.8,2968784.0,STOCK_C_VOLATILE
2019-05-10,218.85,223.32,218.13,220.48,2613203.0,STOCK_C_VOLATILE
2019-05-13,232.14,237.39,229.12,232.69,2198303.0,STOCK_C_VOLATILE
2019-05-14,222.21,226.82,220.32,224.27,3840040.0,STOCK_C_VOLATILE
2019-05-15,236.96,247.36,230.29,234.18,1794767.0,STOCK_C_VOLATILE
2019-05-16,232.33,235.44,230.5,233.16,2221523.0,STOCK_C_VOLATILE
2019-05-17,223.84,224.78,222.52,222.58,1405678.0,STOCK_C_VOLATILE
2019-05-20,220.67,225.74,219.44,219.82,2828615.0,STOCK_C_VOLATILE
2019-05-21,213.88,223.79,211.87,212.7,2466248.0,STOCK_C_VOLATILE
2019-05-22,210.66,215.39,201.67,205.38,4951771.0,STOCK_C_VOLATILE
2019-05-23,191.08,193.51,189.47,192.71,3140336.0,STOCK_C_VOLATILE
2019-05-24,193.65,195.54,187.25,193.29,4438600.0,STOCK_C_VOLATILE
2019-05-27,176.02,184.03,175.04,179.86,4067601.0,STOCK_C_VOLATILE
2019-05-28,174.64,178.73,167.91,174.22,3997990.0,STOCK_C_VOLATILE
2019-05-29,176.9,178.97,172.77,177.52,993677.0,STOCK_C_VOLATILE
2019-05-30,193.47,194.98,188.45,190.06,2227635.0,STOCK_C_VOLATILE
2019-05-31,189.59,189.88,187.49,188.24,3733671.0,STOCK_C_VOLATILE
2019-06-03,186.19,190.87,183.65,188.18,3859681.0,STOCK_C_VOLATILE
2019-06-04,191.12,196.64,188.83,193.21,2860489.0,STOCK_C_VOLATILE
2019-06-05,193.63,198.27,186.99,190.89,3302689.0,STOCK_C_VOLATILE
2019-06-06,199.18,202.18,195.78,200.56,3283244.0,STOCK_C_VOLATILE
2019-06-07,178.72,181.27,177.35,180.17,637252.0,STOCK_C_VOLATILE
2019-06-10,181.57,187.58,178.03,181.73,1436031.0,STOCK_C_VOLATILE
2019-06-11,175.24,179.26,170.18,174.08,2445545.0,STOCK_C_VOLATILE
2019-06-12,173.51,176.35,169.72,174.15,3735158.0,STOCK_C_VOLATILE
2019-06-13,182.83,184.66,176.36,182.68,1715474.0,STOCK_C_VOLATILE
2019-06-14,180.75,187.05,178.33,181.81,2583725.0,STOCK_C_VOLATILE
2019-06-17,173.98,177.37,170.99,177.31,4670634.0,STOCK_C_VOLATILE
2019-06-18,173.04,178.73,171.61,176.82,676890.0,STOCK_C_VOLATILE
2019-06-19,168.55,172.88,167.19,172.27,3951659.0,STOCK_C_VOLATILE
2019-06-20,169.86,172.66,169.09,171.75,3051306.0,STOCK_C_VOLATILE
2019-06-21,168.04,170.41,165.93,167.7,1964467.0,STOCK_C_VOLATILE
2019-06-24,161.94,163.98,161.09,161.13,1076832.0,STOCK_C_VOLATILE
2019-06-25,150.05,152.41,149.48,150.5,3649085.0,STOCK_C_VOLATILE
2019-06-26,157.17,157.96,150.67,153.08,3920213.0,STOCK_C_VOLATILE
2019-06-27,148.72,150.72,142.59,149.79,4067052.0,STOCK_C_VOLATILE
2019-06-28,141.69,142.57,138.97,140.38,4981660.0,STOCK_C_VOLATILE
2019-07-01,130.52,133.72,130.13,131.96,221721.0,STOCK_C_VOLATILE
2019-07-02,130.34,133.21,129.88,131.23,2706779.0,STOCK_C_VOLATILE
2019-07-03,125.85,126.29,125.06,125.22,284703.0,STOCK_C_VOLATILE
2019-07-04,123.84,125.54,122.83,125.09,2213734.0,STOCK_C_VOLATILE
2019-07-05,127.24,129.95,126.01,129.77,4917358.0,STOCK_C_VOLATILE
2019-07-08,142.45,146.8,141.04,146.07,2357715.0,STOCK_C_VOLATILE
2019-07-09,143.81,148.13,137.14,146.98,573354.0,STOCK_C_VOLATILE
2019-07-10,157.26,159.45,151.92,155.53,4813981.0,STOCK_C_VOLATILE
2019-07-11,143.99,144.74,143.46,144.05,2900631.0,STOCK_C_VOLATILE
2019-07-12,137.79,140.79,134.75,138.96,2792323.0,STOCK_C_VOLATILE
2019-07-15,137.84,139.72,135.1,138.93,4947776.0,STOCK_C_VOLATILE
2019-07-16,137.76,142.17,137.63,140.42,2649907.0,STOCK_C_VOLATILE
2019-07-17,129.2,130.2,128.48,130.11,1225395.0,STOCK_C_VOLATILE
2019-07-18,134.3,135.86,132.07,134.77,3268732.0,STOCK_C_VOLATILE
2019-07-19,137.99,138.42,135.93,136.88,2915646.0,STOCK_C_VOLATILE
2019-07-22,143.75,144.4,136.8,137.89,2554436.0,STOCK_C_VOLATILE
2019-07-23,140.09,142.29,137.06,139.58,3061361.0,STOCK_C_VOLATILE
2019-07-24,134.29,136.48,130.19,135.54,1647430.0,STOCK_C_VOLATILE
2019-07-25,141.11,142.71,137.42,140.17,954993.0,STOCK_C_VOLATILE
2019-07-26,140.93,141.95,139.84,140.28,248242.0,STOCK_C_VOLATILE
2019-07-29,135.2,141.79,130.83,137.17,4838938.0,STOCK_C_VOLATILE
2019-07-30,138.45,141.22,137.14,139.26,502790.0,STOCK_C_VOLATILE
2019-07-31,131.85,133.76,128.57,132.04,4074158.0,STOCK_C_VOLATILE
2019-08-01,127.45,129.58,124.87,128.75,1520452.0,STOCK_C_VOLATILE
2019-08-02,125.25,126.82,124.56,125.48,1345512.0,STOCK_C_VOLATILE
2019-08-05,127.74,130.61,120.89,125.73,4814405.0,STOCK_C_VOLATILE
2019-08-06,124.77,127.65,121.82,122.94,3430192.0,STOCK_C_VOLATILE
2019-08-07,122.1,124.06,117.79,123.09,3371383.0,STOCK_C_VOLATILE
2019-08-08,115.06,116.97,114.13,115.25,284274.0,STOCK_C_VOLATILE
2019-08-09,108.56,108.91,107.88,108.53,2639996.0,STOCK_C_VOLATILE
2019-08-12,109.47,111.3,106.31,109.82,921021.0,STOCK_C_VOLATILE
2019-08-13,109.25,110.22,105.06,108.89,3440622.0,STOCK_C_VOLATILE
2019-08-14,102.58,109.14,98.92,104.69,2562461.0,STOCK_C_VOLATILE
2019-08-15,105.17,108.11,103.4,105.17,3120262.0,STOCK_C_VOLATILE
2019-08-16,104.54,106.28,102.05,105.91,1049898.0,STOCK_C_VOLATILE
2019-08-19,110.45,111.2,108.64,109.7,354308.0,STOCK_C_VOLATILE
2019-08-20,110.23,111.09,108.71,111.02,3507118.0,STOCK_C_VOLATILE
2019-08-21,104.22,107.24,102.42,106.93,4517357.0,STOCK_C_VOLATILE
2019-08-22,107.15,107.45,103.25,106.64,2329573.0,STOCK_C_VOLATILE
2019-08-23,109.14,111.88,107.44,110.8,1349386.0,STOCK_C_VOLATILE
2019-08-26,114.08,118.52,110.3,112.97,4794521.0,STOCK_C_VOLATILE
2019-08-27,107.11,113.81,105.74,109.45,12179651.0,STOCK_C_VOLATILE
2019-08-28,115.68,117.55,114.24,114.39,3216689.0,STOCK_C_VOLATILE
2019-08-29,109.07,112.13,105.45,110.42,2337700.0,STOCK_C_VOLATILE
2019-08-30,112.82,114.54,105.85,109.0,4198387.0,STOCK_C_VOLATILE
2019-09-02,100.82,101.92,99.51,100.19,1261585.0,STOCK_C_VOLATILE
2019-09-03,102.2,105.37,97.61,100.05,4112321.0,STOCK_C_VOLATILE
2019-09-04,101.99,103.7,99.39,100.87,2721195.0,STOCK_C_VOLATILE
2019-09-05,99.86,100.62,99.36,99.46,4041059.0,STOCK_C_VOLATILE
2019-09-06,96.83,99.91,95.96,98.91,1177510.0,STOCK_C_VOLATILE
2019-09-09,97.04,97.74,95.21,95.42,2294089.0,STOCK_C_VOLATILE
2019-09-10,97.66,98.88,95.79,96.99,1090307.0,STOCK_C_VOLATILE
2019-09-11,94.41,94.97,93.54,94.35,1181968.0,STOCK_C_VOLATILE
2019-09-12,96.81,98.9,95.88,96.15,385611.0,STOCK_C_VOLATILE
2019-09-13,97.79,99.7,95.02,97.39,2668353.0,STOCK_C_VOLATILE
2019-09-16,98.24,102.73,95.61,97.29,3397710.0,STOCK_C_VOLATILE
2019-09-17,96.95,99.36,96.29,98.21,1678621.0,STOCK_C_VOLATILE
2019-09-18,99.83,101.03,98.32,99.05,4114823.0,STOCK_C_VOLATILE
2019-09-19,97.17,99.98,96.8,98.07,3840684.0,STOCK_C_VOLATILE
2019-09-20,90.27,91.61,89.09,91.59,261689.0,STOCK_C_VOLATILE
2019-09-23,97.7,99.71,97.29,97.6,3535472.0,STOCK_C_VOLATILE
2019-09-24,104.64,110.58,103.24,106.68,834607.0,STOCK_C_VOLATILE
2019-09-25,107.28,108.4,106.21,107.75,1998808.0,STOCK_C_VOLATILE
2019-09-26,103.06,105.2,100.48,104.28,764422.0,STOCK_C_VOLATILE
2019-09-27,104.75,105.59,102.33,105.28,369490.0,STOCK_C_VOLATILE
2019-09-30,100.56,101.45,96.22,99.33,1726603.0,STOCK_C_VOLATILE
2019-10-01,101.98,103.07,99.98,101.65,1747488.0,STOCK_C_VOLATILE
2019-10-02,108.59,109.76,107.09,108.62,1040327.0,STOCK_C_VOLATILE
2019-10-03,111.64,113.05,110.87,110.94,2703454.0,STOCK_C_VOLATILE
2019-10-04,112.41,114.61,111.32,113.55,1956119.0,STOCK_C_VOLATILE
2019-10-07,105.6,107.19,101.0,104.38,1834525.0,STOCK_C_VOLATILE
2019-10-08,103.94,105.05,100.01,103.03,2757902.0,STOCK_C_VOLATILE
2019-10-09,98.6,98.82,95.88,97.6,387747.0,STOCK_C_VOLATILE
2019-10-10,103.83,104.82,103.78,104.61,3613777.0,STOCK_C_VOLATILE
2019-10-11,104.38,106.7,103.18,104.37,2703857.0,STOCK_C_VOLATILE
2019-10-14,104.81,105.34,102.2,103.21,3474073.0,STOCK_C_VOLATILE
2019-10-15,106.09,107.51,104.71,105.78,374607.0,STOCK_C_VOLATILE
2019-10-16,111.46,111.46,108.02,110.75,2724816.0,STOCK_C_VOLATILE
2019-10-17,112.92,117.18,112.47,113.99,4954299.0,STOCK_C_VOLATILE
2019-10-18,109.73,112.72,107.27,110.81,1614458.0,STOCK_C_VOLATILE
2019-10-21,111.98,113.82,108.53,112.85,288740.0,STOCK_C_VOLATILE
2019-10-22,113.78,115.85,110.82,115.8,3259976.0,STOCK_C_VOLATILE
2019-10-23,115.33,116.36,114.58,114.74,4023022.0,STOCK_C_VOLATILE
2019-10-24,118.88,122.02,116.31,118.59,4902479.0,STOCK_C_VOLATILE
2019-10-25,114.67,119.19,111.19,115.39,1326509.0,STOCK_C_VOLATILE
2019-10-28,120.76,124.63,117.21,118.61,4856024.0,STOCK_C_VOLATILE
2019-10-29,122.11,125.1,121.67,124.81,194293.0,STOCK_C_VOLATILE
2019-10-30,130.35,132.93,126.65,127.7,461646.0,STOCK_C_VOLATILE
2019-10-31,124.65,124.73,122.79,123.56,2953844.0,STOCK_C_VOLATILE
2019-11-01,126.53,127.88,123.6,126.68,2245558.0,STOCK_C_VOLATILE
2019-11-04,133.05,135.77,126.61,131.96,3013555.0,STOCK_C_VOLATILE
2019-11-05,140.07,140.39,133.75,136.69,1020577.0,STOCK_C_VOLATILE
2019-11-06,131.95,138.6,129.13,132.13,4960060.0,STOCK_C_VOLATILE
2019-11-07,136.6,137.3,129.29,132.72,4886471.0,STOCK_C_VOLATILE
2019-11-08,132.61,134.06,131.6,133.98,4731394.0,STOCK_C_VOLATILE
2019-11-11,147.19,153.7,144.24,152.27,3725180.0,STOCK_C_VOLATILE
2019-11-12,156.23,157.91,152.99,157.82,2505533.0,STOCK_C_VOLATILE
2019-11-13,161.58,169.8,153.87,157.42,1151950.0,STOCK_C_VOLATILE
2019-11-14,169.35,169.68,162.38,166.42,411692.0,STOCK_C_VOLATILE
2019-11-15,165.47,168.06,161.37,166.14,2989383.0,STOCK_C_VOLATILE
2019-11-18,163.95,169.69,161.1,167.4,1927284.0,STOCK_C_VOLATILE
2019-11-19,180.37,180.95,179.93,180.29,2543346.0,STOCK_C_VOLATILE
2019-11-20,191.87,194.0,191.42,191.63,1834642.0,STOCK_C_VOLATILE
2019-11-21,195.57,196.15,193.04,195.83,1655320.0,STOCK_C_VOLATILE
2019-11-22,185.31,193.25,181.36,191.21,291172.0,STOCK_C_VOLATILE
2019-11-25,167.11,171.18,166.18,168.47,524885.0,STOCK_C_VOLATILE
2019-11-26,171.42,175.24,166.61,170.7,787862.0,STOCK_C_VOLATILE
2019-11-27,166.65,168.4,162.95,165.18,956412.0,STOCK_C_VOLATILE
2019-11-28,171.24,174.39,171.1,174.06,4001775.0,STOCK_C_VOLATILE
2019-11-29,181.61,184.77,178.85,183.96,922117.0,STOCK_C_VOLATILE
2019-12-02,175.1,179.34,172.2,175.41,4048047.0,STOCK_C_VOLATILE
2019-12-03,169.07,171.4,163.98,166.97,4566771.0,STOCK_C_VOLATILE
2019-12-04,168.0,168.0,158.92,165.13,3479564.0,STOCK_C_VOLATILE
2019-12-05,165.4,170.14,162.9,167.05,3738010.0,STOCK_C_VOLATILE
2019-12-06,174.04,175.53,173.64,174.87,4997903.0,STOCK_C_VOLATILE
2019-12-09,167.39,168.79,163.46,166.17,2101536.0,STOCK_C_VOLATILE
2019-12-10,152.86,156.93,151.08,152.02,154318.0,STOCK_C_VOLATILE
2019-12-11,149.38,153.6,146.33,150.67,4860312.0,STOCK_C_VOLATILE
2019-12-12,144.81,150.76,144.41,147.9,1683474.0,STOCK_C_VOLATILE
2019-12-13,146.38,147.67,141.98,147.56,4014374.0,STOCK_C_VOLATILE
2019-12-16,155.56,159.3,152.26,156.99,2739842.0,STOCK_C_VOLATILE
2019-12-17,156.19,157.01,152.73,153.82,3256218.0,STOCK_C_VOLATILE
2019-12-18,159.82,163.36,156.24,160.9,4498115.0,STOCK_C_VOLATILE
2019-12-19,156.98,165.32,151.56,159.7,4713394.0,STOCK_C_VOLATILE
2019-12-20,164.87,166.19,162.32,163.33,3467864.0,STOCK_C_VOLATILE
2019-12-23,171.75,173.15,168.36,169.73,2618827.0,STOCK_C_VOLATILE
2019-12-24,172.61,175.96,166.62,169.26,475336.0,STOCK_C_VOLATILE
2019-12-25,157.94,160.33,153.23,157.8,3508402.0,STOCK_C_VOLATILE
2019-12-26,150.07,151.15,147.77,151.14,553025.0,STOCK_C_VOLATILE
2019-12-27,149.51,151.77,146.23,150.09,3552940.0,STOCK_C_VOLATILE
2019-12-30,136.64,141.99,133.72,140.3,221415.0,STOCK_C_VOLATILE
2019-12-31,132.09,136.49,129.66,132.11,3643012.0,STOCK_C_VOLATILE
2020-01-01,126.84,131.46,124.17,129.08,4401810.0,STOCK_C_VOLATILE
2020-01-02,122.83,124.76,118.56,123.4,2479271.0,STOCK_C_VOLATILE
2020-01-03,126.66,127.95,124.18,127.31,3426336.0,STOCK_C_VOLATILE
2020-01-06,127.88,131.79,119.92,131.17,1548852.0,STOCK_C_VOLATILE
2020-01-07,117.53,118.23,113.71,116.62,365660.0,STOCK_C_VOLATILE
2020-01-08,117.94,120.12,117.8,119.53,1190544.0,STOCK_C_VOLATILE
2020-01-09,116.07,119.57,114.22,115.61,3121479.0,STOCK_C_VOLATILE
2020-01-10,113.89,116.75,111.68,114.52,425819.0,STOCK_C_VOLATILE
2020-01-13,122.48,126.03,119.74,121.4,2788548.0,STOCK_C_VOLATILE
2020-01-14,120.68,125.11,119.45,122.11,2269530.0,STOCK_C_VOLATILE
2020-01-15,122.93,123.35,118.77,120.66,518374.0,STOCK_C_VOLATILE
2020-01-16,115.72,119.41,112.44,116.2,4351608.0,STOCK_C_VOLATILE
2020-01-17,118.45,123.19,113.84,116.96,1202418.0,STOCK_C_VOLATILE
2020-01-20,122.14,124.77,116.33,119.95,4283042.0,STOCK_C_VOLATILE
2020-01-21,122.93,125.86,122.14,124.43,2494174.0,STOCK_C_VOLATILE
2020-01-22,123.27,125.98,119.87,121.98,1341873.0,STOCK_C_VOLATILE
2020-01-23,130.79,134.98,129.38,132.61,1303810.0,STOCK_C_VOLATILE
2020-01-24,131.75,136.25,128.47,132.32,115103.0,STOCK_C_VOLATILE
2020-01-27,143.68,144.31,142.48,143.09,2366326.0,STOCK_C_VOLATILE
2020-01-28,144.54,145.53,140.49,144.1,3889202.0,STOCK_C_VOLATILE
2020-01-29,154.35,156.01,152.31,155.2,177539.0,STOCK_C_VOLATILE
2020-01-30,163.99,169.26,163.58,166.8,988162.0,STOCK_C_VOLATILE
2020-01-31,161.55,162.7,160.59,161.6,990605.0,STOCK_C_VOLATILE
2020-02-03,158.96,161.96,157.63,161.13,4676091.0,STOCK_C_VOLATILE
2020-02-04,163.16,163.95,157.52,160.55,1575637.0,STOCK_C_VOLATILE
2020-02-05,164.38,166.85,163.55,166.37,2186069.0,STOCK_C_VOLATILE
2020-02-06,159.86,165.11,157.81,160.7,1102095.0,STOCK_C_VOLATILE
2020-02-07,153.23,154.53,152.18,153.3,1420493.0,STOCK_C_VOLATILE
2020-02-10,168.81,176.01,166.77,174.3,1566475.0,STOCK_C_VOLATILE
2020-02-11,179.05,183.84,177.35,180.85,2760177.0,STOCK_C_VOLATILE
2020-02-12,193.01,197.74,189.79,191.15,3222046.0,STOCK_C_VOLATILE
2020-02-13,196.95,201.05,191.28,193.95,2977534.0,STOCK_C_VOLATILE
2020-02-14,198.93,200.5,194.25,198.1,1710325.0,STOCK_C_VOLATILE
2020-02-17,206.44,207.16,202.57,205.97,1732294.0,STOCK_C_VOLATILE
2020-02-18,209.79,213.99,207.38,210.02,1572886.0,STOCK_C_VOLATILE
2020-02-19,207.88,213.66,204.49,209.37,3496015.0,STOCK_C_VOLATILE
2020-02-20,211.92,214.67,206.68,208.02,761516.0,STOCK_C_VOLATILE
2020-02-21,226.05,226.82,218.71,222.3,12238536.0,STOCK_C_VOLATILE
2020-02-24,214.21,219.77,213.17,216.95,3364582.0,STOCK_C_VOLATILE
2020-02-25,224.44,227.08,221.77,224.75,4061563.0,STOCK_C_VOLATILE
2020-02-26,229.79,237.33,226.55,227.09,1764010.0,STOCK_C_VOLATILE
2020-02-27,226.85,231.0,226.16,226.22,1094410.0,STOCK_C_VOLATILE
2020-02-28,236.86,240.54,229.76,236.05,948561.0,STOCK_C_VOLATILE
2020-03-02,235.37,239.88,229.14,232.95,1506662.0,STOCK_C_VOLATILE
2020-03-03,213.45,215.0,212.42,212.46,3568265.0,STOCK_C_VOLATILE
2020-03-04,219.03,224.87,217.56,221.78,4998963.0,STOCK_C_VOLATILE
2020-03-05,226.25,229.68,223.31,224.63,4093721.0,STOCK_C_VOLATILE
2020-03-06,231.28,238.32,228.41,229.49,745908.0,STOCK_C_VOLATILE
2020-03-09,242.5,243.46,235.87,241.91,3628052.0,STOCK_C_VOLATILE
2020-03-10,241.46,245.02,240.07,241.96,849161.0,STOCK_C_VOLATILE
2020-03-11,256.12,265.6,250.96,256.86,2427304.0,STOCK_C_VOLATILE
2020-03-12,250.87,259.88,248.88,254.97,290628.0,STOCK_C_VOLATILE
2020-03-13,277.26,283.56,273.27,280.87,3617331.0,STOCK_C_VOLATILE
2020-03-16,264.02,270.95,258.45,266.73,3576062.0,STOCK_C_VOLATILE
2020-03-17,274.29,282.36,261.62,267.12,1720981.0,STOCK_C_VOLATILE
2020-03-18,266.32,267.22,260.67,264.15,3012295.0,STOCK_C_VOLATILE
2020-03-19,248.62,253.24,246.61,249.66,3519730.0,STOCK_C_VOLATILE
2020-03-20,241.53,242.13,237.24,238.75,1285803.0,STOCK_C_VOLATILE
2020-03-23,241.42,245.12,238.57,238.73,653861.0,STOCK_C_VOLATILE
2020-03-24,219.46,222.41,219.23,220.05,4412979.0,STOCK_C_VOLATILE
2020-03-25,221.95,227.06,218.44,219.43,10082448.0,STOCK_C_VOLATILE
2020-03-26,224.97,233.87,221.44,226.22,1775955.0,STOCK_C_VOLATILE
2020-03-27,209.43,217.19,203.37,214.31,944273.0,STOCK_C_VOLATILE
2020-03-30,205.36,208.8,203.36,206.03,1125146.0,STOCK_C_VOLATILE
2020-03-31,193.65,198.43,187.25,191.92,1064045.0,STOCK_C_VOLATILE
2020-04-01,191.69,194.51,186.25,187.11,1565162.0,STOCK_C_VOLATILE
2020-04-02,180.34,186.63,177.23,184.79,4802306.0,STOCK_C_VOLATILE
2020-04-03,172.75,179.08,168.29,177.21,4739346.0,STOCK_C_VOLATILE
2020-04-06,167.32,172.5,165.25,170.65,4284641.0,STOCK_C_VOLATILE
2020-04-07,169.75,173.19,169.56,171.07,1637468.0,STOCK_C_VOLATILE
2020-04-08,174.95,175.27,171.23,173.08,112903.0,STOCK_C_VOLATILE
2020-04-09,167.41,170.12,162.41,163.04,151331.0,STOCK_C_VOLATILE
2020-04-10,161.49,165.18,158.42,158.51,3512750.0,STOCK_C_VOLATILE
2020-04-13,149.27,155.08,148.62,152.78,1241465.0,STOCK_C_VOLATILE
2020-04-14,139.1,141.56,138.32,141.11,3210125.0,STOCK_C_VOLATILE
2020-04-15,141.81,141.96,139.73,140.1,3820251.0,STOCK_C_VOLATILE
2020-04-16,141.7,142.51,138.97,142.07,4298464.0,STOCK_C_VOLATILE
2020-04-17,143.74,145.7,140.96,142.94,3399558.0,STOCK_C_VOLATILE
2020-04-20,135.6,140.16,135.37,136.75,1723632.0,STOCK_C_VOLATILE
2020-04-21,145.24,145.39,141.37,142.79,1765580.0,STOCK_C_VOLATILE
2020-04-22,145.75,149.77,145.11,147.43,3890540.0,STOCK_C_VOLATILE
2020-04-23,141.76,146.03,141.54,142.23,1027268.0,STOCK_C_VOLATILE
2020-04-24,137.82,140.56,137.29,139.54,2682699.0,STOCK_C_VOLATILE
2020-04-27,146.68,146.68,143.76,144.38,1428836.0,STOCK_C_VOLATILE
2020-04-28,139.4,142.74,138.25,140.64,2735947.0,STOCK_C_VOLATILE
2020-04-29,148.31,148.46,145.29,147.19,1525270.0,STOCK_C_VOLATILE
2020-04-30,159.16,159.84,155.93,156.58,2030591.0,STOCK_C_VOLATILE
2020-05-01,155.93,157.28,153.55,155.56,3725000.0,STOCK_C_VOLATILE
2020-05-04,151.81,157.77,149.07,155.43,4592239.0,STOCK_C_VOLATILE
2020-05-05,158.05,160.83,155.17,155.2,1707834.0,STOCK_C_VOLATILE
2020-05-06,164.95,165.05,163.02,163.77,568485.0,STOCK_C_VOLATILE
2020-05-07,172.4,173.08,167.83,169.56,3345811.0,STOCK_C_VOLATILE
2020-05-08,160.18,161.91,156.17,161.47,4634890.0,STOCK_C_VOLATILE
2020-05-11,152.13,156.45,150.69,151.32,672176.0,STOCK_C_VOLATILE
2020-05-12,151.41,153.51,144.03,146.68,528017.0,STOCK_C_VOLATILE
2020-05-13,139.3,145.27,134.57,144.09,4053850.0,STOCK_C_VOLATILE
2020-05-14,138.54,141.18,129.11,137.24,3868549.0,STOCK_C_VOLATILE
2020-05-15,142.08,146.92,138.4,142.19,4225813.0,STOCK_C_VOLATILE
2020-05-18,146.79,148.86,140.68,142.32,4992649.0,STOCK_C_VOLATILE
2020-05-19,150.72,153.01,146.28,147.67,1939972.0,STOCK_C_VOLATILE
2020-05-20,151.62,154.85,150.69,153.83,4319246.0,STOCK_C_VOLATILE
2020-05-21,147.11,149.26,145.7,147.31,995989.0,STOCK_C_VOLATILE
2020-05-22,158.75,167.51,158.15,160.19,2977711.0,STOCK_C_VOLATILE
2020-05-25,168.67,171.98,165.96,171.26,4773070.0,STOCK_C_VOLATILE
2020-05-26,165.77,174.49,164.62,169.32,3595598.0,STOCK_C_VOLATILE
2020-05-27,160.89,164.05,159.71,162.49,119319.0,STOCK_C_VOLATILE
2020-05-28,158.05,158.89,151.1,156.21,3786315.0,STOCK_C_VOLATILE
2020-05-29,156.23,160.57,152.4,159.43,2740315.0,STOCK_C_VOLATILE
2020-06-01,157.62,161.75,152.93,155.22,1359319.0,STOCK_C_VOLATILE
2020-06-02,151.91,159.85,150.68,156.88,4369932.0,STOCK_C_VOLATILE
2020-06-03,166.19,173.15,162.71,168.89,4031863.0,STOCK_C_VOLATILE
2020-06-04,170.75,172.21,166.54,167.85,4570631.0,STOCK_C_VOLATILE
2020-06-05,166.76,166.83,159.04,164.8,1035494.0,STOCK_C_VOLATILE
2020-06-08,168.66,170.06,165.89,167.48,3489057.0,STOCK_C_VOLATILE
2020-06-09,168.5,170.11,166.47,169.3,2127436.0,STOCK_C_VOLATILE
2020-06-10,161.21,161.6,160.2,161.15,1635172.0,STOCK_C_VOLATILE
2020-06-11,153.51,154.71,146.5,147.97,4921583.0,STOCK_C_VOLATILE
2020-06-12,150.99,152.62,145.73,146.21,1903561.0,STOCK_C_VOLATILE
2020-06-15,144.78,144.94,142.39,142.98,3111090.0,STOCK_C_VOLATILE
2020-06-16,140.61,142.79,139.02,139.3,2447999.0,STOCK_C_VOLATILE
2020-06-17,137.99,142.28,134.79,139.03,867008.0,STOCK_C_VOLATILE
2020-06-18,139.73,142.55,137.47,141.41,2299850.0,STOCK_C_VOLATILE
2020-06-19,134.26,135.85,130.98,135.6,2927694.0,STOCK_C_VOLATILE
2020-06-22,136.34,140.18,133.27,139.59,4190880.0,STOCK_C_VOLATILE
2020-06-23,134.53,136.91,133.71,133.89,4315530.0,STOCK_C_VOLATILE
2020-06-24,128.81,135.61,128.35,132.47,1857231.0,STOCK_C_VOLATILE
2020-06-25,132.0,136.1,129.91,133.3,2107541.0,STOCK_C_VOLATILE
2020-06-26,134.15,138.6,133.36,137.32,1531065.0,STOCK_C_VOLATILE
2020-06-29,144.65,148.01,143.94,144.55,2760084.0,STOCK_C_VOLATILE
2020-06-30,147.88,153.93,143.9,146.98,13501357.0,STOCK_C_VOLATILE
2020-07-01,144.54,148.0,140.02,146.27,4999187.0,STOCK_C_VOLATILE
2020-07-02,147.2,151.05,143.31,148.62,2312214.0,STOCK_C_VOLATILE
2020-07-03,151.54,153.73,150.73,150.89,911230.0,STOCK_C_VOLATILE
2020-07-06,144.14,148.39,142.7,146.22,230733.0,STOCK_C_VOLATILE
2020-07-07,143.96,146.04,143.8,145.94,1456070.0,STOCK_C_VOLATILE
2020-07-08,144.0,146.14,143.5,143.62,4242049.0,STOCK_C_VOLATILE
2020-07-09,145.5,148.15,142.99,145.13,604656.0,STOCK_C_VOLATILE
2020-07-10,133.82,136.65,125.72,134.05,4126113.0,STOCK_C_VOLATILE
2020-07-13,126.14,126.61,125.15,125.31,2718784.0,STOCK_C_VOLATILE
2020-07-14,112.14,115.57,111.55,112.77,3548733.0,STOCK_C_VOLATILE
2020-07-15,117.31,118.82,113.26,116.53,893333.0,STOCK_C_VOLATILE
2020-07-16,116.34,116.67,113.31,114.14,2980420.0,STOCK_C_VOLATILE
2020-07-17,113.19,116.01,112.2,113.82,3328078.0,STOCK_C_VOLATILE
2020-07-20,105.3,107.06,103.51,103.72,2904236.0,STOCK_C_VOLATILE
2020-07-21,107.98,108.01,104.58,106.02,1923309.0,STOCK_C_VOLATILE
2020-07-22,104.94,108.27,103.3,106.91,4256905.0,STOCK_C_VOLATILE
2020-07-23,114.51,117.24,111.93,113.04,3092557.0,STOCK_C_VOLATILE
2020-07-24,119.31,121.63,118.38,120.43,2573704.0,STOCK_C_VOLATILE
2020-07-27,124.63,127.77,118.49,122.37,631448.0,STOCK_C_VOLATILE
2020-07-28,124.33,125.27,122.43,122.83,1273631.0,STOCK_C_VOLATILE
2020-07-29,123.55,126.32,123.0,124.43,1891164.0,STOCK_C_VOLATILE
2020-07-30,122.14,125.07,120.77,123.7,3792910.0,STOCK_C_VOLATILE
2020-07-31,121.18,126.92,118.0,121.91,658636.0,STOCK_C_VOLATILE
2020-08-03,123.4,126.02,118.73,121.69,2403587.0,STOCK_C_VOLATILE
2020-08-04,123.41,124.95,121.37,122.63,2170788.0,STOCK_C_VOLATILE
2020-08-05,119.82,123.71,117.76,118.23,2773331.0,STOCK_C_VOLATILE
2020-08-06,116.58,117.1,116.19,116.31,1340836.0,STOCK_C_VOLATILE
2020-08-07,124.51,126.74,123.69,125.73,3006387.0,STOCK_C_VOLATILE
2020-08-10,122.4,124.83,122.38,122.62,3617219.0,STOCK_C_VOLATILE
2020-08-11,120.69,124.46,119.91,120.15,3485482.0,STOCK_C_VOLATILE
2020-08-12,124.27,126.46,119.58,122.33,1713551.0,STOCK_C_VOLATILE
2020-08-13,118.74,122.6,116.01,117.1,3491013.0,STOCK_C_VOLATILE
2020-08-14,112.96,115.23,109.05,114.84,2017329.0,STOCK_C_VOLATILE
2020-08-17,107.67,108.1,106.84,107.14,1676942.0,STOCK_C_VOLATILE
2020-08-18,103.1,107.55,100.84,106.54,3480829.0,STOCK_C_VOLATILE
2020-08-19,101.58,103.3,99.5,101.82,611059.0,STOCK_C_VOLATILE
2020-08-20,92.14,92.43,92.06,92.2,1707426.0,STOCK_C_VOLATILE
2020-08-21,92.66,94.5,92.4,93.57,3366277.0,STOCK_C_VOLATILE
2020-08-24,97.19,97.7,95.23,96.42,228930.0,STOCK_C_VOLATILE
2020-08-25,93.68,99.79,90.96,95.22,4207584.0,STOCK_C_VOLATILE
2020-08-26,102.32,107.96,98.89,102.89,3422816.0,STOCK_C_VOLATILE
2020-08-27,94.86,96.53,93.95,94.77,3813600.0,STOCK_C_VOLATILE
2020-08-28,89.03,89.75,87.47,87.95,1469273.0,STOCK_C_VOLATILE
2020-08-31,88.1,88.72,85.37,88.05,132073.0,STOCK_C_VOLATILE
2020-09-01,93.71,96.3,90.8,91.55,401983.0,STOCK_C_VOLATILE
2020-09-02,88.4,90.98,87.41,90.75,3163851.0,STOCK_C_VOLATILE
2020-09-03,88.92,89.07,88.25,88.75,1979066.0,STOCK_C_VOLATILE
2020-09-04,85.62,85.91,84.02,84.23,2583880.0,STOCK_C_VOLATILE
2020-09-07,92.33,92.8,90.65,90.97,325644.0,STOCK_C_VOLATILE
2020-09-08,88.59,90.31,86.61,88.39,1544373.0,STOCK_C_VOLATILE
2020-09-09,91.13,92.4,88.91,90.72,1979555.0,STOCK_C_VOLATILE
2020-09-10,91.55,92.62,89.06,91.45,9992814.0,STOCK_C_VOLATILE
2020-09-11,85.33,86.85,83.8,85.35,1940283.0,STOCK_C_VOLATILE
2020-09-14,89.17,89.39,86.12,88.4,1556787.0,STOCK_C_VOLATILE
2020-09-15,86.96,89.44,84.04,85.61,1501464.0,STOCK_C_VOLATILE
2020-09-16,85.8,87.06,85.75,87.0,4377875.0,STOCK_C_VOLATILE
2020-09-17,90.11,90.91,88.84,88.89,896267.0,STOCK_C_VOLATILE
2020-09-18,86.65,89.8,86.2,87.94,1732211.0,STOCK_C_VOLATILE
2020-09-21,97.37,97.82,93.21,94.57,2462172.0,STOCK_C_VOLATILE
2020-09-22,100.9,101.65,100.17,100.33,2253998.0,STOCK_C_VOLATILE
2020-09-23,101.72,105.07,98.63,99.84,4554775.0,STOCK_C_VOLATILE
2020-09-24,102.77,106.56,101.7,103.47,1514994.0,STOCK_C_VOLATILE
2020-09-25,108.53,111.43,104.43,109.24,4486048.0,STOCK_C_VOLATILE
2020-09-28,117.87,118.33,116.39,117.99,2246388.0,STOCK_C_VOLATILE
2020-09-29,117.4,117.57,115.9,116.24,823671.0,STOCK_C_VOLATILE
2020-09-30,127.71,128.09,124.05,126.94,3515383.0,STOCK_C_VOLATILE
2020-10-01,125.26,126.46,118.05,121.67,3930975.0,STOCK_C_VOLATILE
2020-10-02,115.53,116.75,110.4,114.94,3982534.0,STOCK_C_VOLATILE
2020-10-05,117.99,120.48,117.82,118.29,243331.0,STOCK_C_VOLATILE
2020-10-06,111.31,113.1,108.33,113.0,1351826.0,STOCK_C_VOLATILE
2020-10-07,120.66,123.2,120.38,121.63,3155156.0,STOCK_C_VOLATILE
2020-10-08,111.44,111.96,110.9,111.09,816260.0,STOCK_C_VOLATILE
2020-10-09,111.23,113.69,109.72,110.93,350272.0,STOCK_C_VOLATILE
2020-10-12,114.8,115.59,111.91,113.99,2803962.0,STOCK_C_VOLATILE
2020-10-13,106.15,106.48,101.48,105.15,2810803.0,STOCK_C_VOLATILE
2020-10-14,108.7,112.64,106.45,110.02,1270608.0,STOCK_C_VOLATILE
2020-10-15,102.88,104.8,101.34,102.59,3432335.0,STOCK_C_VOLATILE
2020-10-16,103.43,108.2,103.13,103.97,3988229.0,STOCK_C_VOLATILE
2020-10-19,105.62,108.62,101.47,104.84,3894425.0,STOCK_C_VOLATILE
2020-10-20,109.03,109.7,104.72,105.76,4272337.0,STOCK_C_VOLATILE
2020-10-21,108.73,112.73,106.0,109.63,409304.0,STOCK_C_VOLATILE
2020-10-22,116.24,116.65,113.18,113.53,4043521.0,STOCK_C_VOLATILE
2020-10-23,108.86,112.04,105.53,109.12,1661053.0,STOCK_C_VOLATILE
2020-10-26,104.03,105.74,103.11,104.31,1634122.0,STOCK_C_VOLATILE
2020-10-27,106.9,107.56,101.75,104.59,14581088.0,STOCK_C_VOLATILE
2020-10-28,93.94,97.61,92.16,96.5,2111432.0,STOCK_C_VOLATILE
2020-10-29,105.45,108.15,99.58,102.13,2737129.0,STOCK_C_VOLATILE
2020-10-30,101.64,102.98,100.37,101.1,1628559.0,STOCK_C_VOLATILE
2020-11-02,109.22,112.16,108.89,111.7,948322.0,STOCK_C_VOLATILE
2020-11-03,114.76,115.29,110.62,114.38,2863931.0,STOCK_C_VOLATILE
2020-11-04,109.99,112.62,109.92,111.02,106381.0,STOCK_C_VOLATILE
2020-11-05,103.07,106.11,102.8,105.7,667673.0,STOCK_C_VOLATILE
2020-11-06,112.56,116.14,110.91,111.69,3721155.0,STOCK_C_VOLATILE
2020-11-09,94.36,97.05,90.85,95.09,2791476.0,STOCK_C_VOLATILE
2020-11-10,91.44,93.77,90.07,93.03,4994156.0,STOCK_C_VOLATILE
2020-11-11,104.57,105.14,100.87,101.78,4741228.0,STOCK_C_VOLATILE
2020-11-12,100.79,101.61,99.43,101.3,1267955.0,STOCK_C_VOLATILE
2020-11-13,104.56,106.55,102.63,104.26,455408.0,STOCK_C_VOLATILE
2020-11-16,105.96,108.7,103.01,104.05,1615093.0,STOCK_C_VOLATILE
2020-11-17,106.37,109.06,105.6,106.52,771768.0,STOCK_C_VOLATILE
2020-11-18,101.86,102.76,99.14,102.37,512821.0,STOCK_C_VOLATILE
2020-11-19,101.62,103.18,101.39,102.6,2941356.0,STOCK_C_VOLATILE
2020-11-20,110.3,111.0,106.18,108.25,3147713.0,STOCK_C_VOLATILE
2020-11-23,108.6,109.1,107.24,108.08,3447576.0,STOCK_C_VOLATILE
2020-11-24,109.88,110.83,107.81,108.58,3939872.0,STOCK_C_VOLATILE
2020-11-25,112.54,118.26,112.31,114.46,4063384.0,STOCK_C_VOLATILE
2020-11-26,119.21,122.87,114.14,119.79,894596.0,STOCK_C_VOLATILE
2020-11-27,122.88,124.18,120.26,120.75,2493551.0,STOCK_C_VOLATILE
2020-11-30,117.27,118.55,113.51,116.22,4157778.0,STOCK_C_VOLATILE
2020-12-01,110.54,111.19,109.01,110.37,4277327.0,STOCK_C_VOLATILE
2020-12-02,110.97,112.15,109.69,111.33,3876839.0,STOCK_C_VOLATILE
2020-12-03,110.88,111.93,110.64,111.36,3107471.0,STOCK_C_VOLATILE
2020-12-04,121.69,122.15,118.97,120.03,1531519.0,STOCK_C_VOLATILE
2020-12-07,135.06,137.48,134.02,137.16,4412224.0,STOCK_C_VOLATILE
2020-12-08,146.64,152.33,145.54,147.32,4149205.0,STOCK_C_VOLATILE
2020-12-09,143.88,147.98,141.79,143.94,1442787.0,STOCK_C_VOLATILE
2020-12-10,143.1,143.54,139.28,141.99,731814.0,STOCK_C_VOLATILE
2020-12-11,133.56,134.94,129.65,131.57,4962074.0,STOCK_C_VOLATILE
2020-12-14,134.6,134.68,129.97,133.14,2574433.0,STOCK_C_VOLATILE
2020-12-15,137.6,138.33,133.41,134.66,2622628.0,STOCK_C_VOLATILE
2020-12-16,140.36,142.84,139.27,140.33,2715158.0,STOCK_C_VOLATILE
2020-12-17,132.07,137.75,129.69,134.25,385263.0,STOCK_C_VOLATILE
2020-12-18,138.65,141.33,135.33,136.01,4380270.0,STOCK_C_VOLATILE
2020-12-21,134.98,137.76,132.31,135.89,4464105.0,STOCK_C_VOLATILE
2020-12-22,141.97,143.13,136.94,141.84,2888395.0,STOCK_C_VOLATILE
2020-12-23,131.79,133.15,130.22,132.48,4673097.0,STOCK_C_VOLATILE
2020-12-24,142.62,143.85,138.73,140.2,3108193.0,STOCK_C_VOLATILE
2020-12-25,140.25,140.62,139.64,140.24,170664.0,STOCK_C_VOLATILE
2020-12-28,139.08,139.74,138.87,139.73,649505.0,STOCK_C_VOLATILE
2020-12-29,132.14,133.05,130.83,131.77,4422380.0,STOCK_C_VOLATILE
2020-12-30,132.84,133.16,129.99,130.29,2672766.0,STOCK_C_VOLATILE
2020-12-31,130.13,133.94,127.2,131.77,316389.0,STOCK_C_VOLATILE
2021-01-01,134.36,135.35,126.58,129.9,2983081.0,STOCK_C_VOLATILE
2021-01-04,131.78,132.18,123.82,130.66,2210789.0,STOCK_C_VOLATILE
2021-01-05,121.36,125.53,118.77,123.44,842789.0,STOCK_C_VOLATILE
2021-01-06,120.78,125.67,120.15,123.01,4979327.0,STOCK_C_VOLATILE
2021-01-07,118.81,120.6,116.93,117.44,3886248.0,STOCK_C_VOLATILE
2021-01-08,105.71,108.51,105.29,107.14,3402274.0,STOCK_C_VOLATILE
2021-01-11,101.02,104.13,98.55,100.06,2097136.0,STOCK_C_VOLATILE
2021-01-12,97.61,100.03,97.59,98.45,1910276.0,STOCK_C_VOLATILE
2021-01-13,99.54,100.98,98.11,99.8,4286599.0,STOCK_C_VOLATILE
2021-01-14,99.08,101.43,98.43,99.89,3091721.0,STOCK_C_VOLATILE
2021-01-15,106.42,107.0,104.46,105.83,3012202.0,STOCK_C_VOLATILE
2021-01-18,109.54,110.96,103.01,107.21,3671353.0,STOCK_C_VOLATILE
2021-01-19,109.24,112.01,106.75,107.3,3313431.0,STOCK_C_VOLATILE
2021-01-20,107.03,107.88,103.58,104.61,861413.0,STOCK_C_VOLATILE
2021-01-21,106.67,107.5,105.4,106.95,746446.0,STOCK_C_VOLATILE
2021-01-22,104.42,107.84,103.0,106.38,4639358.0,STOCK_C_VOLATILE
2021-01-25,96.04,97.46,94.27,97.09,3612893.0,STOCK_C_VOLATILE
2021-01-26,97.2,99.04,93.14,96.65,427527.0,STOCK_C_VOLATILE
2021-01-27,95.27,98.31,92.89,96.35,998536.0,STOCK_C_VOLATILE
2021-01-28,96.68,98.44,94.84,95.63,424765.0,STOCK_C_VOLATILE
2021-01-29,109.09,114.12,106.67,107.44,4161515.0,STOCK_C_VOLATILE
2021-02-01,112.87,115.56,109.65,110.33,2777474.0,STOCK_C_VOLATILE
2021-02-02,114.92,119.13,113.52,114.45,4964495.0,STOCK_C_VOLATILE
2021-02-03,118.36,118.4,116.52,117.62,744870.0,STOCK_C_VOLATILE
2021-02-04,113.87,116.51,111.71,115.07,2803459.0,STOCK_C_VOLATILE
2021-02-05,114.9,116.71,111.14,116.26,2819856.0,STOCK_C_VOLATILE
2021-02-08,118.48,120.94,115.34,117.56,2801686.0,STOCK_C_VOLATILE
2021-02-09,118.43,121.02,117.39,119.01,2663082.0,STOCK_C_VOLATILE
2021-02-10,113.83,115.99,112.46,114.98,3050280.0,STOCK_C_VOLATILE
2021-02-11,117.22,118.71,115.07,116.63,4218600.0,STOCK_C_VOLATILE
2021-02-12,111.22,116.91,108.44,114.81,4423552.0,STOCK_C_VOLATILE
2021-02-15,108.58,109.06,107.92,108.43,4797274.0,STOCK_C_VOLATILE
2021-02-16,104.73,104.94,101.27,103.24,1077252.0,STOCK_C_VOLATILE
2021-02-17,100.26,101.64,99.57,101.18,2761451.0,STOCK_C_VOLATILE
2021-02-18,99.29,102.0,98.27,100.68,4790081.0,STOCK_C_VOLATILE
2021-02-19,95.82,97.06,93.11,94.53,2880703.0,STOCK_C_VOLATILE
2021-02-22,87.92,89.6,85.17,87.62,4558871.0,STOCK_C_VOLATILE
2021-02-23,84.49,85.75,80.5,83.48,3128692.0,STOCK_C_VOLATILE
2021-02-24,80.45,82.45,78.97,81.24,1611179.0,STOCK_C_VOLATILE
2021-02-25,87.79,89.56,86.09,86.68,1982766.0,STOCK_C_VOLATILE
2021-02-26,87.3,91.82,84.98,88.38,389534.0,STOCK_C_VOLATILE
2021-03-01,79.35,79.78,78.27,79.13,760389.0,STOCK_C_VOLATILE
2021-03-02,77.72,78.95,76.24,77.02,1858995.0,STOCK_C_VOLATILE
2021-03-03,77.76,78.07,77.19,77.31,3502939.0,STOCK_C_VOLATILE
2021-03-04,84.65,86.9,80.48,80.8,4669890.0,STOCK_C_VOLATILE
2021-03-05,80.44,81.46,79.45,80.22,3486781.0,STOCK_C_VOLATILE
2021-03-08,87.13,90.06,85.19,86.54,1122102.0,STOCK_C_VOLATILE
2021-03-09,84.97,85.69,80.47,83.59,337405.0,STOCK_C_VOLATILE
2021-03-10,89.33,92.08,87.38,91.3,250201.0,STOCK_C_VOLATILE
2021-03-11,90.87,95.51,88.95,89.71,2473943.0,STOCK_C_VOLATILE
2021-03-12,89.0,89.94,86.01,89.31,4286138.0,STOCK_C_VOLATILE
2021-03-15,90.88,90.92,89.04,90.74,4573362.0,STOCK_C_VOLATILE
2021-03-16,88.96,89.48,88.36,88.47,2216917.0,STOCK_C_VOLATILE
2021-03-17,82.61,84.87,80.44,84.0,3670001.0,STOCK_C_VOLATILE
2021-03-18,86.35,87.11,83.6,85.57,4608362.0,STOCK_C_VOLATILE
2021-03-19,86.46,87.19,85.91,86.38,1655092.0,STOCK_C_VOLATILE
2021-03-22,92.87,93.86,92.48,92.51,1705199.0,STOCK_C_VOLATILE
2021-03-23,97.85,99.87,94.75,96.14,3319219.0,STOCK_C_VOLATILE
2021-03-24,92.93,93.49,91.95,93.44,2175088.0,STOCK_C_VOLATILE
2021-03-25,96.39,97.09,95.25,95.8,3954650.0,STOCK_C_VOLATILE
2021-03-26,93.7,96.79,92.02,92.23,2385352.0,STOCK_C_VOLATILE
2021-03-29,85.2,87.87,82.31,85.28,4342573.0,STOCK_C_VOLATILE
2021-03-30,85.63,87.12,82.44,84.2,942613.0,STOCK_C_VOLATILE
2021-03-31,80.76,84.83,79.94,81.76,2678891.0,STOCK_C_VOLATILE
2021-04-01,80.25,81.53,78.21,78.95,11992282.0,STOCK_C_VOLATILE
2021-04-02,82.05,82.24,80.65,82.13,1571281.0,STOCK_C_VOLATILE
2021-04-05,82.17,82.53,79.4,81.64,800204.0,STOCK_C_VOLATILE
2021-04-06,76.75,78.92,75.03,77.87,1394229.0,STOCK_C_VOLATILE
2021-04-07,76.01,77.53,74.68,75.8,398900.0,STOCK_C_VOLATILE
2021-04-08,76.94,77.8,75.68,76.33,4439651.0,STOCK_C_VOLATILE
2021-04-09,67.79,69.51,66.84,68.8,4790812.0,STOCK_C_VOLATILE
2021-04-12,66.83,70.14,65.83,69.93,658978.0,STOCK_C_VOLATILE
2021-04-13,69.37,71.41,67.89,70.29,2388136.0,STOCK_C_VOLATILE
2021-04-14,69.93,71.59,68.86,71.44,1143555.0,STOCK_C_VOLATILE
2021-04-15,73.74,76.95,72.38,75.37,2871896.0,STOCK_C_VOLATILE
2021-04-16,77.75,79.53,77.19,79.36,410009.0,STOCK_C_VOLATILE
2021-04-19,76.46,80.78,76.12,77.34,2082646.0,STOCK_C_VOLATILE
2021-04-20,79.09,82.79,76.9,80.87,4827735.0,STOCK_C_VOLATILE
2021-04-21,83.05,83.17,80.41,81.23,4878817.0,STOCK_C_VOLATILE
2021-04-22,75.8,76.87,73.95,76.53,2919708.0,STOCK_C_VOLATILE
2021-04-23,75.94,77.6,75.32,76.1,4122205.0,STOCK_C_VOLATILE
2021-04-26,74.03,76.33,73.55,75.22,1926329.0,STOCK_C_VOLATILE
2021-04-27,76.26,76.68,75.7,76.53,4077404.0,STOCK_C_VOLATILE
2021-04-28,74.59,77.3,71.88,73.45,3947283.0,STOCK_C_VOLATILE
2021-04-29,70.74,70.91,69.55,70.39,4792650.0,STOCK_C_VOLATILE
2021-04-30,72.08,72.45,68.62,71.1,501080.0,STOCK_C_VOLATILE
2021-05-03,68.48,70.57,67.1,68.5,4384941.0,STOCK_C_VOLATILE
2021-05-04,67.02,68.91,66.52,66.81,2838151.0,STOCK_C_VOLATILE
2021-05-05,63.79,65.09,62.91,64.49,1649475.0,STOCK_C_VOLATILE
2021-05-06,65.05,68.44,64.71,65.26,2623309.0,STOCK_C_VOLATILE
2021-05-07,65.35,66.02,64.82,65.62,4840425.0,STOCK_C_VOLATILE
2021-05-10,64.67,65.79,63.78,64.07,2134994.0,STOCK_C_VOLATILE
2021-05-11,55.32,56.14,55.19,55.51,4452041.0,STOCK_C_VOLATILE
2021-05-12,56.59,57.62,56.16,56.97,1169893.0,STOCK_C_VOLATILE
2021-05-13,54.35,55.1,54.32,54.32,2841105.0,STOCK_C_VOLATILE
2021-05-14,54.62,55.19,53.47,54.39,489408.0,STOCK_C_VOLATILE
2021-05-17,52.2,54.12,52.14,52.92,197974.0,STOCK_C_VOLATILE
2021-05-18,47.91,49.75,46.66,48.3,176820.0,STOCK_C_VOLATILE
2021-05-19,50.69,51.24,48.91,49.2,4428488.0,STOCK_C_VOLATILE
2021-05-20,48.41,48.46,47.58,47.79,3158030.0,STOCK_C_VOLATILE
2021-05-21,46.51,47.63,45.35,47.36,1107260.0,STOCK_C_VOLATILE
2021-05-24,47.52,47.66,46.75,47.36,3753240.0,STOCK_C_VOLATILE
2021-05-25,51.73,52.15,50.64,52.05,3109554.0,STOCK_C_VOLATILE
2021-05-26,49.52,51.37,48.26,50.61,4732146.0,STOCK_C_VOLATILE
2021-05-27,49.32,50.06,48.52,49.64,1008951.0,STOCK_C_VOLATILE
2021-05-28,47.11,48.21,46.91,47.9,4802048.0,STOCK_C_VOLATILE
2021-05-31,47.67,48.33,45.12,47.0,392226.0,STOCK_C_VOLATILE
2021-06-01,47.81,49.37,46.12,47.35,4999911.0,STOCK_C_VOLATILE
2021-06-02,47.07,47.1,45.5,46.54,4831661.0,STOCK_C_VOLATILE
2021-06-03,46.42,46.83,46.23,46.67,551542.0,STOCK_C_VOLATILE
2021-06-04,45.35,46.84,45.31,46.36,1513813.0,STOCK_C_VOLATILE
2021-06-07,45.28,46.73,44.82,45.88,2247822.0,STOCK_C_VOLATILE
2021-06-08,45.77,45.92,44.62,45.3,2983804.0,STOCK_C_VOLATILE
2021-06-09,50.23,50.41,50.04,50.14,1479457.0,STOCK_C_VOLATILE
2021-06-10,47.88,48.34,47.41,48.12,1988994.0,STOCK_C_VOLATILE
2021-06-11,47.63,49.48,47.36,47.97,3774716.0,STOCK_C_VOLATILE
2021-06-14,45.7,45.86,44.73,45.7,4713849.0,STOCK_C_VOLATILE
2021-06-15,46.33,47.02,45.96,46.89,2297121.0,STOCK_C_VOLATILE
2021-06-16,47.82,48.39,47.38,48.12,3334629.0,STOCK_C_VOLATILE
2021-06-17,48.73,50.11,47.24,47.63,1116095.0,STOCK_C_VOLATILE
2021-06-18,46.72,47.26,44.87,45.35,226816.0,STOCK_C_VOLATILE
2021-06-21,46.96,47.13,46.11,46.67,9545903.0,STOCK_C_VOLATILE
2021-06-22,47.95,51.19,47.39,49.14,2866631.0,STOCK_C_VOLATILE
2021-06-23,46.56,47.75,45.36,45.4,3950882.0,STOCK_C_VOLATILE
2021-06-24,43.49,44.2,42.76,43.65,3968446.0,STOCK_C_VOLATILE
2021-06-25,42.16,44.38,40.83,43.24,3416511.0,STOCK_C_VOLATILE
2021-06-28,42.65,43.23,42.28,43.01,4848537.0,STOCK_C_VOLATILE
2021-06-29,43.45,44.26,42.43,42.94,144187.0,STOCK_C_VOLATILE
2021-06-30,43.53,45.33,42.92,44.1,2978397.0,STOCK_C_VOLATILE
2021-07-01,43.21,43.61,41.76,43.35,2286706.0,STOCK_C_VOLATILE
2021-07-02,43.22,43.44,42.02,43.15,1888644.0,STOCK_C_VOLATILE
2021-07-05,43.03,44.52,43.01,44.36,2261410.0,STOCK_C_VOLATILE
2021-07-06,44.51,44.75,43.49,43.66,1186085.0,STOCK_C_VOLATILE
2021-07-07,46.37,46.84,45.26,46.48,3929158.0,STOCK_C_VOLATILE
2021-07-08,46.65,47.06,46.37,46.82,4347139.0,STOCK_C_VOLATILE
2021-07-09,49.67,49.69,47.94,49.01,1334137.0,STOCK_C_VOLATILE
2021-07-12,48.22,50.51,47.97,49.79,4611701.0,STOCK_C_VOLATILE
2021-07-13,52.11,53.41,51.39,51.71,821516.0,STOCK_C_VOLATILE
2021-07-14,52.08,53.27,51.95,52.08,2503587.0,STOCK_C_VOLATILE
2021-07-15,52.67,53.71,50.39,52.75,3715240.0,STOCK_C_VOLATILE
2021-07-16,53.81,54.94,53.2,54.15,3737176.0,STOCK_C_VOLATILE
2021-07-19,54.05,54.61,53.32,53.46,3523900.0,STOCK_C_VOLATILE
2021-07-20,55.91,58.27,55.16,57.62,1474160.0,STOCK_C_VOLATILE
2021-07-21,56.38,56.77,56.17,56.3,3286191.0,STOCK_C_VOLATILE
2021-07-22,60.2,61.26,59.54,59.82,2269628.0,STOCK_C_VOLATILE
2021-07-23,60.33,60.66,59.21,59.42,4936519.0,STOCK_C_VOLATILE
2021-07-26,64.16,64.86,61.63,62.35,642229.0,STOCK_C_VOLATILE
2021-07-27,62.98,65.28,62.84,64.31,4086061.0,STOCK_C_VOLATILE
2021-07-28,67.41,71.22,67.05,68.54,4128488.0,STOCK_C_VOLATILE
2021-07-29,78.77,79.46,76.14,78.23,2656557.0,STOCK_C_VOLATILE
2021-07-30,88.91,90.02,87.19,87.81,4053763.0,STOCK_C_VOLATILE
2021-08-02,87.68,89.57,86.78,87.23,364479.0,STOCK_C_VOLATILE
2021-08-03,89.58,91.04,86.08,88.55,1481590.0,STOCK_C_VOLATILE
2021-08-04,85.7,87.6,84.73,86.55,3397924.0,STOCK_C_VOLATILE
2021-08-05,89.34,91.69,86.31,88.32,865357.0,STOCK_C_VOLATILE
2021-08-06,83.73,85.27,83.42,84.34,1287147.0,STOCK_C_VOLATILE
2021-08-09,85.88,88.38,85.74,86.73,3669328.0,STOCK_C_VOLATILE
2021-08-10,82.17,83.89,81.91,81.99,4804935.0,STOCK_C_VOLATILE
2021-08-11,86.31,89.08,85.76,88.34,4730191.0,STOCK_C_VOLATILE
2021-08-12,89.28,91.06,86.58,87.68,1506030.0,STOCK_C_VOLATILE
2021-08-13,84.6,85.92,83.33,83.58,297678.0,STOCK_C_VOLATILE
2021-08-16,83.56,83.65,80.7,82.31,1953749.0,STOCK_C_VOLATILE
2021-08-17,80.77,84.58,77.3,83.34,2241557.0,STOCK_C_VOLATILE
2021-08-18,79.24,79.76,78.72,79.62,6856355.0,STOCK_C_VOLATILE
2021-08-19,87.05,89.32,83.66,85.93,3810093.0,STOCK_C_VOLATILE
2021-08-20,86.8,89.54,83.78,88.03,4204086.0,STOCK_C_VOLATILE
2021-08-23,87.75,88.87,83.79,86.3,1008425.0,STOCK_C_VOLATILE
2021-08-24,83.0,84.24,79.96,81.9,322448.0,STOCK_C_VOLATILE
2021-08-25,85.77,86.67,82.51,83.07,4919655.0,STOCK_C_VOLATILE
2021-08-26,83.82,85.54,83.27,84.97,789491.0,STOCK_C_VOLATILE
2021-08-27,88.31,88.51,88.1,88.16,1706431.0,STOCK_C_VOLATILE
2021-08-30,86.83,90.29,83.89,88.09,3616881.0,STOCK_C_VOLATILE
2021-08-31,84.6,85.35,83.0,84.94,3750994.0,STOCK_C_VOLATILE
2021-09-01,87.86,88.94,86.24,88.4,4766469.0,STOCK_C_VOLATILE
2021-09-02,85.25,88.23,83.74,88.17,422656.0,STOCK_C_VOLATILE
2021-09-03,87.09,87.45,83.19,84.53,116035.0,STOCK_C_VOLATILE
2021-09-06,83.24,85.09,80.96,84.78,1737620.0,STOCK_C_VOLATILE
2021-09-07,83.92,86.85,83.92,84.25,3403340.0,STOCK_C_VOLATILE
2021-09-08,83.55,84.76,82.54,82.68,661599.0,STOCK_C_VOLATILE
2021-09-09,84.61,88.69,83.56,85.48,20005094.0,STOCK_C_VOLATILE
2021-09-10,76.05,77.86,75.25,75.53,3222593.0,STOCK_C_VOLATILE
2021-09-13,77.67,79.32,77.52,78.22,2878055.0,STOCK_C_VOLATILE
2021-09-14,76.51,77.3,75.08,76.77,3008730.0,STOCK_C_VOLATILE
2021-09-15,75.41,76.73,74.25,75.01,4646981.0,STOCK_C_VOLATILE
2021-09-16,75.61,78.64,73.38,73.72,4749147.0,STOCK_C_VOLATILE
2021-09-17,74.51,75.74,74.47,74.75,3604820.0,STOCK_C_VOLATILE
2021-09-20,70.16,71.15,69.3,70.66,4587977.0,STOCK_C_VOLATILE
2021-09-21,70.36,71.7,70.17,70.33,380393.0,STOCK_C_VOLATILE
2021-09-22,74.57,75.84,73.26,73.46,2856223.0,STOCK_C_VOLATILE
2021-09-23,76.0,77.72,74.73,76.04,4428142.0,STOCK_C_VOLATILE
2021-09-24,74.17,74.7,70.81,72.4,4208592.0,STOCK_C_VOLATILE
2021-09-27,69.02,72.64,67.72,69.76,3549922.0,STOCK_C_VOLATILE
2021-09-28,65.01,65.49,64.95,65.14,858623.0,STOCK_C_VOLATILE
2021-09-29,59.88,61.25,59.35,60.96,1580017.0,STOCK_C_VOLATILE
2021-09-30,62.48,64.03,61.66,63.25,2892934.0,STOCK_C_VOLATILE
2021-10-01,66.25,68.29,65.66,65.89,4358655.0,STOCK_C_VOLATILE
2021-10-04,62.62,63.75,61.58,62.23,3063832.0,STOCK_C_VOLATILE
2021-10-05,68.49,68.91,66.67,67.51,2999001.0,STOCK_C_VOLATILE
2021-10-06,72.67,72.99,68.63,71.62,2718291.0,STOCK_C_VOLATILE
2021-10-07,73.33,73.77,72.29,73.55,2090539.0,STOCK_C_VOLATILE
2021-10-08,73.6,75.87,71.35,72.18,4453390.0,STOCK_C_VOLATILE
2021-10-11,71.46,71.55,69.35,70.52,3493878.0,STOCK_C_VOLATILE
2021-10-12,73.32,73.45,71.91,73.13,4324438.0,STOCK_C_VOLATILE
2021-10-13,73.65,76.15,73.31,74.96,1066616.0,STOCK_C_VOLATILE
2021-10-14,70.05,71.73,69.78,70.03,2038170.0,STOCK_C_VOLATILE
2021-10-15,71.09,71.28,69.98,70.81,4545511.0,STOCK_C_VOLATILE
2021-10-18,70.98,72.42,70.86,71.53,762237.0,STOCK_C_VOLATILE
2021-10-19,76.86,78.9,75.13,76.05,2934613.0,STOCK_C_VOLATILE
2021-10-20,72.82,76.56,70.25,73.2,4800463.0,STOCK_C_VOLATILE
2021-10-21,72.21,73.19,70.97,72.16,1937299.0,STOCK_C_VOLATILE
2021-10-22,72.24,73.4,71.27,71.61,4591411.0,STOCK_C_VOLATILE
2021-10-25,71.23,71.77,69.85,71.05,9265594.0,STOCK_C_VOLATILE
2021-10-26,68.2,69.39,68.14,69.19,994261.0,STOCK_C_VOLATILE
2021-10-27,73.03,76.04,72.68,73.44,4820284.0,STOCK_C_VOLATILE
2021-10-28,70.26,74.66,68.9,70.62,4273362.0,STOCK_C_VOLATILE
2021-10-29,68.15,70.37,66.99,69.0,4927684.0,STOCK_C_VOLATILE
2021-11-01,66.07,67.24,65.36,66.03,3063887.0,STOCK_C_VOLATILE
2021-11-02,65.1,65.49,64.15,65.24,2294885.0,STOCK_C_VOLATILE
2021-11-03,67.44,68.68,66.85,68.35,3160461.0,STOCK_C_VOLATILE
2021-11-04,70.51,71.7,67.9,68.95,3383807.0,STOCK_C_VOLATILE
2021-11-05,71.42,71.7,70.69,71.31,2922520.0,STOCK_C_VOLATILE
2021-11-08,73.29,75.65,72.85,73.24,770465.0,STOCK_C_VOLATILE
2021-11-09,72.21,73.46,71.92,72.7,689630.0,STOCK_C_VOLATILE
2021-11-10,67.51,68.99,66.76,66.84,659726.0,STOCK_C_VOLATILE
2021-11-11,67.1,68.52,66.24,67.48,1803303.0,STOCK_C_VOLATILE
2021-11-12,67.24,70.55,65.83,67.41,1512057.0,STOCK_C_VOLATILE
2021-11-15,66.42,66.92,65.02,66.7,4794221.0,STOCK_C_VOLATILE
2021-11-16,66.73,66.9,65.23,65.37,656660.0,STOCK_C_VOLATILE
2021-11-17,64.62,66.1,64.59,64.75,2021610.0,STOCK_C_VOLATILE
2021-11-18,62.7,63.94,61.45,62.71,2979065.0,STOCK_C_VOLATILE
2021-11-19,60.27,61.07,60.14,60.51,4238347.0,STOCK_C_VOLATILE
2021-11-22,59.4,60.82,58.29,58.81,677746.0,STOCK_C_VOLATILE
2021-11-23,59.66,62.45,58.97,59.42,2035091.0,STOCK_C_VOLATILE
2021-11-24,63.42,65.17,62.38,64.01,2853542.0,STOCK_C_VOLATILE
2021-11-25,65.35,65.97,64.13,65.84,950484.0,STOCK_C_VOLATILE
2021-11-26,60.83,62.12,57.71,60.28,790433.0,STOCK_C_VOLATILE
2021-11-29,59.99,63.15,58.95,60.72,2927479.0,STOCK_C_VOLATILE
2021-11-30,61.54,62.33,61.37,62.21,2138925.0,STOCK_C_VOLATILE
2021-12-01,63.23,65.04,63.21,64.63,238427.0,STOCK_C_VOLATILE
2021-12-02,62.69,63.25,60.85,63.04,412421.0,STOCK_C_VOLATILE
2021-12-03,58.23,59.55,57.7,58.69,1993316.0,STOCK_C_VOLATILE
2021-12-06,62.85,63.7,60.41,60.98,3422693.0,STOCK_C_VOLATILE
2021-12-07,58.75,59.93,58.17,59.84,660654.0,STOCK_C_VOLATILE
2021-12-08,64.07,65.02,63.5,64.92,845672.0,STOCK_C_VOLATILE
2021-12-09,61.23,63.54,59.61,61.64,2686686.0,STOCK_C_VOLATILE
2021-12-10,67.69,67.75,65.82,67.25,4592601.0,STOCK_C_VOLATILE
2021-12-13,65.37,66.46,62.18,63.75,2552242.0,STOCK_C_VOLATILE
2021-12-14,70.24,72.35,68.56,69.43,2519087.0,STOCK_C_VOLATILE
2021-12-15,70.94,72.39,67.56,70.26,1871602.0,STOCK_C_VOLATILE
2021-12-16,75.56,76.95,72.75,73.53,3476742.0,STOCK_C_VOLATILE
2021-12-17,76.43,76.64,74.69,75.74,4414707.0,STOCK_C_VOLATILE
2021-12-20,80.8,81.26,78.88,79.78,1944599.0,STOCK_C_VOLATILE
2021-12-21,81.87,82.08,79.4,81.34,3097796.0,STOCK_C_VOLATILE
2021-12-22,83.95,85.49,80.7,84.84,769688.0,STOCK_C_VOLATILE
2021-12-23,78.84,81.07,78.82,80.93,2586846.0,STOCK_C_VOLATILE
2021-12-24,81.17,82.82,80.35,81.04,804241.0,STOCK_C_VOLATILE
2021-12-27,75.94,77.39,74.79,76.93,512522.0,STOCK_C_VOLATILE
2021-12-28,75.75,77.99,74.27,77.13,829768.0,STOCK_C_VOLATILE
2021-12-29,79.68,82.01,77.97,78.33,1574662.0,STOCK_C_VOLATILE
2021-12-30,78.29,79.48,77.93,78.42,1453630.0,STOCK_C_VOLATILE
2021-12-31,82.35,83.24,80.94,82.67,1629961.0,STOCK_C_VOLATILE
2022-01-03,88.14,90.46,85.24,86.26,490916.0,STOCK_C_VOLATILE
2022-01-04,89.87,89.9,88.55,89.21,4483355.0,STOCK_C_VOLATILE
2022-01-05,93.19,96.06,91.52,93.6,4927176.0,STOCK_C_VOLATILE
2022-01-06,99.36,101.0,96.98,100.41,3653973.0,STOCK_C_VOLATILE
2022-01-07,96.94,98.12,94.37,97.45,3619977.0,STOCK_C_VOLATILE
2022-01-10,95.38,97.1,95.0,96.4,1884425.0,STOCK_C_VOLATILE
2022-01-11,97.92,99.42,95.06,97.19,2263871.0,STOCK_C_VOLATILE
2022-01-12,93.99,96.83,91.59,93.51,3391759.0,STOCK_C_VOLATILE
2022-01-13,92.24,94.7,89.55,91.91,3995692.0,STOCK_C_VOLATILE
2022-01-14,87.19,88.89,85.86,85.98,450193.0,STOCK_C_VOLATILE
2022-01-17,81.89,82.44,81.7,81.73,2272206.0,STOCK_C_VOLATILE
2022-01-18,87.87,88.71,85.3,87.08,4452121.0,STOCK_C_VOLATILE
2022-01-19,86.04,87.65,85.15,86.44,1460925.0,STOCK_C_VOLATILE
2022-01-20,81.18,83.56,77.09,79.35,481417.0,STOCK_C_VOLATILE
2022-01-21,80.69,81.11,79.8,80.5,268824.0,STOCK_C_VOLATILE
2022-01-24,79.48,80.02,78.72,79.35,2590338.0,STOCK_C_VOLATILE
2022-01-25,74.98,75.1,71.5,72.64,4365665.0,STOCK_C_VOLATILE
2022-01-26,70.01,72.07,69.36,70.3,4556996.0,STOCK_C_VOLATILE
2022-01-27,71.19,72.79,68.1,69.52,1697747.0,STOCK_C_VOLATILE
2022-01-28,70.6,71.93,68.28,70.36,4294071.0,STOCK_C_VOLATILE
2022-01-31,70.41,72.58,68.26,68.59,4766658.0,STOCK_C_VOLATILE
2022-02-01,72.68,73.58,70.49,72.2,4725429.0,STOCK_C_VOLATILE
2022-02-02,70.47,71.7,69.7,71.57,372290.0,STOCK_C_VOLATILE
2022-02-03,79.36,79.48,77.79,79.26,7852061.0,STOCK_C_VOLATILE
2022-02-04,81.61,85.48,79.69,82.91,4694944.0,STOCK_C_VOLATILE
2022-02-07,89.49,92.79,88.57,88.68,2021673.0,STOCK_C_VOLATILE
2022-02-08,95.24,97.53,92.83,94.1,2863199.0,STOCK_C_VOLATILE
2022-02-09,89.31,90.47,87.51,89.18,2181488.0,STOCK_C_VOLATILE
2022-02-10,94.04,96.01,93.08,94.58,3414658.0,STOCK_C_VOLATILE
2022-02-11,105.61,110.34,104.69,106.14,3527586.0,STOCK_C_VOLATILE
2022-02-14,113.89,115.59,110.57,114.85,3616365.0,STOCK_C_VOLATILE
2022-02-15,116.21,117.5,115.75,117.09,818612.0,STOCK_C_VOLATILE
2022-02-16,110.9,112.22,108.28,112.02,2437482.0,STOCK_C_VOLATILE
2022-02-17,116.04,119.18,115.89,118.14,4697117.0,STOCK_C_VOLATILE
2022-02-18,118.14,120.39,115.04,116.06,4424012.0,STOCK_C_VOLATILE
2022-02-21,117.93,119.62,116.52,117.85,7308829.0,STOCK_C_VOLATILE
2022-02-22,124.86,124.99,120.28,123.11,1783440.0,STOCK_C_VOLATILE
2022-02-23,131.93,132.45,129.18,129.97,4814013.0,STOCK_C_VOLATILE
2022-02-24,126.95,128.43,124.72,125.63,4156059.0,STOCK_C_VOLATILE
2022-02-25,129.94,135.27,127.74,131.53,4079075.0,STOCK_C_VOLATILE
2022-02-28,133.86,135.96,132.97,135.1,1727762.0,STOCK_C_VOLATILE
2022-03-01,134.82,136.59,132.19,133.89,1189935.0,STOCK_C_VOLATILE
2022-03-02,133.5,135.96,131.69,132.47,425797.0,STOCK_C_VOLATILE
2022-03-03,133.99,139.16,132.07,135.25,4446610.0,STOCK_C_VOLATILE
2022-03-04,144.01,150.27,141.78,146.13,1986298.0,STOCK_C_VOLATILE
2022-03-07,146.27,149.72,143.99,144.14,4361003.0,STOCK_C_VOLATILE
2022-03-08,153.81,155.07,148.75,150.55,136631.0,STOCK_C_VOLATILE
2022-03-09,146.04,146.32,143.51,145.47,1652636.0,STOCK_C_VOLATILE
2022-03-10,139.68,143.94,137.47,142.51,4603490.0,STOCK_C_VOLATILE
2022-03-11,141.23,144.12,140.67,142.74,2421819.0,STOCK_C_VOLATILE
2022-03-14,146.65,148.42,142.15,142.41,1312628.0,STOCK_C_VOLATILE
2022-03-15,141.72,144.17,139.57,141.94,2594003.0,STOCK_C_VOLATILE
2022-03-16,138.73,141.15,136.68,137.52,922697.0,STOCK_C_VOLATILE
2022-03-17,136.33,138.62,130.81,134.02,4466445.0,STOCK_C_VOLATILE
2022-03-18,131.04,132.7,129.6,131.81,4251887.0,STOCK_C_VOLATILE
2022-03-21,134.34,137.79,129.84,136.02,1618297.0,STOCK_C_VOLATILE
2022-03-22,139.45,141.56,138.04,138.47,1493738.0,STOCK_C_VOLATILE
2022-03-23,139.96,145.34,137.52,143.61,3045369.0,STOCK_C_VOLATILE
2022-03-24,149.48,157.23,146.5,151.31,2775514.0,STOCK_C_VOLATILE
2022-03-25,153.45,153.53,149.37,151.17,4893868.0,STOCK_C_VOLATILE
2022-03-28,148.71,150.4,146.65,147.05,706057.0,STOCK_C_VOLATILE
2022-03-29,140.39,145.12,137.83,142.48,3170317.0,STOCK_C_VOLATILE
2022-03-30,153.89,154.44,150.1,153.16,3135997.0,STOCK_C_VOLATILE
2022-03-31,157.29,161.81,152.04,159.55,2080675.0,STOCK_C_VOLATILE
2022-04-01,166.36,172.94,164.86,170.8,4547247.0,STOCK_C_VOLATILE
2022-04-04,178.47,182.56,174.27,180.11,1547045.0,STOCK_C_VOLATILE
2022-04-05,178.23,182.43,173.99,179.42,2056619.0,STOCK_C_VOLATILE
2022-04-06,182.06,185.0,181.13,184.01,2898290.0,STOCK_C_VOLATILE
2022-04-07,184.78,188.22,182.09,185.53,895922.0,STOCK_C_VOLATILE
2022-04-08,208.37,210.49,197.77,204.4,4489146.0,STOCK_C_VOLATILE
2022-04-11,211.35,213.91,209.37,210.22,4653054.0,STOCK_C_VOLATILE
2022-04-12,227.34,234.24,220.23,225.8,212513.0,STOCK_C_VOLATILE
2022-04-13,225.9,230.35,221.44,227.72,3710764.0,STOCK_C_VOLATILE
2022-04-14,239.38,247.59,238.11,241.89,1851254.0,STOCK_C_VOLATILE
2022-04-15,241.65,249.32,236.05,245.51,2237583.0,STOCK_C_VOLATILE
2022-04-18,236.09,241.0,235.5,239.52,3473410.0,STOCK_C_VOLATILE
2022-04-19,253.6,256.01,250.88,254.55,2667123.0,STOCK_C_VOLATILE
2022-04-20,241.92,249.05,240.61,247.49,4047974.0,STOCK_C_VOLATILE
2022-04-21,248.43,249.81,239.36,245.31,3322707.0,STOCK_C_VOLATILE
2022-04-22,253.81,264.23,253.5,254.78,283841.0,STOCK_C_VOLATILE
2022-04-25,263.28,264.37,257.98,260.33,2288345.0,STOCK_C_VOLATILE
2022-04-26,257.83,265.95,252.96,256.54,1581400.0,STOCK_C_VOLATILE
2022-04-27,255.29,267.07,251.3,258.14,3196002.0,STOCK_C_VOLATILE
2022-04-28,272.69,274.88,270.16,274.5,2434379.0,STOCK_C_VOLATILE
2022-04-29,272.51,276.8,263.49,266.85,3853722.0,STOCK_C_VOLATILE
2022-05-02,235.24,239.91,231.87,237.31,2533179.0,STOCK_C_VOLATILE
2022-05-03,250.62,253.76,244.51,249.36,3567520.0,STOCK_C_VOLATILE
2022-05-04,248.61,251.97,236.8,244.45,4683499.0,STOCK_C_VOLATILE
2022-05-05,239.92,246.74,236.7,241.87,4798933.0,STOCK_C_VOLATILE
2022-05-06,254.1,258.48,244.0,251.04,893914.0,STOCK_C_VOLATILE
2022-05-09,243.91,255.28,241.43,246.81,2419780.0,STOCK_C_VOLATILE
2022-05-10,246.05,246.6,243.42,245.06,2362823.0,STOCK_C_VOLATILE
2022-05-11,260.02,261.12,256.56,258.25,4815551.0,STOCK_C_VOLATILE
2022-05-12,266.21,266.55,265.05,266.48,4666979.0,STOCK_C_VOLATILE
2022-05-13,272.62,277.59,262.95,266.58,3358653.0,STOCK_C_VOLATILE
2022-05-16,256.61,264.47,255.38,257.38,2565677.0,STOCK_C_VOLATILE
2022-05-17,251.36,251.71,242.93,246.96,7440260.0,STOCK_C_VOLATILE
2022-05-18,257.89,258.93,257.76,257.83,3482821.0,STOCK_C_VOLATILE
2022-05-19,265.22,271.96,257.53,265.16,869410.0,STOCK_C_VOLATILE
2022-05-20,255.83,261.31,248.09,254.45,1159274.0,STOCK_C_VOLATILE
2022-05-23,257.9,267.94,255.98,257.91,3287002.0,STOCK_C_VOLATILE
2022-05-24,229.05,240.56,220.99,234.1,3600934.0,STOCK_C_VOLATILE
2022-05-25,242.08,251.95,237.9,241.56,19582902.0,STOCK_C_VOLATILE
2022-05-26,251.06,252.18,242.06,245.09,3723347.0,STOCK_C_VOLATILE
2022-05-27,235.53,243.2,233.84,237.46,1994643.0,STOCK_C_VOLATILE
2022-05-30,248.36,254.86,245.81,249.86,2530831.0,STOCK_C_VOLATILE
2022-05-31,249.26,255.2,248.39,254.45,905635.0,STOCK_C_VOLATILE
2022-06-01,249.11,251.29,244.32,250.97,4133854.0,STOCK_C_VOLATILE
2022-06-02,247.58,250.36,244.52,247.41,3225789.0,STOCK_C_VOLATILE
2022-06-03,249.22,256.37,242.43,244.42,563614.0,STOCK_C_VOLATILE
2022-06-06,252.68,259.94,251.35,253.72,3743021.0,STOCK_C_VOLATILE
2022-06-07,262.07,265.82,252.24,261.04,3975746.0,STOCK_C_VOLATILE
2022-06-08,255.01,259.28,250.3,256.07,788475.0,STOCK_C_VOLATILE
2022-06-09,239.68,242.42,234.98,242.21,3249235.0,STOCK_C_VOLATILE
2022-06-10,240.44,240.89,238.94,239.92,561532.0,STOCK_C_VOLATILE
2022-06-13,248.44,250.8,241.76,244.02,1283308.0,STOCK_C_VOLATILE
2022-06-14,235.28,236.44,232.98,235.11,4721587.0,STOCK_C_VOLATILE
2022-06-15,226.15,232.2,226.09,226.92,1779046.0,STOCK_C_VOLATILE
2022-06-16,222.05,227.02,221.17,225.22,1301052.0,STOCK_C_VOLATILE
2022-06-17,226.59,231.81,221.18,228.38,2917810.0,STOCK_C_VOLATILE
2022-06-20,235.43,236.29,226.13,234.94,3113634.0,STOCK_C_VOLATILE
2022-06-21,242.6,247.91,240.16,246.32,2404912.0,STOCK_C_VOLATILE
2022-06-22,224.37,227.7,223.48,226.07,2376570.0,STOCK_C_VOLATILE
2022-06-23,239.74,242.41,233.25,236.47,4978100.0,STOCK_C_VOLATILE
2022-06-24,245.59,246.64,235.46,240.35,1276227.0,STOCK_C_VOLATILE
2022-06-27,237.26,237.57,232.97,234.37,4697254.0,STOCK_C_VOLATILE
2022-06-28,248.55,250.51,242.56,243.0,812662.0,STOCK_C_VOLATILE
2022-06-29,219.93,221.72,217.78,220.7,3777294.0,STOCK_C_VOLATILE
2022-06-30,207.53,208.22,199.77,202.12,2826397.0,STOCK_C_VOLATILE
2022-07-01,223.45,224.3,208.66,219.91,2088656.0,STOCK_C_VOLATILE
2022-07-04,204.49,209.9,197.92,206.7,2302918.0,STOCK_C_VOLATILE
2022-07-05,205.52,208.96,202.12,208.58,2799577.0,STOCK_C_VOLATILE
2022-07-06,195.25,199.63,195.14,197.99,1902099.0,STOCK_C_VOLATILE
2022-07-07,190.65,196.04,184.78,193.58,641251.0,STOCK_C_VOLATILE
2022-07-08,181.98,185.0,181.53,184.36,2587116.0,STOCK_C_VOLATILE
2022-07-11,196.88,196.94,191.16,192.51,1874214.0,STOCK_C_VOLATILE
2022-07-12,168.58,175.35,162.03,174.75,2229773.0,STOCK_C_VOLATILE
2022-07-13,176.49,177.64,173.77,174.33,1773399.0,STOCK_C_VOLATILE
2022-07-14,166.19,168.75,163.31,166.01,4064601.0,STOCK_C_VOLATILE
2022-07-15,161.02,161.37,154.2,157.74,2616434.0,STOCK_C_VOLATILE
2022-07-18,160.43,165.65,160.25,163.14,999815.0,STOCK_C_VOLATILE
2022-07-19,153.55,158.26,152.8,156.04,4772541.0,STOCK_C_VOLATILE
2022-07-20,155.81,156.5,153.31,154.9,582161.0,STOCK_C_VOLATILE
2022-07-21,154.7,158.1,152.64,157.86,2113199.0,STOCK_C_VOLATILE
2022-07-22,155.75,158.27,153.83,158.1,2194840.0,STOCK_C_VOLATILE
2022-07-25,164.38,168.55,160.65,162.44,1151850.0,STOCK_C_VOLATILE
2022-07-26,172.23,172.61,168.47,169.9,4731817.0,STOCK_C_VOLATILE
2022-07-27,173.06,174.8,170.89,171.56,2606615.0,STOCK_C_VOLATILE
2022-07-28,169.19,173.25,168.54,168.8,171244.0,STOCK_C_VOLATILE
2022-07-29,163.34,174.56,157.16,168.06,1192720.0,STOCK_C_VOLATILE
2022-08-01,162.48,168.42,161.85,164.63,4620102.0,STOCK_C_VOLATILE
2022-08-02,174.95,175.12,168.3,171.58,3661386.0,STOCK_C_VOLATILE
2022-08-03,165.76,172.75,164.8,165.87,3832668.0,STOCK_C_VOLATILE
2022-08-04,168.9,174.33,166.59,168.21,3287903.0,STOCK_C_VOLATILE
2022-08-05,171.7,173.53,171.33,172.95,2577044.0,STOCK_C_VOLATILE
2022-08-08,166.69,169.13,165.33,167.19,2936343.0,STOCK_C_VOLATILE
2022-08-09,155.2,156.5,149.11,155.35,3925601.0,STOCK_C_VOLATILE
2022-08-10,162.83,164.45,158.22,161.03,3207826.0,STOCK_C_VOLATILE
2022-08-11,160.49,166.13,158.1,161.52,1011754.0,STOCK_C_VOLATILE
2022-08-12,159.91,161.24,155.71,160.58,1607390.0,STOCK_C_VOLATILE
2022-08-15,165.45,166.1,157.49,160.24,2156282.0,STOCK_C_VOLATILE
2022-08-16,164.0,165.51,158.75,161.3,2970292.0,STOCK_C_VOLATILE
2022-08-17,167.71,170.88,163.0,163.91,2229014.0,STOCK_C_VOLATILE
2022-08-18,166.04,166.82,156.67,162.94,113738.0,STOCK_C_VOLATILE
2022-08-19,158.25,161.67,157.36,158.11,1562545.0,STOCK_C_VOLATILE
2022-08-22,156.88,162.63,156.76,161.47,2743176.0,STOCK_C_VOLATILE
2022-08-23,164.33,166.75,163.79,166.39,279509.0,STOCK_C_VOLATILE
2022-08-24,162.36,165.04,159.85,161.36,2687636.0,STOCK_C_VOLATILE
2022-08-25,144.2,150.25,141.86,147.17,1516416.0,STOCK_C_VOLATILE
2022-08-26,152.14,156.46,151.17,153.88,3677698.0,STOCK_C_VOLATILE
2022-08-29,162.69,167.39,158.06,159.73,203142.0,STOCK_C_VOLATILE
2022-08-30,167.74,168.62,162.51,165.13,3847247.0,STOCK_C_VOLATILE
2022-08-31,161.76,166.25,161.35,161.67,723270.0,STOCK_C_VOLATILE
2022-09-01,174.86,175.76,164.34,170.0,1794406.0,STOCK_C_VOLATILE
2022-09-02,173.73,176.77,171.2,173.3,1283909.0,STOCK_C_VOLATILE
2022-09-05,168.36,171.29,166.22,170.75,3994649.0,STOCK_C_VOLATILE
2022-09-06,162.1,168.71,157.8,164.99,176973.0,STOCK_C_VOLATILE
2022-09-07,174.49,179.87,172.26,177.3,4588729.0,STOCK_C_VOLATILE
2022-09-08,181.84,188.0,172.09,178.61,1262728.0,STOCK_C_VOLATILE
2022-09-09,178.24,181.0,169.2,178.46,196762.0,STOCK_C_VOLATILE
2022-09-12,168.53,173.62,167.17,170.8,1680630.0,STOCK_C_VOLATILE
2022-09-13,175.36,178.02,174.02,176.54,2510070.0,STOCK_C_VOLATILE
2022-09-14,175.46,177.39,171.46,174.85,3765978.0,STOCK_C_VOLATILE
2022-09-15,186.47,193.75,185.28,188.54,930515.0,STOCK_C_VOLATILE
2022-09-16,183.41,194.2,177.45,189.98,1410261.0,STOCK_C_VOLATILE
2022-09-19,196.89,197.52,193.1,194.32,2286366.0,STOCK_C_VOLATILE
2022-09-20,183.75,190.65,180.34,187.05,1487130.0,STOCK_C_VOLATILE
2022-09-21,178.54,181.46,172.56,176.92,3623994.0,STOCK_C_VOLATILE
2022-09-22,169.38,170.27,166.64,169.47,906053.0,STOCK_C_VOLATILE
2022-09-23,166.15,172.0,164.56,165.53,3324562.0,STOCK_C_VOLATILE
2022-09-26,156.14,157.3,150.3,155.64,4355392.0,STOCK_C_VOLATILE
2022-09-27,148.14,150.73,147.63,147.88,814174.0,STOCK_C_VOLATILE
2022-09-28,139.87,142.45,138.76,139.0,2220243.0,STOCK_C_VOLATILE
2022-09-29,140.94,143.21,139.92,141.45,1142196.0,STOCK_C_VOLATILE
2022-09-30,142.81,150.03,141.06,146.44,1194824.0,STOCK_C_VOLATILE
2022-10-03,138.93,145.24,137.73,141.12,3734805.0,STOCK_C_VOLATILE
2022-10-04,146.92,154.13,146.67,150.36,4891254.0,STOCK_C_VOLATILE
2022-10-05,152.48,154.93,150.5,153.1,3464740.0,STOCK_C_VOLATILE
2022-10-06,153.49,156.56,148.27,153.44,530584.0,STOCK_C_VOLATILE
2022-10-07,153.23,155.29,152.29,155.22,2743234.0,STOCK_C_VOLATILE
2022-10-10,163.31,167.63,160.54,167.34,2675826.0,STOCK_C_VOLATILE
2022-10-11,171.39,178.59,169.3,172.42,3830243.0,STOCK_C_VOLATILE
2022-10-12,182.43,184.74,180.17,181.07,2625424.0,STOCK_C_VOLATILE
2022-10-13,206.84,209.67,205.05,205.65,4697284.0,STOCK_C_VOLATILE
2022-10-14,201.24,207.74,199.57,203.43,1580789.0,STOCK_C_VOLATILE
2022-10-17,200.31,205.37,193.72,201.55,4702730.0,STOCK_C_VOLATILE
2022-10-18,209.09,211.04,198.15,205.77,1247176.0,STOCK_C_VOLATILE
2022-10-19,200.68,203.65,192.56,196.87,2685721.0,STOCK_C_VOLATILE
2022-10-20,190.94,196.79,186.99,191.1,1560362.0,STOCK_C_VOLATILE
2022-10-21,186.54,190.4,180.11,184.04,4821796.0,STOCK_C_VOLATILE
2022-10-24,201.62,206.32,197.5,198.81,4360151.0,STOCK_C_VOLATILE
2022-10-25,201.68,205.53,199.59,203.52,820930.0,STOCK_C_VOLATILE
2022-10-26,201.02,202.81,197.46,199.52,346274.0,STOCK_C_VOLATILE
2022-10-27,193.59,194.47,190.72,192.01,4892476.0,STOCK_C_VOLATILE
2022-10-28,199.23,200.6,197.04,198.11,631079.0,STOCK_C_VOLATILE
2022-10-31,210.61,213.11,202.2,206.56,4757401.0,STOCK_C_VOLATILE
2022-11-01,201.58,208.28,198.85,203.05,1701729.0,STOCK_C_VOLATILE
2022-11-02,214.05,216.04,211.43,211.7,274276.0,STOCK_C_VOLATILE
2022-11-03,206.27,209.22,204.5,206.04,3680407.0,STOCK_C_VOLATILE
2022-11-04,220.84,224.16,214.46,217.32,3455905.0,STOCK_C_VOLATILE
2022-11-07,225.07,226.79,221.29,222.55,4975961.0,STOCK_C_VOLATILE
2022-11-08,221.4,224.22,216.78,220.06,3165497.0,STOCK_C_VOLATILE
2022-11-09,205.58,206.8,202.4,206.75,3684861.0,STOCK_C_VOLATILE
2022-11-10,210.41,210.64,203.47,207.57,759586.0,STOCK_C_VOLATILE
2022-11-11,216.24,217.69,206.18,212.24,2586093.0,STOCK_C_VOLATILE
2022-11-14,228.74,233.78,225.7,230.15,2914817.0,STOCK_C_VOLATILE
2022-11-15,226.86,231.64,223.05,225.57,4607128.0,STOCK_C_VOLATILE
2022-11-16,223.57,224.56,217.92,224.12,1597869.0,STOCK_C_VOLATILE
2022-11-17,216.02,216.55,210.88,215.53,3815771.0,STOCK_C_VOLATILE
2022-11-18,226.16,227.33,219.62,220.31,2714953.0,STOCK_C_VOLATILE
2022-11-21,219.36,221.14,213.89,218.0,3376039.0,STOCK_C_VOLATILE
2022-11-22,213.59,217.78,207.68,208.27,780509.0,STOCK_C_VOLATILE
2022-11-23,202.28,205.66,198.31,205.23,4836521.0,STOCK_C_VOLATILE
2022-11-24,206.13,215.37,199.9,202.53,1730321.0,STOCK_C_VOLATILE
2022-11-25,195.45,196.13,193.95,194.59,3835753.0,STOCK_C_VOLATILE
2022-11-28,200.48,205.12,196.57,196.84,922353.0,STOCK_C_VOLATILE
2022-11-29,193.88,196.78,188.94,191.12,845439.0,STOCK_C_VOLATILE
2022-11-30,185.32,192.53,183.33,186.69,1445773.0,STOCK_C_VOLATILE
2022-12-01,178.88,193.37,170.47,186.06,1541596.0,STOCK_C_VOLATILE
2022-12-02,174.18,175.37,170.76,172.1,1656374.0,STOCK_C_VOLATILE
2022-12-05,175.12,176.24,171.8,173.16,3833224.0,STOCK_C_VOLATILE
2022-12-06,170.11,171.56,168.91,169.96,1250589.0,STOCK_C_VOLATILE
2022-12-07,164.22,167.01,163.44,163.72,2782354.0,STOCK_C_VOLATILE
2022-12-08,175.25,177.79,174.32,177.0,2396708.0,STOCK_C_VOLATILE
2022-12-09,180.97,187.74,178.08,180.23,1177359.0,STOCK_C_VOLATILE
2022-12-12,173.11,175.78,172.03,173.55,2077510.0,STOCK_C_VOLATILE
2022-12-13,160.32,162.54,159.97,161.62,4360016.0,STOCK_C_VOLATILE
2022-12-14,155.65,157.71,154.04,156.0,4838841.0,STOCK_C_VOLATILE
2022-12-15,161.82,167.07,157.01,165.01,2509976.0,STOCK_C_VOLATILE
2022-12-16,144.6,152.01,143.45,148.49,3557123.0,STOCK_C_VOLATILE
2022-12-19,150.96,155.49,146.87,151.04,4607721.0,STOCK_C_VOLATILE
2022-12-20,143.07,143.71,139.82,143.23,6597680.0,STOCK_C_VOLATILE
2022-12-21,148.32,148.81,141.51,144.37,4498884.0,STOCK_C_VOLATILE
2022-12-22,161.33,165.41,154.62,158.72,4832610.0,STOCK_C_VOLATILE
2022-12-23,163.55,167.69,162.66,166.71,24328061.0,STOCK_C_VOLATILE
2022-12-26,165.23,170.7,160.33,169.2,3207644.0,STOCK_C_VOLATILE
2022-12-27,162.96,172.84,158.46,166.95,1198687.0,STOCK_C_VOLATILE
2022-12-28,171.36,174.42,164.64,172.47,4665538.0,STOCK_C_VOLATILE
2022-12-29,163.22,166.76,160.58,165.46,665461.0,STOCK_C_VOLATILE
2022-12-30,157.38,158.59,155.09,157.6,1086578.0,STOCK_C_VOLATILE
2023-01-02,155.69,158.41,154.47,157.84,2843558.0,STOCK_C_VOLATILE
2023-01-03,169.06,170.78,166.31,170.45,933570.0,STOCK_C_VOLATILE
2023-01-04,174.72,176.35,168.94,172.52,2336551.0,STOCK_C_VOLATILE
2023-01-05,181.35,183.36,178.84,181.4,191424.0,STOCK_C_VOLATILE
2023-01-06,180.53,185.03,174.61,176.3,2635216.0,STOCK_C_VOLATILE
2023-01-09,178.33,181.48,175.44,177.11,2991165.0,STOCK_C_VOLATILE
2023-01-10,166.58,166.61,164.37,165.42,5565149.0,STOCK_C_VOLATILE
2023-01-11,162.39,167.13,155.61,166.49,2002464.0,STOCK_C_VOLATILE
2023-01-12,158.04,162.33,156.97,161.52,1615064.0,STOCK_C_VOLATILE
2023-01-13,170.14,172.36,167.51,170.19,1686285.0,STOCK_C_VOLATILE
2023-01-16,176.84,177.61,172.52,175.2,4219261.0,STOCK_C_VOLATILE
2023-01-17,183.26,186.88,176.4,179.9,3914501.0,STOCK_C_VOLATILE
2023-01-18,191.46,194.1,187.18,189.58,1337362.0,STOCK_C_VOLATILE
2023-01-19,187.67,190.18,185.73,186.17,1618264.0,STOCK_C_VOLATILE
2023-01-20,165.29,168.2,163.62,166.7,1975261.0,STOCK_C_VOLATILE
2023-01-23,150.48,154.7,149.92,153.18,204980.0,STOCK_C_VOLATILE
2023-01-24,151.18,158.25,147.83,152.75,4644295.0,STOCK_C_VOLATILE
2023-01-25,144.05,145.52,141.37,143.43,1046758.0,STOCK_C_VOLATILE
2023-01-26,138.31,141.06,135.55,137.88,1333685.0,STOCK_C_VOLATILE
2023-01-27,134.49,137.86,130.18,133.44,3803807.0,STOCK_C_VOLATILE
2023-01-30,135.74,136.9,131.66,134.36,4197119.0,STOCK_C_VOLATILE
2023-01-31,122.12,124.37,116.33,116.98,2425632.0,STOCK_C_VOLATILE
2023-02-01,118.22,121.42,118.01,119.81,1182211.0,STOCK_C_VOLATILE
2023-02-02,122.24,124.52,120.1,122.3,1383915.0,STOCK_C_VOLATILE
2023-02-03,121.67,121.89,119.98,121.2,2207505.0,STOCK_C_VOLATILE
2023-02-06,119.83,119.91,119.74,119.84,1500771.0,STOCK_C_VOLATILE
2023-02-07,130.71,132.67,128.16,129.07,4687424.0,STOCK_C_VOLATILE
2023-02-08,128.21,128.8,127.88,128.67,1154104.0,STOCK_C_VOLATILE
2023-02-09,115.09,116.3,112.53,113.62,3581935.0,STOCK_C_VOLATILE
2023-02-10,119.71,123.86,119.26,119.66,133761.0,STOCK_C_VOLATILE
2023-02-13,114.02,118.11,112.3,112.74,1918044.0,STOCK_C_VOLATILE
2023-02-14,113.89,115.06,111.69,112.36,4420529.0,STOCK_C_VOLATILE
2023-02-15,119.0,120.23,116.21,119.99,3470196.0,STOCK_C_VOLATILE
2023-02-16,115.32,117.37,110.19,114.04,2855401.0,STOCK_C_VOLATILE
2023-02-17,112.07,115.89,110.42,111.88,864259.0,STOCK_C_VOLATILE
2023-02-20,115.77,117.36,113.75,114.61,1451546.0,STOCK_C_VOLATILE
2023-02-21,115.0,115.08,112.88,112.96,1428247.0,STOCK_C_VOLATILE
2023-02-22,116.77,119.29,113.77,116.17,303580.0,STOCK_C_VOLATILE
2023-02-23,112.33,114.46,109.12,112.93,3775694.0,STOCK_C_VOLATILE
2023-02-24,110.37,111.23,109.9,110.12,1264626.0,STOCK_C_VOLATILE
2023-02-27,109.99,110.73,107.22,109.32,1672085.0,STOCK_C_VOLATILE
2023-02-28,108.09,108.9,102.94,108.14,3728782.0,STOCK_C_VOLATILE
2023-03-01,110.51,113.83,108.44,109.79,3307481.0,STOCK_C_VOLATILE
2023-03-02,113.82,114.88,113.79,114.01,3673904.0,STOCK_C_VOLATILE
2023-03-03,120.38,122.4,117.25,120.45,2802051.0,STOCK_C_VOLATILE
2023-03-06,112.95,113.59,108.27,112.93,4416260.0,STOCK_C_VOLATILE
2023-03-07,109.31,113.4,106.16,110.69,965450.0,STOCK_C_VOLATILE
2023-03-08,110.6,111.38,108.01,110.56,2241428.0,STOCK_C_VOLATILE
2023-03-09,115.39,115.92,113.51,115.39,2592695.0,STOCK_C_VOLATILE
2023-03-10,124.08,124.83,117.59,119.62,1572229.0,STOCK_C_VOLATILE
2023-03-13,114.93,116.28,111.49,114.01,4027945.0,STOCK_C_VOLATILE
2023-03-14,123.85,125.53,122.04,124.08,768754.0,STOCK_C_VOLATILE
2023-03-15,123.96,128.04,121.42,122.94,4652257.0,STOCK_C_VOLATILE
2023-03-16,137.8,138.6,135.19,135.82,787370.0,STOCK_C_VOLATILE
2023-03-17,131.9,132.42,126.39,130.75,3899835.0,STOCK_C_VOLATILE
2023-03-20,127.59,128.42,122.12,127.16,261948.0,STOCK_C_VOLATILE
2023-03-21,134.59,136.91,131.56,135.92,4775069.0,STOCK_C_VOLATILE
2023-03-22,132.4,134.7,127.47,133.13,1570195.0,STOCK_C_VOLATILE
2023-03-23,132.01,134.32,130.53,133.5,1802045.0,STOCK_C_VOLATILE
2023-03-24,140.85,140.96,139.7,140.36,3718699.0,STOCK_C_VOLATILE
2023-03-27,142.55,152.72,140.91,143.87,1797035.0,STOCK_C_VOLATILE
2023-03-28,157.37,159.69,156.78,157.2,2552221.0,STOCK_C_VOLATILE
2023-03-29,149.63,156.08,149.48,152.64,479393.0,STOCK_C_VOLATILE
2023-03-30,153.95,158.15,153.7,154.16,2127613.0,STOCK_C_VOLATILE
2023-03-31,148.71,149.98,146.85,149.34,4598856.0,STOCK_C_VOLATILE
2023-04-03,154.81,158.7,152.4,154.44,1901851.0,STOCK_C_VOLATILE
2023-04-04,161.45,163.38,156.31,161.2,2696644.0,STOCK_C_VOLATILE
2023-04-05,161.09,165.91,160.6,165.06,1918422.0,STOCK_C_VOLATILE
2023-04-06,158.13,158.77,155.0,157.16,2901998.0,STOCK_C_VOLATILE
2023-04-07,156.45,164.78,154.99,160.82,1806420.0,STOCK_C_VOLATILE
2023-04-10,153.98,156.35,151.02,153.75,512774.0,STOCK_C_VOLATILE
2023-04-11,149.72,150.85,144.92,148.71,4096633.0,STOCK_C_VOLATILE
2023-04-12,146.57,151.95,143.76,145.78,1459376.0,STOCK_C_VOLATILE
2023-04-13,145.96,146.8,145.05,146.57,970820.0,STOCK_C_VOLATILE
2023-04-14,150.51,152.51,148.84,149.62,908995.0,STOCK_C_VOLATILE
2023-04-17,141.04,149.8,139.24,144.56,3078966.0,STOCK_C_VOLATILE
2023-04-18,140.62,145.92,134.09,142.89,654710.0,STOCK_C_VOLATILE
2023-04-19,152.26,155.24,150.22,155.02,2841923.0,STOCK_C_VOLATILE
2023-04-20,155.48,158.25,151.22,153.68,510475.0,STOCK_C_VOLATILE
2023-04-21,156.89,156.91,154.25,156.25,1062705.0,STOCK_C_VOLATILE
2023-04-24,151.91,153.88,147.98,151.39,3527579.0,STOCK_C_VOLATILE
2023-04-25,166.92,167.85,165.84,166.51,1625927.0,STOCK_C_VOLATILE
2023-04-26,160.77,163.66,160.4,161.07,3544848.0,STOCK_C_VOLATILE
2023-04-27,161.24,163.47,153.92,159.39,2501040.0,STOCK_C_VOLATILE
2023-04-28,156.65,158.15,156.49,156.98,480399.0,STOCK_C_VOLATILE
2023-05-01,152.09,155.34,152.02,154.75,1661596.0,STOCK_C_VOLATILE
2023-05-02,163.45,163.52,158.18,160.05,2121392.0,STOCK_C_VOLATILE
2023-05-03,154.95,163.01,154.91,157.53,4949397.0,STOCK_C_VOLATILE
2023-05-04,163.08,164.59,157.94,161.48,4333905.0,STOCK_C_VOLATILE
2023-05-05,172.04,179.01,168.06,174.92,2728551.0,STOCK_C_VOLATILE
2023-05-08,164.73,167.44,163.11,165.71,4099922.0,STOCK_C_VOLATILE
2023-05-09,164.21,165.64,160.98,161.67,3649298.0,STOCK_C_VOLATILE
2023-05-10,151.74,156.61,151.21,153.86,1387707.0,STOCK_C_VOLATILE
2023-05-11,154.4,154.54,146.92,153.42,4395757.0,STOCK_C_VOLATILE
2023-05-12,148.69,149.31,146.31,149.03,3367382.0,STOCK_C_VOLATILE
2023-05-15,151.09,153.29,147.56,151.75,3218409.0,STOCK_C_VOLATILE
2023-05-16,127.53,130.72,125.53,128.27,3212999.0,STOCK_C_VOLATILE
2023-05-17,135.68,136.79,132.08,132.99,4676144.0,STOCK_C_VOLATILE
2023-05-18,127.29,130.25,125.8,128.15,2140503.0,STOCK_C_VOLATILE
2023-05-19,128.65,129.48,126.93,128.69,4870663.0,STOCK_C_VOLATILE
2023-05-22,116.37,118.45,115.75,115.84,941532.0,STOCK_C_VOLATILE
2023-05-23,121.19,123.95,119.24,121.22,2984656.0,STOCK_C_VOLATILE
2023-05-24,107.97,111.24,106.1,109.01,324194.0,STOCK_C_VOLATILE
2023-05-25,103.95,105.88,98.96,101.56,3539784.0,STOCK_C_VOLATILE
2023-05-26,99.62,103.01,97.12,101.58,1535670.0,STOCK_C_VOLATILE
2023-05-29,96.31,99.09,94.91,95.91,4053241.0,STOCK_C_VOLATILE
2023-05-30,92.75,94.77,91.13,91.71,3472720.0,STOCK_C_VOLATILE
2023-05-31,96.39,100.74,94.62,99.25,3260930.0,STOCK_C_VOLATILE
2023-06-01,99.34,100.63,98.82,100.2,3621401.0,STOCK_C_VOLATILE
2023-06-02,96.87,100.22,95.78,97.31,3710052.0,STOCK_C_VOLATILE
2023-06-05,93.32,95.92,92.04,93.69,2408916.0,STOCK_C_VOLATILE
2023-06-06,96.67,96.86,95.31,95.74,4499638.0,STOCK_C_VOLATILE
2023-06-07,95.19,99.06,94.79,97.81,2872055.0,STOCK_C_VOLATILE
2023-06-08,93.09,97.19,91.72,95.21,3502490.0,STOCK_C_VOLATILE
2023-06-09,87.06,87.18,84.96,85.57,4897232.0,STOCK_C_VOLATILE
2023-06-12,81.81,82.1,81.22,81.84,4371093.0,STOCK_C_VOLATILE
2023-06-13,71.63,72.56,68.28,71.57,4831432.0,STOCK_C_VOLATILE
2023-06-14,66.41,67.9,65.13,67.19,532476.0,STOCK_C_VOLATILE
2023-06-15,67.45,68.91,66.08,67.97,1020248.0,STOCK_C_VOLATILE
2023-06-16,70.86,72.05,68.74,71.36,1618346.0,STOCK_C_VOLATILE
2023-06-19,74.98,75.35,74.39,74.48,1211289.0,STOCK_C_VOLATILE
2023-06-20,76.55,79.37,74.5,75.4,585046.0,STOCK_C_VOLATILE
2023-06-21,77.62,77.93,76.56,77.73,3578932.0,STOCK_C_VOLATILE
2023-06-22,72.07,72.23,71.42,71.5,3728332.0,STOCK_C_VOLATILE
2023-06-23,72.81,75.2,69.95,72.55,4044698.0,STOCK_C_VOLATILE
2023-06-26,66.89,69.49,65.58,65.83,552011.0,STOCK_C_VOLATILE
2023-06-27,61.24,63.23,61.08,62.01,4296716.0,STOCK_C_VOLATILE
2023-06-28,61.91,62.7,61.72,61.81,1565621.0,STOCK_C_VOLATILE
2023-06-29,66.62,67.98,66.5,67.05,4454424.0,STOCK_C_VOLATILE
2023-06-30,65.0,65.06,61.67,64.64,1936602.0,STOCK_C_VOLATILE
2023-07-03,62.73,63.86,59.98,61.31,1598418.0,STOCK_C_VOLATILE
2023-07-04,62.1,63.31,61.67,62.36,2513798.0,STOCK_C_VOLATILE
2023-07-05,63.53,64.35,62.62,63.94,1721640.0,STOCK_C_VOLATILE
2023-07-06,60.76,60.77,59.43,60.05,1765004.0,STOCK_C_VOLATILE
2023-07-07,60.9,62.87,59.05,60.0,1647233.0,STOCK_C_VOLATILE
2023-07-10,57.2,58.47,56.27,57.5,5321730.0,STOCK_C_VOLATILE
2023-07-11,60.1,60.26,58.23,58.91,834339.0,STOCK_C_VOLATILE
2023-07-12,61.29,62.74,57.41,59.58,253895.0,STOCK_C_VOLATILE
2023-07-13,59.14,60.41,58.48,59.52,4095116.0,STOCK_C_VOLATILE
2023-07-14,57.96,59.32,57.86,58.81,3932660.0,STOCK_C_VOLATILE
2023-07-17,59.82,60.19,58.33,59.58,1359957.0,STOCK_C_VOLATILE
2023-07-18,56.83,57.28,55.63,56.89,2011524.0,STOCK_C_VOLATILE
2023-07-19,62.53,65.21,59.14,60.92,2777345.0,STOCK_C_VOLATILE
2023-07-20,65.97,68.17,65.88,66.33,4664897.0,STOCK_C_VOLATILE
2023-07-21,69.2,70.66,68.02,68.72,2287192.0,STOCK_C_VOLATILE
2023-07-24,65.7,66.36,64.17,65.23,2383590.0,STOCK_C_VOLATILE
2023-07-25,69.26,71.99,66.87,70.24,2127429.0,STOCK_C_VOLATILE
2023-07-26,65.84,66.48,64.6,65.64,925672.0,STOCK_C_VOLATILE
2023-07-27,66.14,67.8,66.04,67.71,4170824.0,STOCK_C_VOLATILE
2023-07-28,69.05,71.18,68.59,70.02,1983937.0,STOCK_C_VOLATILE
2023-07-31,71.87,72.5,69.3,70.72,4334498.0,STOCK_C_VOLATILE
2023-08-01,72.95,74.59,72.03,73.87,369092.0,STOCK_C_VOLATILE
2023-08-02,79.11,80.51,76.58,78.85,4496755.0,STOCK_C_VOLATILE
2023-08-03,75.31,75.49,72.53,74.6,2857458.0,STOCK_C_VOLATILE
2023-08-04,79.65,79.68,76.95,78.46,655086.0,STOCK_C_VOLATILE
2023-08-07,77.38,79.16,75.3,75.98,3410759.0,STOCK_C_VOLATILE
2023-08-08,75.49,77.0,74.28,75.95,4399027.0,STOCK_C_VOLATILE
2023-08-09,71.53,72.92,71.22,72.32,3685452.0,STOCK_C_VOLATILE
2023-08-10,71.02,71.66,69.07,71.11,919957.0,STOCK_C_VOLATILE
2023-08-11,71.85,72.35,71.08,71.16,3561493.0,STOCK_C_VOLATILE
2023-08-14,69.74,69.83,67.89,69.68,687527.0,STOCK_C_VOLATILE
2023-08-15,70.02,72.55,67.89,70.25,1237362.0,STOCK_C_VOLATILE
2023-08-16,68.95,71.57,67.91,69.23,4207829.0,STOCK_C_VOLATILE
2023-08-17,67.47,68.77,64.74,68.23,740058.0,STOCK_C_VOLATILE
2023-08-18,69.25,70.57,67.05,67.6,3111442.0,STOCK_C_VOLATILE
2023-08-21,64.03,67.14,63.39,65.95,4581843.0,STOCK_C_VOLATILE
2023-08-22,70.81,72.21,69.97,70.28,4029258.0,STOCK_C_VOLATILE
2023-08-23,66.23,68.19,65.88,66.44,4519193.0,STOCK_C_VOLATILE
2023-08-24,70.97,71.74,68.27,71.43,3337198.0,STOCK_C_VOLATILE
2023-08-25,70.93,71.23,67.96,70.23,3070347.0,STOCK_C_VOLATILE
2023-08-28,65.0,67.33,64.97,66.17,3811363.0,STOCK_C_VOLATILE
2023-08-29,60.88,61.9,59.77,61.65,855064.0,STOCK_C_VOLATILE
2023-08-30,59.11,61.48,58.98,60.08,524732.0,STOCK_C_VOLATILE
2023-08-31,58.52,60.48,58.11,59.68,4147759.0,STOCK_C_VOLATILE
2023-09-01,59.37,61.43,58.95,60.55,1723969.0,STOCK_C_VOLATILE
2023-09-04,66.05,67.54,64.52,65.32,4026631.0,STOCK_C_VOLATILE
2023-09-05,61.3,62.18,61.14,61.39,4930843.0,STOCK_C_VOLATILE
2023-09-06,62.92,65.05,61.66,63.3,4871578.0,STOCK_C_VOLATILE
2023-09-07,66.17,67.2,64.66,65.46,4007526.0,STOCK_C_VOLATILE
2023-09-08,62.84,64.87,62.34,62.55,2437997.0,STOCK_C_VOLATILE
2023-09-11,63.42,64.17,63.1,63.86,720974.0,STOCK_C_VOLATILE
2023-09-12,68.23,69.04,68.07,68.34,1754642.0,STOCK_C_VOLATILE
2023-09-13,71.76,72.43,71.36,72.01,714843.0,STOCK_C_VOLATILE
2023-09-14,69.9,70.19,67.51,69.89,13387098.0,STOCK_C_VOLATILE
2023-09-15,75.98,78.41,73.82,74.38,4515534.0,STOCK_C_VOLATILE
2023-09-18,75.13,76.79,74.35,74.97,986617.0,STOCK_C_VOLATILE
2023-09-19,74.06,75.71,73.6,74.4,3503271.0,STOCK_C_VOLATILE
2023-09-20,73.29,74.92,73.07,73.13,2264691.0,STOCK_C_VOLATILE
2023-09-21,75.28,77.15,75.04,75.8,3398054.0,STOCK_C_VOLATILE
2023-09-22,75.87,77.92,74.77,75.83,322077.0,STOCK_C_VOLATILE
2023-09-25,79.64,81.21,76.78,77.79,3717546.0,STOCK_C_VOLATILE
2023-09-26,76.22,77.9,75.68,76.78,3895926.0,STOCK_C_VOLATILE
2023-09-27,74.97,77.8,74.62,76.48,3198313.0,STOCK_C_VOLATILE
2023-09-28,79.33,80.02,77.56,77.86,626941.0,STOCK_C_VOLATILE
2023-09-29,77.5,80.57,76.57,79.14,5437456.0,STOCK_C_VOLATILE
2023-10-02,79.6,81.95,77.1,77.94,3937282.0,STOCK_C_VOLATILE
2023-10-03,78.26,80.16,77.75,77.99,695735.0,STOCK_C_VOLATILE
2023-10-04,74.59,79.09,71.52,76.61,1368915.0,STOCK_C_VOLATILE
2023-10-05,77.82,78.99,76.44,76.98,4430441.0,STOCK_C_VOLATILE
2023-10-06,71.44,72.5,69.47,72.2,2062362.0,STOCK_C_VOLATILE
2023-10-09,70.53,71.12,69.82,70.25,2825791.0,STOCK_C_VOLATILE
2023-10-10,73.1,73.75,71.58,73.7,4496660.0,STOCK_C_VOLATILE
2023-10-11,72.98,76.32,72.0,74.49,781534.0,STOCK_C_VOLATILE
2023-10-12,73.5,74.85,73.11,74.48,4325897.0,STOCK_C_VOLATILE
2023-10-13,71.86,73.98,69.88,70.5,3118501.0,STOCK_C_VOLATILE
2023-10-16,70.52,71.37,69.34,70.9,3637178.0,STOCK_C_VOLATILE
2023-10-17,69.98,71.09,69.66,70.1,3947546.0,STOCK_C_VOLATILE
2023-10-18,67.93,68.79,66.16,68.42,4477420.0,STOCK_C_VOLATILE
2023-10-19,73.23,74.1,71.08,72.96,2863523.0,STOCK_C_VOLATILE
2023-10-20,66.81,67.16,66.24,66.85,957194.0,STOCK_C_VOLATILE
2023-10-23,68.54,70.09,66.53,67.3,100029.0,STOCK_C_VOLATILE
2023-10-24,70.04,70.94,68.58,70.59,1546633.0,STOCK_C_VOLATILE
2023-10-25,73.93,74.84,73.62,74.03,3263383.0,STOCK_C_VOLATILE
2023-10-26,75.55,76.46,72.46,75.93,585506.0,STOCK_C_VOLATILE
2023-10-27,75.85,79.11,73.91,76.68,2377745.0,STOCK_C_VOLATILE
2023-10-30,76.58,76.71,75.84,76.08,215328.0,STOCK_C_VOLATILE
2023-10-31,75.68,77.43,75.03,77.22,4910785.0,STOCK_C_VOLATILE
2023-11-01,78.1,80.94,73.66,77.3,4525551.0,STOCK_C_VOLATILE
2023-11-02,76.12,77.88,75.35,77.13,2904925.0,STOCK_C_VOLATILE
2023-11-03,79.09,80.27,75.66,77.38,4677856.0,STOCK_C_VOLATILE
2023-11-06,81.12,82.8,80.22,81.3,4459391.0,STOCK_C_VOLATILE
2023-11-07,82.57,84.93,78.47,81.34,3596348.0,STOCK_C_VOLATILE
2023-11-08,80.38,80.54,77.81,78.82,2931810.0,STOCK_C_VOLATILE
2023-11-09,73.39,76.06,71.81,74.92,3754003.0,STOCK_C_VOLATILE
2023-11-10,75.67,77.75,74.54,75.76,223308.0,STOCK_C_VOLATILE
2023-11-13,68.92,69.33,68.4,69.31,2382528.0,STOCK_C_VOLATILE
2023-11-14,72.64,72.85,71.98,72.73,2379221.0,STOCK_C_VOLATILE
2023-11-15,71.12,71.79,68.5,69.98,2590921.0,STOCK_C_VOLATILE
2023-11-16,70.87,71.88,69.09,71.31,4598600.0,STOCK_C_VOLATILE
2023-11-17,77.22,79.79,75.62,75.73,3022340.0,STOCK_C_VOLATILE
2023-11-20,77.95,78.53,77.02,78.01,4333086.0,STOCK_C_VOLATILE
2023-11-21,82.93,83.43,82.8,83.23,3173400.0,STOCK_C_VOLATILE
2023-11-22,94.64,95.2,92.39,92.44,3370081.0,STOCK_C_VOLATILE
2023-11-23,94.43,99.91,94.06,96.13,3142818.0,STOCK_C_VOLATILE
2023-11-24,90.09,92.55,89.97,91.2,3274298.0,STOCK_C_VOLATILE
2023-11-27,99.01,99.31,96.09,97.45,4474462.0,STOCK_C_VOLATILE
2023-11-28,100.33,101.18,97.65,99.49,2032694.0,STOCK_C_VOLATILE
2023-11-29,104.27,106.98,102.28,105.07,3272424.0,STOCK_C_VOLATILE
2023-11-30,109.42,111.7,109.26,110.4,4900321.0,STOCK_C_VOLATILE
2023-12-01,103.98,105.58,103.5,105.18,4361897.0,STOCK_C_VOLATILE
2023-12-04,111.96,113.06,110.84,111.33,13740756.0,STOCK_C_VOLATILE
2023-12-05,105.61,108.06,104.09,106.73,1023930.0,STOCK_C_VOLATILE
2023-12-06,107.58,108.61,105.16,105.38,3595639.0,STOCK_C_VOLATILE
2023-12-07,96.22,99.61,95.97,98.33,1816720.0,STOCK_C_VOLATILE
2023-12-08,106.46,110.44,102.29,104.72,2087862.0,STOCK_C_VOLATILE
2023-12-11,103.93,106.42,102.83,103.53,4926224.0,STOCK_C_VOLATILE
2023-12-12,106.87,107.9,105.05,105.09,451567.0,STOCK_C_VOLATILE
2023-12-13,98.53,102.24,95.92,95.95,3180580.0,STOCK_C_VOLATILE
2023-12-14,92.48,94.34,91.55,91.94,353241.0,STOCK_C_VOLATILE
2023-12-15,97.67,98.05,94.55,94.72,4379557.0,STOCK_C_VOLATILE
2023-12-18,99.23,100.62,97.47,99.82,3621366.0,STOCK_C_VOLATILE
2023-12-19,101.51,106.63,96.95,99.06,1824802.0,STOCK_C_VOLATILE
2023-12-20,96.32,97.47,93.31,94.79,3802835.0,STOCK_C_VOLATILE
2023-12-21,93.57,96.38,93.02,93.74,4990900.0,STOCK_C_VOLATILE
2023-12-22,92.44,94.21,90.69,93.79,4904911.0,STOCK_C_VOLATILE
2023-12-25,93.09,95.54,92.78,94.87,1776296.0,STOCK_C_VOLATILE
2023-12-26,93.75,94.98,91.58,94.08,3897037.0,STOCK_C_VOLATILE
2023-12-27,100.23,101.72,95.36,99.36,1574579.0,STOCK_C_VOLATILE
2023-12-28,92.83,95.46,90.4,95.41,3057227.0,STOCK_C_VOLATILE
2023-12-29,95.7,98.99,94.26,97.5,825013.0,STOCK_C_VOLATILE
2024-01-01,96.51,101.86,95.35,98.69,4599450.0,STOCK_C_VOLATILE
2024-01-02,103.23,103.48,100.56,102.7,2905012.0,STOCK_C_VOLATILE
2024-01-03,96.1,96.52,94.02,96.13,2558687.0,STOCK_C_VOLATILE
2024-01-04,98.23,99.28,91.4,94.96,247423.0,STOCK_C_VOLATILE
2024-01-05,96.41,100.5,92.73,96.1,3257904.0,STOCK_C_VOLATILE
2024-01-08,101.64,103.09,97.78,99.82,1085550.0,STOCK_C_VOLATILE
2024-01-09,100.41,101.54,98.69,100.39,4276315.0,STOCK_C_VOLATILE
2024-01-10,102.65,107.95,100.05,104.24,498248.0,STOCK_C_VOLATILE
2024-01-11,104.01,104.99,103.26,103.93,390173.0,STOCK_C_VOLATILE
2024-01-12,105.08,107.49,101.8,102.01,3567555.0,STOCK_C_VOLATILE
2024-01-15,96.9,98.83,93.87,95.81,3012092.0,STOCK_C_VOLATILE
2024-01-16,100.13,100.85,97.68,99.96,3662157.0,STOCK_C_VOLATILE
2024-01-17,114.01,114.63,112.69,114.54,305788.0,STOCK_C_VOLATILE
2024-01-18,106.61,108.65,105.16,106.11,2126002.0,STOCK_C_VOLATILE
2024-01-19,103.53,105.27,102.86,104.0,4693646.0,STOCK_C_VOLATILE
2024-01-22,99.81,100.71,96.32,99.42,803713.0,STOCK_C_VOLATILE
2024-01-23,100.9,103.5,99.39,100.33,2818397.0,STOCK_C_VOLATILE
2024-01-24,109.47,110.69,108.14,109.12,2845296.0,STOCK_C_VOLATILE
2024-01-25,108.47,108.75,105.39,107.16,3688008.0,STOCK_C_VOLATILE
2024-01-26,111.84,113.24,111.23,113.01,9143306.0,STOCK_C_VOLATILE
2024-01-29,114.12,114.91,112.21,113.45,4567043.0,STOCK_C_VOLATILE
2024-01-30,108.69,109.14,106.88,108.0,950559.0,STOCK_C_VOLATILE
2024-01-31,103.63,104.47,102.88,103.18,1356426.0,STOCK_C_VOLATILE
2024-02-01,108.29,108.91,107.2,108.0,1946875.0,STOCK_C_VOLATILE
2024-02-02,105.95,107.72,104.84,106.47,3880303.0,STOCK_C_VOLATILE
2024-02-05,111.84,113.5,110.33,113.36,3697213.0,STOCK_C_VOLATILE
2024-02-06,115.81,117.12,114.0,115.53,3348341.0,STOCK_C_VOLATILE
2024-02-07,116.9,117.83,115.88,117.4,952911.0,STOCK_C_VOLATILE
2024-02-08,111.01,116.96,110.56,111.28,464480.0,STOCK_C_VOLATILE
2024-02-09,107.54,109.76,105.76,109.43,3621819.0,STOCK_C_VOLATILE
2024-02-12,100.58,101.51,97.23,100.29,2185621.0,STOCK_C_VOLATILE
2024-02-13,100.62,102.93,100.54,102.59,671586.0,STOCK_C_VOLATILE
2024-02-14,100.95,103.87,99.07,101.88,3924462.0,STOCK_C_VOLATILE
2024-02-15,109.2,111.16,107.99,108.48,3712443.0,STOCK_C_VOLATILE
2024-02-16,105.39,105.82,103.47,105.5,3774808.0,STOCK_C_VOLATILE
2024-02-19,105.92,108.88,102.57,106.72,2397778.0,STOCK_C_VOLATILE
2024-02-20,104.89,105.52,103.93,104.3,1847064.0,STOCK_C_VOLATILE
2024-02-21,109.78,109.79,105.98,108.64,2402431.0,STOCK_C_VOLATILE
2024-02-22,99.93,104.72,99.17,102.75,3476887.0,STOCK_C_VOLATILE
2024-02-23,101.21,103.84,100.1,102.93,4360178.0,STOCK_C_VOLATILE
2024-02-26,102.02,103.39,100.36,100.87,928425.0,STOCK_C_VOLATILE
2024-02-27,91.79,92.12,90.77,90.79,4286004.0,STOCK_C_VOLATILE
2024-02-28,87.63,90.05,86.83,87.04,2167870.0,STOCK_C_VOLATILE
2024-02-29,91.16,92.21,90.74,92.16,1801333.0,STOCK_C_VOLATILE
2024-03-01,97.14,97.72,96.09,96.58,1845092.0,STOCK_C_VOLATILE
2024-03-04,96.38,98.11,95.66,95.96,198926.0,STOCK_C_VOLATILE
2024-03-05,100.79,105.4,100.76,102.46,890601.0,STOCK_C_VOLATILE
2024-03-06,106.08,108.98,101.47,104.54,1080554.0,STOCK_C_VOLATILE
2024-03-07,104.5,111.69,104.05,107.95,1033038.0,STOCK_C_VOLATILE
2024-03-08,109.02,109.04,106.24,107.98,1309022.0,STOCK_C_VOLATILE
2024-03-11,103.5,106.46,101.57,104.14,4804621.0,STOCK_C_VOLATILE
2024-03-12,102.7,104.76,100.85,103.67,2487473.0,STOCK_C_VOLATILE
2024-03-13,108.13,114.07,106.51,110.19,3776118.0,STOCK_C_VOLATILE
2024-03-14,107.24,109.59,105.94,108.85,6865586.0,STOCK_C_VOLATILE
2024-03-15,93.05,96.24,92.29,95.74,1106789.0,STOCK_C_VOLATILE
2024-03-18,97.08,97.4,95.33,97.24,3909750.0,STOCK_C_VOLATILE
2024-03-19,93.07,97.85,91.09,94.92,2611807.0,STOCK_C_VOLATILE
2024-03-20,84.32,86.72,81.05,83.77,2821900.0,STOCK_C_VOLATILE
2024-03-21,82.72,83.01,81.74,82.6,873868.0,STOCK_C_VOLATILE
2024-03-22,80.88,83.39,80.59,81.43,153283.0,STOCK_C_VOLATILE
2024-03-25,79.97,81.25,78.87,81.1,4742521.0,STOCK_C_VOLATILE
2024-03-26,83.03,84.6,82.21,82.79,428388.0,STOCK_C_VOLATILE
2024-03-27,81.74,82.52,80.96,81.53,3720138.0,STOCK_C_VOLATILE
2024-03-28,82.04,82.22,81.66,81.78,3070548.0,STOCK_C_VOLATILE
2024-03-29,79.56,80.52,76.85,78.44,3269092.0,STOCK_C_VOLATILE
2024-04-01,74.02,76.21,70.69,74.26,4045832.0,STOCK_C_VOLATILE
2024-04-02,74.56,77.59,73.64,74.29,1452923.0,STOCK_C_VOLATILE
2024-04-03,72.44,73.12,72.18,72.47,4051466.0,STOCK_C_VOLATILE
2024-04-04,70.22,72.79,69.42,70.4,1854116.0,STOCK_C_VOLATILE
2024-04-05,67.57,69.72,66.94,67.44,1183012.0,STOCK_C_VOLATILE
2024-04-08,66.92,67.46,66.07,67.3,3333787.0,STOCK_C_VOLATILE
2024-04-09,61.7,64.42,61.11,62.83,635881.0,STOCK_C_VOLATILE
2024-04-10,60.26,62.32,60.1,60.63,1210122.0,STOCK_C_VOLATILE
2024-04-11,58.39,59.16,57.2,58.08,3842955.0,STOCK_C_VOLATILE
2024-04-12,63.08,63.3,61.24,61.88,2946042.0,STOCK_C_VOLATILE
2024-04-15,62.32,63.71,62.04,63.03,1126751.0,STOCK_C_VOLATILE
2024-04-16,64.04,64.75,62.15,63.28,850966.0,STOCK_C_VOLATILE
2024-04-17,68.5,68.92,68.14,68.16,3708554.0,STOCK_C_VOLATILE
2024-04-18,64.54,64.56,63.36,63.63,3048934.0,STOCK_C_VOLATILE
2024-04-19,63.91,66.22,62.58,64.68,1781058.0,STOCK_C_VOLATILE
2024-04-22,67.92,68.19,67.51,67.98,2884266.0,STOCK_C_VOLATILE
2024-04-23,66.56,68.51,66.46,67.4,235503.0,STOCK_C_VOLATILE
2024-04-24,65.88,67.37,64.54,66.04,3162548.0,STOCK_C_VOLATILE
2024-04-25,63.85,66.12,63.72,64.73,2942691.0,STOCK_C_VOLATILE
2024-04-26,65.09,67.33,63.91,65.56,2829282.0,STOCK_C_VOLATILE
2024-04-29,66.43,67.31,65.49,66.17,415169.0,STOCK_C_VOLATILE
2024-04-30,66.44,67.52,64.72,64.91,1780493.0,STOCK_C_VOLATILE
2024-05-01,68.38,69.46,68.08,68.23,2924398.0,STOCK_C_VOLATILE
2024-05-02,71.11,73.19,70.52,71.86,1210850.0,STOCK_C_VOLATILE
2024-05-03,71.57,74.3,71.26,73.98,3297669.0,STOCK_C_VOLATILE
2024-05-06,66.68,69.05,66.45,67.96,2348506.0,STOCK_C_VOLATILE
2024-05-07,67.84,68.27,66.61,68.15,4055623.0,STOCK_C_VOLATILE
2024-05-08,67.6,68.83,66.29,67.59,3669743.0,STOCK_C_VOLATILE
2024-05-09,64.36,66.2,62.57,63.9,1253651.0,STOCK_C_VOLATILE
2024-05-10,63.9,65.67,63.69,65.11,2110282.0,STOCK_C_VOLATILE
2024-05-13,61.2,62.33,60.63,61.76,3190187.0,STOCK_C_VOLATILE
2024-05-14,64.91,67.58,63.76,63.94,2700147.0,STOCK_C_VOLATILE
2024-05-15,67.02,67.18,66.31,66.61,3876334.0,STOCK_C_VOLATILE
2024-05-16,64.65,66.53,63.61,66.23,2703866.0,STOCK_C_VOLATILE
2024-05-17,70.37,73.01,69.79,70.98,3578492.0,STOCK_C_VOLATILE
2024-05-20,67.37,67.79,66.8,67.01,2484773.0,STOCK_C_VOLATILE
2024-05-21,71.75,74.07,70.24,71.94,1145295.0,STOCK_C_VOLATILE
2024-05-22,72.93,74.28,72.35,72.68,2502878.0,STOCK_C_VOLATILE
2024-05-23,72.14,73.29,70.79,72.06,3572878.0,STOCK_C_VOLATILE
2024-05-24,72.35,75.0,70.27,71.38,3560024.0,STOCK_C_VOLATILE
2024-05-27,77.37,77.49,76.04,76.53,2399589.0,STOCK_C_VOLATILE
2024-05-28,75.74,77.33,72.41,76.76,1729427.0,STOCK_C_VOLATILE
2024-05-29,75.38,77.26,73.55,75.69,2946200.0,STOCK_C_VOLATILE
2024-05-30,83.48,85.35,83.21,83.53,3111125.0,STOCK_C_VOLATILE
2024-05-31,82.76,84.55,81.09,84.17,2963754.0,STOCK_C_VOLATILE
2024-06-03,92.47,96.8,90.82,92.83,869921.0,STOCK_C_VOLATILE
2024-06-04,94.33,94.92,92.03,92.22,1252768.0,STOCK_C_VOLATILE
2024-06-05,92.81,95.03,92.66,94.42,1692772.0,STOCK_C_VOLATILE
2024-06-06,89.92,92.01,86.19,90.41,4428346.0,STOCK_C_VOLATILE
2024-06-07,88.2,90.08,86.34,87.25,3240938.0,STOCK_C_VOLATILE
2024-06-10,86.28,87.53,84.76,86.69,2963808.0,STOCK_C_VOLATILE
2024-06-11,80.41,81.39,77.35,80.57,2057376.0,STOCK_C_VOLATILE
2024-06-12,78.41,79.16,76.73,78.57,2731562.0,STOCK_C_VOLATILE
2024-06-13,74.24,77.01,73.78,75.07,1331795.0,STOCK_C_VOLATILE
2024-06-14,73.91,74.04,71.58,73.36,1215223.0,STOCK_C_VOLATILE
2024-06-17,74.26,77.27,74.23,76.72,1625327.0,STOCK_C_VOLATILE
2024-06-18,73.59,76.87,73.26,75.91,1259556.0,STOCK_C_VOLATILE
2024-06-19,73.63,77.01,73.52,74.63,3261311.0,STOCK_C_VOLATILE
2024-06-20,71.18,74.29,69.24,71.45,4520054.0,STOCK_C_VOLATILE
2024-06-21,70.96,74.24,70.35,72.9,1748627.0,STOCK_C_VOLATILE
2024-06-24,73.07,73.66,72.07,73.62,2835203.0,STOCK_C_VOLATILE
2024-06-25,79.17,79.93,76.71,78.4,14425885.0,STOCK_C_VOLATILE
2024-06-26,79.07,79.95,78.34,79.92,744973.0,STOCK_C_VOLATILE
2024-06-27,80.48,83.96,78.31,83.17,3383196.0,STOCK_C_VOLATILE
2024-06-28,83.43,86.48,81.51,84.28,2588849.0,STOCK_C_VOLATILE
2024-07-01,89.64,91.6,87.66,90.06,3591554.0,STOCK_C_VOLATILE
2024-07-02,84.04,85.71,82.93,84.34,4925639.0,STOCK_C_VOLATILE
2024-07-03,86.06,86.92,84.5,85.91,2991479.0,STOCK_C_VOLATILE
2024-07-04,81.17,84.76,79.37,82.15,1265195.0,STOCK_C_VOLATILE
2024-07-05,76.3,79.83,75.3,76.44,857241.0,STOCK_C_VOLATILE
2024-07-08,76.84,78.07,74.15,75.94,4060651.0,STOCK_C_VOLATILE
2024-07-09,71.87,72.83,70.84,72.53,3139376.0,STOCK_C_VOLATILE
2024-07-10,74.62,78.86,73.58,75.19,4052888.0,STOCK_C_VOLATILE
2024-07-11,75.56,76.53,75.12,75.85,4469345.0,STOCK_C_VOLATILE
2024-07-12,72.65,73.9,72.11,73.21,3000094.0,STOCK_C_VOLATILE
2024-07-15,73.14,74.12,69.24,70.71,1382171.0,STOCK_C_VOLATILE
2024-07-16,71.56,74.76,69.55,73.01,1799192.0,STOCK_C_VOLATILE
2024-07-17,72.97,73.9,71.7,73.4,3048770.0,STOCK_C_VOLATILE
2024-07-18,76.2,78.68,76.08,77.47,1274568.0,STOCK_C_VOLATILE
2024-07-19,75.45,75.88,74.88,75.06,726906.0,STOCK_C_VOLATILE
2024-07-22,84.86,86.78,82.12,82.82,4308820.0,STOCK_C_VOLATILE
2024-07-23,81.12,81.8,78.03,80.25,1575026.0,STOCK_C_VOLATILE
2024-07-24,72.33,72.45,71.25,72.42,1651370.0,STOCK_C_VOLATILE
2024-07-25,74.08,74.77,72.49,72.85,3338728.0,STOCK_C_VOLATILE
2024-07-26,79.71,81.49,76.66,78.32,725185.0,STOCK_C_VOLATILE
2024-07-29,77.01,77.78,75.22,75.76,3777713.0,STOCK_C_VOLATILE
2024-07-30,71.45,73.88,71.16,71.21,3681051.0,STOCK_C_VOLATILE
2024-07-31,63.91,65.79,63.53,63.92,1830371.0,STOCK_C_VOLATILE
2024-08-01,60.78,61.43,59.45,60.48,3591905.0,STOCK_C_VOLATILE
2024-08-02,59.45,60.7,59.3,59.76,4171189.0,STOCK_C_VOLATILE
2024-08-05,60.27,60.49,57.29,59.7,3740087.0,STOCK_C_VOLATILE
2024-08-06,60.22,62.83,59.65,60.54,3656550.0,STOCK_C_VOLATILE
2024-08-07,62.9,65.2,62.3,64.31,3620097.0,STOCK_C_VOLATILE
2024-08-08,60.53,62.1,59.92,61.46,4495712.0,STOCK_C_VOLATILE
2024-08-09,64.16,67.17,62.71,63.58,3036965.0,STOCK_C_VOLATILE
2024-08-12,62.49,64.76,61.28,63.14,3389149.0,STOCK_C_VOLATILE
2024-08-13,66.25,68.22,65.92,67.4,2552798.0,STOCK_C_VOLATILE
2024-08-14,66.8,68.47,66.56,68.28,3738943.0,STOCK_C_VOLATILE
2024-08-15,68.33,70.94,67.14,69.41,3290181.0,STOCK_C_VOLATILE
2024-08-16,70.23,71.27,69.27,70.48,1899423.0,STOCK_C_VOLATILE
2024-08-19,67.65,69.5,65.99,68.24,784598.0,STOCK_C_VOLATILE
2024-08-20,66.34,66.51,64.86,65.28,4241883.0,STOCK_C_VOLATILE
2024-08-21,65.38,66.63,63.84,65.2,2118344.0,STOCK_C_VOLATILE
2024-08-22,63.09,63.61,61.45,62.19,3227577.0,STOCK_C_VOLATILE
2024-08-23,66.7,68.02,66.02,66.43,3530848.0,STOCK_C_VOLATILE
2024-08-26,61.65,63.42,61.22,62.27,2909679.0,STOCK_C_VOLATILE
2024-08-27,62.57,63.61,61.92,62.84,620545.0,STOCK_C_VOLATILE
2024-08-28,64.46,65.06,63.13,63.52,1954441.0,STOCK_C_VOLATILE
2024-08-29,62.72,63.15,61.37,62.01,660243.0,STOCK_C_VOLATILE
2024-08-30,61.13,62.14,59.61,61.0,1787364.0,STOCK_C_VOLATILE
2024-09-02,61.89,63.87,60.54,61.48,2135649.0,STOCK_C_VOLATILE
2024-09-03,63.73,64.61,62.62,63.99,403741.0,STOCK_C_VOLATILE
2024-09-04,65.18,65.51,63.02,64.42,4101285.0,STOCK_C_VOLATILE
2024-09-05,65.54,66.44,64.95,65.41,755751.0,STOCK_C_VOLATILE
2024-09-06,65.8,66.31,64.59,65.54,4996041.0,STOCK_C_VOLATILE
2024-09-09,72.9,73.96,71.25,73.43,168045.0,STOCK_C_VOLATILE
2024-09-10,70.04,70.37,68.5,69.49,4330463.0,STOCK_C_VOLATILE
2024-09-11,61.88,62.49,60.51,62.22,1537980.0,STOCK_C_VOLATILE
2024-09-12,66.38,67.18,65.42,66.14,789977.0,STOCK_C_VOLATILE
2024-09-13,70.31,71.86,69.18,69.77,3289591.0,STOCK_C_VOLATILE
2024-09-16,70.85,71.23,70.72,70.83,1302342.0,STOCK_C_VOLATILE
2024-09-17,65.58,67.47,64.1,66.42,1686253.0,STOCK_C_VOLATILE
2024-09-18,68.24,71.21,67.65,70.51,4083612.0,STOCK_C_VOLATILE
2024-09-19,73.03,75.19,72.93,73.24,1572800.0,STOCK_C_VOLATILE
2024-09-20,75.28,77.46,73.56,75.62,777289.0,STOCK_C_VOLATILE
2024-09-23,80.48,81.09,78.69,80.14,3497326.0,STOCK_C_VOLATILE
2024-09-24,77.77,78.79,77.06,78.16,3824986.0,STOCK_C_VOLATILE
2024-09-25,74.49,75.66,73.69,74.41,680011.0,STOCK_C_VOLATILE
2024-09-26,76.22,77.48,71.34,74.94,923471.0,STOCK_C_VOLATILE
2024-09-27,73.81,76.14,71.52,74.56,3050494.0,STOCK_C_VOLATILE
2024-09-30,73.14,75.44,72.22,72.34,721867.0,STOCK_C_VOLATILE
2024-10-01,73.35,74.47,71.49,72.67,3071934.0,STOCK_C_VOLATILE
2024-10-02,68.54,69.61,65.78,68.72,4819071.0,STOCK_C_VOLATILE
2024-10-03,68.2,69.68,67.48,68.28,1247962.0,STOCK_C_VOLATILE
2024-10-04,70.29,74.31,69.34,71.13,771893.0,STOCK_C_VOLATILE
2024-10-07,67.43,68.32,64.59,66.55,778351.0,STOCK_C_VOLATILE
2024-10-08,62.8,64.35,60.59,63.95,1071621.0,STOCK_C_VOLATILE
2024-10-09,60.29,63.18,59.82,60.98,1424254.0,STOCK_C_VOLATILE
2024-10-10,55.15,56.23,54.0,56.2,1276049.0,STOCK_C_VOLATILE
2024-10-11,58.11,58.9,56.39,56.73,3185363.0,STOCK_C_VOLATILE
2024-10-14,55.67,56.22,55.31,56.16,4080351.0,STOCK_C_VOLATILE
2024-10-15,53.25,54.05,53.11,53.46,4650124.0,STOCK_C_VOLATILE
2024-10-16,53.3,55.71,53.06,54.57,3996914.0,STOCK_C_VOLATILE
2024-10-17,52.57,53.37,51.67,53.0,2886519.0,STOCK_C_VOLATILE
2024-10-18,53.04,54.2,52.3,53.12,2824797.0,STOCK_C_VOLATILE
2024-10-21,51.84,52.61,49.8,51.73,1078951.0,STOCK_C_VOLATILE
2024-10-22,52.19,53.23,52.16,52.31,4529132.0,STOCK_C_VOLATILE
2024-10-23,54.58,55.48,53.8,54.56,2491959.0,STOCK_C_VOLATILE
2024-10-24,50.24,51.28,50.12,51.27,4752532.0,STOCK_C_VOLATILE
2024-10-25,51.59,52.19,51.26,51.3,1585491.0,STOCK_C_VOLATILE
2024-10-28,51.04,52.73,49.83,50.37,3420768.0,STOCK_C_VOLATILE
2024-10-29,48.16,49.35,47.66,48.99,2192040.0,STOCK_C_VOLATILE
2024-10-30,48.35,48.58,48.05,48.48,10687959.0,STOCK_C_VOLATILE
2024-10-31,47.31,48.33,46.38,47.15,1071798.0,STOCK_C_VOLATILE
2024-11-01,50.01,50.97,49.32,49.39,3182417.0,STOCK_C_VOLATILE
2024-11-04,48.32,48.91,48.22,48.79,543931.0,STOCK_C_VOLATILE
2024-11-05,48.16,48.17,47.3,48.08,308839.0,STOCK_C_VOLATILE
2024-11-06,51.06,51.83,49.57,51.42,4732010.0,STOCK_C_VOLATILE
2024-11-07,53.47,54.01,52.07,52.77,4201279.0,STOCK_C_VOLATILE
2024-11-08,51.3,51.66,51.23,51.27,1582470.0,STOCK_C_VOLATILE
2024-11-11,51.01,51.42,48.99,50.34,2124604.0,STOCK_C_VOLATILE
2024-11-12,50.16,51.96,48.6,50.57,996506.0,STOCK_C_VOLATILE
2024-11-13,49.98,50.31,49.76,49.81,4935094.0,STOCK_C_VOLATILE
2024-11-14,48.19,49.72,47.74,48.34,4516839.0,STOCK_C_VOLATILE
2024-11-15,46.16,48.05,45.21,47.88,1930928.0,STOCK_C_VOLATILE
2024-11-18,45.28,46.15,44.03,45.99,4870772.0,STOCK_C_VOLATILE
2024-11-19,49.11,49.56,47.72,48.92,3416817.0,STOCK_C_VOLATILE
2024-11-20,50.6,53.59,49.78,51.48,2638508.0,STOCK_C_VOLATILE
2024-11-21,48.73,49.77,48.21,49.52,1192812.0,STOCK_C_VOLATILE
2024-11-22,50.98,51.3,50.43,51.27,4198496.0,STOCK_C_VOLATILE
2024-11-25,50.36,50.94,49.92,50.34,1511688.0,STOCK_C_VOLATILE
2024-11-26,47.07,47.87,46.59,47.69,1619396.0,STOCK_C_VOLATILE
2024-11-27,47.87,48.54,46.27,47.28,277439.0,STOCK_C_VOLATILE
2024-11-28,47.96,49.38,47.33,48.77,332186.0,STOCK_C_VOLATILE
2024-11-29,50.86,51.95,50.24,51.43,3674739.0,STOCK_C_VOLATILE
2024-12-02,50.14,51.11,48.86,51.01,4002311.0,STOCK_C_VOLATILE
2024-12-03,51.28,52.06,49.76,50.69,2656623.0,STOCK_C_VOLATILE
2024-12-04,51.16,53.37,51.05,52.4,3247065.0,STOCK_C_VOLATILE
2024-12-05,55.2,55.9,54.21,54.78,4127231.0,STOCK_C_VOLATILE
2024-12-06,49.89,51.98,48.86,50.66,4573420.0,STOCK_C_VOLATILE
2024-12-09,54.24,55.06,52.72,53.2,2330530.0,STOCK_C_VOLATILE
2024-12-10,50.98,51.39,47.89,50.48,509833.0,STOCK_C_VOLATILE
2024-12-11,52.32,54.54,52.02,52.78,4575181.0,STOCK_C_VOLATILE
2024-12-12,56.91,57.65,56.23,56.27,3088049.0,STOCK_C_VOLATILE
2024-12-13,55.75,56.42,55.0,56.38,678320.0,STOCK_C_VOLATILE
2024-12-16,53.89,54.77,53.53,54.48,439718.0,STOCK_C_VOLATILE
2024-12-17,53.87,55.5,52.28,53.65,3306308.0,STOCK_C_VOLATILE
2024-12-18,56.25,56.62,55.21,56.36,2430942.0,STOCK_C_VOLATILE
2024-12-19,53.24,55.59,53.16,54.26,2152794.0,STOCK_C_VOLATILE
2024-12-20,49.48,51.35,49.11,50.09,2667343.0,STOCK_C_VOLATILE
2024-12-23,52.73,53.42,48.93,51.11,4071107.0,STOCK_C_VOLATILE
2024-12-24,51.58,51.81,50.94,51.05,2807120.0,STOCK_C_VOLATILE
2024-12-25,49.0,49.71,48.76,49.54,1894545.0,STOCK_C_VOLATILE
2024-12-26,51.36,52.55,49.75,51.52,267412.0,STOCK_C_VOLATILE
2024-12-27,53.86,54.57,53.11,53.41,1483877.0,STOCK_C_VOLATILE
2024-12-30,53.1,53.89,52.38,53.54,3246716.0,STOCK_C_VOLATILE
2024-12-31,52.15,53.83,51.3,53.04,1146186.0,STOCK_C_VOLATILE
2025-01-01,51.13,51.46,50.58,51.24,637541.0,STOCK_C_VOLATILE
