Date,Open,High,Low,Close,Volume,Symbol
2015-01-01,24.27,24.94,24.12,24.3,3977487.0,STOCK_E_RISKY
2015-01-02,25.46,26.07,24.92,25.93,2732195.0,STOCK_E_RISKY
2015-01-05,25.88,26.06,25.28,25.53,1530144.0,STOCK_E_RISKY
2015-01-06,27.71,28.49,26.09,26.56,3401946.0,STOCK_E_RISKY
2015-01-07,24.62,25.01,23.99,24.84,665257.0,STOCK_E_RISKY
2015-01-08,22.8,22.91,22.45,22.88,1819715.0,STOCK_E_RISKY
2015-01-09,22.64,23.02,22.33,22.85,1252294.0,STOCK_E_RISKY
2015-01-12,22.39,22.41,21.66,22.28,906843.0,STOCK_E_RISKY
2015-01-13,22.39,22.57,22.15,22.39,2122730.0,STOCK_E_RISKY
2015-01-14,22.72,23.43,22.35,23.03,1781663.0,STOCK_E_RISKY
2015-01-15,23.13,23.64,22.65,23.42,812113.0,STOCK_E_RISKY
2015-01-16,23.12,23.56,22.14,22.96,535616.0,STOCK_E_RISKY
2015-01-19,21.22,22.21,20.45,21.78,3299333.0,STOCK_E_RISKY
2015-01-20,20.19,20.82,20.06,20.52,4169018.0,STOCK_E_RISKY
2015-01-21,20.66,20.99,20.42,20.78,688854.0,STOCK_E_RISKY
2015-01-22,22.97,24.21,21.88,22.74,2389378.0,STOCK_E_RISKY
2015-01-23,22.6,23.25,22.48,22.73,1641686.0,STOCK_E_RISKY
2015-01-26,21.3,21.86,21.23,21.23,639975.0,STOCK_E_RISKY
2015-01-27,21.12,21.18,20.35,21.02,2517939.0,STOCK_E_RISKY
2015-01-28,22.01,22.3,21.64,21.94,1949666.0,STOCK_E_RISKY
2015-01-29,21.9,22.48,21.4,22.16,853231.0,STOCK_E_RISKY
2015-01-30,20.43,21.01,19.92,20.63,1010376.0,STOCK_E_RISKY
2015-02-02,20.12,21.16,19.99,20.64,2160102.0,STOCK_E_RISKY
2015-02-03,21.61,22.21,20.7,21.26,109699.0,STOCK_E_RISKY
2015-02-04,22.1,22.94,21.81,22.23,321225.0,STOCK_E_RISKY
2015-02-05,19.55,20.09,19.41,19.78,1063020.0,STOCK_E_RISKY
2015-02-06,19.56,19.57,19.22,19.33,1878824.0,STOCK_E_RISKY
2015-02-09,19.7,20.45,18.7,19.86,4622423.0,STOCK_E_RISKY
2015-02-10,21.62,22.49,21.23,21.97,4127953.0,STOCK_E_RISKY
2015-02-11,23.24,24.36,22.42,23.39,3020438.0,STOCK_E_RISKY
2015-02-12,21.53,22.01,21.5,21.96,1265188.0,STOCK_E_RISKY
2015-02-13,22.7,23.16,22.63,23.13,1486803.0,STOCK_E_RISKY
2015-02-16,22.72,23.33,22.27,22.57,3000569.0,STOCK_E_RISKY
2015-02-17,22.68,23.14,21.84,22.41,4947387.0,STOCK_E_RISKY
2015-02-18,22.2,22.51,21.79,22.0,155410.0,STOCK_E_RISKY
2015-02-19,21.96,22.96,21.44,22.37,3074069.0,STOCK_E_RISKY
2015-02-20,24.69,24.91,23.81,24.45,601704.0,STOCK_E_RISKY
2015-02-23,23.37,23.6,22.52,23.12,1161974.0,STOCK_E_RISKY
2015-02-24,24.4,24.86,23.72,24.21,3394116.0,STOCK_E_RISKY
2015-02-25,24.66,25.36,24.19,24.31,4341501.0,STOCK_E_RISKY
2015-02-26,25.35,25.53,25.14,25.39,2396415.0,STOCK_E_RISKY
2015-02-27,26.79,27.51,25.84,26.58,1765809.0,STOCK_E_RISKY
2015-03-02,26.69,27.53,26.41,26.41,3833938.0,STOCK_E_RISKY
2015-03-03,27.75,28.59,26.66,27.39,2065195.0,STOCK_E_RISKY
2015-03-04,29.58,30.51,29.19,29.23,100741.0,STOCK_E_RISKY
2015-03-05,26.67,27.73,26.34,27.43,758754.0,STOCK_E_RISKY
2015-03-06,29.54,30.58,28.84,29.39,1201602.0,STOCK_E_RISKY
2015-03-09,29.9,30.63,29.3,29.93,4518143.0,STOCK_E_RISKY
2015-03-10,32.63,34.78,32.14,32.46,4609272.0,STOCK_E_RISKY
2015-03-11,28.76,29.89,28.51,28.77,2319429.0,STOCK_E_RISKY
2015-03-12,28.98,29.43,27.65,28.7,3167247.0,STOCK_E_RISKY
2015-03-13,28.58,28.94,27.11,27.93,777713.0,STOCK_E_RISKY
2015-03-16,26.31,27.45,26.27,26.91,251525.0,STOCK_E_RISKY
2015-03-17,23.8,24.13,23.2,24.05,1360838.0,STOCK_E_RISKY
2015-03-18,24.04,24.56,23.7,23.72,544741.0,STOCK_E_RISKY
2015-03-19,23.29,24.06,22.53,23.35,4772013.0,STOCK_E_RISKY
2015-03-20,21.7,22.14,21.44,21.89,3928402.0,STOCK_E_RISKY
2015-03-23,20.68,20.91,20.53,20.78,1546164.0,STOCK_E_RISKY
2015-03-24,21.34,21.94,21.18,21.65,4555309.0,STOCK_E_RISKY
2015-03-25,22.48,22.58,21.44,21.45,979507.0,STOCK_E_RISKY
2015-03-26,23.37,23.53,22.44,22.66,3761342.0,STOCK_E_RISKY
2015-03-27,25.76,26.35,25.0,25.33,1844844.0,STOCK_E_RISKY
2015-03-30,25.46,25.6,25.29,25.33,549591.0,STOCK_E_RISKY
2015-03-31,25.56,25.71,24.98,25.28,3503034.0,STOCK_E_RISKY
2015-04-01,23.09,23.49,22.7,23.05,2903947.0,STOCK_E_RISKY
2015-04-02,21.04,21.46,20.26,20.47,1737068.0,STOCK_E_RISKY
2015-04-03,20.16,20.52,19.94,20.15,3540590.0,STOCK_E_RISKY
2015-04-06,19.21,19.56,18.87,19.32,4549168.0,STOCK_E_RISKY
2015-04-07,20.25,20.71,19.82,19.98,2440797.0,STOCK_E_RISKY
2015-04-08,20.43,21.41,20.16,21.04,4799749.0,STOCK_E_RISKY
2015-04-09,20.85,20.94,20.54,20.74,3915041.0,STOCK_E_RISKY
2015-04-10,21.03,21.77,20.89,21.11,2524698.0,STOCK_E_RISKY
2015-04-13,19.96,20.45,19.33,20.05,2981093.0,STOCK_E_RISKY
2015-04-14,20.31,20.78,20.23,20.39,1030884.0,STOCK_E_RISKY
2015-04-15,17.93,19.02,17.57,18.46,3599094.0,STOCK_E_RISKY
2015-04-16,18.43,18.79,18.21,18.78,2908862.0,STOCK_E_RISKY
2015-04-17,19.66,20.1,19.01,19.79,1361020.0,STOCK_E_RISKY
2015-04-20,17.32,18.13,17.13,17.38,1906641.0,STOCK_E_RISKY
2015-04-21,16.51,16.94,16.29,16.41,1010444.0,STOCK_E_RISKY
2015-04-22,16.83,17.16,16.73,16.87,21807428.0,STOCK_E_RISKY
2015-04-23,17.2,17.5,17.1,17.15,822796.0,STOCK_E_RISKY
2015-04-24,17.53,17.61,17.33,17.39,4541457.0,STOCK_E_RISKY
2015-04-27,16.81,17.26,16.18,16.27,4444994.0,STOCK_E_RISKY
2015-04-28,17.64,17.88,17.27,17.52,2125801.0,STOCK_E_RISKY
2015-04-29,18.14,18.34,17.56,17.82,4529473.0,STOCK_E_RISKY
2015-04-30,18.31,18.32,17.72,17.95,3103349.0,STOCK_E_RISKY
2015-05-01,18.59,18.82,18.42,18.71,3138797.0,STOCK_E_RISKY
2015-05-04,19.15,19.45,18.94,19.33,1401478.0,STOCK_E_RISKY
2015-05-05,20.24,20.99,19.93,19.95,3219809.0,STOCK_E_RISKY
2015-05-06,19.62,19.92,19.26,19.79,217705.0,STOCK_E_RISKY
2015-05-07,19.23,19.71,19.05,19.43,3256079.0,STOCK_E_RISKY
2015-05-08,17.34,17.63,17.22,17.44,4805288.0,STOCK_E_RISKY
2015-05-11,18.47,18.67,17.72,18.21,397318.0,STOCK_E_RISKY
2015-05-12,19.66,20.04,18.64,19.82,2952927.0,STOCK_E_RISKY
2015-05-13,17.87,18.36,17.85,18.31,3659241.0,STOCK_E_RISKY
2015-05-14,18.7,19.07,18.61,18.66,3358014.0,STOCK_E_RISKY
2015-05-15,19.15,19.2,18.43,18.49,2646204.0,STOCK_E_RISKY
2015-05-18,17.36,17.64,17.12,17.61,4037580.0,STOCK_E_RISKY
2015-05-19,17.34,17.48,16.87,17.05,3920210.0,STOCK_E_RISKY
2015-05-20,15.47,15.6,15.13,15.35,2735822.0,STOCK_E_RISKY
2015-05-21,15.48,16.35,15.13,15.92,153264.0,STOCK_E_RISKY
2015-05-22,15.6,15.85,15.42,15.71,2048307.0,STOCK_E_RISKY
2015-05-25,15.68,16.24,15.4,16.09,4220247.0,STOCK_E_RISKY
2015-05-26,17.23,17.64,17.03,17.23,2024904.0,STOCK_E_RISKY
2015-05-27,17.06,17.65,16.75,17.63,1803127.0,STOCK_E_RISKY
2015-05-28,16.38,17.17,16.32,16.59,14316737.0,STOCK_E_RISKY
2015-05-29,17.6,17.67,17.04,17.64,595342.0,STOCK_E_RISKY
2015-06-01,17.26,17.63,16.69,17.54,3355932.0,STOCK_E_RISKY
2015-06-02,17.23,17.62,16.51,17.59,2033344.0,STOCK_E_RISKY
2015-06-03,16.64,17.18,16.6,16.75,3307841.0,STOCK_E_RISKY
2015-06-04,16.72,17.17,16.44,16.71,4705242.0,STOCK_E_RISKY
2015-06-05,16.39,16.53,16.1,16.19,2713898.0,STOCK_E_RISKY
2015-06-08,15.51,15.61,15.24,15.38,3227502.0,STOCK_E_RISKY
2015-06-09,15.15,15.4,14.67,14.75,2043137.0,STOCK_E_RISKY
2015-06-10,15.7,16.14,15.37,15.63,4403790.0,STOCK_E_RISKY
2015-06-11,16.37,16.74,16.01,16.49,3730765.0,STOCK_E_RISKY
2015-06-12,15.61,15.73,15.55,15.69,3733807.0,STOCK_E_RISKY
2015-06-15,14.97,15.03,14.22,14.99,281311.0,STOCK_E_RISKY
2015-06-16,15.21,15.38,15.07,15.1,1188822.0,STOCK_E_RISKY
2015-06-17,14.38,14.57,14.02,14.21,4592109.0,STOCK_E_RISKY
2015-06-18,13.51,13.63,13.1,13.57,679618.0,STOCK_E_RISKY
2015-06-19,13.99,14.22,13.72,13.99,2158359.0,STOCK_E_RISKY
2015-06-22,15.66,15.98,14.74,15.37,2612326.0,STOCK_E_RISKY
2015-06-23,15.47,16.11,15.41,15.78,3712568.0,STOCK_E_RISKY
2015-06-24,16.08,16.53,15.59,15.81,2974778.0,STOCK_E_RISKY
2015-06-25,15.77,16.52,15.42,16.0,1071586.0,STOCK_E_RISKY
2015-06-26,15.77,16.16,15.48,16.14,931683.0,STOCK_E_RISKY
2015-06-29,15.97,16.59,15.54,15.7,7244653.0,STOCK_E_RISKY
2015-06-30,15.71,16.09,15.02,15.97,2886315.0,STOCK_E_RISKY
2015-07-01,15.97,16.18,15.18,15.9,4733795.0,STOCK_E_RISKY
2015-07-02,16.35,16.36,16.34,16.34,1393120.0,STOCK_E_RISKY
2015-07-03,16.66,17.02,16.35,16.42,1189634.0,STOCK_E_RISKY
2015-07-06,17.69,18.16,17.34,17.4,1851861.0,STOCK_E_RISKY
2015-07-07,18.59,18.66,17.89,18.04,1719188.0,STOCK_E_RISKY
2015-07-08,18.23,19.07,18.02,18.33,4278440.0,STOCK_E_RISKY
2015-07-09,17.87,18.07,17.72,17.87,3138287.0,STOCK_E_RISKY
2015-07-10,19.71,19.92,19.28,19.53,4578447.0,STOCK_E_RISKY
2015-07-13,21.11,21.76,20.85,21.42,2334411.0,STOCK_E_RISKY
2015-07-14,22.89,23.58,22.63,22.92,557855.0,STOCK_E_RISKY
2015-07-15,24.4,24.5,24.05,24.11,1674546.0,STOCK_E_RISKY
2015-07-16,21.98,23.16,21.76,22.45,344632.0,STOCK_E_RISKY
2015-07-17,23.56,23.6,21.83,22.58,1224199.0,STOCK_E_RISKY
2015-07-20,26.78,26.79,25.5,26.31,2140052.0,STOCK_E_RISKY
2015-07-21,26.26,26.52,24.51,25.35,4467097.0,STOCK_E_RISKY
2015-07-22,23.76,24.68,23.6,24.05,4595079.0,STOCK_E_RISKY
2015-07-23,24.16,25.05,24.03,24.38,1157193.0,STOCK_E_RISKY
2015-07-24,21.52,21.77,21.14,21.21,1143069.0,STOCK_E_RISKY
2015-07-27,21.02,21.84,20.93,21.52,1703038.0,STOCK_E_RISKY
2015-07-28,21.32,21.86,20.58,21.62,316668.0,STOCK_E_RISKY
2015-07-29,21.15,21.66,20.53,20.79,4143824.0,STOCK_E_RISKY
2015-07-30,22.12,22.66,22.12,22.35,4284636.0,STOCK_E_RISKY
2015-07-31,21.31,21.38,20.12,21.29,3618133.0,STOCK_E_RISKY
2015-08-03,20.95,21.52,20.37,21.5,1771474.0,STOCK_E_RISKY
2015-08-04,20.79,20.8,20.12,20.3,4835502.0,STOCK_E_RISKY
2015-08-05,19.56,20.49,19.34,19.89,8920022.0,STOCK_E_RISKY
2015-08-06,20.06,20.85,19.84,20.74,11130325.0,STOCK_E_RISKY
2015-08-07,19.14,19.29,18.64,18.79,3074281.0,STOCK_E_RISKY
2015-08-10,21.2,21.21,20.23,20.54,4454945.0,STOCK_E_RISKY
2015-08-11,19.62,20.47,19.2,19.59,1334069.0,STOCK_E_RISKY
2015-08-12,20.25,20.62,19.53,20.26,456273.0,STOCK_E_RISKY
2015-08-13,21.87,22.3,21.81,22.04,2812533.0,STOCK_E_RISKY
2015-08-14,23.14,23.32,22.96,23.18,2804769.0,STOCK_E_RISKY
2015-08-17,21.7,22.05,20.59,21.47,1251667.0,STOCK_E_RISKY
2015-08-18,24.23,24.52,24.0,24.29,2062766.0,STOCK_E_RISKY
2015-08-19,26.31,27.05,26.12,26.43,2446019.0,STOCK_E_RISKY
2015-08-20,28.88,28.94,28.23,28.9,3717357.0,STOCK_E_RISKY
2015-08-21,27.54,27.54,26.56,27.5,950240.0,STOCK_E_RISKY
2015-08-24,27.28,28.13,26.81,26.85,133678.0,STOCK_E_RISKY
2015-08-25,25.94,26.91,25.7,25.78,2581753.0,STOCK_E_RISKY
2015-08-26,26.13,26.79,25.74,26.52,4443885.0,STOCK_E_RISKY
2015-08-27,27.57,27.91,26.98,27.67,2204940.0,STOCK_E_RISKY
2015-08-28,27.24,28.17,26.09,27.06,2608335.0,STOCK_E_RISKY
2015-08-31,27.82,29.2,27.55,29.12,631817.0,STOCK_E_RISKY
2015-09-01,30.97,31.97,30.41,30.84,2270734.0,STOCK_E_RISKY
2015-09-02,31.16,32.1,29.88,31.24,1413207.0,STOCK_E_RISKY
2015-09-03,30.28,31.41,30.28,30.6,2399658.0,STOCK_E_RISKY
2015-09-04,25.68,26.15,24.71,25.87,4803981.0,STOCK_E_RISKY
2015-09-07,25.4,25.52,24.84,24.98,3082891.0,STOCK_E_RISKY
2015-09-08,26.22,27.8,26.01,26.41,3282932.0,STOCK_E_RISKY
2015-09-09,22.01,22.15,21.52,22.11,1915772.0,STOCK_E_RISKY
2015-09-10,22.27,22.33,21.5,21.69,229016.0,STOCK_E_RISKY
2015-09-11,20.96,21.8,20.16,20.3,4082595.0,STOCK_E_RISKY
2015-09-14,19.91,20.83,19.8,20.1,1120036.0,STOCK_E_RISKY
2015-09-15,20.36,20.89,20.14,20.32,1882829.0,STOCK_E_RISKY
2015-09-16,21.37,22.1,20.42,20.58,1939689.0,STOCK_E_RISKY
2015-09-17,18.67,19.16,17.8,18.17,4006256.0,STOCK_E_RISKY
2015-09-18,17.83,18.15,17.04,17.87,2843454.0,STOCK_E_RISKY
2015-09-21,18.31,18.41,17.83,17.89,1209912.0,STOCK_E_RISKY
2015-09-22,18.89,19.14,18.8,18.8,838826.0,STOCK_E_RISKY
2015-09-23,20.15,20.32,19.98,20.02,2656250.0,STOCK_E_RISKY
2015-09-24,20.1,20.75,19.07,19.5,3036904.0,STOCK_E_RISKY
2015-09-25,20.9,21.22,20.56,21.15,107462.0,STOCK_E_RISKY
2015-09-28,20.72,21.84,20.05,21.18,1800512.0,STOCK_E_RISKY
2015-09-29,22.1,22.25,21.76,22.17,3014801.0,STOCK_E_RISKY
2015-09-30,22.91,23.37,22.52,22.55,4685733.0,STOCK_E_RISKY
2015-10-01,21.46,22.07,20.93,21.88,3043449.0,STOCK_E_RISKY
2015-10-02,22.21,22.38,21.9,22.35,2468481.0,STOCK_E_RISKY
2015-10-05,23.29,23.64,22.4,22.82,3242515.0,STOCK_E_RISKY
2015-10-06,22.54,22.94,21.42,22.72,3348601.0,STOCK_E_RISKY
2015-10-07,22.97,24.28,22.91,23.34,1228927.0,STOCK_E_RISKY
2015-10-08,21.51,22.62,21.24,22.26,852731.0,STOCK_E_RISKY
2015-10-09,23.03,23.83,22.52,22.63,4090297.0,STOCK_E_RISKY
2015-10-12,23.13,23.86,23.04,23.67,1583951.0,STOCK_E_RISKY
2015-10-13,21.63,22.35,21.42,21.94,4675437.0,STOCK_E_RISKY
2015-10-14,21.79,22.65,21.67,21.74,1138895.0,STOCK_E_RISKY
2015-10-15,22.04,22.81,20.98,22.45,3812786.0,STOCK_E_RISKY
2015-10-16,24.72,24.82,24.31,24.64,380132.0,STOCK_E_RISKY
2015-10-19,24.1,24.7,23.79,24.05,1283703.0,STOCK_E_RISKY
2015-10-20,23.36,23.67,23.07,23.25,2168133.0,STOCK_E_RISKY
2015-10-21,24.67,25.31,22.98,25.15,1358052.0,STOCK_E_RISKY
2015-10-22,23.32,23.82,22.85,23.57,4889258.0,STOCK_E_RISKY
2015-10-23,24.5,24.51,24.15,24.15,12856848.0,STOCK_E_RISKY
2015-10-26,23.93,24.75,23.52,24.13,2788031.0,STOCK_E_RISKY
2015-10-27,25.99,26.55,25.71,26.5,2355518.0,STOCK_E_RISKY
2015-10-28,27.83,28.07,27.34,27.8,1301360.0,STOCK_E_RISKY
2015-10-29,27.81,28.62,27.29,27.94,756277.0,STOCK_E_RISKY
2015-10-30,29.27,30.89,28.64,29.72,2982138.0,STOCK_E_RISKY
2015-11-02,28.65,30.38,28.27,28.94,3211564.0,STOCK_E_RISKY
2015-11-03,29.86,30.44,29.12,29.44,269097.0,STOCK_E_RISKY
2015-11-04,27.2,28.05,26.76,27.09,2527693.0,STOCK_E_RISKY
2015-11-05,26.57,27.26,26.54,27.04,2224292.0,STOCK_E_RISKY
2015-11-06,26.59,27.68,25.74,26.96,3920591.0,STOCK_E_RISKY
2015-11-09,26.78,27.64,26.55,27.04,4434578.0,STOCK_E_RISKY
2015-11-10,25.46,25.53,25.02,25.28,4071385.0,STOCK_E_RISKY
2015-11-11,27.48,28.12,26.86,27.18,4307148.0,STOCK_E_RISKY
2015-11-12,24.81,26.37,23.62,25.18,2159700.0,STOCK_E_RISKY
2015-11-13,28.68,28.89,27.59,27.81,1341354.0,STOCK_E_RISKY
2015-11-16,26.07,27.95,25.88,27.11,4295680.0,STOCK_E_RISKY
2015-11-17,26.86,28.88,26.69,27.29,3415840.0,STOCK_E_RISKY
2015-11-18,25.87,26.95,25.44,26.76,578466.0,STOCK_E_RISKY
2015-11-19,25.46,25.98,25.26,25.55,1118056.0,STOCK_E_RISKY
2015-11-20,27.09,27.82,27.05,27.27,3183136.0,STOCK_E_RISKY
2015-11-23,27.57,27.67,26.81,27.46,2363766.0,STOCK_E_RISKY
2015-11-24,30.15,31.75,29.85,30.65,4678708.0,STOCK_E_RISKY
2015-11-25,29.28,29.51,29.04,29.31,1885165.0,STOCK_E_RISKY
2015-11-26,27.63,28.48,26.46,28.13,1047553.0,STOCK_E_RISKY
2015-11-27,30.78,31.17,29.79,30.27,3757550.0,STOCK_E_RISKY
2015-11-30,27.59,29.77,27.2,27.72,4310048.0,STOCK_E_RISKY
2015-12-01,31.0,31.18,30.42,30.51,566982.0,STOCK_E_RISKY
2015-12-02,34.16,34.6,31.93,33.29,3927593.0,STOCK_E_RISKY
2015-12-03,30.76,31.18,30.49,30.79,672168.0,STOCK_E_RISKY
2015-12-04,33.48,33.55,32.98,33.3,1003776.0,STOCK_E_RISKY
2015-12-07,33.53,35.16,33.37,34.55,2183996.0,STOCK_E_RISKY
2015-12-08,34.1,34.78,33.59,34.28,437370.0,STOCK_E_RISKY
2015-12-09,35.22,35.25,35.04,35.08,584755.0,STOCK_E_RISKY
2015-12-10,36.67,38.62,36.61,37.24,2465006.0,STOCK_E_RISKY
2015-12-11,38.51,40.26,37.46,37.89,2383594.0,STOCK_E_RISKY
2015-12-14,38.56,40.26,36.76,38.74,1756006.0,STOCK_E_RISKY
2015-12-15,38.26,38.92,38.13,38.8,2624596.0,STOCK_E_RISKY
2015-12-16,39.68,39.7,38.68,38.91,5167906.0,STOCK_E_RISKY
2015-12-17,36.53,37.58,36.08,36.98,4103038.0,STOCK_E_RISKY
2015-12-18,37.02,37.11,35.99,36.78,2390587.0,STOCK_E_RISKY
2015-12-21,36.67,38.68,35.42,36.31,3903869.0,STOCK_E_RISKY
2015-12-22,36.56,37.68,34.73,36.64,2680814.0,STOCK_E_RISKY
2015-12-23,34.41,34.98,33.73,34.15,1551259.0,STOCK_E_RISKY
2015-12-24,33.16,34.53,32.92,33.94,2995696.0,STOCK_E_RISKY
2015-12-25,31.77,32.49,31.14,31.95,3103009.0,STOCK_E_RISKY
2015-12-28,31.2,31.91,30.51,31.0,1264280.0,STOCK_E_RISKY
2015-12-29,31.03,31.43,30.22,30.76,4426328.0,STOCK_E_RISKY
2015-12-30,28.67,29.9,27.31,29.29,1441296.0,STOCK_E_RISKY
2015-12-31,31.03,32.25,30.69,31.66,2205580.0,STOCK_E_RISKY
2016-01-01,34.03,34.31,33.19,33.23,3572424.0,STOCK_E_RISKY
2016-01-04,35.71,36.08,35.19,35.49,136673.0,STOCK_E_RISKY
2016-01-05,38.0,38.7,36.63,38.56,2145372.0,STOCK_E_RISKY
2016-01-06,36.12,37.15,35.77,36.55,3100894.0,STOCK_E_RISKY
2016-01-07,38.26,38.81,36.98,37.34,4488134.0,STOCK_E_RISKY
2016-01-08,37.79,38.22,36.72,37.83,1805340.0,STOCK_E_RISKY
2016-01-11,38.95,39.86,37.76,38.23,2614967.0,STOCK_E_RISKY
2016-01-12,38.29,39.49,37.7,38.97,4324148.0,STOCK_E_RISKY
2016-01-13,38.99,39.3,36.98,37.66,3217853.0,STOCK_E_RISKY
2016-01-14,36.21,36.57,34.66,34.7,4162790.0,STOCK_E_RISKY
2016-01-15,33.27,33.55,32.56,33.3,2240945.0,STOCK_E_RISKY
2016-01-18,32.47,32.52,31.36,32.12,1352172.0,STOCK_E_RISKY
2016-01-19,31.62,31.92,31.01,31.53,4543375.0,STOCK_E_RISKY
2016-01-20,32.06,32.29,31.71,31.88,1113692.0,STOCK_E_RISKY
2016-01-21,30.13,30.37,29.22,30.25,2121475.0,STOCK_E_RISKY
2016-01-22,28.64,28.94,27.92,28.21,2700624.0,STOCK_E_RISKY
2016-01-25,27.42,27.95,27.21,27.53,1941028.0,STOCK_E_RISKY
2016-01-26,26.64,26.8,26.41,26.5,2481975.0,STOCK_E_RISKY
2016-01-27,26.92,27.48,26.13,26.67,341257.0,STOCK_E_RISKY
2016-01-28,24.94,25.88,24.25,24.28,3562010.0,STOCK_E_RISKY
2016-01-29,24.08,24.57,23.9,23.97,2394608.0,STOCK_E_RISKY
2016-02-01,22.74,23.88,22.58,23.66,1766977.0,STOCK_E_RISKY
2016-02-02,22.68,23.97,22.13,23.03,1247896.0,STOCK_E_RISKY
2016-02-03,24.03,24.06,23.32,23.55,3635160.0,STOCK_E_RISKY
2016-02-04,24.42,24.65,23.84,24.64,4738840.0,STOCK_E_RISKY
2016-02-05,24.18,25.71,23.93,24.26,2928103.0,STOCK_E_RISKY
2016-02-08,24.67,25.53,24.38,24.75,4894775.0,STOCK_E_RISKY
2016-02-09,23.75,24.12,23.35,23.83,3370930.0,STOCK_E_RISKY
2016-02-10,23.32,23.66,22.81,23.54,3806244.0,STOCK_E_RISKY
2016-02-11,25.24,25.4,23.58,24.35,1416830.0,STOCK_E_RISKY
2016-02-12,22.38,22.93,22.08,22.48,4581957.0,STOCK_E_RISKY
2016-02-15,21.99,22.54,21.4,21.91,1341848.0,STOCK_E_RISKY
2016-02-16,21.04,22.11,20.61,21.3,3254761.0,STOCK_E_RISKY
2016-02-17,18.62,18.85,18.42,18.51,4040193.0,STOCK_E_RISKY
2016-02-18,19.12,19.88,18.82,19.39,2507986.0,STOCK_E_RISKY
2016-02-19,22.04,22.07,20.88,21.73,4607951.0,STOCK_E_RISKY
2016-02-22,25.0,25.12,24.75,25.04,299365.0,STOCK_E_RISKY
2016-02-23,26.98,27.2,25.72,26.76,4596956.0,STOCK_E_RISKY
2016-02-24,27.09,27.66,26.74,27.1,2095494.0,STOCK_E_RISKY
2016-02-25,27.55,27.89,27.38,27.56,3042293.0,STOCK_E_RISKY
2016-02-26,27.76,28.8,27.06,27.24,4605260.0,STOCK_E_RISKY
2016-02-29,25.11,25.84,24.93,25.75,4520128.0,STOCK_E_RISKY
2016-03-01,23.17,23.44,22.49,23.32,2029568.0,STOCK_E_RISKY
2016-03-02,24.97,24.98,23.51,24.16,3117545.0,STOCK_E_RISKY
2016-03-03,24.38,24.44,24.01,24.27,1265632.0,STOCK_E_RISKY
2016-03-04,22.22,22.94,21.76,22.65,3749355.0,STOCK_E_RISKY
2016-03-07,20.67,21.11,20.46,20.9,1493370.0,STOCK_E_RISKY
2016-03-08,20.95,21.08,19.77,20.86,3203169.0,STOCK_E_RISKY
2016-03-09,19.85,20.39,19.19,19.91,379435.0,STOCK_E_RISKY
2016-03-10,19.29,19.38,18.68,19.01,4303820.0,STOCK_E_RISKY
2016-03-11,19.26,19.56,18.97,19.5,1106774.0,STOCK_E_RISKY
2016-03-14,19.65,20.75,19.18,19.35,4645505.0,STOCK_E_RISKY
2016-03-15,17.47,17.72,17.43,17.59,2070323.0,STOCK_E_RISKY
2016-03-16,16.32,16.94,15.75,16.68,4699511.0,STOCK_E_RISKY
2016-03-17,16.25,16.66,16.23,16.58,1187268.0,STOCK_E_RISKY
2016-03-18,16.26,16.78,15.71,16.07,257660.0,STOCK_E_RISKY
2016-03-21,16.28,16.49,15.61,15.82,3338224.0,STOCK_E_RISKY
2016-03-22,15.16,15.49,14.37,15.3,2762440.0,STOCK_E_RISKY
2016-03-23,14.65,14.92,13.73,14.59,3700181.0,STOCK_E_RISKY
2016-03-24,16.57,17.38,15.74,16.3,2836375.0,STOCK_E_RISKY
2016-03-25,14.94,15.29,14.89,15.07,1325775.0,STOCK_E_RISKY
2016-03-28,15.15,15.43,14.97,15.27,142932.0,STOCK_E_RISKY
2016-03-29,15.3,15.5,14.62,15.11,4716177.0,STOCK_E_RISKY
2016-03-30,14.8,15.19,14.24,14.66,3095895.0,STOCK_E_RISKY
2016-03-31,15.1,15.17,14.67,14.89,3260648.0,STOCK_E_RISKY
2016-04-01,15.57,15.65,15.39,15.52,1794230.0,STOCK_E_RISKY
2016-04-04,15.74,16.06,15.57,15.64,4912764.0,STOCK_E_RISKY
2016-04-05,14.91,15.26,14.64,14.91,2890272.0,STOCK_E_RISKY
2016-04-06,14.66,14.97,14.5,14.79,3078376.0,STOCK_E_RISKY
2016-04-07,14.04,14.31,13.72,14.07,17452255.0,STOCK_E_RISKY
2016-04-08,13.61,13.68,13.44,13.6,159467.0,STOCK_E_RISKY
2016-04-11,13.85,13.92,13.56,13.77,2134028.0,STOCK_E_RISKY
2016-04-12,14.3,14.6,14.12,14.3,442884.0,STOCK_E_RISKY
2016-04-13,13.3,13.69,12.95,13.37,4495418.0,STOCK_E_RISKY
2016-04-14,13.14,13.36,13.03,13.19,3644425.0,STOCK_E_RISKY
2016-04-15,12.5,12.85,11.84,12.2,2969263.0,STOCK_E_RISKY
2016-04-18,12.09,12.56,11.97,12.25,1797543.0,STOCK_E_RISKY
2016-04-19,11.96,12.33,11.32,11.79,4047294.0,STOCK_E_RISKY
2016-04-20,12.57,12.76,12.19,12.28,3439099.0,STOCK_E_RISKY
2016-04-21,12.63,13.11,12.35,12.57,1371279.0,STOCK_E_RISKY
2016-04-22,12.82,13.1,12.57,12.75,1911882.0,STOCK_E_RISKY
2016-04-25,12.05,12.09,11.6,12.0,1125610.0,STOCK_E_RISKY
2016-04-26,12.21,12.23,11.97,12.13,421735.0,STOCK_E_RISKY
2016-04-27,11.9,12.21,11.36,11.69,2701388.0,STOCK_E_RISKY
2016-04-28,11.19,11.77,11.19,11.43,1920565.0,STOCK_E_RISKY
2016-04-29,10.47,10.91,10.16,10.35,1377661.0,STOCK_E_RISKY
2016-05-02,10.22,10.55,10.0,10.28,1946204.0,STOCK_E_RISKY
2016-05-03,10.23,10.65,9.81,10.41,1959839.0,STOCK_E_RISKY
2016-05-04,10.04,10.45,9.83,9.96,4447117.0,STOCK_E_RISKY
2016-05-05,9.75,9.9,9.58,9.75,2610351.0,STOCK_E_RISKY
2016-05-06,8.86,9.11,8.57,8.59,2336952.0,STOCK_E_RISKY
2016-05-09,8.88,9.1,8.76,8.85,976717.0,STOCK_E_RISKY
2016-05-10,9.42,9.52,9.31,9.39,1603201.0,STOCK_E_RISKY
2016-05-11,9.75,10.01,9.7,9.71,1972006.0,STOCK_E_RISKY
2016-05-12,9.23,9.27,8.86,9.15,2372117.0,STOCK_E_RISKY
2016-05-13,8.85,9.23,8.84,8.94,4312573.0,STOCK_E_RISKY
2016-05-16,7.44,7.63,7.3,7.62,4796884.0,STOCK_E_RISKY
2016-05-17,7.5,7.57,7.3,7.49,4703686.0,STOCK_E_RISKY
2016-05-18,8.18,8.42,8.01,8.24,4746005.0,STOCK_E_RISKY
2016-05-19,7.68,8.1,7.6,7.82,2115226.0,STOCK_E_RISKY
2016-05-20,8.37,8.41,8.1,8.22,3262226.0,STOCK_E_RISKY
2016-05-23,8.13,8.21,7.97,8.14,3994234.0,STOCK_E_RISKY
2016-05-24,7.65,7.75,7.44,7.75,699659.0,STOCK_E_RISKY
2016-05-25,7.26,7.53,7.03,7.29,1799383.0,STOCK_E_RISKY
2016-05-26,7.49,7.79,7.36,7.39,3980481.0,STOCK_E_RISKY
2016-05-27,7.34,7.53,7.29,7.45,2950710.0,STOCK_E_RISKY
2016-05-30,7.29,7.48,7.11,7.28,3630131.0,STOCK_E_RISKY
2016-05-31,7.19,7.21,7.0,7.03,3955804.0,STOCK_E_RISKY
2016-06-01,7.34,7.41,6.68,6.97,935350.0,STOCK_E_RISKY
2016-06-02,6.49,6.72,6.43,6.65,2477423.0,STOCK_E_RISKY
2016-06-03,6.07,6.2,5.91,6.07,3999371.0,STOCK_E_RISKY
2016-06-06,5.78,6.0,5.66,5.8,4933946.0,STOCK_E_RISKY
2016-06-07,5.55,5.7,5.3,5.52,2194447.0,STOCK_E_RISKY
2016-06-08,5.21,5.38,5.16,5.18,1422495.0,STOCK_E_RISKY
2016-06-09,5.45,5.69,5.16,5.27,4254175.0,STOCK_E_RISKY
2016-06-10,5.42,5.58,5.28,5.53,313978.0,STOCK_E_RISKY
2016-06-13,5.74,5.78,5.65,5.66,527192.0,STOCK_E_RISKY
2016-06-14,5.9,6.25,5.83,5.95,1740553.0,STOCK_E_RISKY
2016-06-15,5.13,5.23,5.12,5.19,2212043.0,STOCK_E_RISKY
2016-06-16,5.25,5.35,5.0,5.15,3659187.0,STOCK_E_RISKY
2016-06-17,5.06,5.21,5.05,5.1,4991613.0,STOCK_E_RISKY
2016-06-20,5.59,5.59,5.33,5.43,2905731.0,STOCK_E_RISKY
2016-06-21,5.25,5.25,5.0,5.14,4684170.0,STOCK_E_RISKY
2016-06-22,4.72,4.91,4.55,4.86,3869567.0,STOCK_E_RISKY
2016-06-23,5.28,5.32,5.21,5.22,2739458.0,STOCK_E_RISKY
2016-06-24,5.19,5.35,5.08,5.15,11283126.0,STOCK_E_RISKY
2016-06-27,5.31,5.37,4.95,5.36,2111985.0,STOCK_E_RISKY
2016-06-28,5.76,5.83,5.64,5.65,2239472.0,STOCK_E_RISKY
2016-06-29,5.25,5.3,5.16,5.28,211403.0,STOCK_E_RISKY
2016-06-30,5.31,5.65,5.21,5.62,815260.0,STOCK_E_RISKY
2016-07-01,5.56,5.62,5.44,5.47,2476508.0,STOCK_E_RISKY
2016-07-04,6.24,6.43,6.08,6.13,1810715.0,STOCK_E_RISKY
2016-07-05,6.24,6.28,5.89,6.14,4452788.0,STOCK_E_RISKY
2016-07-06,6.12,6.12,5.96,6.08,2746196.0,STOCK_E_RISKY
2016-07-07,5.27,5.54,5.11,5.44,3915786.0,STOCK_E_RISKY
2016-07-08,5.5,5.55,5.48,5.52,2100187.0,STOCK_E_RISKY
2016-07-11,4.98,5.22,4.94,5.07,2496664.0,STOCK_E_RISKY
2016-07-12,5.04,5.11,4.95,5.0,1230270.0,STOCK_E_RISKY
2016-07-13,4.37,4.5,4.28,4.42,781470.0,STOCK_E_RISKY
2016-07-14,4.43,4.56,4.32,4.37,4894154.0,STOCK_E_RISKY
2016-07-15,4.21,4.31,4.11,4.24,2451635.0,STOCK_E_RISKY
2016-07-18,4.37,4.52,4.37,4.47,3286717.0,STOCK_E_RISKY
2016-07-19,4.64,4.71,4.33,4.66,2317049.0,STOCK_E_RISKY
2016-07-20,4.82,5.07,4.66,4.76,1249060.0,STOCK_E_RISKY
2016-07-21,4.4,4.56,4.32,4.55,1945286.0,STOCK_E_RISKY
2016-07-22,4.7,4.71,4.66,4.7,1963711.0,STOCK_E_RISKY
2016-07-25,4.82,4.88,4.79,4.82,3866069.0,STOCK_E_RISKY
2016-07-26,4.84,5.03,4.71,4.98,1795945.0,STOCK_E_RISKY
2016-07-27,4.68,4.91,4.67,4.74,2663154.0,STOCK_E_RISKY
2016-07-28,4.85,5.04,4.77,4.97,879092.0,STOCK_E_RISKY
2016-07-29,5.06,5.4,5.0,5.2,3136003.0,STOCK_E_RISKY
2016-08-01,5.29,5.39,5.13,5.35,2817401.0,STOCK_E_RISKY
2016-08-02,4.99,5.07,4.87,5.06,4003687.0,STOCK_E_RISKY
2016-08-03,4.66,4.8,4.51,4.75,2343933.0,STOCK_E_RISKY
2016-08-04,4.64,4.66,4.42,4.61,2269124.0,STOCK_E_RISKY
2016-08-05,4.59,4.7,4.57,4.57,1175033.0,STOCK_E_RISKY
2016-08-08,4.22,4.37,4.14,4.35,2068292.0,STOCK_E_RISKY
2016-08-09,4.54,4.61,4.42,4.54,2445659.0,STOCK_E_RISKY
2016-08-10,4.48,4.48,4.42,4.45,4671059.0,STOCK_E_RISKY
2016-08-11,4.19,4.44,4.1,4.26,2825449.0,STOCK_E_RISKY
2016-08-12,4.09,4.43,3.86,4.2,316502.0,STOCK_E_RISKY
2016-08-15,4.53,4.58,4.48,4.56,1965982.0,STOCK_E_RISKY
2016-08-16,4.21,4.29,4.15,4.18,4209964.0,STOCK_E_RISKY
2016-08-17,4.34,4.51,4.32,4.35,1259025.0,STOCK_E_RISKY
2016-08-18,4.48,4.76,4.46,4.51,4569288.0,STOCK_E_RISKY
2016-08-19,4.72,4.8,4.62,4.78,1080257.0,STOCK_E_RISKY
2016-08-22,4.69,4.72,4.63,4.71,3341661.0,STOCK_E_RISKY
2016-08-23,4.18,4.2,4.14,4.15,2859909.0,STOCK_E_RISKY
2016-08-24,4.2,4.35,4.09,4.1,4131149.0,STOCK_E_RISKY
2016-08-25,3.59,3.69,3.52,3.67,4114214.0,STOCK_E_RISKY
2016-08-26,3.85,3.93,3.71,3.85,432266.0,STOCK_E_RISKY
2016-08-29,3.87,4.08,3.85,3.99,112715.0,STOCK_E_RISKY
2016-08-30,3.82,3.97,3.78,3.91,4729901.0,STOCK_E_RISKY
2016-08-31,3.94,3.99,3.79,3.87,580146.0,STOCK_E_RISKY
2016-09-01,4.11,4.13,4.06,4.13,2167880.0,STOCK_E_RISKY
2016-09-02,3.81,3.86,3.72,3.77,460407.0,STOCK_E_RISKY
2016-09-05,3.77,3.77,3.72,3.75,2366777.0,STOCK_E_RISKY
2016-09-06,3.73,3.83,3.73,3.81,2684930.0,STOCK_E_RISKY
2016-09-07,4.1,4.32,3.99,4.05,3711973.0,STOCK_E_RISKY
2016-09-08,4.3,4.43,4.15,4.25,3590758.0,STOCK_E_RISKY
2016-09-09,4.49,4.65,4.45,4.57,2190097.0,STOCK_E_RISKY
2016-09-12,4.75,4.88,4.61,4.63,2470222.0,STOCK_E_RISKY
2016-09-13,5.14,5.26,4.95,4.98,4413285.0,STOCK_E_RISKY
2016-09-14,4.74,4.8,4.65,4.8,2824947.0,STOCK_E_RISKY
2016-09-15,5.02,5.12,5.0,5.12,2079340.0,STOCK_E_RISKY
2016-09-16,5.09,5.27,4.97,5.17,1911793.0,STOCK_E_RISKY
2016-09-19,4.87,4.93,4.81,4.9,2063485.0,STOCK_E_RISKY
2016-09-20,4.97,5.2,4.9,4.99,4194557.0,STOCK_E_RISKY
2016-09-21,4.73,4.93,4.56,4.75,2295454.0,STOCK_E_RISKY
2016-09-22,4.63,4.74,4.45,4.68,4103945.0,STOCK_E_RISKY
2016-09-23,4.73,4.77,4.56,4.61,593261.0,STOCK_E_RISKY
2016-09-26,5.03,5.12,4.9,5.05,3410982.0,STOCK_E_RISKY
2016-09-27,4.98,5.12,4.98,5.0,173810.0,STOCK_E_RISKY
2016-09-28,5.06,5.29,4.81,4.85,4489033.0,STOCK_E_RISKY
2016-09-29,4.78,4.8,4.66,4.67,521897.0,STOCK_E_RISKY
2016-09-30,4.85,4.92,4.71,4.74,3905012.0,STOCK_E_RISKY
2016-10-03,4.83,5.03,4.82,4.89,1878025.0,STOCK_E_RISKY
2016-10-04,5.27,5.39,5.07,5.2,2710036.0,STOCK_E_RISKY
2016-10-05,5.44,5.49,5.29,5.33,1153126.0,STOCK_E_RISKY
2016-10-06,5.43,5.59,5.42,5.54,386107.0,STOCK_E_RISKY
2016-10-07,4.96,5.11,4.95,5.03,3494403.0,STOCK_E_RISKY
2016-10-10,4.99,5.24,4.93,5.14,2248586.0,STOCK_E_RISKY
2016-10-11,4.92,5.06,4.79,5.03,2695142.0,STOCK_E_RISKY
2016-10-12,5.08,5.11,5.0,5.06,2207894.0,STOCK_E_RISKY
2016-10-13,4.14,4.15,4.11,4.14,6678564.0,STOCK_E_RISKY
2016-10-14,4.3,4.39,4.19,4.29,2830890.0,STOCK_E_RISKY
2016-10-17,4.03,4.26,4.01,4.16,3755637.0,STOCK_E_RISKY
2016-10-18,4.32,4.35,4.25,4.31,504002.0,STOCK_E_RISKY
2016-10-19,4.09,4.11,4.03,4.09,2505427.0,STOCK_E_RISKY
2016-10-20,4.41,4.42,4.34,4.42,1186821.0,STOCK_E_RISKY
2016-10-21,4.22,4.44,4.18,4.26,857873.0,STOCK_E_RISKY
2016-10-24,4.29,4.57,4.21,4.44,4934116.0,STOCK_E_RISKY
2016-10-25,4.73,5.0,4.59,4.75,4058580.0,STOCK_E_RISKY
2016-10-26,4.99,5.08,4.65,4.81,4545499.0,STOCK_E_RISKY
2016-10-27,5.03,5.05,4.86,4.97,4650159.0,STOCK_E_RISKY
2016-10-28,5.07,5.17,5.07,5.09,2474927.0,STOCK_E_RISKY
2016-10-31,5.2,5.25,5.16,5.18,4961429.0,STOCK_E_RISKY
2016-11-01,5.17,5.18,5.02,5.11,555376.0,STOCK_E_RISKY
2016-11-02,5.13,5.19,5.06,5.07,996225.0,STOCK_E_RISKY
2016-11-03,5.23,5.25,4.97,5.12,992659.0,STOCK_E_RISKY
2016-11-04,4.89,4.95,4.75,4.91,1355828.0,STOCK_E_RISKY
2016-11-07,4.84,5.05,4.76,4.9,2142543.0,STOCK_E_RISKY
2016-11-08,4.54,4.64,4.5,4.6,3007607.0,STOCK_E_RISKY
2016-11-09,4.61,4.64,4.38,4.44,4864631.0,STOCK_E_RISKY
2016-11-10,4.32,4.51,4.19,4.24,1435826.0,STOCK_E_RISKY
2016-11-11,4.42,4.51,4.32,4.47,3695510.0,STOCK_E_RISKY
2016-11-14,4.33,4.54,4.28,4.5,3945048.0,STOCK_E_RISKY
2016-11-15,4.43,4.55,4.33,4.38,216532.0,STOCK_E_RISKY
2016-11-16,4.56,4.58,4.46,4.46,467955.0,STOCK_E_RISKY
2016-11-17,4.63,4.85,4.63,4.69,1683812.0,STOCK_E_RISKY
2016-11-18,4.6,4.68,4.55,4.61,3048533.0,STOCK_E_RISKY
2016-11-21,4.65,4.75,4.61,4.68,663538.0,STOCK_E_RISKY
2016-11-22,4.34,4.52,4.31,4.37,4988828.0,STOCK_E_RISKY
2016-11-23,4.1,4.15,4.06,4.14,3037235.0,STOCK_E_RISKY
2016-11-24,4.17,4.26,3.89,4.06,4872478.0,STOCK_E_RISKY
2016-11-25,4.16,4.35,4.07,4.1,4348641.0,STOCK_E_RISKY
2016-11-28,3.94,4.08,3.91,3.95,1511613.0,STOCK_E_RISKY
2016-11-29,4.19,4.21,4.06,4.15,4401875.0,STOCK_E_RISKY
2016-11-30,3.78,3.8,3.68,3.76,2584482.0,STOCK_E_RISKY
2016-12-01,3.72,3.81,3.62,3.77,4038663.0,STOCK_E_RISKY
2016-12-02,3.9,3.97,3.82,3.82,4173282.0,STOCK_E_RISKY
2016-12-05,3.78,3.9,3.71,3.89,1882857.0,STOCK_E_RISKY
2016-12-06,3.68,3.72,3.64,3.67,785384.0,STOCK_E_RISKY
2016-12-07,3.53,3.55,3.26,3.41,271887.0,STOCK_E_RISKY
2016-12-08,3.38,3.41,3.34,3.36,3278526.0,STOCK_E_RISKY
2016-12-09,3.52,3.76,3.46,3.62,2593629.0,STOCK_E_RISKY
2016-12-12,3.52,3.66,3.49,3.61,4823558.0,STOCK_E_RISKY
2016-12-13,3.9,4.07,3.67,3.81,4700293.0,STOCK_E_RISKY
2016-12-14,3.56,3.65,3.53,3.61,4674499.0,STOCK_E_RISKY
2016-12-15,3.84,4.06,3.65,3.82,2969942.0,STOCK_E_RISKY
2016-12-16,3.34,3.38,3.28,3.37,1612543.0,STOCK_E_RISKY
2016-12-19,3.62,3.66,3.59,3.66,2615764.0,STOCK_E_RISKY
2016-12-20,3.68,3.85,3.61,3.66,4571708.0,STOCK_E_RISKY
2016-12-21,3.96,4.04,3.81,3.92,2486353.0,STOCK_E_RISKY
2016-12-22,4.17,4.17,4.14,4.16,414851.0,STOCK_E_RISKY
2016-12-23,4.39,4.47,4.23,4.44,1794729.0,STOCK_E_RISKY
2016-12-26,4.73,4.92,4.47,4.72,3785027.0,STOCK_E_RISKY
2016-12-27,4.89,4.93,4.87,4.88,1541524.0,STOCK_E_RISKY
2016-12-28,4.8,4.83,4.7,4.7,512538.0,STOCK_E_RISKY
2016-12-29,4.72,4.86,4.69,4.72,1604684.0,STOCK_E_RISKY
2016-12-30,4.43,4.83,4.31,4.55,3767913.0,STOCK_E_RISKY
2017-01-02,4.25,4.4,4.22,4.28,3168594.0,STOCK_E_RISKY
2017-01-03,4.11,4.38,4.08,4.25,1964983.0,STOCK_E_RISKY
2017-01-04,4.32,4.38,4.28,4.36,810264.0,STOCK_E_RISKY
2017-01-05,4.16,4.38,4.15,4.22,1895059.0,STOCK_E_RISKY
2017-01-06,3.93,4.05,3.91,4.05,520496.0,STOCK_E_RISKY
2017-01-09,4.08,4.17,3.86,4.05,4081441.0,STOCK_E_RISKY
2017-01-10,3.56,3.61,3.56,3.58,2698347.0,STOCK_E_RISKY
2017-01-11,3.69,3.74,3.53,3.7,345037.0,STOCK_E_RISKY
2017-01-12,3.78,3.88,3.75,3.82,2738436.0,STOCK_E_RISKY
2017-01-13,4.1,4.14,3.95,4.05,4847048.0,STOCK_E_RISKY
2017-01-16,3.87,4.01,3.77,3.9,1846219.0,STOCK_E_RISKY
2017-01-17,4.14,4.18,3.99,4.11,4821384.0,STOCK_E_RISKY
2017-01-18,4.33,4.41,4.11,4.21,3379520.0,STOCK_E_RISKY
2017-01-19,4.46,4.62,4.2,4.36,2882537.0,STOCK_E_RISKY
2017-01-20,4.39,4.41,4.28,4.36,605082.0,STOCK_E_RISKY
2017-01-23,4.9,4.92,4.73,4.83,135261.0,STOCK_E_RISKY
2017-01-24,4.9,4.94,4.76,4.92,2566388.0,STOCK_E_RISKY
2017-01-25,5.05,5.16,4.88,5.0,1794080.0,STOCK_E_RISKY
2017-01-26,4.92,5.04,4.92,4.95,586863.0,STOCK_E_RISKY
2017-01-27,5.02,5.08,4.88,4.95,2388540.0,STOCK_E_RISKY
2017-01-30,4.92,4.95,4.83,4.92,2744282.0,STOCK_E_RISKY
2017-01-31,5.06,5.17,4.94,5.06,4431921.0,STOCK_E_RISKY
2017-02-01,4.98,5.24,4.79,5.11,998644.0,STOCK_E_RISKY
2017-02-02,4.89,4.9,4.66,4.87,902451.0,STOCK_E_RISKY
2017-02-03,4.98,5.14,4.97,4.98,3878057.0,STOCK_E_RISKY
2017-02-06,5.34,5.35,5.02,5.3,3459120.0,STOCK_E_RISKY
2017-02-07,4.75,5.04,4.63,4.84,2645599.0,STOCK_E_RISKY
2017-02-08,5.01,5.1,4.87,4.97,2018029.0,STOCK_E_RISKY
2017-02-09,4.84,4.87,4.66,4.79,3175868.0,STOCK_E_RISKY
2017-02-10,4.61,4.64,4.57,4.61,3278808.0,STOCK_E_RISKY
2017-02-13,4.59,4.59,4.29,4.43,4333846.0,STOCK_E_RISKY
2017-02-14,4.6,4.75,4.38,4.5,877702.0,STOCK_E_RISKY
2017-02-15,4.64,4.91,4.62,4.72,3748440.0,STOCK_E_RISKY
2017-02-16,4.62,4.79,4.49,4.67,4025612.0,STOCK_E_RISKY
2017-02-17,4.44,4.6,4.28,4.52,4322491.0,STOCK_E_RISKY
2017-02-20,4.56,4.58,4.38,4.47,4577231.0,STOCK_E_RISKY
2017-02-21,4.47,4.5,4.35,4.49,4460511.0,STOCK_E_RISKY
2017-02-22,3.99,4.14,3.94,4.12,2937068.0,STOCK_E_RISKY
2017-02-23,4.26,4.28,4.22,4.28,1779949.0,STOCK_E_RISKY
2017-02-24,4.02,4.05,3.93,4.04,2977213.0,STOCK_E_RISKY
2017-02-27,3.92,4.1,3.8,3.89,663929.0,STOCK_E_RISKY
2017-02-28,4.13,4.2,3.97,4.2,4307889.0,STOCK_E_RISKY
2017-03-01,3.82,3.84,3.7,3.72,3926881.0,STOCK_E_RISKY
2017-03-02,3.57,3.59,3.43,3.56,846156.0,STOCK_E_RISKY
2017-03-03,3.57,3.75,3.44,3.6,1302018.0,STOCK_E_RISKY
2017-03-06,3.57,3.64,3.35,3.49,4429482.0,STOCK_E_RISKY
2017-03-07,3.37,3.42,3.26,3.32,3284954.0,STOCK_E_RISKY
2017-03-08,3.79,3.9,3.79,3.81,107678.0,STOCK_E_RISKY
2017-03-09,3.88,4.0,3.73,3.81,3586770.0,STOCK_E_RISKY
2017-03-10,3.83,3.94,3.76,3.9,2770613.0,STOCK_E_RISKY
2017-03-13,4.42,4.48,4.29,4.4,486811.0,STOCK_E_RISKY
2017-03-14,4.6,4.66,4.56,4.6,6908538.0,STOCK_E_RISKY
2017-03-15,4.69,4.8,4.67,4.69,4687938.0,STOCK_E_RISKY
2017-03-16,4.81,4.95,4.68,4.9,4748607.0,STOCK_E_RISKY
2017-03-17,4.43,4.49,4.38,4.48,396201.0,STOCK_E_RISKY
2017-03-20,4.53,4.56,4.38,4.49,475170.0,STOCK_E_RISKY
2017-03-21,4.52,4.63,4.39,4.61,1011410.0,STOCK_E_RISKY
2017-03-22,4.84,4.95,4.75,4.75,3068450.0,STOCK_E_RISKY
2017-03-23,4.74,4.88,4.55,4.65,1996376.0,STOCK_E_RISKY
2017-03-24,4.5,4.52,4.46,4.47,4158969.0,STOCK_E_RISKY
2017-03-27,4.15,4.22,4.05,4.17,1930528.0,STOCK_E_RISKY
2017-03-28,4.41,4.56,4.33,4.34,2008439.0,STOCK_E_RISKY
2017-03-29,4.63,4.69,4.53,4.59,3375062.0,STOCK_E_RISKY
2017-03-30,4.58,4.78,4.58,4.58,3814317.0,STOCK_E_RISKY
2017-03-31,5.0,5.03,4.65,4.81,841740.0,STOCK_E_RISKY
2017-04-03,4.57,4.59,4.53,4.56,1283212.0,STOCK_E_RISKY
2017-04-04,4.11,4.31,4.06,4.15,4901453.0,STOCK_E_RISKY
2017-04-05,4.19,4.33,4.0,4.13,3044778.0,STOCK_E_RISKY
2017-04-06,4.3,4.36,4.07,4.12,629019.0,STOCK_E_RISKY
2017-04-07,4.47,4.54,4.46,4.53,1006321.0,STOCK_E_RISKY
2017-04-10,4.81,4.89,4.69,4.7,432505.0,STOCK_E_RISKY
2017-04-11,4.31,4.43,4.3,4.32,4266172.0,STOCK_E_RISKY
2017-04-12,4.07,4.16,3.99,4.03,2387437.0,STOCK_E_RISKY
2017-04-13,4.0,4.09,3.97,3.99,2681569.0,STOCK_E_RISKY
2017-04-14,4.0,4.03,3.89,3.9,2568847.0,STOCK_E_RISKY
2017-04-17,3.48,3.67,3.45,3.53,1067336.0,STOCK_E_RISKY
2017-04-18,3.49,3.71,3.46,3.55,3558732.0,STOCK_E_RISKY
2017-04-19,3.51,3.61,3.47,3.52,1385787.0,STOCK_E_RISKY
2017-04-20,3.6,3.69,3.48,3.6,3498051.0,STOCK_E_RISKY
2017-04-21,3.55,3.56,3.32,3.53,3360315.0,STOCK_E_RISKY
2017-04-24,3.79,3.83,3.72,3.72,4788958.0,STOCK_E_RISKY
2017-04-25,3.93,3.99,3.82,3.88,2145214.0,STOCK_E_RISKY
2017-04-26,3.81,4.02,3.75,3.87,2771459.0,STOCK_E_RISKY
2017-04-27,3.59,3.73,3.57,3.63,394475.0,STOCK_E_RISKY
2017-04-28,3.65,3.7,3.56,3.56,1278208.0,STOCK_E_RISKY
2017-05-01,3.91,4.03,3.77,3.86,4210873.0,STOCK_E_RISKY
2017-05-02,3.71,3.88,3.69,3.73,157536.0,STOCK_E_RISKY
2017-05-03,3.82,3.91,3.68,3.76,11087526.0,STOCK_E_RISKY
2017-05-04,3.64,3.72,3.6,3.68,4824728.0,STOCK_E_RISKY
2017-05-05,3.54,3.56,3.48,3.54,3652903.0,STOCK_E_RISKY
2017-05-08,3.78,3.79,3.67,3.72,4573744.0,STOCK_E_RISKY
2017-05-09,3.9,3.96,3.85,3.87,2181536.0,STOCK_E_RISKY
2017-05-10,4.13,4.2,4.06,4.08,4675782.0,STOCK_E_RISKY
2017-05-11,3.62,3.65,3.55,3.63,1562028.0,STOCK_E_RISKY
2017-05-12,3.44,3.6,3.38,3.49,914531.0,STOCK_E_RISKY
2017-05-15,3.77,3.87,3.63,3.76,3384459.0,STOCK_E_RISKY
2017-05-16,3.84,3.94,3.69,3.75,1584564.0,STOCK_E_RISKY
2017-05-17,3.74,3.77,3.57,3.72,1142095.0,STOCK_E_RISKY
2017-05-18,3.39,3.53,3.34,3.44,2683735.0,STOCK_E_RISKY
2017-05-19,3.28,3.41,3.22,3.3,4284543.0,STOCK_E_RISKY
2017-05-22,3.42,3.46,3.36,3.38,940241.0,STOCK_E_RISKY
2017-05-23,3.31,3.43,3.29,3.4,4816731.0,STOCK_E_RISKY
2017-05-24,3.73,3.87,3.71,3.74,561089.0,STOCK_E_RISKY
2017-05-25,3.73,3.92,3.73,3.79,4187049.0,STOCK_E_RISKY
2017-05-26,3.87,3.87,3.79,3.8,4118993.0,STOCK_E_RISKY
2017-05-29,3.53,3.54,3.41,3.5,3290559.0,STOCK_E_RISKY
2017-05-30,3.88,4.02,3.86,3.95,4315014.0,STOCK_E_RISKY
2017-05-31,3.76,3.8,3.6,3.74,4275066.0,STOCK_E_RISKY
2017-06-01,4.0,4.06,3.98,3.98,4625365.0,STOCK_E_RISKY
2017-06-02,3.62,3.74,3.6,3.73,2288931.0,STOCK_E_RISKY
2017-06-05,3.94,4.12,3.92,4.04,6586593.0,STOCK_E_RISKY
2017-06-06,3.89,3.97,3.84,3.88,1886084.0,STOCK_E_RISKY
2017-06-07,3.61,3.71,3.48,3.63,4863984.0,STOCK_E_RISKY
2017-06-08,3.21,3.24,3.15,3.18,3756162.0,STOCK_E_RISKY
2017-06-09,3.37,3.45,3.17,3.41,845393.0,STOCK_E_RISKY
2017-06-12,3.59,3.68,3.57,3.63,4642392.0,STOCK_E_RISKY
2017-06-13,3.86,3.93,3.73,3.81,3860001.0,STOCK_E_RISKY
2017-06-14,4.34,4.47,4.33,4.36,2876129.0,STOCK_E_RISKY
2017-06-15,4.6,4.68,4.42,4.61,1860117.0,STOCK_E_RISKY
2017-06-16,4.65,4.92,4.62,4.81,502278.0,STOCK_E_RISKY
2017-06-19,4.4,4.52,4.38,4.4,4442803.0,STOCK_E_RISKY
2017-06-20,4.46,4.6,4.42,4.49,3277166.0,STOCK_E_RISKY
2017-06-21,4.38,4.5,4.34,4.47,1093244.0,STOCK_E_RISKY
2017-06-22,4.41,4.42,4.31,4.31,1012432.0,STOCK_E_RISKY
2017-06-23,4.44,4.48,4.4,4.42,3152458.0,STOCK_E_RISKY
2017-06-26,4.65,4.69,4.55,4.63,3273292.0,STOCK_E_RISKY
2017-06-27,4.59,4.81,4.58,4.77,4508789.0,STOCK_E_RISKY
2017-06-28,4.42,4.64,4.35,4.5,1003841.0,STOCK_E_RISKY
2017-06-29,4.56,4.71,4.39,4.49,3670295.0,STOCK_E_RISKY
2017-06-30,4.2,4.29,3.92,4.06,4145341.0,STOCK_E_RISKY
2017-07-03,3.91,3.92,3.84,3.86,1971527.0,STOCK_E_RISKY
2017-07-04,3.5,3.56,3.48,3.55,2336428.0,STOCK_E_RISKY
2017-07-05,3.65,3.7,3.54,3.64,1965944.0,STOCK_E_RISKY
2017-07-06,4.07,4.11,3.96,4.03,2464779.0,STOCK_E_RISKY
2017-07-07,3.77,3.88,3.74,3.79,3333618.0,STOCK_E_RISKY
2017-07-10,3.65,3.7,3.63,3.63,3459344.0,STOCK_E_RISKY
2017-07-11,3.45,3.48,3.37,3.44,2956516.0,STOCK_E_RISKY
2017-07-12,3.51,3.55,3.39,3.39,1784677.0,STOCK_E_RISKY
2017-07-13,3.68,3.79,3.53,3.59,2909870.0,STOCK_E_RISKY
2017-07-14,3.71,3.78,3.54,3.67,2899614.0,STOCK_E_RISKY
2017-07-17,4.41,4.43,4.25,4.32,977403.0,STOCK_E_RISKY
2017-07-18,4.5,4.57,4.48,4.53,1524968.0,STOCK_E_RISKY
2017-07-19,4.52,4.59,4.4,4.52,3399036.0,STOCK_E_RISKY
2017-07-20,4.52,4.7,4.32,4.54,686264.0,STOCK_E_RISKY
2017-07-21,4.42,4.46,4.42,4.44,4384548.0,STOCK_E_RISKY
2017-07-24,4.31,4.39,4.22,4.31,4725870.0,STOCK_E_RISKY
2017-07-25,4.04,4.19,3.93,3.95,3305152.0,STOCK_E_RISKY
2017-07-26,3.82,3.94,3.82,3.85,3264252.0,STOCK_E_RISKY
2017-07-27,3.85,3.9,3.75,3.76,2266354.0,STOCK_E_RISKY
2017-07-28,3.76,3.8,3.61,3.79,1958717.0,STOCK_E_RISKY
2017-07-31,3.64,3.81,3.53,3.63,3287126.0,STOCK_E_RISKY
2017-08-01,3.8,3.84,3.63,3.73,664490.0,STOCK_E_RISKY
2017-08-02,3.5,3.72,3.47,3.62,2097269.0,STOCK_E_RISKY
2017-08-03,3.39,3.58,3.32,3.45,257734.0,STOCK_E_RISKY
2017-08-04,3.47,3.52,3.39,3.49,3420990.0,STOCK_E_RISKY
2017-08-07,3.37,3.48,3.31,3.46,2087172.0,STOCK_E_RISKY
2017-08-08,4.14,4.25,4.01,4.04,346317.0,STOCK_E_RISKY
2017-08-09,3.78,3.93,3.77,3.83,4601152.0,STOCK_E_RISKY
2017-08-10,3.93,4.04,3.91,4.02,2133753.0,STOCK_E_RISKY
2017-08-11,3.98,4.02,3.84,4.0,3531943.0,STOCK_E_RISKY
2017-08-14,4.44,4.69,4.17,4.55,1118606.0,STOCK_E_RISKY
2017-08-15,4.7,4.78,4.53,4.72,3637794.0,STOCK_E_RISKY
2017-08-16,4.52,4.67,4.39,4.5,3452941.0,STOCK_E_RISKY
2017-08-17,4.64,4.64,4.54,4.61,4957898.0,STOCK_E_RISKY
2017-08-18,4.1,4.13,3.95,4.1,1883303.0,STOCK_E_RISKY
2017-08-21,4.12,4.17,3.92,4.0,2517196.0,STOCK_E_RISKY
2017-08-22,4.12,4.28,4.04,4.14,1717323.0,STOCK_E_RISKY
2017-08-23,4.2,4.47,4.14,4.37,2677872.0,STOCK_E_RISKY
2017-08-24,4.41,4.48,4.32,4.44,3366999.0,STOCK_E_RISKY
2017-08-25,4.32,4.36,4.22,4.34,1655036.0,STOCK_E_RISKY
2017-08-28,4.42,4.87,4.39,4.52,2098828.0,STOCK_E_RISKY
2017-08-29,4.19,4.22,4.18,4.2,842055.0,STOCK_E_RISKY
2017-08-30,4.18,4.36,4.09,4.24,1750273.0,STOCK_E_RISKY
2017-08-31,4.35,4.52,4.34,4.35,3536216.0,STOCK_E_RISKY
2017-09-01,4.27,4.32,4.18,4.26,4194557.0,STOCK_E_RISKY
2017-09-04,4.18,4.19,4.1,4.19,4382547.0,STOCK_E_RISKY
2017-09-05,4.38,4.47,4.36,4.39,3888697.0,STOCK_E_RISKY
2017-09-06,4.54,4.58,4.31,4.46,2661760.0,STOCK_E_RISKY
2017-09-07,4.49,4.67,4.47,4.49,3867038.0,STOCK_E_RISKY
2017-09-08,4.85,4.91,4.61,4.77,4156770.0,STOCK_E_RISKY
2017-09-11,5.11,5.21,4.94,5.2,3312559.0,STOCK_E_RISKY
2017-09-12,5.56,5.69,5.37,5.5,3526691.0,STOCK_E_RISKY
2017-09-13,5.28,5.39,5.22,5.27,3914513.0,STOCK_E_RISKY
2017-09-14,4.96,5.21,4.84,5.11,1486221.0,STOCK_E_RISKY
2017-09-15,4.84,4.92,4.76,4.9,710917.0,STOCK_E_RISKY
2017-09-18,5.21,5.37,5.1,5.14,3897941.0,STOCK_E_RISKY
2017-09-19,5.45,5.5,5.29,5.44,500854.0,STOCK_E_RISKY
2017-09-20,5.47,5.59,5.29,5.49,4574979.0,STOCK_E_RISKY
2017-09-21,5.32,5.4,5.29,5.38,4651229.0,STOCK_E_RISKY
2017-09-22,5.52,5.68,5.38,5.44,3868540.0,STOCK_E_RISKY
2017-09-25,4.95,5.15,4.95,4.99,1697575.0,STOCK_E_RISKY
2017-09-26,4.96,5.1,4.79,4.95,1629610.0,STOCK_E_RISKY
2017-09-27,4.46,4.62,4.35,4.41,2506705.0,STOCK_E_RISKY
2017-09-28,4.36,4.48,4.23,4.41,1968120.0,STOCK_E_RISKY
2017-09-29,4.21,4.5,4.15,4.22,326482.0,STOCK_E_RISKY
2017-10-02,4.36,4.41,4.29,4.31,4630206.0,STOCK_E_RISKY
2017-10-03,4.39,4.47,4.23,4.3,1417879.0,STOCK_E_RISKY
2017-10-04,4.41,4.66,4.29,4.35,4753540.0,STOCK_E_RISKY
2017-10-05,4.43,4.5,4.38,4.49,1133627.0,STOCK_E_RISKY
2017-10-06,4.28,4.42,4.22,4.39,4881122.0,STOCK_E_RISKY
2017-10-09,4.05,4.16,3.98,4.03,4516961.0,STOCK_E_RISKY
2017-10-10,3.99,4.01,3.87,3.99,1763418.0,STOCK_E_RISKY
2017-10-11,3.77,3.92,3.75,3.89,2249102.0,STOCK_E_RISKY
2017-10-12,4.17,4.21,4.14,4.18,3159868.0,STOCK_E_RISKY
2017-10-13,3.83,4.0,3.74,3.86,3388245.0,STOCK_E_RISKY
2017-10-16,3.41,3.57,3.36,3.46,2484329.0,STOCK_E_RISKY
2017-10-17,3.29,3.41,3.26,3.31,4302027.0,STOCK_E_RISKY
2017-10-18,3.4,3.58,3.27,3.41,1115946.0,STOCK_E_RISKY
2017-10-19,3.54,3.58,3.47,3.51,3096238.0,STOCK_E_RISKY
2017-10-20,3.55,3.64,3.31,3.47,1089103.0,STOCK_E_RISKY
2017-10-23,3.42,3.55,3.4,3.49,948415.0,STOCK_E_RISKY
2017-10-24,3.28,3.34,3.2,3.31,580605.0,STOCK_E_RISKY
2017-10-25,3.55,3.59,3.42,3.48,3282733.0,STOCK_E_RISKY
2017-10-26,3.45,3.57,3.41,3.43,4947580.0,STOCK_E_RISKY
2017-10-27,3.64,3.65,3.52,3.56,3966826.0,STOCK_E_RISKY
2017-10-30,3.41,3.47,3.31,3.38,3150332.0,STOCK_E_RISKY
2017-10-31,3.31,3.37,3.27,3.36,4609770.0,STOCK_E_RISKY
2017-11-01,3.34,3.4,3.34,3.39,1829146.0,STOCK_E_RISKY
2017-11-02,3.12,3.13,2.95,3.03,2623988.0,STOCK_E_RISKY
2017-11-03,3.07,3.08,2.97,3.05,4066021.0,STOCK_E_RISKY
2017-11-06,2.94,3.08,2.94,2.99,3715661.0,STOCK_E_RISKY
2017-11-07,2.85,3.0,2.74,2.95,4499009.0,STOCK_E_RISKY
2017-11-08,3.13,3.14,3.02,3.08,1978432.0,STOCK_E_RISKY
2017-11-09,2.96,3.01,2.91,2.99,1962727.0,STOCK_E_RISKY
2017-11-10,3.02,3.07,2.93,3.0,1483312.0,STOCK_E_RISKY
2017-11-13,2.86,2.88,2.82,2.84,3191538.0,STOCK_E_RISKY
2017-11-14,2.97,3.01,2.84,2.92,2161634.0,STOCK_E_RISKY
2017-11-15,2.79,2.91,2.73,2.81,153822.0,STOCK_E_RISKY
2017-11-16,2.94,3.03,2.83,2.85,748360.0,STOCK_E_RISKY
2017-11-17,2.75,2.86,2.74,2.81,4866941.0,STOCK_E_RISKY
2017-11-20,3.01,3.04,2.93,2.99,4534034.0,STOCK_E_RISKY
2017-11-21,2.97,2.98,2.91,2.93,3975683.0,STOCK_E_RISKY
2017-11-22,3.13,3.16,3.01,3.05,4530500.0,STOCK_E_RISKY
2017-11-23,3.26,3.28,3.21,3.22,3769512.0,STOCK_E_RISKY
2017-11-24,3.17,3.2,3.13,3.13,3734497.0,STOCK_E_RISKY
2017-11-27,3.03,3.08,2.95,3.0,3253709.0,STOCK_E_RISKY
2017-11-28,2.99,3.07,2.86,2.96,1719715.0,STOCK_E_RISKY
2017-11-29,2.91,2.94,2.87,2.91,3909544.0,STOCK_E_RISKY
2017-11-30,3.04,3.11,3.0,3.1,729602.0,STOCK_E_RISKY
2017-12-01,3.39,3.45,3.35,3.4,4136654.0,STOCK_E_RISKY
2017-12-04,3.47,3.5,3.27,3.33,4245864.0,STOCK_E_RISKY
2017-12-05,3.18,3.22,3.13,3.21,2053182.0,STOCK_E_RISKY
2017-12-06,2.78,2.83,2.78,2.8,3113634.0,STOCK_E_RISKY
2017-12-07,2.62,2.66,2.62,2.65,1188784.0,STOCK_E_RISKY
2017-12-08,2.44,2.63,2.38,2.49,3875241.0,STOCK_E_RISKY
2017-12-11,2.42,2.45,2.36,2.43,4907423.0,STOCK_E_RISKY
2017-12-12,2.34,2.45,2.26,2.42,619292.0,STOCK_E_RISKY
2017-12-13,2.23,2.28,2.19,2.21,4134810.0,STOCK_E_RISKY
2017-12-14,2.15,2.18,2.09,2.15,4052844.0,STOCK_E_RISKY
2017-12-15,2.06,2.14,2.02,2.1,2118897.0,STOCK_E_RISKY
2017-12-18,2.16,2.21,2.02,2.19,3701924.0,STOCK_E_RISKY
2017-12-19,2.27,2.36,2.2,2.27,383905.0,STOCK_E_RISKY
2017-12-20,2.22,2.26,2.16,2.22,226596.0,STOCK_E_RISKY
2017-12-21,2.35,2.43,2.24,2.39,2533412.0,STOCK_E_RISKY
2017-12-22,2.61,2.73,2.53,2.72,4147085.0,STOCK_E_RISKY
2017-12-25,2.89,2.92,2.8,2.85,3842601.0,STOCK_E_RISKY
2017-12-26,2.94,3.01,2.88,2.98,2929070.0,STOCK_E_RISKY
2017-12-27,3.05,3.06,3.01,3.02,1846387.0,STOCK_E_RISKY
2017-12-28,2.64,2.74,2.64,2.69,3983193.0,STOCK_E_RISKY
2017-12-29,2.63,2.64,2.55,2.62,3174675.0,STOCK_E_RISKY
2018-01-01,2.58,2.6,2.5,2.54,2323677.0,STOCK_E_RISKY
2018-01-02,2.43,2.47,2.32,2.44,3510452.0,STOCK_E_RISKY
2018-01-03,2.44,2.49,2.41,2.43,650432.0,STOCK_E_RISKY
2018-01-04,2.53,2.54,2.41,2.48,3977444.0,STOCK_E_RISKY
2018-01-05,2.55,2.59,2.49,2.54,1316452.0,STOCK_E_RISKY
2018-01-08,2.73,2.77,2.69,2.74,473137.0,STOCK_E_RISKY
2018-01-09,2.99,3.02,2.98,3.01,3680725.0,STOCK_E_RISKY
2018-01-10,2.64,2.73,2.62,2.68,1409211.0,STOCK_E_RISKY
2018-01-11,2.63,2.66,2.63,2.63,2643255.0,STOCK_E_RISKY
2018-01-12,2.55,2.67,2.41,2.58,1953402.0,STOCK_E_RISKY
2018-01-15,2.34,2.37,2.26,2.34,3628904.0,STOCK_E_RISKY
2018-01-16,2.13,2.16,2.12,2.12,12677343.0,STOCK_E_RISKY
2018-01-17,2.03,2.16,1.99,2.08,3765873.0,STOCK_E_RISKY
2018-01-18,1.97,2.05,1.95,2.02,2342747.0,STOCK_E_RISKY
2018-01-19,2.16,2.2,2.15,2.17,2365636.0,STOCK_E_RISKY
2018-01-22,2.4,2.48,2.38,2.43,4404615.0,STOCK_E_RISKY
2018-01-23,2.52,2.58,2.4,2.43,2911681.0,STOCK_E_RISKY
2018-01-24,2.54,2.6,2.43,2.55,379924.0,STOCK_E_RISKY
2018-01-25,2.58,2.6,2.52,2.58,1968375.0,STOCK_E_RISKY
2018-01-26,2.59,2.67,2.56,2.57,4893177.0,STOCK_E_RISKY
2018-01-29,2.48,2.62,2.45,2.54,4935242.0,STOCK_E_RISKY
2018-01-30,2.38,2.47,2.38,2.44,3977204.0,STOCK_E_RISKY
2018-01-31,2.64,2.71,2.55,2.67,1224557.0,STOCK_E_RISKY
2018-02-01,2.85,2.87,2.78,2.85,4923872.0,STOCK_E_RISKY
2018-02-02,3.2,3.2,3.06,3.15,2854816.0,STOCK_E_RISKY
2018-02-05,3.13,3.16,3.1,3.15,4362476.0,STOCK_E_RISKY
2018-02-06,3.23,3.24,3.13,3.22,4280070.0,STOCK_E_RISKY
2018-02-07,3.42,3.42,3.33,3.39,2199963.0,STOCK_E_RISKY
2018-02-08,3.21,3.36,3.21,3.26,636850.0,STOCK_E_RISKY
2018-02-09,3.39,3.52,3.24,3.4,1856353.0,STOCK_E_RISKY
2018-02-12,3.24,3.31,3.16,3.3,1222486.0,STOCK_E_RISKY
2018-02-13,3.03,3.11,2.92,2.98,4374604.0,STOCK_E_RISKY
2018-02-14,3.24,3.37,3.17,3.25,4804579.0,STOCK_E_RISKY
2018-02-15,3.2,3.23,3.11,3.21,3470099.0,STOCK_E_RISKY
2018-02-16,3.69,3.69,3.51,3.65,3589317.0,STOCK_E_RISKY
2018-02-19,3.89,3.99,3.78,3.79,4635617.0,STOCK_E_RISKY
2018-02-20,3.97,3.99,3.92,3.94,3452806.0,STOCK_E_RISKY
2018-02-21,4.25,4.37,4.19,4.3,3988665.0,STOCK_E_RISKY
2018-02-22,4.79,4.95,4.54,4.64,2003990.0,STOCK_E_RISKY
2018-02-23,4.47,4.54,4.41,4.46,2042576.0,STOCK_E_RISKY
2018-02-26,4.43,4.43,4.29,4.4,2960440.0,STOCK_E_RISKY
2018-02-27,4.27,4.3,4.15,4.22,4958628.0,STOCK_E_RISKY
2018-02-28,4.19,4.22,4.09,4.15,1485797.0,STOCK_E_RISKY
2018-03-01,4.44,4.59,4.38,4.39,565259.0,STOCK_E_RISKY
2018-03-02,4.15,4.34,4.07,4.28,4803720.0,STOCK_E_RISKY
2018-03-05,4.18,4.26,4.17,4.2,3550019.0,STOCK_E_RISKY
2018-03-06,3.91,4.05,3.87,3.92,552268.0,STOCK_E_RISKY
2018-03-07,3.92,4.14,3.91,4.0,1099048.0,STOCK_E_RISKY
2018-03-08,4.04,4.05,4.03,4.03,4262613.0,STOCK_E_RISKY
2018-03-09,4.25,4.37,4.2,4.23,1831793.0,STOCK_E_RISKY
2018-03-12,4.55,4.65,4.37,4.45,4811862.0,STOCK_E_RISKY
2018-03-13,4.08,4.19,4.05,4.17,3548819.0,STOCK_E_RISKY
2018-03-14,4.2,4.24,4.15,4.16,429393.0,STOCK_E_RISKY
2018-03-15,4.02,4.26,3.98,4.13,543228.0,STOCK_E_RISKY
2018-03-16,4.21,4.28,4.13,4.22,1892501.0,STOCK_E_RISKY
2018-03-19,4.26,4.33,4.13,4.2,462138.0,STOCK_E_RISKY
2018-03-20,4.02,4.08,3.89,4.03,3278877.0,STOCK_E_RISKY
2018-03-21,3.89,3.99,3.84,3.98,4979643.0,STOCK_E_RISKY
2018-03-22,4.12,4.17,3.94,4.05,2662122.0,STOCK_E_RISKY
2018-03-23,4.54,4.62,4.47,4.49,4637891.0,STOCK_E_RISKY
2018-03-26,4.92,5.09,4.83,4.85,1540773.0,STOCK_E_RISKY
2018-03-27,4.95,5.1,4.94,4.95,3996304.0,STOCK_E_RISKY
2018-03-28,4.42,4.47,4.23,4.45,4413664.0,STOCK_E_RISKY
2018-03-29,4.41,4.51,4.4,4.46,2820980.0,STOCK_E_RISKY
2018-03-30,4.4,4.46,4.29,4.43,1515505.0,STOCK_E_RISKY
2018-04-02,4.54,4.64,4.42,4.57,1189816.0,STOCK_E_RISKY
2018-04-03,4.64,4.84,4.64,4.65,928088.0,STOCK_E_RISKY
2018-04-04,4.47,4.82,4.4,4.58,706784.0,STOCK_E_RISKY
2018-04-05,4.61,4.68,4.58,4.61,2806270.0,STOCK_E_RISKY
2018-04-06,4.68,4.88,4.57,4.65,4452028.0,STOCK_E_RISKY
2018-04-09,4.9,4.94,4.89,4.94,4548270.0,STOCK_E_RISKY
2018-04-10,5.32,5.52,5.13,5.19,3189385.0,STOCK_E_RISKY
2018-04-11,5.09,5.21,5.03,5.06,4619395.0,STOCK_E_RISKY
2018-04-12,4.79,4.84,4.7,4.72,4136803.0,STOCK_E_RISKY
2018-04-13,4.95,4.97,4.77,4.91,753923.0,STOCK_E_RISKY
2018-04-16,4.5,4.58,4.38,4.47,885648.0,STOCK_E_RISKY
2018-04-17,4.73,4.78,4.7,4.7,359598.0,STOCK_E_RISKY
2018-04-18,4.78,4.84,4.44,4.74,4938357.0,STOCK_E_RISKY
2018-04-19,5.43,5.63,5.13,5.3,2029363.0,STOCK_E_RISKY
2018-04-20,5.01,5.11,4.89,4.97,3143267.0,STOCK_E_RISKY
2018-04-23,5.27,5.34,5.07,5.18,4258501.0,STOCK_E_RISKY
2018-04-24,4.73,4.76,4.69,4.69,3279974.0,STOCK_E_RISKY
2018-04-25,4.81,4.84,4.79,4.8,2933955.0,STOCK_E_RISKY
2018-04-26,4.56,4.58,4.47,4.5,6475795.0,STOCK_E_RISKY
2018-04-27,4.42,4.55,4.28,4.45,3804119.0,STOCK_E_RISKY
2018-04-30,4.28,4.32,4.22,4.27,1255662.0,STOCK_E_RISKY
2018-05-01,4.33,4.64,4.24,4.47,3108707.0,STOCK_E_RISKY
2018-05-02,4.32,4.55,4.19,4.32,4469052.0,STOCK_E_RISKY
2018-05-03,4.4,4.66,4.38,4.49,4301777.0,STOCK_E_RISKY
2018-05-04,4.36,4.55,4.29,4.42,745280.0,STOCK_E_RISKY
2018-05-07,4.52,4.6,4.48,4.5,4859797.0,STOCK_E_RISKY
2018-05-08,4.87,4.88,4.76,4.78,604447.0,STOCK_E_RISKY
2018-05-09,4.55,4.63,4.45,4.47,2965233.0,STOCK_E_RISKY
2018-05-10,4.54,4.61,4.42,4.45,3610237.0,STOCK_E_RISKY
2018-05-11,4.0,4.16,3.93,4.14,2067891.0,STOCK_E_RISKY
2018-05-14,4.06,4.21,3.91,3.94,2632537.0,STOCK_E_RISKY
2018-05-15,3.83,3.97,3.8,3.91,3684130.0,STOCK_E_RISKY
2018-05-16,4.05,4.05,4.01,4.04,3863684.0,STOCK_E_RISKY
2018-05-17,4.02,4.03,3.91,4.02,4767354.0,STOCK_E_RISKY
2018-05-18,3.81,3.81,3.7,3.78,3180752.0,STOCK_E_RISKY
2018-05-21,3.71,3.73,3.67,3.7,1193071.0,STOCK_E_RISKY
2018-05-22,3.74,3.88,3.64,3.76,2090283.0,STOCK_E_RISKY
2018-05-23,3.82,3.93,3.77,3.84,2215686.0,STOCK_E_RISKY
2018-05-24,3.77,3.86,3.73,3.8,4934463.0,STOCK_E_RISKY
2018-05-25,3.93,4.16,3.86,4.13,2404027.0,STOCK_E_RISKY
2018-05-28,3.83,3.85,3.69,3.77,425189.0,STOCK_E_RISKY
2018-05-29,3.79,3.83,3.72,3.73,3032695.0,STOCK_E_RISKY
2018-05-30,3.81,3.91,3.65,3.79,1519509.0,STOCK_E_RISKY
2018-05-31,4.21,4.4,3.94,4.12,166236.0,STOCK_E_RISKY
2018-06-01,4.51,4.62,4.4,4.54,2418203.0,STOCK_E_RISKY
2018-06-04,4.37,4.49,4.35,4.48,4807245.0,STOCK_E_RISKY
2018-06-05,4.44,4.44,4.38,4.42,3255689.0,STOCK_E_RISKY
2018-06-06,4.75,4.92,4.57,4.64,2225770.0,STOCK_E_RISKY
2018-06-07,4.72,4.76,4.65,4.66,2982022.0,STOCK_E_RISKY
2018-06-08,4.44,4.56,4.4,4.55,3162646.0,STOCK_E_RISKY
2018-06-11,4.74,4.85,4.67,4.8,3382670.0,STOCK_E_RISKY
2018-06-12,4.86,4.98,4.76,4.91,4959113.0,STOCK_E_RISKY
2018-06-13,4.65,4.77,4.57,4.69,1206103.0,STOCK_E_RISKY
2018-06-14,4.54,4.55,4.41,4.45,3768072.0,STOCK_E_RISKY
2018-06-15,4.49,4.63,4.37,4.49,1915925.0,STOCK_E_RISKY
2018-06-18,4.32,4.34,4.12,4.27,4554622.0,STOCK_E_RISKY
2018-06-19,4.32,4.32,4.31,4.32,3667996.0,STOCK_E_RISKY
2018-06-20,4.6,4.64,4.53,4.61,4932698.0,STOCK_E_RISKY
2018-06-21,4.46,4.56,4.4,4.45,1513510.0,STOCK_E_RISKY
2018-06-22,4.59,4.84,4.55,4.64,2978959.0,STOCK_E_RISKY
2018-06-25,5.13,5.13,4.98,5.12,3144784.0,STOCK_E_RISKY
2018-06-26,4.62,4.81,4.53,4.68,2360098.0,STOCK_E_RISKY
2018-06-27,4.57,4.59,4.38,4.44,3554400.0,STOCK_E_RISKY
2018-06-28,4.22,4.38,4.15,4.34,198721.0,STOCK_E_RISKY
2018-06-29,4.26,4.29,4.14,4.23,597364.0,STOCK_E_RISKY
2018-07-02,4.58,4.63,4.4,4.46,2625551.0,STOCK_E_RISKY
2018-07-03,4.72,4.77,4.55,4.65,1550593.0,STOCK_E_RISKY
2018-07-04,4.58,4.9,4.4,4.73,2283744.0,STOCK_E_RISKY
2018-07-05,4.24,4.49,4.21,4.38,1969526.0,STOCK_E_RISKY
2018-07-06,4.36,4.46,4.32,4.37,4592592.0,STOCK_E_RISKY
2018-07-09,4.46,4.53,4.3,4.41,3903941.0,STOCK_E_RISKY
2018-07-10,4.55,4.77,4.5,4.63,4967651.0,STOCK_E_RISKY
2018-07-11,4.72,4.78,4.6,4.64,3818471.0,STOCK_E_RISKY
2018-07-12,4.9,4.99,4.87,4.97,3674186.0,STOCK_E_RISKY
2018-07-13,4.79,4.84,4.72,4.76,436013.0,STOCK_E_RISKY
2018-07-16,4.96,4.96,4.73,4.84,3193384.0,STOCK_E_RISKY
2018-07-17,4.52,4.57,4.49,4.49,2765908.0,STOCK_E_RISKY
2018-07-18,4.48,4.5,4.37,4.4,4124687.0,STOCK_E_RISKY
2018-07-19,4.33,4.56,4.15,4.38,3818461.0,STOCK_E_RISKY
2018-07-20,4.25,4.32,4.17,4.28,1880152.0,STOCK_E_RISKY
2018-07-23,4.15,4.3,4.01,4.12,3916940.0,STOCK_E_RISKY
2018-07-24,4.1,4.34,4.05,4.2,4205439.0,STOCK_E_RISKY
2018-07-25,3.96,4.15,3.95,4.06,4151374.0,STOCK_E_RISKY
2018-07-26,4.07,4.16,3.96,4.06,508997.0,STOCK_E_RISKY
2018-07-27,4.29,4.35,4.23,4.32,887104.0,STOCK_E_RISKY
2018-07-30,4.52,4.58,4.48,4.49,1317418.0,STOCK_E_RISKY
2018-07-31,4.65,4.77,4.62,4.76,437223.0,STOCK_E_RISKY
2018-08-01,5.01,5.12,4.73,4.95,4852315.0,STOCK_E_RISKY
2018-08-02,5.33,5.38,5.26,5.38,1913796.0,STOCK_E_RISKY
2018-08-03,5.12,5.18,5.02,5.07,4943328.0,STOCK_E_RISKY
2018-08-06,5.1,5.21,5.09,5.12,2208997.0,STOCK_E_RISKY
2018-08-07,5.41,5.53,5.36,5.48,476709.0,STOCK_E_RISKY
2018-08-08,5.3,5.58,5.21,5.47,4136460.0,STOCK_E_RISKY
2018-08-09,5.52,5.71,5.28,5.53,814208.0,STOCK_E_RISKY
2018-08-10,5.8,6.03,5.68,5.82,4744757.0,STOCK_E_RISKY
2018-08-13,5.74,5.83,5.55,5.79,2155450.0,STOCK_E_RISKY
2018-08-14,6.3,6.43,6.07,6.24,4349438.0,STOCK_E_RISKY
2018-08-15,6.86,6.95,6.85,6.95,482455.0,STOCK_E_RISKY
2018-08-16,6.65,6.69,6.41,6.49,4802057.0,STOCK_E_RISKY
2018-08-17,6.32,6.48,6.19,6.33,3172394.0,STOCK_E_RISKY
2018-08-20,5.94,6.03,5.82,5.95,3235208.0,STOCK_E_RISKY
2018-08-21,6.02,6.25,6.0,6.11,4921768.0,STOCK_E_RISKY
2018-08-22,6.45,6.57,6.13,6.38,1278010.0,STOCK_E_RISKY
2018-08-23,5.66,5.73,5.56,5.59,3963027.0,STOCK_E_RISKY
2018-08-24,5.3,5.38,5.25,5.31,4596783.0,STOCK_E_RISKY
2018-08-27,5.23,5.27,4.94,5.25,3314977.0,STOCK_E_RISKY
2018-08-28,5.15,5.22,5.07,5.15,2949375.0,STOCK_E_RISKY
2018-08-29,4.92,5.23,4.84,4.99,3032940.0,STOCK_E_RISKY
2018-08-30,5.26,5.44,5.13,5.28,3745630.0,STOCK_E_RISKY
2018-08-31,5.13,5.32,4.97,5.2,2308948.0,STOCK_E_RISKY
2018-09-03,5.26,5.41,5.19,5.35,2155194.0,STOCK_E_RISKY
2018-09-04,5.66,5.84,5.54,5.64,539442.0,STOCK_E_RISKY
2018-09-05,5.48,5.61,5.44,5.45,4015078.0,STOCK_E_RISKY
2018-09-06,5.38,5.65,5.17,5.45,1362645.0,STOCK_E_RISKY
2018-09-07,5.61,5.65,5.36,5.55,2339687.0,STOCK_E_RISKY
2018-09-10,5.74,5.81,5.73,5.79,884985.0,STOCK_E_RISKY
2018-09-11,5.5,5.73,5.48,5.5,4700265.0,STOCK_E_RISKY
2018-09-12,5.63,5.69,5.52,5.6,1793090.0,STOCK_E_RISKY
2018-09-13,5.73,5.84,5.48,5.81,4741190.0,STOCK_E_RISKY
2018-09-14,5.93,6.18,5.92,6.12,947452.0,STOCK_E_RISKY
2018-09-17,6.41,6.41,6.16,6.24,3945619.0,STOCK_E_RISKY
2018-09-18,5.67,5.76,5.65,5.75,3511157.0,STOCK_E_RISKY
2018-09-19,5.94,6.11,5.79,5.87,3497072.0,STOCK_E_RISKY
2018-09-20,5.75,5.8,5.65,5.66,2085680.0,STOCK_E_RISKY
2018-09-21,5.64,5.68,5.61,5.61,2987305.0,STOCK_E_RISKY
2018-09-24,5.49,5.51,5.45,5.49,475865.0,STOCK_E_RISKY
2018-09-25,5.39,5.43,5.35,5.38,1415947.0,STOCK_E_RISKY
2018-09-26,5.14,5.27,5.09,5.2,1628533.0,STOCK_E_RISKY
2018-09-27,5.62,5.96,5.57,5.74,570087.0,STOCK_E_RISKY
2018-09-28,5.66,5.74,5.59,5.68,1200293.0,STOCK_E_RISKY
2018-10-01,5.78,5.95,5.56,5.69,2796141.0,STOCK_E_RISKY
2018-10-02,5.57,5.65,5.36,5.56,902510.0,STOCK_E_RISKY
2018-10-03,5.77,5.91,5.61,5.62,2681350.0,STOCK_E_RISKY
2018-10-04,5.78,5.81,5.65,5.76,2188035.0,STOCK_E_RISKY
2018-10-05,5.51,5.72,5.47,5.6,1504287.0,STOCK_E_RISKY
2018-10-08,5.96,6.03,5.8,5.9,2465317.0,STOCK_E_RISKY
2018-10-09,6.16,6.32,5.99,6.04,3232050.0,STOCK_E_RISKY
2018-10-10,6.14,6.26,5.93,5.97,2960106.0,STOCK_E_RISKY
2018-10-11,5.4,5.62,5.34,5.52,3485008.0,STOCK_E_RISKY
2018-10-12,5.69,5.95,5.57,5.78,172197.0,STOCK_E_RISKY
2018-10-15,5.65,5.78,5.5,5.57,1496753.0,STOCK_E_RISKY
2018-10-16,5.34,5.48,5.25,5.34,8382577.0,STOCK_E_RISKY
2018-10-17,5.45,5.49,5.27,5.29,161040.0,STOCK_E_RISKY
2018-10-18,5.51,5.71,5.37,5.43,1361030.0,STOCK_E_RISKY
2018-10-19,5.08,5.39,4.97,5.22,1835188.0,STOCK_E_RISKY
2018-10-22,5.19,5.2,5.12,5.15,2687650.0,STOCK_E_RISKY
2018-10-23,5.58,5.81,5.58,5.59,2429415.0,STOCK_E_RISKY
2018-10-24,5.13,5.18,5.13,5.16,665241.0,STOCK_E_RISKY
2018-10-25,4.84,5.07,4.63,4.81,3281585.0,STOCK_E_RISKY
2018-10-26,4.72,4.77,4.67,4.75,124917.0,STOCK_E_RISKY
2018-10-29,5.07,5.29,4.75,4.97,4450507.0,STOCK_E_RISKY
2018-10-30,5.07,5.18,4.83,5.04,4289370.0,STOCK_E_RISKY
2018-10-31,5.37,5.66,5.29,5.49,2110141.0,STOCK_E_RISKY
2018-11-01,6.22,6.3,5.91,5.98,3655239.0,STOCK_E_RISKY
2018-11-02,5.82,6.0,5.7,5.85,4364466.0,STOCK_E_RISKY
2018-11-05,5.26,5.49,5.23,5.31,630598.0,STOCK_E_RISKY
2018-11-06,4.96,5.16,4.76,5.04,3365530.0,STOCK_E_RISKY
2018-11-07,5.24,5.44,5.03,5.17,1077749.0,STOCK_E_RISKY
2018-11-08,5.07,5.14,4.96,4.99,395625.0,STOCK_E_RISKY
2018-11-09,4.75,4.8,4.61,4.7,1627585.0,STOCK_E_RISKY
2018-11-12,4.8,4.82,4.73,4.8,8782047.0,STOCK_E_RISKY
2018-11-13,4.54,4.65,4.52,4.55,1215654.0,STOCK_E_RISKY
2018-11-14,4.47,4.53,4.13,4.34,1365255.0,STOCK_E_RISKY
2018-11-15,4.72,4.75,4.61,4.64,473790.0,STOCK_E_RISKY
2018-11-16,4.95,5.2,4.85,4.93,3934078.0,STOCK_E_RISKY
2018-11-19,4.78,4.89,4.73,4.8,2104427.0,STOCK_E_RISKY
2018-11-20,4.55,4.85,4.53,4.64,2002572.0,STOCK_E_RISKY
2018-11-21,4.63,4.73,4.52,4.6,3850935.0,STOCK_E_RISKY
2018-11-22,4.31,4.42,4.27,4.33,3008664.0,STOCK_E_RISKY
2018-11-23,4.32,4.44,4.22,4.29,2087140.0,STOCK_E_RISKY
2018-11-26,4.12,4.21,4.11,4.12,3527094.0,STOCK_E_RISKY
2018-11-27,3.93,3.95,3.86,3.9,4130946.0,STOCK_E_RISKY
2018-11-28,3.6,3.77,3.55,3.65,1692753.0,STOCK_E_RISKY
2018-11-29,3.5,3.51,3.46,3.48,604149.0,STOCK_E_RISKY
2018-11-30,3.8,3.9,3.7,3.77,3148543.0,STOCK_E_RISKY
2018-12-03,3.52,3.55,3.37,3.44,2188753.0,STOCK_E_RISKY
2018-12-04,3.48,3.49,3.42,3.44,1576228.0,STOCK_E_RISKY
2018-12-05,3.43,3.52,3.39,3.43,2130484.0,STOCK_E_RISKY
2018-12-06,3.2,3.39,3.13,3.31,2035297.0,STOCK_E_RISKY
2018-12-07,3.45,3.52,3.32,3.5,1216124.0,STOCK_E_RISKY
2018-12-10,3.46,3.52,3.35,3.49,4318822.0,STOCK_E_RISKY
2018-12-11,3.58,3.74,3.45,3.52,3896880.0,STOCK_E_RISKY
2018-12-12,3.69,3.77,3.59,3.6,2369177.0,STOCK_E_RISKY
2018-12-13,3.84,3.94,3.69,3.78,4205243.0,STOCK_E_RISKY
2018-12-14,4.01,4.1,3.85,3.95,6400846.0,STOCK_E_RISKY
2018-12-17,3.96,4.0,3.83,3.92,3978227.0,STOCK_E_RISKY
2018-12-18,4.14,4.3,4.11,4.16,443307.0,STOCK_E_RISKY
2018-12-19,4.19,4.21,4.01,4.14,848517.0,STOCK_E_RISKY
2018-12-20,4.18,4.2,3.95,4.16,380255.0,STOCK_E_RISKY
2018-12-21,3.98,4.13,3.85,3.92,840760.0,STOCK_E_RISKY
2018-12-24,4.01,4.06,3.88,3.98,3868980.0,STOCK_E_RISKY
2018-12-25,3.93,3.96,3.72,3.86,1854322.0,STOCK_E_RISKY
2018-12-26,3.89,3.98,3.87,3.96,1770674.0,STOCK_E_RISKY
2018-12-27,4.09,4.16,3.99,4.05,2279687.0,STOCK_E_RISKY
2018-12-28,4.52,4.64,4.5,4.63,1579220.0,STOCK_E_RISKY
2018-12-31,4.46,4.66,4.43,4.53,2048809.0,STOCK_E_RISKY
2019-01-01,4.26,4.29,4.09,4.24,223449.0,STOCK_E_RISKY
2019-01-02,4.19,4.31,4.1,4.28,1438445.0,STOCK_E_RISKY
2019-01-03,3.97,4.26,3.88,4.08,1334001.0,STOCK_E_RISKY
2019-01-04,4.28,4.37,4.19,4.26,4737162.0,STOCK_E_RISKY
2019-01-07,3.83,3.97,3.72,3.91,200672.0,STOCK_E_RISKY
2019-01-08,3.76,3.83,3.55,3.72,1008721.0,STOCK_E_RISKY
2019-01-09,4.04,4.23,3.98,4.0,781069.0,STOCK_E_RISKY
2019-01-10,4.24,4.31,4.06,4.18,3673788.0,STOCK_E_RISKY
2019-01-11,4.25,4.37,4.14,4.18,962537.0,STOCK_E_RISKY
2019-01-14,4.01,4.16,3.98,3.99,3764407.0,STOCK_E_RISKY
2019-01-15,4.1,4.2,3.99,4.15,3797475.0,STOCK_E_RISKY
2019-01-16,4.5,4.56,4.45,4.48,575431.0,STOCK_E_RISKY
2019-01-17,4.2,4.24,4.2,4.23,4667325.0,STOCK_E_RISKY
2019-01-18,4.35,4.38,4.13,4.31,2769424.0,STOCK_E_RISKY
2019-01-21,4.74,4.95,4.65,4.79,721623.0,STOCK_E_RISKY
2019-01-22,4.76,5.11,4.63,4.81,3363906.0,STOCK_E_RISKY
2019-01-23,4.92,5.01,4.88,4.89,4901703.0,STOCK_E_RISKY
2019-01-24,5.06,5.08,5.01,5.08,825130.0,STOCK_E_RISKY
2019-01-25,4.8,4.94,4.72,4.83,527662.0,STOCK_E_RISKY
2019-01-28,4.37,4.5,4.24,4.41,3817500.0,STOCK_E_RISKY
2019-01-29,4.32,4.51,4.27,4.35,708383.0,STOCK_E_RISKY
2019-01-30,4.64,4.76,4.46,4.7,1935397.0,STOCK_E_RISKY
2019-01-31,4.95,5.09,4.83,4.94,4573817.0,STOCK_E_RISKY
2019-02-01,5.14,5.2,5.11,5.12,2949473.0,STOCK_E_RISKY
2019-02-04,5.03,5.05,5.0,5.03,3159110.0,STOCK_E_RISKY
2019-02-05,5.12,5.14,5.02,5.14,3237359.0,STOCK_E_RISKY
2019-02-06,5.03,5.12,5.01,5.1,4645639.0,STOCK_E_RISKY
2019-02-07,5.27,5.48,5.26,5.32,2862491.0,STOCK_E_RISKY
2019-02-08,5.2,5.25,5.08,5.13,857131.0,STOCK_E_RISKY
2019-02-11,5.8,6.02,5.7,5.93,4785119.0,STOCK_E_RISKY
2019-02-12,6.14,6.23,5.89,6.1,2735344.0,STOCK_E_RISKY
2019-02-13,6.17,6.27,5.93,6.21,4001292.0,STOCK_E_RISKY
2019-02-14,5.92,6.07,5.86,5.88,4638745.0,STOCK_E_RISKY
2019-02-15,5.61,5.71,5.25,5.45,645936.0,STOCK_E_RISKY
2019-02-18,4.98,5.13,4.96,5.03,975463.0,STOCK_E_RISKY
2019-02-19,5.16,5.39,5.15,5.21,1958658.0,STOCK_E_RISKY
2019-02-20,5.41,5.49,5.19,5.35,1685774.0,STOCK_E_RISKY
2019-02-21,5.46,5.62,5.45,5.51,4308062.0,STOCK_E_RISKY
2019-02-22,5.8,5.81,5.58,5.65,672879.0,STOCK_E_RISKY
2019-02-25,5.76,5.99,5.7,5.95,502405.0,STOCK_E_RISKY
2019-02-26,5.79,6.03,5.55,5.73,2787540.0,STOCK_E_RISKY
2019-02-27,5.77,6.0,5.59,5.66,2704407.0,STOCK_E_RISKY
2019-02-28,5.44,5.74,5.31,5.55,549837.0,STOCK_E_RISKY
2019-03-01,5.98,6.05,5.77,5.97,1429362.0,STOCK_E_RISKY
2019-03-04,6.23,6.38,6.09,6.24,634332.0,STOCK_E_RISKY
2019-03-05,6.89,7.23,6.68,6.87,1806819.0,STOCK_E_RISKY
2019-03-06,6.4,6.42,6.36,6.37,2474293.0,STOCK_E_RISKY
2019-03-07,6.05,6.28,5.97,6.13,4064798.0,STOCK_E_RISKY
2019-03-08,6.32,6.37,6.02,6.11,3576320.0,STOCK_E_RISKY
2019-03-11,6.11,6.2,5.71,5.87,2036554.0,STOCK_E_RISKY
2019-03-12,5.77,6.04,5.73,5.87,2465464.0,STOCK_E_RISKY
2019-03-13,6.54,6.62,6.19,6.35,4594040.0,STOCK_E_RISKY
2019-03-14,6.64,6.84,6.61,6.77,1058272.0,STOCK_E_RISKY
2019-03-15,6.24,6.33,6.2,6.27,2577602.0,STOCK_E_RISKY
2019-03-18,6.41,6.77,6.2,6.43,1586286.0,STOCK_E_RISKY
2019-03-19,6.78,6.83,6.67,6.7,1158136.0,STOCK_E_RISKY
2019-03-20,7.51,7.81,7.31,7.4,4702986.0,STOCK_E_RISKY
2019-03-21,7.26,7.46,7.19,7.28,225943.0,STOCK_E_RISKY
2019-03-22,6.91,6.93,6.65,6.89,3475351.0,STOCK_E_RISKY
2019-03-25,7.02,7.31,6.89,7.03,2579140.0,STOCK_E_RISKY
2019-03-26,6.51,6.84,6.35,6.59,154892.0,STOCK_E_RISKY
2019-03-27,6.16,6.19,5.89,6.07,1890231.0,STOCK_E_RISKY
2019-03-28,5.96,6.15,5.8,6.1,2958634.0,STOCK_E_RISKY
2019-03-29,5.82,5.87,5.65,5.86,2757889.0,STOCK_E_RISKY
2019-04-01,5.92,6.14,5.82,5.99,2716870.0,STOCK_E_RISKY
2019-04-02,5.75,6.08,5.66,5.86,600416.0,STOCK_E_RISKY
2019-04-03,5.54,5.59,5.24,5.49,4659132.0,STOCK_E_RISKY
2019-04-04,5.93,6.27,5.81,5.87,797337.0,STOCK_E_RISKY
2019-04-05,6.54,6.61,6.45,6.47,711764.0,STOCK_E_RISKY
2019-04-08,6.03,6.28,5.82,6.19,513556.0,STOCK_E_RISKY
2019-04-09,5.8,6.02,5.77,5.79,1770229.0,STOCK_E_RISKY
2019-04-10,5.77,5.99,5.68,5.8,2132032.0,STOCK_E_RISKY
2019-04-11,5.62,5.72,5.36,5.49,756239.0,STOCK_E_RISKY
2019-04-12,5.74,5.94,5.51,5.72,1959224.0,STOCK_E_RISKY
2019-04-15,5.81,5.83,5.7,5.82,4137497.0,STOCK_E_RISKY
2019-04-16,5.98,6.14,5.64,5.99,1068491.0,STOCK_E_RISKY
2019-04-17,5.77,5.78,5.48,5.64,986526.0,STOCK_E_RISKY
2019-04-18,5.51,5.56,5.34,5.49,1507216.0,STOCK_E_RISKY
2019-04-19,5.26,5.3,5.24,5.25,3778967.0,STOCK_E_RISKY
2019-04-22,5.64,5.91,5.61,5.73,4157467.0,STOCK_E_RISKY
2019-04-23,5.6,5.62,5.27,5.43,2696349.0,STOCK_E_RISKY
2019-04-24,5.58,5.59,5.5,5.57,1721253.0,STOCK_E_RISKY
2019-04-25,5.51,5.52,5.29,5.44,1927909.0,STOCK_E_RISKY
2019-04-26,5.19,5.38,5.16,5.18,2647931.0,STOCK_E_RISKY
2019-04-29,5.24,5.29,5.11,5.2,3962463.0,STOCK_E_RISKY
2019-04-30,5.78,5.83,5.54,5.58,4343216.0,STOCK_E_RISKY
2019-05-01,6.17,6.18,5.85,5.97,189651.0,STOCK_E_RISKY
2019-05-02,6.1,6.17,5.81,6.0,2515341.0,STOCK_E_RISKY
2019-05-03,5.13,5.27,5.05,5.1,4332296.0,STOCK_E_RISKY
2019-05-06,4.91,5.12,4.81,5.08,2138664.0,STOCK_E_RISKY
2019-05-07,4.86,4.9,4.75,4.88,1117151.0,STOCK_E_RISKY
2019-05-08,4.77,4.83,4.68,4.75,1216347.0,STOCK_E_RISKY
2019-05-09,5.2,5.28,5.02,5.17,1901479.0,STOCK_E_RISKY
2019-05-10,5.07,5.18,4.87,5.05,3855203.0,STOCK_E_RISKY
2019-05-13,5.08,5.11,4.86,4.98,3231305.0,STOCK_E_RISKY
2019-05-14,4.78,4.89,4.66,4.85,3481744.0,STOCK_E_RISKY
2019-05-15,4.96,5.43,4.74,5.24,2086785.0,STOCK_E_RISKY
2019-05-16,4.65,4.65,4.54,4.59,3687918.0,STOCK_E_RISKY
2019-05-17,4.95,5.03,4.86,4.9,2220151.0,STOCK_E_RISKY
2019-05-20,5.21,5.31,5.2,5.3,3837189.0,STOCK_E_RISKY
2019-05-21,5.47,5.58,5.39,5.48,200414.0,STOCK_E_RISKY
2019-05-22,5.27,5.47,5.04,5.43,4918367.0,STOCK_E_RISKY
2019-05-23,5.36,5.58,5.35,5.42,534116.0,STOCK_E_RISKY
2019-05-24,5.76,5.99,5.74,5.86,817300.0,STOCK_E_RISKY
2019-05-27,5.98,6.11,5.94,5.95,1604763.0,STOCK_E_RISKY
2019-05-28,6.09,6.22,6.07,6.14,4323626.0,STOCK_E_RISKY
2019-05-29,5.9,5.99,5.88,5.91,1418865.0,STOCK_E_RISKY
2019-05-30,6.14,6.16,6.13,6.13,1515444.0,STOCK_E_RISKY
2019-05-31,5.87,6.12,5.63,5.98,4032590.0,STOCK_E_RISKY
2019-06-03,5.04,5.27,4.83,5.09,4166983.0,STOCK_E_RISKY
2019-06-04,5.57,5.64,5.38,5.41,420586.0,STOCK_E_RISKY
2019-06-05,5.32,5.42,5.11,5.24,2293564.0,STOCK_E_RISKY
2019-06-06,5.44,5.72,5.26,5.52,1255401.0,STOCK_E_RISKY
2019-06-07,5.22,5.34,4.95,5.26,4162643.0,STOCK_E_RISKY
2019-06-10,5.61,5.65,5.58,5.61,1301516.0,STOCK_E_RISKY
2019-06-11,6.07,6.22,5.93,6.21,120643.0,STOCK_E_RISKY
2019-06-12,6.24,6.3,5.82,6.1,2722894.0,STOCK_E_RISKY
2019-06-13,6.43,6.56,6.34,6.39,4365692.0,STOCK_E_RISKY
2019-06-14,5.75,6.1,5.49,5.88,2290094.0,STOCK_E_RISKY
2019-06-17,5.86,5.93,5.81,5.89,148890.0,STOCK_E_RISKY
2019-06-18,6.15,6.41,6.14,6.16,1673782.0,STOCK_E_RISKY
2019-06-19,6.77,6.82,6.66,6.74,3346619.0,STOCK_E_RISKY
2019-06-20,7.23,7.33,7.17,7.25,720695.0,STOCK_E_RISKY
2019-06-21,7.41,7.64,7.25,7.28,3481680.0,STOCK_E_RISKY
2019-06-24,7.96,8.03,7.53,7.68,1209384.0,STOCK_E_RISKY
2019-06-25,7.99,8.26,7.75,7.9,1653093.0,STOCK_E_RISKY
2019-06-26,7.9,7.97,7.71,7.77,296186.0,STOCK_E_RISKY
2019-06-27,7.21,7.4,6.92,7.32,1679942.0,STOCK_E_RISKY
2019-06-28,7.39,7.46,7.2,7.21,1243189.0,STOCK_E_RISKY
2019-07-01,6.9,6.93,6.73,6.86,1055559.0,STOCK_E_RISKY
2019-07-02,7.2,7.34,7.0,7.24,1396956.0,STOCK_E_RISKY
2019-07-03,6.89,7.23,6.76,7.15,4276613.0,STOCK_E_RISKY
2019-07-04,7.38,7.49,7.2,7.39,4241019.0,STOCK_E_RISKY
2019-07-05,7.36,7.67,7.22,7.28,4648411.0,STOCK_E_RISKY
2019-07-08,7.18,7.28,6.84,7.18,522769.0,STOCK_E_RISKY
2019-07-09,7.67,7.86,7.53,7.55,4472029.0,STOCK_E_RISKY
2019-07-10,6.98,7.11,6.9,7.02,3159065.0,STOCK_E_RISKY
2019-07-11,7.45,7.64,7.29,7.53,4375101.0,STOCK_E_RISKY
2019-07-12,7.23,7.46,7.1,7.15,2205760.0,STOCK_E_RISKY
2019-07-15,6.69,7.06,6.64,6.82,2757644.0,STOCK_E_RISKY
2019-07-16,6.76,6.78,6.63,6.71,595208.0,STOCK_E_RISKY
2019-07-17,7.2,7.5,7.19,7.35,891309.0,STOCK_E_RISKY
2019-07-18,8.05,8.1,7.8,7.86,1970914.0,STOCK_E_RISKY
2019-07-19,8.55,9.02,8.03,8.67,3741863.0,STOCK_E_RISKY
2019-07-22,8.33,8.4,8.27,8.39,2287961.0,STOCK_E_RISKY
2019-07-23,7.85,7.99,7.81,7.81,2355103.0,STOCK_E_RISKY
2019-07-24,8.17,8.61,7.93,8.35,989400.0,STOCK_E_RISKY
2019-07-25,8.28,8.44,8.18,8.43,313875.0,STOCK_E_RISKY
2019-07-26,8.43,8.49,8.27,8.3,468612.0,STOCK_E_RISKY
2019-07-29,8.27,8.33,8.06,8.16,1278362.0,STOCK_E_RISKY
2019-07-30,8.44,8.59,8.32,8.41,820029.0,STOCK_E_RISKY
2019-07-31,8.29,8.36,8.12,8.29,3385391.0,STOCK_E_RISKY
2019-08-01,7.62,7.78,7.53,7.64,2442947.0,STOCK_E_RISKY
2019-08-02,7.42,7.74,7.22,7.55,3419555.0,STOCK_E_RISKY
2019-08-05,6.95,7.02,6.85,7.01,3018683.0,STOCK_E_RISKY
2019-08-06,6.41,6.47,6.27,6.43,2046589.0,STOCK_E_RISKY
2019-08-07,6.81,6.86,6.42,6.83,3023409.0,STOCK_E_RISKY
2019-08-08,6.52,6.55,6.23,6.37,4160997.0,STOCK_E_RISKY
2019-08-09,6.04,6.09,5.86,5.97,4802697.0,STOCK_E_RISKY
2019-08-12,6.15,6.25,6.05,6.13,2665830.0,STOCK_E_RISKY
2019-08-13,7.0,7.06,6.54,6.83,318521.0,STOCK_E_RISKY
2019-08-14,7.21,7.24,7.01,7.07,3167027.0,STOCK_E_RISKY
2019-08-15,7.38,7.62,7.3,7.36,3323395.0,STOCK_E_RISKY
2019-08-16,7.34,7.4,7.18,7.38,1253750.0,STOCK_E_RISKY
2019-08-19,7.19,7.38,7.06,7.22,2461048.0,STOCK_E_RISKY
2019-08-20,7.01,7.19,6.67,6.9,4038350.0,STOCK_E_RISKY
2019-08-21,7.21,7.39,7.15,7.17,1535962.0,STOCK_E_RISKY
2019-08-22,7.31,7.36,7.15,7.25,1560047.0,STOCK_E_RISKY
2019-08-23,7.01,7.38,6.99,7.26,1425513.0,STOCK_E_RISKY
2019-08-26,7.28,7.42,7.02,7.11,4068806.0,STOCK_E_RISKY
2019-08-27,7.15,7.4,7.06,7.36,1500751.0,STOCK_E_RISKY
2019-08-28,6.51,6.78,6.33,6.76,3531092.0,STOCK_E_RISKY
2019-08-29,7.02,7.12,6.81,7.11,2598956.0,STOCK_E_RISKY
2019-08-30,7.32,7.46,7.28,7.34,1588657.0,STOCK_E_RISKY
2019-09-02,7.29,7.32,6.92,7.23,251907.0,STOCK_E_RISKY
2019-09-03,7.66,7.78,7.62,7.72,1743110.0,STOCK_E_RISKY
2019-09-04,8.43,8.68,8.07,8.53,4063694.0,STOCK_E_RISKY
2019-09-05,8.68,8.95,8.58,8.87,4379807.0,STOCK_E_RISKY
2019-09-06,8.28,8.42,8.14,8.31,1133053.0,STOCK_E_RISKY
2019-09-09,8.45,8.65,8.39,8.57,658477.0,STOCK_E_RISKY
2019-09-10,8.67,8.81,8.66,8.73,8768289.0,STOCK_E_RISKY
2019-09-11,7.91,8.45,7.89,7.96,2265761.0,STOCK_E_RISKY
2019-09-12,8.26,8.27,8.1,8.15,362122.0,STOCK_E_RISKY
2019-09-13,7.73,7.89,7.52,7.74,2967912.0,STOCK_E_RISKY
2019-09-16,8.19,8.26,8.12,8.18,3792802.0,STOCK_E_RISKY
2019-09-17,7.85,8.05,7.68,7.72,4156664.0,STOCK_E_RISKY
2019-09-18,7.75,8.15,7.65,7.78,2897980.0,STOCK_E_RISKY
2019-09-19,7.73,7.83,7.63,7.8,972229.0,STOCK_E_RISKY
2019-09-20,7.87,8.33,7.82,7.85,3778759.0,STOCK_E_RISKY
2019-09-23,7.61,7.65,7.46,7.6,2892496.0,STOCK_E_RISKY
2019-09-24,7.18,7.46,7.13,7.24,3574082.0,STOCK_E_RISKY
2019-09-25,7.32,7.44,7.13,7.22,1227705.0,STOCK_E_RISKY
2019-09-26,7.51,7.76,7.38,7.46,2304219.0,STOCK_E_RISKY
2019-09-27,7.38,7.42,6.92,7.29,3299136.0,STOCK_E_RISKY
2019-09-30,6.74,7.09,6.73,6.83,3455873.0,STOCK_E_RISKY
2019-10-01,6.45,6.81,6.43,6.62,2652276.0,STOCK_E_RISKY
2019-10-02,6.6,6.76,6.39,6.44,4507921.0,STOCK_E_RISKY
2019-10-03,6.41,6.46,6.28,6.43,4650306.0,STOCK_E_RISKY
2019-10-04,6.15,6.21,5.92,6.17,3020737.0,STOCK_E_RISKY
2019-10-07,6.26,6.37,6.25,6.34,2491857.0,STOCK_E_RISKY
2019-10-08,6.57,6.67,6.34,6.39,4163671.0,STOCK_E_RISKY
2019-10-09,6.9,6.94,6.64,6.83,4849025.0,STOCK_E_RISKY
2019-10-10,6.51,6.61,6.27,6.44,2919957.0,STOCK_E_RISKY
2019-10-11,7.06,7.19,6.82,6.93,317127.0,STOCK_E_RISKY
2019-10-14,7.39,7.63,7.27,7.41,613254.0,STOCK_E_RISKY
2019-10-15,7.62,7.65,7.28,7.38,4713562.0,STOCK_E_RISKY
2019-10-16,7.65,8.02,7.6,7.81,2789872.0,STOCK_E_RISKY
2019-10-17,7.52,7.8,7.24,7.62,902047.0,STOCK_E_RISKY
2019-10-18,7.17,7.46,7.12,7.24,1668580.0,STOCK_E_RISKY
2019-10-21,7.66,7.77,7.34,7.36,629708.0,STOCK_E_RISKY
2019-10-22,7.46,7.78,7.42,7.56,1671415.0,STOCK_E_RISKY
2019-10-23,7.65,7.92,7.56,7.74,2900735.0,STOCK_E_RISKY
2019-10-24,8.17,8.21,7.89,7.92,3805361.0,STOCK_E_RISKY
2019-10-25,7.28,7.68,7.16,7.17,4469022.0,STOCK_E_RISKY
2019-10-28,6.98,7.14,6.84,6.93,1317229.0,STOCK_E_RISKY
2019-10-29,6.29,6.57,6.29,6.44,4038956.0,STOCK_E_RISKY
2019-10-30,6.13,6.3,6.03,6.2,4224650.0,STOCK_E_RISKY
2019-10-31,6.17,6.29,5.9,6.16,623755.0,STOCK_E_RISKY
2019-11-01,6.19,6.19,5.99,6.05,2159478.0,STOCK_E_RISKY
2019-11-04,6.97,7.17,6.77,6.89,2834042.0,STOCK_E_RISKY
2019-11-05,6.91,7.24,6.85,7.06,658061.0,STOCK_E_RISKY
2019-11-06,7.12,7.33,7.0,7.03,1172884.0,STOCK_E_RISKY
2019-11-07,6.6,6.81,6.39,6.42,1185276.0,STOCK_E_RISKY
2019-11-08,6.38,6.58,6.31,6.31,974657.0,STOCK_E_RISKY
2019-11-11,6.22,6.45,6.01,6.4,2167264.0,STOCK_E_RISKY
2019-11-12,6.25,6.36,5.95,6.04,1714947.0,STOCK_E_RISKY
2019-11-13,6.14,6.24,6.0,6.05,2911520.0,STOCK_E_RISKY
2019-11-14,6.06,6.09,5.85,6.05,1200375.0,STOCK_E_RISKY
2019-11-15,5.97,6.06,5.81,5.92,1298674.0,STOCK_E_RISKY
2019-11-18,6.03,6.18,5.81,5.85,4901019.0,STOCK_E_RISKY
2019-11-19,5.76,5.96,5.61,5.88,3133986.0,STOCK_E_RISKY
2019-11-20,6.07,6.19,5.96,6.02,2927743.0,STOCK_E_RISKY
2019-11-21,5.87,6.04,5.72,5.9,3161773.0,STOCK_E_RISKY
2019-11-22,5.49,5.74,5.26,5.41,4658004.0,STOCK_E_RISKY
2019-11-25,5.74,5.74,5.39,5.69,3559989.0,STOCK_E_RISKY
2019-11-26,6.01,6.05,5.9,6.0,4224777.0,STOCK_E_RISKY
2019-11-27,5.94,6.23,5.89,6.05,4846638.0,STOCK_E_RISKY
2019-11-28,6.62,6.71,6.16,6.4,3609926.0,STOCK_E_RISKY
2019-11-29,5.98,6.17,5.91,6.1,2280817.0,STOCK_E_RISKY
2019-12-02,5.86,6.0,5.76,5.92,3809551.0,STOCK_E_RISKY
2019-12-03,6.48,6.59,6.28,6.34,2177907.0,STOCK_E_RISKY
2019-12-04,6.46,6.54,6.39,6.43,1755444.0,STOCK_E_RISKY
2019-12-05,6.54,6.66,6.3,6.39,3634451.0,STOCK_E_RISKY
2019-12-06,7.04,7.05,6.93,7.03,2383915.0,STOCK_E_RISKY
2019-12-09,7.56,7.7,7.36,7.43,3452020.0,STOCK_E_RISKY
2019-12-10,7.16,7.27,6.96,7.08,2327979.0,STOCK_E_RISKY
2019-12-11,6.88,7.17,6.79,7.02,3267360.0,STOCK_E_RISKY
2019-12-12,6.7,6.93,6.62,6.82,3688204.0,STOCK_E_RISKY
2019-12-13,6.51,6.75,6.24,6.35,432141.0,STOCK_E_RISKY
2019-12-16,6.5,6.62,6.23,6.28,4849428.0,STOCK_E_RISKY
2019-12-17,5.91,5.92,5.73,5.85,1870128.0,STOCK_E_RISKY
2019-12-18,5.87,5.91,5.73,5.87,1401674.0,STOCK_E_RISKY
2019-12-19,5.89,5.93,5.8,5.81,408464.0,STOCK_E_RISKY
2019-12-20,5.97,6.0,5.76,5.95,1743492.0,STOCK_E_RISKY
2019-12-23,5.66,5.79,5.59,5.6,3919036.0,STOCK_E_RISKY
2019-12-24,5.27,5.52,5.03,5.4,2712139.0,STOCK_E_RISKY
2019-12-25,5.23,5.53,5.09,5.2,1290466.0,STOCK_E_RISKY
2019-12-26,4.61,4.73,4.53,4.54,1938441.0,STOCK_E_RISKY
2019-12-27,4.57,4.71,4.47,4.56,3479212.0,STOCK_E_RISKY
2019-12-30,4.41,4.44,4.3,4.39,2850821.0,STOCK_E_RISKY
2019-12-31,4.69,4.82,4.64,4.77,4377632.0,STOCK_E_RISKY
2020-01-01,4.89,4.96,4.84,4.9,1410849.0,STOCK_E_RISKY
2020-01-02,4.84,5.01,4.74,4.82,4296054.0,STOCK_E_RISKY
2020-01-03,4.57,4.58,4.47,4.53,873657.0,STOCK_E_RISKY
2020-01-06,4.46,4.46,4.31,4.38,4499086.0,STOCK_E_RISKY
2020-01-07,4.48,4.54,4.38,4.4,437428.0,STOCK_E_RISKY
2020-01-08,4.63,4.74,4.58,4.69,4511392.0,STOCK_E_RISKY
2020-01-09,4.65,4.74,4.42,4.49,4647557.0,STOCK_E_RISKY
2020-01-10,4.43,4.45,4.17,4.33,2798884.0,STOCK_E_RISKY
2020-01-13,4.4,4.52,4.3,4.45,778342.0,STOCK_E_RISKY
2020-01-14,4.6,4.78,4.48,4.73,3337130.0,STOCK_E_RISKY
2020-01-15,4.34,4.44,4.29,4.4,2644818.0,STOCK_E_RISKY
2020-01-16,4.67,4.68,4.6,4.65,3278822.0,STOCK_E_RISKY
2020-01-17,4.52,4.72,4.43,4.54,3725251.0,STOCK_E_RISKY
2020-01-20,4.44,4.53,4.41,4.49,4491773.0,STOCK_E_RISKY
2020-01-21,5.05,5.1,4.96,4.98,3516710.0,STOCK_E_RISKY
2020-01-22,4.82,4.93,4.71,4.76,1276516.0,STOCK_E_RISKY
2020-01-23,4.61,4.85,4.47,4.68,2252326.0,STOCK_E_RISKY
2020-01-24,4.52,4.67,4.5,4.61,4878434.0,STOCK_E_RISKY
2020-01-27,4.19,4.25,4.15,4.22,4983033.0,STOCK_E_RISKY
2020-01-28,4.2,4.29,4.12,4.13,4261612.0,STOCK_E_RISKY
2020-01-29,4.17,4.27,4.03,4.23,1942182.0,STOCK_E_RISKY
2020-01-30,4.0,4.09,3.93,3.98,4758574.0,STOCK_E_RISKY
2020-01-31,4.11,4.27,4.02,4.04,846402.0,STOCK_E_RISKY
2020-02-03,3.9,3.93,3.79,3.9,4819757.0,STOCK_E_RISKY
2020-02-04,3.62,3.74,3.56,3.73,1011868.0,STOCK_E_RISKY
2020-02-05,3.8,3.85,3.6,3.82,3739686.0,STOCK_E_RISKY
2020-02-06,3.57,3.61,3.55,3.59,4280822.0,STOCK_E_RISKY
2020-02-07,3.53,3.61,3.52,3.56,4504722.0,STOCK_E_RISKY
2020-02-10,3.73,3.8,3.61,3.75,2366728.0,STOCK_E_RISKY
2020-02-11,3.29,3.38,3.12,3.31,2650405.0,STOCK_E_RISKY
2020-02-12,3.39,3.44,3.3,3.42,205481.0,STOCK_E_RISKY
2020-02-13,3.33,3.43,3.31,3.36,2689105.0,STOCK_E_RISKY
2020-02-14,3.18,3.23,3.0,3.08,2023544.0,STOCK_E_RISKY
2020-02-17,3.13,3.19,3.11,3.15,2330382.0,STOCK_E_RISKY
2020-02-18,3.16,3.21,3.04,3.16,4242592.0,STOCK_E_RISKY
2020-02-19,3.34,3.39,3.22,3.32,747606.0,STOCK_E_RISKY
2020-02-20,2.99,3.06,2.86,3.05,3711900.0,STOCK_E_RISKY
2020-02-21,2.92,2.94,2.78,2.84,2705146.0,STOCK_E_RISKY
2020-02-24,2.8,2.83,2.75,2.82,2389475.0,STOCK_E_RISKY
2020-02-25,2.81,2.93,2.75,2.79,3819168.0,STOCK_E_RISKY
2020-02-26,2.92,2.97,2.74,2.85,1713766.0,STOCK_E_RISKY
2020-02-27,2.51,2.57,2.46,2.54,2435893.0,STOCK_E_RISKY
2020-02-28,2.6,2.71,2.55,2.65,2610958.0,STOCK_E_RISKY
2020-03-02,2.66,2.7,2.62,2.64,2861664.0,STOCK_E_RISKY
2020-03-03,2.6,2.65,2.59,2.62,1919110.0,STOCK_E_RISKY
2020-03-04,2.78,2.89,2.66,2.7,3957731.0,STOCK_E_RISKY
2020-03-05,2.76,2.79,2.6,2.68,874180.0,STOCK_E_RISKY
2020-03-06,3.1,3.16,2.86,2.99,1816376.0,STOCK_E_RISKY
2020-03-09,3.0,3.07,2.79,2.94,613347.0,STOCK_E_RISKY
2020-03-10,3.02,3.02,2.95,2.97,3487226.0,STOCK_E_RISKY
2020-03-11,2.97,3.03,2.92,2.98,3970799.0,STOCK_E_RISKY
2020-03-12,2.83,2.86,2.76,2.82,1739482.0,STOCK_E_RISKY
2020-03-13,3.03,3.05,2.97,3.01,3602010.0,STOCK_E_RISKY
2020-03-16,3.01,3.05,2.91,2.97,4252391.0,STOCK_E_RISKY
2020-03-17,2.82,2.85,2.69,2.77,3622601.0,STOCK_E_RISKY
2020-03-18,2.56,2.58,2.49,2.54,3235206.0,STOCK_E_RISKY
2020-03-19,2.73,2.79,2.59,2.67,2480995.0,STOCK_E_RISKY
2020-03-20,2.94,2.96,2.8,2.9,4759843.0,STOCK_E_RISKY
2020-03-23,2.99,3.11,2.98,3.0,1346135.0,STOCK_E_RISKY
2020-03-24,3.05,3.13,2.97,3.1,3139559.0,STOCK_E_RISKY
2020-03-25,3.06,3.21,3.0,3.06,2979460.0,STOCK_E_RISKY
2020-03-26,2.94,2.96,2.74,2.88,1222672.0,STOCK_E_RISKY
2020-03-27,3.0,3.01,2.9,2.97,4380164.0,STOCK_E_RISKY
2020-03-30,3.07,3.15,2.97,3.12,2557180.0,STOCK_E_RISKY
2020-03-31,3.19,3.22,3.08,3.13,3184535.0,STOCK_E_RISKY
2020-04-01,3.29,3.36,3.08,3.21,2902520.0,STOCK_E_RISKY
2020-04-02,2.84,2.94,2.81,2.9,1495855.0,STOCK_E_RISKY
2020-04-03,2.81,2.98,2.75,2.83,1088387.0,STOCK_E_RISKY
2020-04-06,2.91,2.91,2.82,2.85,695232.0,STOCK_E_RISKY
2020-04-07,2.99,3.09,2.96,3.02,11597623.0,STOCK_E_RISKY
2020-04-08,2.84,2.93,2.68,2.86,2885334.0,STOCK_E_RISKY
2020-04-09,3.06,3.16,2.95,3.05,4008068.0,STOCK_E_RISKY
2020-04-10,2.93,3.05,2.92,2.98,908564.0,STOCK_E_RISKY
2020-04-13,3.08,3.23,3.06,3.2,236999.0,STOCK_E_RISKY
2020-04-14,3.03,3.17,2.89,3.09,2904169.0,STOCK_E_RISKY
2020-04-15,3.22,3.24,3.15,3.16,1215805.0,STOCK_E_RISKY
2020-04-16,3.12,3.24,3.04,3.09,3489669.0,STOCK_E_RISKY
2020-04-17,3.47,3.63,3.43,3.52,3819738.0,STOCK_E_RISKY
2020-04-20,3.22,3.29,3.18,3.28,138081.0,STOCK_E_RISKY
2020-04-21,3.04,3.16,2.87,2.95,1797588.0,STOCK_E_RISKY
2020-04-22,2.96,2.97,2.86,2.93,1351371.0,STOCK_E_RISKY
2020-04-23,2.99,2.99,2.93,2.98,1356976.0,STOCK_E_RISKY
2020-04-24,2.86,2.91,2.78,2.82,3475728.0,STOCK_E_RISKY
2020-04-27,2.8,2.95,2.76,2.89,1048813.0,STOCK_E_RISKY
2020-04-28,2.94,2.98,2.94,2.95,354218.0,STOCK_E_RISKY
2020-04-29,2.94,3.01,2.85,2.99,3490263.0,STOCK_E_RISKY
2020-04-30,2.86,2.9,2.83,2.85,4445411.0,STOCK_E_RISKY
2020-05-01,2.81,2.92,2.75,2.85,2370829.0,STOCK_E_RISKY
2020-05-04,2.95,2.98,2.87,2.88,3452227.0,STOCK_E_RISKY
2020-05-05,2.86,2.95,2.79,2.87,3458252.0,STOCK_E_RISKY
2020-05-06,2.64,2.78,2.63,2.67,3385751.0,STOCK_E_RISKY
2020-05-07,2.7,3.01,2.67,2.83,1694928.0,STOCK_E_RISKY
2020-05-08,2.67,2.8,2.59,2.76,1301472.0,STOCK_E_RISKY
2020-05-11,2.98,2.99,2.82,2.96,2071688.0,STOCK_E_RISKY
2020-05-12,3.43,3.44,3.33,3.41,301603.0,STOCK_E_RISKY
2020-05-13,3.13,3.17,3.12,3.14,2441211.0,STOCK_E_RISKY
2020-05-14,2.86,2.92,2.83,2.9,1800699.0,STOCK_E_RISKY
2020-05-15,2.75,2.76,2.72,2.75,2322647.0,STOCK_E_RISKY
2020-05-18,2.84,2.88,2.77,2.85,338469.0,STOCK_E_RISKY
2020-05-19,2.78,2.88,2.75,2.86,1660830.0,STOCK_E_RISKY
2020-05-20,2.72,2.82,2.71,2.75,2929088.0,STOCK_E_RISKY
2020-05-21,2.8,2.93,2.78,2.84,251502.0,STOCK_E_RISKY
2020-05-22,3.27,3.37,3.16,3.28,1374679.0,STOCK_E_RISKY
2020-05-25,3.3,3.4,3.25,3.37,4614398.0,STOCK_E_RISKY
2020-05-26,3.55,3.56,3.52,3.54,4863556.0,STOCK_E_RISKY
2020-05-27,3.2,3.27,3.17,3.26,1554008.0,STOCK_E_RISKY
2020-05-28,2.88,2.91,2.85,2.87,3635398.0,STOCK_E_RISKY
2020-05-29,3.0,3.01,2.96,2.99,3297900.0,STOCK_E_RISKY
2020-06-01,2.92,2.97,2.91,2.96,3689184.0,STOCK_E_RISKY
2020-06-02,3.32,3.37,3.27,3.27,1292800.0,STOCK_E_RISKY
2020-06-03,3.29,3.38,3.16,3.31,3313059.0,STOCK_E_RISKY
2020-06-04,3.09,3.16,2.99,3.01,2135533.0,STOCK_E_RISKY
2020-06-05,2.94,2.97,2.91,2.95,3653419.0,STOCK_E_RISKY
2020-06-08,2.55,2.59,2.45,2.54,1671158.0,STOCK_E_RISKY
2020-06-09,2.51,2.6,2.5,2.52,3179547.0,STOCK_E_RISKY
2020-06-10,2.54,2.56,2.53,2.54,2575410.0,STOCK_E_RISKY
2020-06-11,2.45,2.51,2.44,2.49,399857.0,STOCK_E_RISKY
2020-06-12,2.66,2.7,2.59,2.65,4830539.0,STOCK_E_RISKY
2020-06-15,2.65,2.77,2.61,2.65,4175417.0,STOCK_E_RISKY
2020-06-16,2.49,2.53,2.43,2.52,3190380.0,STOCK_E_RISKY
2020-06-17,2.71,2.82,2.65,2.68,373304.0,STOCK_E_RISKY
2020-06-18,2.68,2.77,2.61,2.71,677705.0,STOCK_E_RISKY
2020-06-19,2.7,2.81,2.6,2.71,639358.0,STOCK_E_RISKY
2020-06-22,2.46,2.47,2.37,2.42,14612456.0,STOCK_E_RISKY
2020-06-23,2.56,2.58,2.43,2.52,730299.0,STOCK_E_RISKY
2020-06-24,2.49,2.56,2.45,2.55,2634000.0,STOCK_E_RISKY
2020-06-25,2.45,2.45,2.35,2.37,4706401.0,STOCK_E_RISKY
2020-06-26,2.51,2.61,2.42,2.5,199876.0,STOCK_E_RISKY
2020-06-29,2.45,2.55,2.32,2.48,3611903.0,STOCK_E_RISKY
2020-06-30,2.65,2.67,2.53,2.64,2078443.0,STOCK_E_RISKY
2020-07-01,2.58,2.67,2.58,2.64,2696450.0,STOCK_E_RISKY
2020-07-02,2.68,2.76,2.67,2.74,3794517.0,STOCK_E_RISKY
2020-07-03,2.57,2.59,2.43,2.56,3841961.0,STOCK_E_RISKY
2020-07-06,2.3,2.33,2.22,2.31,4275826.0,STOCK_E_RISKY
2020-07-07,2.54,2.55,2.36,2.47,2091914.0,STOCK_E_RISKY
2020-07-08,2.27,2.28,2.22,2.24,622750.0,STOCK_E_RISKY
2020-07-09,2.29,2.34,2.29,2.3,4652068.0,STOCK_E_RISKY
2020-07-10,2.3,2.33,2.21,2.26,2551716.0,STOCK_E_RISKY
2020-07-13,2.37,2.47,2.37,2.4,2333161.0,STOCK_E_RISKY
2020-07-14,2.44,2.46,2.4,2.44,2677157.0,STOCK_E_RISKY
2020-07-15,2.45,2.57,2.37,2.53,1796517.0,STOCK_E_RISKY
2020-07-16,2.6,2.82,2.55,2.68,416080.0,STOCK_E_RISKY
2020-07-17,2.57,2.64,2.54,2.61,436962.0,STOCK_E_RISKY
2020-07-20,2.61,2.74,2.6,2.69,4884566.0,STOCK_E_RISKY
2020-07-21,2.97,3.03,2.83,2.86,3545898.0,STOCK_E_RISKY
2020-07-22,2.68,2.74,2.62,2.64,2787347.0,STOCK_E_RISKY
2020-07-23,2.37,2.56,2.29,2.48,394458.0,STOCK_E_RISKY
2020-07-24,2.6,2.64,2.54,2.59,4782026.0,STOCK_E_RISKY
2020-07-27,2.84,2.85,2.72,2.82,4485411.0,STOCK_E_RISKY
2020-07-28,2.62,2.67,2.58,2.62,4767374.0,STOCK_E_RISKY
2020-07-29,2.57,2.6,2.49,2.54,4477084.0,STOCK_E_RISKY
2020-07-30,2.35,2.39,2.31,2.36,2035889.0,STOCK_E_RISKY
2020-07-31,2.2,2.25,2.09,2.1,2286193.0,STOCK_E_RISKY
2020-08-03,1.99,2.09,1.99,2.02,4171856.0,STOCK_E_RISKY
2020-08-04,2.03,2.05,1.96,2.01,2369455.0,STOCK_E_RISKY
2020-08-05,1.92,2.0,1.84,1.93,2888833.0,STOCK_E_RISKY
2020-08-06,2.06,2.1,2.03,2.07,2007811.0,STOCK_E_RISKY
2020-08-07,1.95,1.98,1.93,1.94,1144900.0,STOCK_E_RISKY
2020-08-10,1.98,2.04,1.94,1.99,2019290.0,STOCK_E_RISKY
2020-08-11,1.97,1.99,1.91,1.96,3892843.0,STOCK_E_RISKY
2020-08-12,2.01,2.02,1.94,1.99,158071.0,STOCK_E_RISKY
2020-08-13,2.1,2.13,2.07,2.08,3102738.0,STOCK_E_RISKY
2020-08-14,1.97,2.08,1.95,2.04,3260195.0,STOCK_E_RISKY
2020-08-17,2.07,2.17,2.05,2.11,4508120.0,STOCK_E_RISKY
2020-08-18,2.31,2.36,2.28,2.29,1851997.0,STOCK_E_RISKY
2020-08-19,2.32,2.42,2.28,2.39,3298907.0,STOCK_E_RISKY
2020-08-20,2.37,2.41,2.34,2.35,3817196.0,STOCK_E_RISKY
2020-08-21,2.25,2.28,2.18,2.24,4494969.0,STOCK_E_RISKY
2020-08-24,2.21,2.27,2.14,2.19,1040987.0,STOCK_E_RISKY
2020-08-25,2.36,2.36,2.3,2.36,572499.0,STOCK_E_RISKY
2020-08-26,2.37,2.42,2.35,2.38,4206256.0,STOCK_E_RISKY
2020-08-27,2.39,2.48,2.35,2.35,4178962.0,STOCK_E_RISKY
2020-08-28,2.35,2.43,2.31,2.39,746200.0,STOCK_E_RISKY
2020-08-31,2.46,2.46,2.41,2.45,4892079.0,STOCK_E_RISKY
2020-09-01,2.21,2.34,2.17,2.27,1762929.0,STOCK_E_RISKY
2020-09-02,2.43,2.48,2.32,2.42,1412959.0,STOCK_E_RISKY
2020-09-03,2.61,2.65,2.58,2.61,4967920.0,STOCK_E_RISKY
2020-09-04,2.55,2.64,2.52,2.57,18914653.0,STOCK_E_RISKY
2020-09-07,2.5,2.54,2.38,2.51,3192526.0,STOCK_E_RISKY
2020-09-08,2.49,2.61,2.47,2.6,4224959.0,STOCK_E_RISKY
2020-09-09,2.57,2.59,2.54,2.55,3149873.0,STOCK_E_RISKY
2020-09-10,2.68,2.72,2.58,2.65,3181695.0,STOCK_E_RISKY
2020-09-11,2.76,2.82,2.67,2.76,2688859.0,STOCK_E_RISKY
2020-09-14,2.74,2.8,2.74,2.77,4707215.0,STOCK_E_RISKY
2020-09-15,2.84,2.91,2.78,2.84,4883874.0,STOCK_E_RISKY
2020-09-16,3.12,3.12,3.07,3.08,4183299.0,STOCK_E_RISKY
2020-09-17,3.48,3.48,3.34,3.44,1602162.0,STOCK_E_RISKY
2020-09-18,3.53,3.68,3.42,3.61,1834443.0,STOCK_E_RISKY
2020-09-21,2.96,3.16,2.9,3.12,4296127.0,STOCK_E_RISKY
2020-09-22,3.3,3.33,3.09,3.22,424895.0,STOCK_E_RISKY
2020-09-23,2.9,3.02,2.81,2.93,963784.0,STOCK_E_RISKY
2020-09-24,3.08,3.14,2.93,3.03,332668.0,STOCK_E_RISKY
2020-09-25,3.19,3.24,3.14,3.21,3800872.0,STOCK_E_RISKY
2020-09-28,3.49,3.54,3.48,3.54,4733192.0,STOCK_E_RISKY
2020-09-29,3.75,3.81,3.65,3.71,4222769.0,STOCK_E_RISKY
2020-09-30,3.52,3.57,3.51,3.56,799527.0,STOCK_E_RISKY
2020-10-01,3.68,3.69,3.57,3.65,2966558.0,STOCK_E_RISKY
2020-10-02,3.51,3.55,3.46,3.54,792316.0,STOCK_E_RISKY
2020-10-05,3.28,3.42,3.12,3.34,1402564.0,STOCK_E_RISKY
2020-10-06,3.24,3.24,3.08,3.18,4361626.0,STOCK_E_RISKY
2020-10-07,3.05,3.18,2.95,3.06,234472.0,STOCK_E_RISKY
2020-10-08,3.17,3.19,3.11,3.19,5528200.0,STOCK_E_RISKY
2020-10-09,3.17,3.19,3.05,3.16,1255911.0,STOCK_E_RISKY
2020-10-12,2.99,3.04,2.95,3.02,586200.0,STOCK_E_RISKY
2020-10-13,2.96,3.03,2.94,3.0,3509690.0,STOCK_E_RISKY
2020-10-14,3.05,3.1,2.99,3.08,4483920.0,STOCK_E_RISKY
2020-10-15,2.97,3.09,2.85,2.86,902146.0,STOCK_E_RISKY
2020-10-16,2.68,2.72,2.59,2.66,732635.0,STOCK_E_RISKY
2020-10-19,2.37,2.44,2.27,2.4,4529583.0,STOCK_E_RISKY
2020-10-20,2.34,2.38,2.27,2.33,680549.0,STOCK_E_RISKY
2020-10-21,2.24,2.4,2.23,2.28,4917979.0,STOCK_E_RISKY
2020-10-22,2.19,2.24,2.13,2.22,3923188.0,STOCK_E_RISKY
2020-10-23,2.26,2.36,2.22,2.34,1127073.0,STOCK_E_RISKY
2020-10-26,2.05,2.12,2.03,2.11,4584563.0,STOCK_E_RISKY
2020-10-27,1.84,1.95,1.77,1.92,2477792.0,STOCK_E_RISKY
2020-10-28,2.06,2.11,1.99,2.09,119738.0,STOCK_E_RISKY
2020-10-29,2.11,2.12,2.04,2.11,3647570.0,STOCK_E_RISKY
2020-10-30,2.09,2.14,2.07,2.09,1433850.0,STOCK_E_RISKY
2020-11-02,2.24,2.27,2.21,2.23,3141846.0,STOCK_E_RISKY
2020-11-03,2.15,2.23,2.05,2.09,1196984.0,STOCK_E_RISKY
2020-11-04,2.05,2.12,2.01,2.03,3786253.0,STOCK_E_RISKY
2020-11-05,2.08,2.14,1.94,2.04,925009.0,STOCK_E_RISKY
2020-11-06,2.26,2.28,2.19,2.23,653466.0,STOCK_E_RISKY
2020-11-09,2.07,2.11,2.02,2.09,2972098.0,STOCK_E_RISKY
2020-11-10,2.3,2.32,2.21,2.24,2914707.0,STOCK_E_RISKY
2020-11-11,2.1,2.19,2.07,2.09,3978849.0,STOCK_E_RISKY
2020-11-12,2.18,2.21,2.08,2.17,1393064.0,STOCK_E_RISKY
2020-11-13,2.36,2.53,2.34,2.39,4540376.0,STOCK_E_RISKY
2020-11-16,2.43,2.48,2.32,2.4,1014530.0,STOCK_E_RISKY
2020-11-17,2.4,2.46,2.31,2.32,1546727.0,STOCK_E_RISKY
2020-11-18,2.51,2.59,2.35,2.43,2482266.0,STOCK_E_RISKY
2020-11-19,2.49,2.54,2.4,2.54,3020504.0,STOCK_E_RISKY
2020-11-20,2.49,2.6,2.49,2.59,806741.0,STOCK_E_RISKY
2020-11-23,2.56,2.66,2.54,2.6,1546177.0,STOCK_E_RISKY
2020-11-24,2.56,2.62,2.49,2.53,2996434.0,STOCK_E_RISKY
2020-11-25,2.63,2.71,2.6,2.66,4139205.0,STOCK_E_RISKY
2020-11-26,2.74,2.82,2.59,2.78,2737697.0,STOCK_E_RISKY
2020-11-27,2.92,2.96,2.86,2.89,1589874.0,STOCK_E_RISKY
2020-11-30,3.02,3.15,2.9,3.1,3856392.0,STOCK_E_RISKY
2020-12-01,3.21,3.4,3.15,3.31,2381253.0,STOCK_E_RISKY
2020-12-02,3.34,3.46,3.28,3.31,1746909.0,STOCK_E_RISKY
2020-12-03,3.21,3.3,3.18,3.28,1928173.0,STOCK_E_RISKY
2020-12-04,3.29,3.36,3.27,3.35,3414916.0,STOCK_E_RISKY
2020-12-07,3.56,3.68,3.42,3.52,4953347.0,STOCK_E_RISKY
2020-12-08,3.46,3.51,3.33,3.47,2760537.0,STOCK_E_RISKY
2020-12-09,3.47,3.61,3.45,3.59,2687638.0,STOCK_E_RISKY
2020-12-10,3.46,3.62,3.36,3.43,2512154.0,STOCK_E_RISKY
2020-12-11,3.61,3.76,3.56,3.64,1765165.0,STOCK_E_RISKY
2020-12-14,3.62,3.67,3.45,3.58,988705.0,STOCK_E_RISKY
2020-12-15,3.47,3.51,3.34,3.38,3565874.0,STOCK_E_RISKY
2020-12-16,3.29,3.42,3.22,3.32,1040380.0,STOCK_E_RISKY
2020-12-17,3.45,3.6,3.39,3.57,296223.0,STOCK_E_RISKY
2020-12-18,3.31,3.43,3.28,3.38,578994.0,STOCK_E_RISKY
2020-12-21,3.27,3.32,3.12,3.21,4536016.0,STOCK_E_RISKY
2020-12-22,3.31,3.45,3.22,3.26,4118450.0,STOCK_E_RISKY
2020-12-23,3.25,3.32,3.1,3.26,2666190.0,STOCK_E_RISKY
2020-12-24,2.95,3.07,2.91,3.03,618656.0,STOCK_E_RISKY
2020-12-25,3.07,3.08,2.92,3.02,2140176.0,STOCK_E_RISKY
2020-12-28,3.02,3.15,3.02,3.05,1552056.0,STOCK_E_RISKY
2020-12-29,2.87,2.91,2.85,2.88,2978329.0,STOCK_E_RISKY
2020-12-30,2.97,3.02,2.89,2.94,835715.0,STOCK_E_RISKY
2020-12-31,3.29,3.4,3.28,3.35,1418367.0,STOCK_E_RISKY
2021-01-01,3.72,3.87,3.7,3.8,2889902.0,STOCK_E_RISKY
2021-01-04,3.51,3.62,3.34,3.57,1634448.0,STOCK_E_RISKY
2021-01-05,3.66,3.71,3.48,3.62,2825615.0,STOCK_E_RISKY
2021-01-06,3.28,3.3,3.17,3.26,3475494.0,STOCK_E_RISKY
2021-01-07,3.0,3.05,2.99,2.99,1977812.0,STOCK_E_RISKY
2021-01-08,2.94,3.07,2.91,3.0,4156199.0,STOCK_E_RISKY
2021-01-11,2.99,3.07,2.89,2.97,3764266.0,STOCK_E_RISKY
2021-01-12,3.15,3.17,3.04,3.14,1489641.0,STOCK_E_RISKY
2021-01-13,3.34,3.52,3.3,3.45,3483983.0,STOCK_E_RISKY
2021-01-14,3.74,3.89,3.63,3.75,3981845.0,STOCK_E_RISKY
2021-01-15,3.77,3.89,3.73,3.73,2485052.0,STOCK_E_RISKY
2021-01-18,3.76,3.82,3.7,3.79,3581892.0,STOCK_E_RISKY
2021-01-19,3.83,4.03,3.75,3.93,4450856.0,STOCK_E_RISKY
2021-01-20,4.03,4.13,3.86,4.11,2699172.0,STOCK_E_RISKY
2021-01-21,4.15,4.22,3.99,4.06,1480903.0,STOCK_E_RISKY
2021-01-22,4.11,4.19,4.05,4.15,4567413.0,STOCK_E_RISKY
2021-01-25,4.47,4.49,4.43,4.44,11790465.0,STOCK_E_RISKY
2021-01-26,4.72,4.92,4.71,4.79,983525.0,STOCK_E_RISKY
2021-01-27,4.36,4.41,4.25,4.32,527089.0,STOCK_E_RISKY
2021-01-28,3.9,3.96,3.82,3.86,2761252.0,STOCK_E_RISKY
2021-01-29,3.89,4.06,3.86,3.9,830716.0,STOCK_E_RISKY
2021-02-01,3.74,3.83,3.65,3.72,2757074.0,STOCK_E_RISKY
2021-02-02,3.67,3.84,3.67,3.72,1657849.0,STOCK_E_RISKY
2021-02-03,3.58,3.61,3.48,3.57,2340810.0,STOCK_E_RISKY
2021-02-04,3.45,3.53,3.43,3.48,4933704.0,STOCK_E_RISKY
2021-02-05,3.2,3.23,3.18,3.19,2557448.0,STOCK_E_RISKY
2021-02-08,3.32,3.45,3.27,3.43,1395921.0,STOCK_E_RISKY
2021-02-09,3.79,3.86,3.58,3.68,2590153.0,STOCK_E_RISKY
2021-02-10,3.67,3.85,3.65,3.77,447270.0,STOCK_E_RISKY
2021-02-11,3.8,3.93,3.72,3.81,919089.0,STOCK_E_RISKY
2021-02-12,3.59,3.74,3.53,3.58,800376.0,STOCK_E_RISKY
2021-02-15,3.64,3.71,3.63,3.68,1929060.0,STOCK_E_RISKY
2021-02-16,3.68,3.7,3.47,3.6,3210087.0,STOCK_E_RISKY
2021-02-17,3.56,3.63,3.39,3.55,1075097.0,STOCK_E_RISKY
2021-02-18,3.32,3.37,3.31,3.31,628763.0,STOCK_E_RISKY
2021-02-19,3.34,3.34,3.2,3.28,1631100.0,STOCK_E_RISKY
2021-02-22,3.41,3.47,3.23,3.45,1940985.0,STOCK_E_RISKY
2021-02-23,3.66,3.72,3.49,3.57,1370887.0,STOCK_E_RISKY
2021-02-24,3.79,3.89,3.7,3.87,1792994.0,STOCK_E_RISKY
2021-02-25,3.9,3.99,3.74,3.87,2839701.0,STOCK_E_RISKY
2021-02-26,4.09,4.17,4.03,4.09,4964075.0,STOCK_E_RISKY
2021-03-01,4.18,4.25,4.16,4.17,4170886.0,STOCK_E_RISKY
2021-03-02,4.35,4.52,4.3,4.36,2381915.0,STOCK_E_RISKY
2021-03-03,4.25,4.31,4.14,4.25,2170254.0,STOCK_E_RISKY
2021-03-04,4.78,4.89,4.48,4.6,1369651.0,STOCK_E_RISKY
2021-03-05,4.8,5.04,4.62,4.87,3555303.0,STOCK_E_RISKY
2021-03-08,5.03,5.22,4.9,5.06,4650994.0,STOCK_E_RISKY
2021-03-09,5.57,5.61,5.34,5.53,4228042.0,STOCK_E_RISKY
2021-03-10,5.67,5.77,5.57,5.58,409461.0,STOCK_E_RISKY
2021-03-11,6.1,6.15,5.87,6.0,1372108.0,STOCK_E_RISKY
2021-03-12,6.03,6.41,5.97,6.29,2043740.0,STOCK_E_RISKY
2021-03-15,6.15,6.41,5.95,5.97,583095.0,STOCK_E_RISKY
2021-03-16,5.73,5.88,5.58,5.85,1811868.0,STOCK_E_RISKY
2021-03-17,6.08,6.15,5.78,5.89,2211719.0,STOCK_E_RISKY
2021-03-18,6.3,6.52,6.21,6.45,2845472.0,STOCK_E_RISKY
2021-03-19,6.69,6.86,6.49,6.59,441483.0,STOCK_E_RISKY
2021-03-22,6.78,6.92,6.59,6.68,898640.0,STOCK_E_RISKY
2021-03-23,7.52,7.76,6.74,7.14,1279868.0,STOCK_E_RISKY
2021-03-24,7.25,7.41,7.18,7.35,4976539.0,STOCK_E_RISKY
2021-03-25,7.96,8.07,7.76,7.96,3227187.0,STOCK_E_RISKY
2021-03-26,8.3,8.88,7.98,8.44,3160318.0,STOCK_E_RISKY
2021-03-29,8.79,9.02,8.7,8.92,1828986.0,STOCK_E_RISKY
2021-03-30,8.94,8.94,8.74,8.9,2392871.0,STOCK_E_RISKY
2021-03-31,8.17,8.39,8.15,8.32,155822.0,STOCK_E_RISKY
2021-04-01,8.38,8.41,8.15,8.34,330179.0,STOCK_E_RISKY
2021-04-02,8.36,8.55,8.29,8.37,2966227.0,STOCK_E_RISKY
2021-04-05,8.8,9.09,8.61,8.68,2430138.0,STOCK_E_RISKY
2021-04-06,9.23,9.38,8.88,9.36,1106774.0,STOCK_E_RISKY
2021-04-07,9.18,9.9,9.03,9.56,895908.0,STOCK_E_RISKY
2021-04-08,9.99,10.11,9.44,9.79,3507310.0,STOCK_E_RISKY
2021-04-09,10.88,11.02,10.31,10.74,1212391.0,STOCK_E_RISKY
2021-04-12,10.67,11.28,10.42,10.86,4562520.0,STOCK_E_RISKY
2021-04-13,10.42,10.87,10.0,10.5,4047142.0,STOCK_E_RISKY
2021-04-14,11.51,11.87,11.02,11.02,1706479.0,STOCK_E_RISKY
2021-04-15,10.7,10.71,10.6,10.62,3814274.0,STOCK_E_RISKY
2021-04-16,10.78,11.06,10.36,10.84,3368598.0,STOCK_E_RISKY
2021-04-19,10.32,10.71,10.25,10.5,3593684.0,STOCK_E_RISKY
2021-04-20,10.9,11.31,10.69,11.28,1005019.0,STOCK_E_RISKY
2021-04-21,11.86,12.3,11.58,11.93,4264580.0,STOCK_E_RISKY
2021-04-22,12.02,12.06,11.64,11.78,1642638.0,STOCK_E_RISKY
2021-04-23,11.28,11.48,10.94,11.37,2026561.0,STOCK_E_RISKY
2021-04-26,10.51,10.95,10.32,10.65,832105.0,STOCK_E_RISKY
2021-04-27,10.3,10.42,10.03,10.11,1887428.0,STOCK_E_RISKY
2021-04-28,10.12,10.65,10.06,10.19,4897543.0,STOCK_E_RISKY
2021-04-29,9.46,9.63,9.37,9.54,381107.0,STOCK_E_RISKY
2021-04-30,9.17,9.45,9.08,9.16,883466.0,STOCK_E_RISKY
2021-05-03,8.62,8.75,8.23,8.58,2328025.0,STOCK_E_RISKY
2021-05-04,8.96,9.03,8.75,8.98,1622741.0,STOCK_E_RISKY
2021-05-05,8.42,8.66,8.26,8.3,2871889.0,STOCK_E_RISKY
2021-05-06,9.51,9.51,9.27,9.51,751785.0,STOCK_E_RISKY
2021-05-07,9.55,9.56,9.42,9.46,3874317.0,STOCK_E_RISKY
2021-05-10,8.52,8.58,8.51,8.52,3543931.0,STOCK_E_RISKY
2021-05-11,8.51,8.6,8.45,8.56,1141426.0,STOCK_E_RISKY
2021-05-12,8.36,8.4,8.09,8.33,3121399.0,STOCK_E_RISKY
2021-05-13,7.54,7.62,7.51,7.57,890167.0,STOCK_E_RISKY
2021-05-14,7.09,7.24,6.67,7.0,3107426.0,STOCK_E_RISKY
2021-05-17,8.13,8.23,7.61,7.84,1362033.0,STOCK_E_RISKY
2021-05-18,7.5,7.66,7.44,7.48,4202136.0,STOCK_E_RISKY
2021-05-19,7.38,7.47,7.12,7.26,2724693.0,STOCK_E_RISKY
2021-05-20,7.57,7.82,7.39,7.5,1871285.0,STOCK_E_RISKY
2021-05-21,6.9,7.22,6.81,6.94,4595645.0,STOCK_E_RISKY
2021-05-24,6.78,7.11,6.45,7.01,4199561.0,STOCK_E_RISKY
2021-05-25,6.73,6.77,6.59,6.66,1354046.0,STOCK_E_RISKY
2021-05-26,6.55,6.65,6.13,6.5,2247757.0,STOCK_E_RISKY
2021-05-27,5.94,6.22,5.9,5.99,1532366.0,STOCK_E_RISKY
2021-05-28,5.97,6.16,5.94,6.12,3232360.0,STOCK_E_RISKY
2021-05-31,6.2,6.62,6.19,6.25,2444837.0,STOCK_E_RISKY
2021-06-01,6.32,6.5,6.1,6.43,1558048.0,STOCK_E_RISKY
2021-06-02,6.08,6.32,6.03,6.23,1121956.0,STOCK_E_RISKY
2021-06-03,6.33,6.34,6.07,6.24,1444414.0,STOCK_E_RISKY
2021-06-04,6.31,6.51,6.19,6.43,2495037.0,STOCK_E_RISKY
2021-06-07,6.2,6.31,6.04,6.14,3765000.0,STOCK_E_RISKY
2021-06-08,6.05,6.09,5.72,5.97,4665851.0,STOCK_E_RISKY
2021-06-09,5.89,6.01,5.79,5.88,2360197.0,STOCK_E_RISKY
2021-06-10,6.64,6.93,6.6,6.74,3015197.0,STOCK_E_RISKY
2021-06-11,7.0,7.01,6.72,6.94,1439478.0,STOCK_E_RISKY
2021-06-14,6.08,6.09,6.07,6.08,294232.0,STOCK_E_RISKY
2021-06-15,5.7,5.82,5.66,5.69,1701450.0,STOCK_E_RISKY
2021-06-16,5.45,5.52,5.38,5.39,1971136.0,STOCK_E_RISKY
2021-06-17,5.46,5.74,5.45,5.6,1624504.0,STOCK_E_RISKY
2021-06-18,6.03,6.09,5.84,5.93,4943161.0,STOCK_E_RISKY
2021-06-21,5.76,5.8,5.59,5.69,2417044.0,STOCK_E_RISKY
2021-06-22,5.91,6.1,5.7,5.72,254149.0,STOCK_E_RISKY
2021-06-23,5.68,5.75,5.49,5.72,727632.0,STOCK_E_RISKY
2021-06-24,6.09,6.5,5.85,6.21,2530570.0,STOCK_E_RISKY
2021-06-25,6.56,6.92,6.45,6.69,2247212.0,STOCK_E_RISKY
2021-06-28,6.6,6.63,6.54,6.57,3600736.0,STOCK_E_RISKY
2021-06-29,6.82,6.82,6.54,6.75,116197.0,STOCK_E_RISKY
2021-06-30,6.71,6.94,6.64,6.78,11376707.0,STOCK_E_RISKY
2021-07-01,7.22,7.44,7.08,7.28,891804.0,STOCK_E_RISKY
2021-07-02,6.97,7.43,6.79,7.18,12383973.0,STOCK_E_RISKY
2021-07-05,7.06,7.31,6.73,6.93,2435193.0,STOCK_E_RISKY
2021-07-06,6.67,6.74,6.5,6.66,4728254.0,STOCK_E_RISKY
2021-07-07,6.15,6.22,6.1,6.15,616637.0,STOCK_E_RISKY
2021-07-08,6.18,6.4,6.07,6.21,2274610.0,STOCK_E_RISKY
2021-07-09,5.78,5.88,5.7,5.83,1385528.0,STOCK_E_RISKY
2021-07-12,5.78,5.81,5.61,5.73,3149509.0,STOCK_E_RISKY
2021-07-13,6.23,6.34,6.03,6.05,116482.0,STOCK_E_RISKY
2021-07-14,6.03,6.12,5.59,5.89,971622.0,STOCK_E_RISKY
2021-07-15,5.94,5.99,5.68,5.78,3722739.0,STOCK_E_RISKY
2021-07-16,5.66,5.9,5.61,5.78,1772065.0,STOCK_E_RISKY
2021-07-19,5.47,5.69,5.41,5.54,2887861.0,STOCK_E_RISKY
2021-07-20,6.18,6.2,5.88,5.94,2282001.0,STOCK_E_RISKY
2021-07-21,5.62,5.71,5.43,5.54,2963948.0,STOCK_E_RISKY
2021-07-22,6.24,6.41,6.09,6.17,188523.0,STOCK_E_RISKY
2021-07-23,6.41,6.46,6.25,6.27,975663.0,STOCK_E_RISKY
2021-07-26,6.16,6.25,6.12,6.24,4341773.0,STOCK_E_RISKY
2021-07-27,6.91,7.2,6.7,6.94,533108.0,STOCK_E_RISKY
2021-07-28,7.03,7.08,6.71,6.87,3358939.0,STOCK_E_RISKY
2021-07-29,6.55,6.66,6.54,6.57,2707514.0,STOCK_E_RISKY
2021-07-30,6.71,7.13,6.43,6.83,4295559.0,STOCK_E_RISKY
2021-08-02,7.52,7.71,7.32,7.45,793860.0,STOCK_E_RISKY
2021-08-03,7.59,8.03,7.42,7.67,1869185.0,STOCK_E_RISKY
2021-08-04,8.11,8.48,7.99,8.17,3420043.0,STOCK_E_RISKY
2021-08-05,8.85,8.96,8.45,8.59,4670623.0,STOCK_E_RISKY
2021-08-06,8.08,8.18,7.84,8.17,494317.0,STOCK_E_RISKY
2021-08-09,8.25,8.71,7.99,8.51,3286903.0,STOCK_E_RISKY
2021-08-10,8.51,8.68,8.05,8.12,2730164.0,STOCK_E_RISKY
2021-08-11,7.47,7.8,7.19,7.66,2023687.0,STOCK_E_RISKY
2021-08-12,7.91,8.15,7.77,7.95,2733862.0,STOCK_E_RISKY
2021-08-13,8.37,8.81,7.98,8.46,4636964.0,STOCK_E_RISKY
2021-08-16,8.36,8.49,8.33,8.37,4016728.0,STOCK_E_RISKY
2021-08-17,9.3,9.38,8.7,9.05,1568620.0,STOCK_E_RISKY
2021-08-18,9.58,9.87,9.21,9.4,2302873.0,STOCK_E_RISKY
2021-08-19,9.87,9.96,9.44,9.89,3358106.0,STOCK_E_RISKY
2021-08-20,9.15,9.61,9.06,9.47,1270747.0,STOCK_E_RISKY
2021-08-23,9.87,10.21,9.63,9.66,2066621.0,STOCK_E_RISKY
2021-08-24,9.59,9.88,9.52,9.83,2255192.0,STOCK_E_RISKY
2021-08-25,9.65,9.68,9.14,9.56,404334.0,STOCK_E_RISKY
2021-08-26,9.1,9.12,8.9,9.06,581113.0,STOCK_E_RISKY
2021-08-27,8.53,8.71,8.13,8.37,844106.0,STOCK_E_RISKY
2021-08-30,8.53,8.73,8.14,8.3,4959904.0,STOCK_E_RISKY
2021-08-31,8.74,9.07,8.59,8.6,1699124.0,STOCK_E_RISKY
2021-09-01,9.28,9.57,9.14,9.4,2014257.0,STOCK_E_RISKY
2021-09-02,9.49,10.05,9.47,9.69,777472.0,STOCK_E_RISKY
2021-09-03,10.01,10.3,9.8,10.25,4061645.0,STOCK_E_RISKY
2021-09-06,10.9,11.49,10.81,11.14,1289067.0,STOCK_E_RISKY
2021-09-07,12.01,12.17,11.44,11.83,3125958.0,STOCK_E_RISKY
2021-09-08,11.5,11.94,11.45,11.69,2535640.0,STOCK_E_RISKY
2021-09-09,11.96,12.21,11.92,11.99,610095.0,STOCK_E_RISKY
2021-09-10,11.64,11.88,11.2,11.6,2953823.0,STOCK_E_RISKY
2021-09-13,10.83,11.28,10.55,11.12,3308536.0,STOCK_E_RISKY
2021-09-14,9.57,9.71,9.41,9.71,1169834.0,STOCK_E_RISKY
2021-09-15,9.92,10.05,9.67,9.78,2920577.0,STOCK_E_RISKY
2021-09-16,10.09,10.37,9.76,10.01,2497886.0,STOCK_E_RISKY
2021-09-17,10.11,10.88,9.94,10.38,4507290.0,STOCK_E_RISKY
2021-09-20,10.53,10.78,10.45,10.72,4863240.0,STOCK_E_RISKY
2021-09-21,10.18,10.35,9.95,10.02,4214851.0,STOCK_E_RISKY
2021-09-22,9.59,9.94,9.38,9.81,4412938.0,STOCK_E_RISKY
2021-09-23,9.62,9.83,9.35,9.82,1369822.0,STOCK_E_RISKY
2021-09-24,9.86,10.18,9.59,10.02,2058871.0,STOCK_E_RISKY
2021-09-27,9.94,9.95,9.8,9.94,121601.0,STOCK_E_RISKY
2021-09-28,9.79,9.99,9.37,9.67,962843.0,STOCK_E_RISKY
2021-09-29,9.81,9.89,9.73,9.76,6658423.0,STOCK_E_RISKY
2021-09-30,9.59,9.93,9.43,9.79,1491835.0,STOCK_E_RISKY
2021-10-01,9.73,9.74,9.32,9.5,1327383.0,STOCK_E_RISKY
2021-10-04,9.92,10.23,9.89,10.03,2160949.0,STOCK_E_RISKY
2021-10-05,9.8,9.97,9.76,9.82,865088.0,STOCK_E_RISKY
2021-10-06,9.41,9.57,9.26,9.4,548489.0,STOCK_E_RISKY
2021-10-07,9.95,10.31,9.95,9.98,2094088.0,STOCK_E_RISKY
2021-10-08,9.22,9.5,8.95,9.21,2346551.0,STOCK_E_RISKY
2021-10-11,9.64,10.03,9.42,9.66,1345125.0,STOCK_E_RISKY
2021-10-12,10.08,10.46,9.67,9.8,244103.0,STOCK_E_RISKY
2021-10-13,9.17,9.38,9.09,9.19,385601.0,STOCK_E_RISKY
2021-10-14,9.2,9.23,8.83,9.14,4860662.0,STOCK_E_RISKY
2021-10-15,9.34,9.66,9.29,9.55,4432443.0,STOCK_E_RISKY
2021-10-18,8.83,9.08,8.76,8.91,4504024.0,STOCK_E_RISKY
2021-10-19,8.47,8.72,8.27,8.4,1148755.0,STOCK_E_RISKY
2021-10-20,8.19,8.54,8.0,8.2,4659268.0,STOCK_E_RISKY
2021-10-21,7.87,8.18,7.75,7.98,1807044.0,STOCK_E_RISKY
2021-10-22,7.97,8.03,7.88,7.99,4149582.0,STOCK_E_RISKY
2021-10-25,8.11,8.49,7.99,8.33,496851.0,STOCK_E_RISKY
2021-10-26,8.59,8.68,8.4,8.5,4265070.0,STOCK_E_RISKY
2021-10-27,8.43,8.47,8.08,8.37,2607436.0,STOCK_E_RISKY
2021-10-28,8.17,8.4,8.0,8.4,169234.0,STOCK_E_RISKY
2021-10-29,7.74,7.94,7.46,7.9,3244397.0,STOCK_E_RISKY
2021-11-01,7.86,8.39,7.49,7.58,1652757.0,STOCK_E_RISKY
2021-11-02,7.97,8.0,7.86,7.97,338016.0,STOCK_E_RISKY
2021-11-03,7.65,7.85,7.54,7.74,641691.0,STOCK_E_RISKY
2021-11-04,7.45,7.59,7.37,7.52,678868.0,STOCK_E_RISKY
2021-11-05,7.93,8.07,7.37,7.79,3770344.0,STOCK_E_RISKY
2021-11-08,8.37,8.48,8.03,8.43,2285879.0,STOCK_E_RISKY
2021-11-09,8.39,8.5,8.18,8.21,863242.0,STOCK_E_RISKY
2021-11-10,7.89,8.1,7.79,7.88,4507669.0,STOCK_E_RISKY
2021-11-11,8.2,8.5,8.19,8.29,1492319.0,STOCK_E_RISKY
2021-11-12,8.49,8.64,8.34,8.46,629390.0,STOCK_E_RISKY
2021-11-15,8.07,8.12,7.9,7.93,4540675.0,STOCK_E_RISKY
2021-11-16,8.14,8.34,8.03,8.14,3688206.0,STOCK_E_RISKY
2021-11-17,8.58,8.75,8.28,8.65,1561614.0,STOCK_E_RISKY
2021-11-18,8.24,8.3,7.98,8.04,336170.0,STOCK_E_RISKY
2021-11-19,7.7,8.01,7.56,7.74,1295797.0,STOCK_E_RISKY
2021-11-22,7.15,7.44,6.92,7.26,1912981.0,STOCK_E_RISKY
2021-11-23,7.89,8.0,7.75,7.85,256278.0,STOCK_E_RISKY
2021-11-24,8.46,8.59,8.37,8.54,4897593.0,STOCK_E_RISKY
2021-11-25,7.98,8.23,7.86,8.03,839652.0,STOCK_E_RISKY
2021-11-26,7.39,7.57,7.35,7.41,12672190.0,STOCK_E_RISKY
2021-11-29,6.99,7.26,6.81,7.14,4680697.0,STOCK_E_RISKY
2021-11-30,7.34,7.39,7.15,7.17,1900350.0,STOCK_E_RISKY
2021-12-01,7.15,7.28,7.1,7.25,904276.0,STOCK_E_RISKY
2021-12-02,7.53,7.64,7.11,7.22,4151231.0,STOCK_E_RISKY
2021-12-03,7.69,7.74,7.54,7.65,4131579.0,STOCK_E_RISKY
2021-12-06,7.34,7.43,7.33,7.39,1971000.0,STOCK_E_RISKY
2021-12-07,7.91,8.15,7.87,7.87,590221.0,STOCK_E_RISKY
2021-12-08,7.49,7.73,7.21,7.6,1138000.0,STOCK_E_RISKY
2021-12-09,7.65,7.82,7.61,7.76,2231881.0,STOCK_E_RISKY
2021-12-10,8.05,8.41,8.03,8.14,3991840.0,STOCK_E_RISKY
2021-12-13,8.03,8.25,7.97,8.07,197867.0,STOCK_E_RISKY
2021-12-14,9.29,9.43,9.04,9.05,2067611.0,STOCK_E_RISKY
2021-12-15,9.05,9.08,8.93,8.97,1617024.0,STOCK_E_RISKY
2021-12-16,8.96,9.16,8.78,9.14,625562.0,STOCK_E_RISKY
2021-12-17,9.57,9.66,9.14,9.31,398261.0,STOCK_E_RISKY
2021-12-20,9.2,9.29,8.89,9.12,3486414.0,STOCK_E_RISKY
2021-12-21,8.92,8.97,8.84,8.94,4564609.0,STOCK_E_RISKY
2021-12-22,8.78,8.92,8.49,8.56,362143.0,STOCK_E_RISKY
2021-12-23,9.52,9.77,9.05,9.42,1566906.0,STOCK_E_RISKY
2021-12-24,9.31,9.51,9.04,9.24,4959586.0,STOCK_E_RISKY
2021-12-27,9.1,9.28,8.93,8.95,3181967.0,STOCK_E_RISKY
2021-12-28,9.0,9.29,8.74,9.12,3887015.0,STOCK_E_RISKY
2021-12-29,9.38,9.53,8.97,9.28,2025220.0,STOCK_E_RISKY
2021-12-30,9.46,9.75,9.13,9.59,2723730.0,STOCK_E_RISKY
2021-12-31,10.3,10.57,10.16,10.46,1519408.0,STOCK_E_RISKY
2022-01-03,10.46,10.98,10.31,10.63,2069504.0,STOCK_E_RISKY
2022-01-04,9.95,10.35,9.77,10.12,3124266.0,STOCK_E_RISKY
2022-01-05,10.35,10.54,10.26,10.32,3961420.0,STOCK_E_RISKY
2022-01-06,9.99,10.22,9.69,10.15,987179.0,STOCK_E_RISKY
2022-01-07,9.66,9.81,9.29,9.7,4380659.0,STOCK_E_RISKY
2022-01-10,8.85,9.23,8.47,9.02,1860261.0,STOCK_E_RISKY
2022-01-11,9.27,9.6,8.99,9.3,168110.0,STOCK_E_RISKY
2022-01-12,9.76,10.14,9.71,9.89,2788049.0,STOCK_E_RISKY
2022-01-13,10.47,10.51,10.29,10.45,4636573.0,STOCK_E_RISKY
2022-01-14,11.13,11.18,10.58,10.85,2175561.0,STOCK_E_RISKY
2022-01-17,10.75,11.13,10.43,10.81,708495.0,STOCK_E_RISKY
2022-01-18,10.26,10.41,9.8,10.3,4715744.0,STOCK_E_RISKY
2022-01-19,9.9,10.03,9.79,9.98,4115823.0,STOCK_E_RISKY
2022-01-20,10.77,10.8,10.36,10.67,4014595.0,STOCK_E_RISKY
2022-01-21,10.78,11.64,10.68,10.98,485956.0,STOCK_E_RISKY
2022-01-24,10.4,10.51,10.36,10.51,4907671.0,STOCK_E_RISKY
2022-01-25,11.48,11.78,11.3,11.65,2273782.0,STOCK_E_RISKY
2022-01-26,11.94,12.72,11.52,11.79,391235.0,STOCK_E_RISKY
2022-01-27,12.19,12.97,11.82,12.4,2662644.0,STOCK_E_RISKY
2022-01-28,11.65,12.22,10.98,11.49,2153557.0,STOCK_E_RISKY
2022-01-31,11.11,11.23,10.34,10.87,2098799.0,STOCK_E_RISKY
2022-02-01,11.43,11.6,11.16,11.33,4958878.0,STOCK_E_RISKY
2022-02-02,10.96,10.98,10.44,10.86,1318771.0,STOCK_E_RISKY
2022-02-03,10.29,10.34,10.14,10.27,4686453.0,STOCK_E_RISKY
2022-02-04,9.62,10.11,9.46,9.53,524744.0,STOCK_E_RISKY
2022-02-07,9.15,9.39,9.03,9.13,327436.0,STOCK_E_RISKY
2022-02-08,9.74,10.03,9.37,9.41,692551.0,STOCK_E_RISKY
2022-02-09,9.42,10.01,9.07,9.65,4745623.0,STOCK_E_RISKY
2022-02-10,9.74,10.29,9.59,9.76,4012078.0,STOCK_E_RISKY
2022-02-11,9.53,9.77,9.4,9.49,959315.0,STOCK_E_RISKY
2022-02-14,8.77,9.28,8.74,8.85,213643.0,STOCK_E_RISKY
2022-02-15,9.57,10.03,9.28,9.32,895671.0,STOCK_E_RISKY
2022-02-16,8.93,9.48,8.53,9.11,3210506.0,STOCK_E_RISKY
2022-02-17,9.05,9.32,9.02,9.18,335144.0,STOCK_E_RISKY
2022-02-18,9.31,9.7,9.19,9.41,230745.0,STOCK_E_RISKY
2022-02-21,8.55,9.0,8.49,8.69,3334915.0,STOCK_E_RISKY
2022-02-22,8.38,8.52,8.06,8.28,2894071.0,STOCK_E_RISKY
2022-02-23,8.36,8.9,8.34,8.42,3047831.0,STOCK_E_RISKY
2022-02-24,8.13,8.23,7.97,8.06,900702.0,STOCK_E_RISKY
2022-02-25,7.91,7.95,7.81,7.82,376226.0,STOCK_E_RISKY
2022-02-28,7.99,8.01,7.63,7.79,4199189.0,STOCK_E_RISKY
2022-03-01,7.44,7.6,7.28,7.47,753690.0,STOCK_E_RISKY
2022-03-02,7.72,7.86,7.45,7.52,2461715.0,STOCK_E_RISKY
2022-03-03,7.65,7.97,7.34,7.78,4181586.0,STOCK_E_RISKY
2022-03-04,8.15,8.37,7.87,7.96,4955737.0,STOCK_E_RISKY
2022-03-07,7.81,7.83,7.63,7.71,15002121.0,STOCK_E_RISKY
2022-03-08,7.63,7.66,7.55,7.57,4316914.0,STOCK_E_RISKY
2022-03-09,7.18,7.44,7.12,7.24,1874511.0,STOCK_E_RISKY
2022-03-10,7.26,7.34,6.82,7.25,457017.0,STOCK_E_RISKY
2022-03-11,7.13,7.29,6.83,7.07,2255930.0,STOCK_E_RISKY
2022-03-14,7.05,7.06,6.85,7.04,1882668.0,STOCK_E_RISKY
2022-03-15,7.78,7.94,7.26,7.63,1313031.0,STOCK_E_RISKY
2022-03-16,7.43,7.51,7.32,7.41,796197.0,STOCK_E_RISKY
2022-03-17,7.03,7.17,6.98,6.98,3719435.0,STOCK_E_RISKY
2022-03-18,7.07,7.18,7.0,7.04,4581350.0,STOCK_E_RISKY
2022-03-21,7.06,7.2,6.86,7.08,2559998.0,STOCK_E_RISKY
2022-03-22,7.4,7.43,7.2,7.36,442152.0,STOCK_E_RISKY
2022-03-23,7.19,7.56,7.09,7.35,3451665.0,STOCK_E_RISKY
2022-03-24,7.19,7.31,7.02,7.26,4671807.0,STOCK_E_RISKY
2022-03-25,7.18,7.36,6.92,7.22,1960988.0,STOCK_E_RISKY
2022-03-28,7.7,8.04,7.45,7.75,3272355.0,STOCK_E_RISKY
2022-03-29,7.91,8.05,7.66,7.76,4362384.0,STOCK_E_RISKY
2022-03-30,7.91,8.39,7.82,8.1,564927.0,STOCK_E_RISKY
2022-03-31,7.88,8.04,7.8,7.8,2137842.0,STOCK_E_RISKY
2022-04-01,8.1,8.33,7.98,8.26,2500041.0,STOCK_E_RISKY
2022-04-04,8.37,8.46,7.87,8.18,666960.0,STOCK_E_RISKY
2022-04-05,8.38,8.4,7.93,8.28,1739242.0,STOCK_E_RISKY
2022-04-06,8.45,8.48,8.31,8.36,4785015.0,STOCK_E_RISKY
2022-04-07,8.07,8.39,7.99,8.02,1038184.0,STOCK_E_RISKY
2022-04-08,7.94,8.04,7.58,7.96,1892383.0,STOCK_E_RISKY
2022-04-11,8.18,8.19,8.11,8.12,16085875.0,STOCK_E_RISKY
2022-04-12,8.41,8.5,8.11,8.3,4162525.0,STOCK_E_RISKY
2022-04-13,8.12,8.18,7.98,8.04,1836153.0,STOCK_E_RISKY
2022-04-14,8.18,8.24,7.94,8.13,4647979.0,STOCK_E_RISKY
2022-04-15,8.52,8.68,8.36,8.68,4027197.0,STOCK_E_RISKY
2022-04-18,8.19,8.3,7.96,7.99,4920863.0,STOCK_E_RISKY
2022-04-19,7.9,7.92,7.58,7.79,4005830.0,STOCK_E_RISKY
2022-04-20,7.62,7.87,7.5,7.7,4799457.0,STOCK_E_RISKY
2022-04-21,7.24,7.34,7.16,7.17,1358875.0,STOCK_E_RISKY
2022-04-22,6.87,7.12,6.8,6.91,3946751.0,STOCK_E_RISKY
2022-04-25,6.8,6.8,6.68,6.75,3396878.0,STOCK_E_RISKY
2022-04-26,6.73,6.93,6.54,6.89,4978611.0,STOCK_E_RISKY
2022-04-27,6.53,6.68,6.45,6.6,600214.0,STOCK_E_RISKY
2022-04-28,6.41,6.8,6.36,6.53,4231770.0,STOCK_E_RISKY
2022-04-29,6.06,6.11,5.77,5.9,3549521.0,STOCK_E_RISKY
2022-05-02,5.45,5.59,5.22,5.47,2340957.0,STOCK_E_RISKY
2022-05-03,5.06,5.21,4.86,5.2,1514809.0,STOCK_E_RISKY
2022-05-04,5.09,5.13,4.92,4.98,1161196.0,STOCK_E_RISKY
2022-05-05,4.79,4.89,4.59,4.73,3510829.0,STOCK_E_RISKY
2022-05-06,4.76,4.86,4.75,4.81,3829487.0,STOCK_E_RISKY
2022-05-09,4.49,4.65,4.19,4.42,253936.0,STOCK_E_RISKY
2022-05-10,4.59,4.67,4.59,4.64,1290698.0,STOCK_E_RISKY
2022-05-11,4.58,4.78,4.55,4.66,2448575.0,STOCK_E_RISKY
2022-05-12,4.31,4.44,4.25,4.27,2222559.0,STOCK_E_RISKY
2022-05-13,4.71,4.79,4.6,4.63,2155283.0,STOCK_E_RISKY
2022-05-16,4.44,4.52,4.41,4.5,715377.0,STOCK_E_RISKY
2022-05-17,4.39,4.55,4.18,4.46,1172916.0,STOCK_E_RISKY
2022-05-18,4.46,4.56,4.26,4.34,4079752.0,STOCK_E_RISKY
2022-05-19,4.65,4.72,4.55,4.62,1587796.0,STOCK_E_RISKY
2022-05-20,4.83,4.98,4.7,4.85,1394432.0,STOCK_E_RISKY
2022-05-23,4.73,4.92,4.73,4.77,4322420.0,STOCK_E_RISKY
2022-05-24,4.91,4.99,4.83,4.85,969944.0,STOCK_E_RISKY
2022-05-25,5.07,5.12,4.88,4.99,4031055.0,STOCK_E_RISKY
2022-05-26,5.04,5.07,4.88,5.0,4681971.0,STOCK_E_RISKY
2022-05-27,4.99,5.01,4.94,4.97,2248866.0,STOCK_E_RISKY
2022-05-30,4.99,4.99,4.9,4.97,580156.0,STOCK_E_RISKY
2022-05-31,4.84,5.11,4.78,4.96,3121180.0,STOCK_E_RISKY
2022-06-01,4.61,4.75,4.51,4.64,2098552.0,STOCK_E_RISKY
2022-06-02,4.59,4.74,4.41,4.6,4795164.0,STOCK_E_RISKY
2022-06-03,4.22,4.41,4.11,4.16,1373477.0,STOCK_E_RISKY
2022-06-06,4.41,4.44,4.27,4.29,4645233.0,STOCK_E_RISKY
2022-06-07,4.24,4.27,4.19,4.23,1211802.0,STOCK_E_RISKY
2022-06-08,4.14,4.42,4.08,4.29,4853339.0,STOCK_E_RISKY
2022-06-09,4.15,4.29,4.12,4.13,1309917.0,STOCK_E_RISKY
2022-06-10,3.85,3.92,3.78,3.78,774168.0,STOCK_E_RISKY
2022-06-13,4.01,4.07,3.93,4.0,1018413.0,STOCK_E_RISKY
2022-06-14,3.88,3.89,3.8,3.81,438523.0,STOCK_E_RISKY
2022-06-15,4.22,4.24,4.13,4.21,279398.0,STOCK_E_RISKY
2022-06-16,4.47,4.63,4.37,4.59,4203615.0,STOCK_E_RISKY
2022-06-17,5.22,5.25,4.98,5.14,1562680.0,STOCK_E_RISKY
2022-06-20,4.84,4.99,4.77,4.87,2170163.0,STOCK_E_RISKY
2022-06-21,4.98,5.0,4.79,4.96,3935616.0,STOCK_E_RISKY
2022-06-22,4.97,5.08,4.92,4.99,301430.0,STOCK_E_RISKY
2022-06-23,5.13,5.29,5.07,5.12,1528077.0,STOCK_E_RISKY
2022-06-24,5.47,5.55,5.27,5.38,739457.0,STOCK_E_RISKY
2022-06-27,5.79,6.12,5.51,5.87,3271265.0,STOCK_E_RISKY
2022-06-28,5.83,5.87,5.62,5.78,17704327.0,STOCK_E_RISKY
2022-06-29,5.34,5.4,5.13,5.27,1056977.0,STOCK_E_RISKY
2022-06-30,4.82,5.01,4.6,4.88,2994696.0,STOCK_E_RISKY
2022-07-01,4.68,4.78,4.5,4.59,3345226.0,STOCK_E_RISKY
2022-07-04,4.72,4.79,4.69,4.71,787062.0,STOCK_E_RISKY
2022-07-05,4.85,5.04,4.78,4.82,1396339.0,STOCK_E_RISKY
2022-07-06,5.33,5.33,5.12,5.2,1070052.0,STOCK_E_RISKY
2022-07-07,4.9,5.06,4.9,5.02,2345886.0,STOCK_E_RISKY
2022-07-08,4.96,4.97,4.83,4.96,3078413.0,STOCK_E_RISKY
2022-07-11,5.18,5.43,5.14,5.25,2572158.0,STOCK_E_RISKY
2022-07-12,5.46,5.6,5.23,5.3,4948791.0,STOCK_E_RISKY
2022-07-13,5.64,5.7,5.5,5.57,341463.0,STOCK_E_RISKY
2022-07-14,6.07,6.08,5.78,5.97,1721008.0,STOCK_E_RISKY
2022-07-15,5.55,5.57,5.34,5.51,243295.0,STOCK_E_RISKY
2022-07-18,5.79,6.0,5.57,5.79,1553582.0,STOCK_E_RISKY
2022-07-19,5.84,6.03,5.78,5.82,1904346.0,STOCK_E_RISKY
2022-07-20,5.72,5.79,5.4,5.52,4443456.0,STOCK_E_RISKY
2022-07-21,5.01,5.2,4.98,5.09,1542409.0,STOCK_E_RISKY
2022-07-22,4.97,4.99,4.89,4.91,8199716.0,STOCK_E_RISKY
2022-07-25,4.76,4.95,4.67,4.81,2336383.0,STOCK_E_RISKY
2022-07-26,4.73,4.87,4.49,4.76,1038363.0,STOCK_E_RISKY
2022-07-27,5.05,5.06,4.8,4.94,1098565.0,STOCK_E_RISKY
2022-07-28,5.11,5.17,4.88,5.02,3152723.0,STOCK_E_RISKY
2022-07-29,5.14,5.22,5.12,5.15,1776388.0,STOCK_E_RISKY
2022-08-01,5.19,5.25,4.83,5.22,1763664.0,STOCK_E_RISKY
2022-08-02,5.09,5.39,4.99,5.13,7502636.0,STOCK_E_RISKY
2022-08-03,5.0,5.31,4.9,5.02,3886632.0,STOCK_E_RISKY
2022-08-04,4.77,4.83,4.62,4.77,1642499.0,STOCK_E_RISKY
2022-08-05,4.98,5.0,4.85,4.94,878303.0,STOCK_E_RISKY
2022-08-08,5.22,5.32,5.19,5.23,1498101.0,STOCK_E_RISKY
2022-08-09,5.13,5.14,5.05,5.07,18992212.0,STOCK_E_RISKY
2022-08-10,5.13,5.23,5.0,5.08,668320.0,STOCK_E_RISKY
2022-08-11,4.96,5.2,4.85,5.16,2017697.0,STOCK_E_RISKY
2022-08-12,4.59,4.69,4.37,4.62,4325528.0,STOCK_E_RISKY
2022-08-15,4.51,4.58,4.43,4.47,2218933.0,STOCK_E_RISKY
2022-08-16,3.67,3.7,3.55,3.69,136306.0,STOCK_E_RISKY
2022-08-17,3.76,3.79,3.71,3.74,1178123.0,STOCK_E_RISKY
2022-08-18,3.81,3.96,3.8,3.9,965520.0,STOCK_E_RISKY
2022-08-19,3.88,4.01,3.84,3.98,1431191.0,STOCK_E_RISKY
2022-08-22,3.86,4.03,3.84,3.92,1000652.0,STOCK_E_RISKY
2022-08-23,4.01,4.03,3.91,3.92,3679873.0,STOCK_E_RISKY
2022-08-24,3.92,3.97,3.89,3.96,2957654.0,STOCK_E_RISKY
2022-08-25,4.17,4.21,3.91,3.99,268277.0,STOCK_E_RISKY
2022-08-26,4.0,4.2,3.96,4.05,4215064.0,STOCK_E_RISKY
2022-08-29,3.93,3.99,3.85,3.9,4990374.0,STOCK_E_RISKY
2022-08-30,3.83,4.01,3.72,3.95,3435693.0,STOCK_E_RISKY
2022-08-31,3.96,3.97,3.88,3.9,3820563.0,STOCK_E_RISKY
2022-09-01,4.09,4.16,4.01,4.05,2574350.0,STOCK_E_RISKY
2022-09-02,4.16,4.2,4.07,4.1,3344320.0,STOCK_E_RISKY
2022-09-05,3.69,3.83,3.66,3.76,3247640.0,STOCK_E_RISKY
2022-09-06,4.03,4.05,3.88,4.03,1313511.0,STOCK_E_RISKY
2022-09-07,4.24,4.35,4.07,4.16,1909149.0,STOCK_E_RISKY
2022-09-08,3.87,3.91,3.81,3.91,2549351.0,STOCK_E_RISKY
2022-09-09,4.22,4.27,4.05,4.23,537774.0,STOCK_E_RISKY
2022-09-12,4.03,4.24,3.95,4.09,3916109.0,STOCK_E_RISKY
2022-09-13,3.84,3.96,3.84,3.9,131334.0,STOCK_E_RISKY
2022-09-14,3.79,3.85,3.74,3.83,1487066.0,STOCK_E_RISKY
2022-09-15,4.05,4.06,3.88,4.05,3721749.0,STOCK_E_RISKY
2022-09-16,4.13,4.26,4.0,4.1,4166552.0,STOCK_E_RISKY
2022-09-19,3.95,4.0,3.79,3.87,2467705.0,STOCK_E_RISKY
2022-09-20,3.92,4.0,3.84,3.95,1346912.0,STOCK_E_RISKY
2022-09-21,4.11,4.21,4.04,4.11,2333648.0,STOCK_E_RISKY
2022-09-22,3.97,4.06,3.88,3.9,4705151.0,STOCK_E_RISKY
2022-09-23,4.06,4.27,3.9,3.93,3053002.0,STOCK_E_RISKY
2022-09-26,3.72,3.97,3.62,3.79,1023849.0,STOCK_E_RISKY
2022-09-27,3.98,4.01,3.85,3.91,4510670.0,STOCK_E_RISKY
2022-09-28,3.82,3.86,3.63,3.77,217847.0,STOCK_E_RISKY
2022-09-29,3.19,3.38,3.17,3.24,4301943.0,STOCK_E_RISKY
2022-09-30,3.23,3.27,3.21,3.25,4601496.0,STOCK_E_RISKY
2022-10-03,3.1,3.14,2.97,3.13,1709361.0,STOCK_E_RISKY
2022-10-04,2.98,3.03,2.95,2.97,3490678.0,STOCK_E_RISKY
2022-10-05,3.02,3.05,2.96,3.01,14863154.0,STOCK_E_RISKY
2022-10-06,2.85,2.88,2.76,2.88,3176085.0,STOCK_E_RISKY
2022-10-07,3.19,3.26,3.02,3.09,2415985.0,STOCK_E_RISKY
2022-10-10,2.92,2.97,2.88,2.96,2805405.0,STOCK_E_RISKY
2022-10-11,3.1,3.15,2.96,3.08,1678459.0,STOCK_E_RISKY
2022-10-12,3.0,3.16,2.99,3.1,3398155.0,STOCK_E_RISKY
2022-10-13,3.22,3.3,3.22,3.25,4987090.0,STOCK_E_RISKY
2022-10-14,3.3,3.34,3.22,3.26,3677819.0,STOCK_E_RISKY
2022-10-17,3.06,3.09,2.91,3.03,3009665.0,STOCK_E_RISKY
2022-10-18,3.11,3.16,3.07,3.11,2664461.0,STOCK_E_RISKY
2022-10-19,3.27,3.4,3.16,3.2,4090714.0,STOCK_E_RISKY
2022-10-20,3.25,3.27,3.2,3.23,4978544.0,STOCK_E_RISKY
2022-10-21,3.3,3.37,3.23,3.32,2069058.0,STOCK_E_RISKY
2022-10-24,2.96,3.01,2.89,2.92,1108578.0,STOCK_E_RISKY
2022-10-25,2.76,2.78,2.71,2.75,1002587.0,STOCK_E_RISKY
2022-10-26,2.73,2.79,2.69,2.76,4178041.0,STOCK_E_RISKY
2022-10-27,2.91,2.98,2.9,2.92,2087536.0,STOCK_E_RISKY
2022-10-28,2.75,2.79,2.66,2.71,2537075.0,STOCK_E_RISKY
2022-10-31,2.45,2.58,2.33,2.36,1864871.0,STOCK_E_RISKY
2022-11-01,2.44,2.52,2.36,2.46,4540837.0,STOCK_E_RISKY
2022-11-02,2.82,2.82,2.75,2.77,3187847.0,STOCK_E_RISKY
2022-11-03,2.97,3.06,2.89,3.0,4740082.0,STOCK_E_RISKY
2022-11-04,2.8,2.9,2.64,2.8,3095932.0,STOCK_E_RISKY
2022-11-07,2.97,3.05,2.94,2.96,2058990.0,STOCK_E_RISKY
2022-11-08,2.9,3.02,2.84,2.86,948628.0,STOCK_E_RISKY
2022-11-09,3.0,3.11,2.97,3.05,4055470.0,STOCK_E_RISKY
2022-11-10,3.3,3.36,3.22,3.36,1241077.0,STOCK_E_RISKY
2022-11-11,3.8,3.96,3.69,3.72,4245384.0,STOCK_E_RISKY
2022-11-14,3.74,3.85,3.73,3.74,4373752.0,STOCK_E_RISKY
2022-11-15,3.75,3.86,3.69,3.73,2940898.0,STOCK_E_RISKY
2022-11-16,3.72,3.81,3.57,3.66,4846999.0,STOCK_E_RISKY
2022-11-17,3.6,3.65,3.57,3.63,4542093.0,STOCK_E_RISKY
2022-11-18,3.42,3.6,3.22,3.37,2440452.0,STOCK_E_RISKY
2022-11-21,3.42,3.55,3.36,3.41,1061465.0,STOCK_E_RISKY
2022-11-22,3.59,3.65,3.4,3.57,1729326.0,STOCK_E_RISKY
2022-11-23,3.37,3.44,3.33,3.4,3784381.0,STOCK_E_RISKY
2022-11-24,3.42,3.44,3.36,3.41,1020426.0,STOCK_E_RISKY
2022-11-25,3.68,3.8,3.56,3.56,4218443.0,STOCK_E_RISKY
2022-11-28,3.58,3.74,3.56,3.66,1820335.0,STOCK_E_RISKY
2022-11-29,3.9,4.03,3.87,3.92,2251787.0,STOCK_E_RISKY
2022-11-30,3.79,3.83,3.68,3.76,2401304.0,STOCK_E_RISKY
2022-12-01,3.38,3.54,3.31,3.5,2945758.0,STOCK_E_RISKY
2022-12-02,3.87,3.94,3.7,3.79,2996114.0,STOCK_E_RISKY
2022-12-05,3.51,3.59,3.47,3.59,3137280.0,STOCK_E_RISKY
2022-12-06,3.54,3.62,3.47,3.48,1018700.0,STOCK_E_RISKY
2022-12-07,3.57,3.8,3.5,3.68,4299494.0,STOCK_E_RISKY
2022-12-08,3.93,3.97,3.73,3.89,3225630.0,STOCK_E_RISKY
2022-12-09,4.12,4.21,4.06,4.19,3841792.0,STOCK_E_RISKY
2022-12-12,4.09,4.11,3.94,4.07,3259272.0,STOCK_E_RISKY
2022-12-13,4.38,4.47,4.2,4.24,3823945.0,STOCK_E_RISKY
2022-12-14,4.44,4.44,4.34,4.36,596179.0,STOCK_E_RISKY
2022-12-15,4.28,4.41,4.18,4.36,3615323.0,STOCK_E_RISKY
2022-12-16,4.76,4.8,4.49,4.59,1185735.0,STOCK_E_RISKY
2022-12-19,4.36,4.45,4.21,4.4,1924835.0,STOCK_E_RISKY
2022-12-20,4.41,4.59,4.41,4.45,2402015.0,STOCK_E_RISKY
2022-12-21,4.73,4.79,4.67,4.68,2550434.0,STOCK_E_RISKY
2022-12-22,4.52,4.74,4.48,4.58,3177669.0,STOCK_E_RISKY
2022-12-23,4.79,4.9,4.67,4.74,610122.0,STOCK_E_RISKY
2022-12-26,4.63,4.81,4.59,4.62,2804917.0,STOCK_E_RISKY
2022-12-27,4.36,4.46,4.28,4.42,4030964.0,STOCK_E_RISKY
2022-12-28,4.35,4.49,4.25,4.26,1917027.0,STOCK_E_RISKY
2022-12-29,4.02,4.07,3.93,4.02,3293360.0,STOCK_E_RISKY
2022-12-30,3.89,3.94,3.76,3.92,2070137.0,STOCK_E_RISKY
2023-01-02,3.76,3.79,3.45,3.6,1214797.0,STOCK_E_RISKY
2023-01-03,3.67,3.82,3.59,3.71,4573652.0,STOCK_E_RISKY
2023-01-04,4.01,4.01,3.91,3.94,128041.0,STOCK_E_RISKY
2023-01-05,4.12,4.23,4.08,4.12,4786004.0,STOCK_E_RISKY
2023-01-06,4.11,4.18,4.11,4.14,3022513.0,STOCK_E_RISKY
2023-01-09,3.96,4.1,3.83,3.99,4582749.0,STOCK_E_RISKY
2023-01-10,4.37,4.4,4.28,4.31,751099.0,STOCK_E_RISKY
2023-01-11,4.07,4.21,4.04,4.18,613632.0,STOCK_E_RISKY
2023-01-12,4.63,4.75,4.37,4.51,4211517.0,STOCK_E_RISKY
2023-01-13,4.37,4.52,4.33,4.38,3906253.0,STOCK_E_RISKY
2023-01-16,4.28,4.3,4.18,4.29,3174910.0,STOCK_E_RISKY
2023-01-17,4.32,4.35,4.19,4.21,3554178.0,STOCK_E_RISKY
2023-01-18,4.12,4.16,4.08,4.12,1467403.0,STOCK_E_RISKY
2023-01-19,3.89,3.94,3.86,3.9,4218135.0,STOCK_E_RISKY
2023-01-20,4.03,4.12,3.93,3.99,813887.0,STOCK_E_RISKY
2023-01-23,4.03,4.14,3.86,3.96,917347.0,STOCK_E_RISKY
2023-01-24,3.74,3.76,3.63,3.71,3666146.0,STOCK_E_RISKY
2023-01-25,3.59,3.62,3.43,3.51,1156658.0,STOCK_E_RISKY
2023-01-26,3.84,3.94,3.82,3.87,4798833.0,STOCK_E_RISKY
2023-01-27,4.17,4.28,4.12,4.19,925913.0,STOCK_E_RISKY
2023-01-30,4.7,4.84,4.67,4.68,4668589.0,STOCK_E_RISKY
2023-01-31,4.65,4.72,4.57,4.64,2941771.0,STOCK_E_RISKY
2023-02-01,4.83,4.9,4.6,4.68,4085223.0,STOCK_E_RISKY
2023-02-02,4.2,4.32,4.18,4.3,2787597.0,STOCK_E_RISKY
2023-02-03,3.95,4.0,3.85,3.94,3780389.0,STOCK_E_RISKY
2023-02-06,3.79,3.89,3.72,3.88,1384842.0,STOCK_E_RISKY
2023-02-07,4.04,4.17,3.96,4.12,3055984.0,STOCK_E_RISKY
2023-02-08,4.03,4.25,3.94,4.08,3042500.0,STOCK_E_RISKY
2023-02-09,3.97,4.13,3.84,4.09,719811.0,STOCK_E_RISKY
2023-02-10,4.17,4.31,4.16,4.19,2856103.0,STOCK_E_RISKY
2023-02-13,4.1,4.15,3.94,4.12,2378595.0,STOCK_E_RISKY
2023-02-14,3.64,3.73,3.44,3.69,523309.0,STOCK_E_RISKY
2023-02-15,3.47,3.62,3.45,3.53,3015421.0,STOCK_E_RISKY
2023-02-16,3.45,3.58,3.39,3.52,3943688.0,STOCK_E_RISKY
2023-02-17,3.38,3.5,3.26,3.36,1776764.0,STOCK_E_RISKY
2023-02-20,3.31,3.33,3.21,3.29,2139749.0,STOCK_E_RISKY
2023-02-21,3.34,3.47,3.25,3.3,2679837.0,STOCK_E_RISKY
2023-02-22,3.61,3.74,3.46,3.63,1428279.0,STOCK_E_RISKY
2023-02-23,3.53,3.63,3.41,3.44,790341.0,STOCK_E_RISKY
2023-02-24,3.34,3.35,3.1,3.27,717952.0,STOCK_E_RISKY
2023-02-27,3.1,3.16,3.04,3.11,1375686.0,STOCK_E_RISKY
2023-02-28,3.25,3.46,3.15,3.23,4636631.0,STOCK_E_RISKY
2023-03-01,3.25,3.38,3.17,3.29,1449568.0,STOCK_E_RISKY
2023-03-02,3.13,3.16,2.98,3.1,3744159.0,STOCK_E_RISKY
2023-03-03,3.14,3.18,2.98,3.11,577581.0,STOCK_E_RISKY
2023-03-06,3.1,3.26,3.09,3.12,175748.0,STOCK_E_RISKY
2023-03-07,3.12,3.2,3.09,3.15,652033.0,STOCK_E_RISKY
2023-03-08,3.03,3.05,3.0,3.02,2586204.0,STOCK_E_RISKY
2023-03-09,3.21,3.26,3.2,3.25,2105649.0,STOCK_E_RISKY
2023-03-10,3.18,3.21,3.12,3.19,4255471.0,STOCK_E_RISKY
2023-03-13,3.17,3.18,3.03,3.14,4088718.0,STOCK_E_RISKY
2023-03-14,3.25,3.27,3.06,3.2,4920427.0,STOCK_E_RISKY
2023-03-15,3.08,3.12,3.01,3.05,3664895.0,STOCK_E_RISKY
2023-03-16,3.21,3.24,3.07,3.13,2989612.0,STOCK_E_RISKY
2023-03-17,2.87,2.91,2.83,2.87,2422798.0,STOCK_E_RISKY
2023-03-20,3.04,3.05,3.01,3.03,1129430.0,STOCK_E_RISKY
2023-03-21,3.01,3.01,2.94,2.97,3284466.0,STOCK_E_RISKY
2023-03-22,3.09,3.12,2.88,3.0,1997107.0,STOCK_E_RISKY
2023-03-23,2.97,3.0,2.92,2.99,2347499.0,STOCK_E_RISKY
2023-03-24,2.98,2.98,2.85,2.88,4610861.0,STOCK_E_RISKY
2023-03-27,2.96,3.01,2.84,2.98,383577.0,STOCK_E_RISKY
2023-03-28,2.97,3.09,2.92,2.98,3219419.0,STOCK_E_RISKY
2023-03-29,3.18,3.31,3.12,3.15,1690680.0,STOCK_E_RISKY
2023-03-30,3.31,3.38,3.2,3.29,3426264.0,STOCK_E_RISKY
2023-03-31,3.64,3.85,3.41,3.59,3083045.0,STOCK_E_RISKY
2023-04-03,3.57,3.67,3.43,3.61,2213737.0,STOCK_E_RISKY
2023-04-04,3.56,3.58,3.54,3.56,2026206.0,STOCK_E_RISKY
2023-04-05,3.86,3.86,3.69,3.82,1036143.0,STOCK_E_RISKY
2023-04-06,4.02,4.11,3.74,3.83,4804961.0,STOCK_E_RISKY
2023-04-07,4.06,4.15,3.91,4.01,4520142.0,STOCK_E_RISKY
2023-04-10,4.06,4.15,4.01,4.08,711052.0,STOCK_E_RISKY
2023-04-11,3.97,4.01,3.84,3.87,4422735.0,STOCK_E_RISKY
2023-04-12,3.43,3.46,3.4,3.41,891070.0,STOCK_E_RISKY
2023-04-13,3.45,3.52,3.33,3.51,3959424.0,STOCK_E_RISKY
2023-04-14,3.31,3.41,3.25,3.32,676018.0,STOCK_E_RISKY
2023-04-17,3.3,3.35,3.27,3.31,4994791.0,STOCK_E_RISKY
2023-04-18,3.47,3.65,3.43,3.48,1896638.0,STOCK_E_RISKY
2023-04-19,3.83,3.83,3.78,3.79,2508975.0,STOCK_E_RISKY
2023-04-20,3.28,3.42,3.13,3.33,2193831.0,STOCK_E_RISKY
2023-04-21,3.08,3.13,3.05,3.08,4892939.0,STOCK_E_RISKY
2023-04-24,3.27,3.37,3.26,3.35,2050003.0,STOCK_E_RISKY
2023-04-25,3.65,3.82,3.51,3.74,1271497.0,STOCK_E_RISKY
2023-04-26,3.55,3.7,3.52,3.59,4887069.0,STOCK_E_RISKY
2023-04-27,3.66,3.74,3.54,3.59,1335461.0,STOCK_E_RISKY
2023-04-28,3.68,3.78,3.61,3.7,4320103.0,STOCK_E_RISKY
2023-05-01,3.25,3.36,3.17,3.3,4232362.0,STOCK_E_RISKY
2023-05-02,3.46,3.47,3.35,3.36,1517512.0,STOCK_E_RISKY
2023-05-03,3.58,3.64,3.45,3.52,951350.0,STOCK_E_RISKY
2023-05-04,3.83,3.86,3.7,3.75,4296006.0,STOCK_E_RISKY
2023-05-05,3.82,3.92,3.68,3.78,3480208.0,STOCK_E_RISKY
2023-05-08,4.04,4.13,4.04,4.06,1799714.0,STOCK_E_RISKY
2023-05-09,4.24,4.32,4.22,4.25,3265944.0,STOCK_E_RISKY
2023-05-10,4.16,4.28,4.15,4.18,4545933.0,STOCK_E_RISKY
2023-05-11,3.87,3.9,3.84,3.86,1649178.0,STOCK_E_RISKY
2023-05-12,3.62,3.84,3.6,3.63,4055885.0,STOCK_E_RISKY
2023-05-15,3.7,3.78,3.58,3.72,2823905.0,STOCK_E_RISKY
2023-05-16,3.69,3.81,3.52,3.67,3152774.0,STOCK_E_RISKY
2023-05-17,3.26,3.33,3.23,3.24,2728458.0,STOCK_E_RISKY
2023-05-18,3.26,3.3,3.19,3.23,2531396.0,STOCK_E_RISKY
2023-05-19,3.11,3.19,2.99,3.09,4381412.0,STOCK_E_RISKY
2023-05-22,3.27,3.43,3.22,3.34,406174.0,STOCK_E_RISKY
2023-05-23,3.39,3.55,3.38,3.38,4909105.0,STOCK_E_RISKY
2023-05-24,3.61,3.63,3.6,3.6,171516.0,STOCK_E_RISKY
2023-05-25,3.56,3.65,3.35,3.6,3635991.0,STOCK_E_RISKY
2023-05-26,3.85,3.9,3.73,3.81,4477741.0,STOCK_E_RISKY
2023-05-29,4.01,4.04,3.85,3.93,4694549.0,STOCK_E_RISKY
2023-05-30,3.99,4.37,3.92,4.13,768889.0,STOCK_E_RISKY
2023-05-31,3.74,3.95,3.74,3.81,3584729.0,STOCK_E_RISKY
2023-06-01,3.93,4.21,3.86,4.07,104988.0,STOCK_E_RISKY
2023-06-02,4.2,4.37,4.1,4.27,2407887.0,STOCK_E_RISKY
2023-06-05,4.39,4.41,4.36,4.4,3733142.0,STOCK_E_RISKY
2023-06-06,4.23,4.48,4.2,4.3,2101891.0,STOCK_E_RISKY
2023-06-07,3.99,4.08,3.97,4.01,160913.0,STOCK_E_RISKY
2023-06-08,3.93,4.03,3.88,4.02,910104.0,STOCK_E_RISKY
2023-06-09,3.95,4.04,3.86,3.99,2656716.0,STOCK_E_RISKY
2023-06-12,3.98,4.23,3.86,4.08,1216501.0,STOCK_E_RISKY
2023-06-13,3.95,3.96,3.89,3.95,2129260.0,STOCK_E_RISKY
2023-06-14,3.98,4.05,3.94,3.94,828489.0,STOCK_E_RISKY
2023-06-15,4.14,4.41,4.09,4.29,3073971.0,STOCK_E_RISKY
2023-06-16,4.22,4.26,3.95,4.1,898876.0,STOCK_E_RISKY
2023-06-19,4.07,4.19,4.03,4.15,1040289.0,STOCK_E_RISKY
2023-06-20,4.61,4.7,4.38,4.53,4241540.0,STOCK_E_RISKY
2023-06-21,4.73,4.86,4.55,4.79,3821860.0,STOCK_E_RISKY
2023-06-22,4.67,4.77,4.47,4.49,984008.0,STOCK_E_RISKY
2023-06-23,4.14,4.27,4.06,4.14,4817438.0,STOCK_E_RISKY
2023-06-26,3.92,4.12,3.84,4.07,3178364.0,STOCK_E_RISKY
2023-06-27,3.71,3.86,3.69,3.81,3336170.0,STOCK_E_RISKY
2023-06-28,3.8,4.12,3.79,3.96,1116833.0,STOCK_E_RISKY
2023-06-29,3.56,3.74,3.53,3.64,1511400.0,STOCK_E_RISKY
2023-06-30,3.78,3.84,3.77,3.8,2481532.0,STOCK_E_RISKY
2023-07-03,4.04,4.24,3.86,3.92,540743.0,STOCK_E_RISKY
2023-07-04,4.24,4.26,4.17,4.25,4835372.0,STOCK_E_RISKY
2023-07-05,4.04,4.27,3.96,4.18,4014916.0,STOCK_E_RISKY
2023-07-06,4.14,4.18,4.04,4.11,1682492.0,STOCK_E_RISKY
2023-07-07,4.21,4.41,3.93,4.39,4937170.0,STOCK_E_RISKY
2023-07-10,4.14,4.27,4.01,4.17,4179589.0,STOCK_E_RISKY
2023-07-11,4.25,4.35,4.2,4.24,2925706.0,STOCK_E_RISKY
2023-07-12,4.3,4.34,4.17,4.31,1584964.0,STOCK_E_RISKY
2023-07-13,4.5,4.55,4.44,4.54,1423205.0,STOCK_E_RISKY
2023-07-14,4.29,4.35,4.14,4.29,6664432.0,STOCK_E_RISKY
2023-07-17,4.05,4.18,3.86,3.97,2040744.0,STOCK_E_RISKY
2023-07-18,3.61,3.72,3.56,3.69,4895203.0,STOCK_E_RISKY
2023-07-19,3.68,3.7,3.61,3.63,4969982.0,STOCK_E_RISKY
2023-07-20,3.69,3.7,3.57,3.59,3415614.0,STOCK_E_RISKY
2023-07-21,3.92,4.05,3.9,4.04,1582856.0,STOCK_E_RISKY
2023-07-24,3.97,4.03,3.89,3.94,1444338.0,STOCK_E_RISKY
2023-07-25,4.15,4.21,4.05,4.13,4012704.0,STOCK_E_RISKY
2023-07-26,4.26,4.36,4.12,4.17,3966001.0,STOCK_E_RISKY
2023-07-27,4.21,4.29,3.87,4.15,3795118.0,STOCK_E_RISKY
2023-07-28,4.19,4.24,4.0,4.17,651969.0,STOCK_E_RISKY
2023-07-31,4.25,4.38,4.12,4.38,4844563.0,STOCK_E_RISKY
2023-08-01,4.3,4.36,4.24,4.29,1177673.0,STOCK_E_RISKY
2023-08-02,3.92,4.0,3.85,3.87,978753.0,STOCK_E_RISKY
2023-08-03,4.43,4.46,4.31,4.35,3067227.0,STOCK_E_RISKY
2023-08-04,4.46,4.69,4.31,4.34,4749630.0,STOCK_E_RISKY
2023-08-07,4.23,4.27,4.05,4.25,3385086.0,STOCK_E_RISKY
2023-08-08,4.44,4.54,4.35,4.42,4100222.0,STOCK_E_RISKY
2023-08-09,4.5,4.75,4.41,4.57,1602039.0,STOCK_E_RISKY
2023-08-10,4.53,4.77,4.44,4.61,3493766.0,STOCK_E_RISKY
2023-08-11,4.56,4.6,4.43,4.57,967136.0,STOCK_E_RISKY
2023-08-14,4.54,4.59,4.28,4.49,2756641.0,STOCK_E_RISKY
2023-08-15,4.15,4.22,4.02,4.14,1096723.0,STOCK_E_RISKY
2023-08-16,4.43,4.47,4.31,4.42,1888299.0,STOCK_E_RISKY
2023-08-17,4.04,4.17,4.02,4.04,1307852.0,STOCK_E_RISKY
2023-08-18,4.12,4.23,3.96,4.09,2736306.0,STOCK_E_RISKY
2023-08-21,4.27,4.43,4.04,4.12,3351530.0,STOCK_E_RISKY
2023-08-22,4.03,4.07,3.82,3.99,2305269.0,STOCK_E_RISKY
2023-08-23,3.79,4.03,3.62,3.88,3455038.0,STOCK_E_RISKY
2023-08-24,4.14,4.16,4.01,4.02,429815.0,STOCK_E_RISKY
2023-08-25,4.13,4.2,4.01,4.02,1186429.0,STOCK_E_RISKY
2023-08-28,4.46,4.5,4.4,4.4,4650940.0,STOCK_E_RISKY
2023-08-29,4.55,4.6,4.47,4.57,2840943.0,STOCK_E_RISKY
2023-08-30,4.62,4.68,4.46,4.63,2701993.0,STOCK_E_RISKY
2023-08-31,4.64,4.81,4.61,4.78,4919594.0,STOCK_E_RISKY
2023-09-01,5.17,5.26,5.08,5.19,4672541.0,STOCK_E_RISKY
2023-09-04,4.82,4.86,4.75,4.81,1932273.0,STOCK_E_RISKY
2023-09-05,4.59,4.66,4.44,4.54,10564159.0,STOCK_E_RISKY
2023-09-06,4.83,4.87,4.64,4.79,3712512.0,STOCK_E_RISKY
2023-09-07,4.74,4.75,4.55,4.65,2417480.0,STOCK_E_RISKY
2023-09-08,4.61,4.91,4.56,4.72,4221549.0,STOCK_E_RISKY
2023-09-11,4.7,4.85,4.69,4.71,135264.0,STOCK_E_RISKY
2023-09-12,3.82,4.03,3.81,3.84,3823252.0,STOCK_E_RISKY
2023-09-13,3.47,3.62,3.28,3.54,464534.0,STOCK_E_RISKY
2023-09-14,3.35,3.36,3.31,3.33,1276600.0,STOCK_E_RISKY
2023-09-15,3.38,3.47,3.22,3.26,3951688.0,STOCK_E_RISKY
2023-09-18,3.04,3.1,2.89,2.97,3816234.0,STOCK_E_RISKY
2023-09-19,2.92,3.09,2.86,3.02,4619031.0,STOCK_E_RISKY
2023-09-20,3.36,3.37,3.13,3.23,1042497.0,STOCK_E_RISKY
2023-09-21,3.14,3.15,3.04,3.13,1087256.0,STOCK_E_RISKY
2023-09-22,2.89,2.95,2.77,2.82,3382739.0,STOCK_E_RISKY
2023-09-25,2.68,2.81,2.6,2.79,1346913.0,STOCK_E_RISKY
2023-09-26,2.75,2.79,2.74,2.74,2730154.0,STOCK_E_RISKY
2023-09-27,2.93,2.99,2.78,2.86,4064003.0,STOCK_E_RISKY
2023-09-28,3.14,3.15,3.03,3.1,2361498.0,STOCK_E_RISKY
2023-09-29,2.78,2.83,2.77,2.8,1270820.0,STOCK_E_RISKY
2023-10-02,2.83,2.86,2.78,2.8,840545.0,STOCK_E_RISKY
2023-10-03,2.78,2.83,2.78,2.82,2963509.0,STOCK_E_RISKY
2023-10-04,2.74,3.02,2.73,2.85,3045396.0,STOCK_E_RISKY
2023-10-05,2.82,2.85,2.78,2.81,3863423.0,STOCK_E_RISKY
2023-10-06,2.8,2.86,2.8,2.85,2204026.0,STOCK_E_RISKY
2023-10-09,2.78,2.82,2.74,2.82,3173090.0,STOCK_E_RISKY
2023-10-10,2.89,2.98,2.8,2.82,3202956.0,STOCK_E_RISKY
2023-10-11,2.62,2.64,2.53,2.64,371707.0,STOCK_E_RISKY
2023-10-12,2.68,2.73,2.6,2.71,4812339.0,STOCK_E_RISKY
2023-10-13,2.88,2.88,2.8,2.86,2794619.0,STOCK_E_RISKY
2023-10-16,2.81,2.82,2.73,2.79,635642.0,STOCK_E_RISKY
2023-10-17,2.76,2.81,2.73,2.78,3463044.0,STOCK_E_RISKY
2023-10-18,2.52,2.56,2.49,2.51,302500.0,STOCK_E_RISKY
2023-10-19,2.31,2.45,2.27,2.29,3832546.0,STOCK_E_RISKY
2023-10-20,2.19,2.2,2.16,2.18,3213966.0,STOCK_E_RISKY
2023-10-23,2.18,2.24,2.14,2.17,3779423.0,STOCK_E_RISKY
2023-10-24,2.04,2.06,1.97,1.98,3431957.0,STOCK_E_RISKY
2023-10-25,1.84,1.89,1.79,1.84,9224155.0,STOCK_E_RISKY
2023-10-26,1.96,2.02,1.96,1.97,3451747.0,STOCK_E_RISKY
2023-10-27,2.01,2.02,1.99,2.01,3142025.0,STOCK_E_RISKY
2023-10-30,2.17,2.22,2.06,2.11,4506685.0,STOCK_E_RISKY
2023-10-31,2.14,2.14,2.09,2.13,3453400.0,STOCK_E_RISKY
2023-11-01,2.16,2.19,2.12,2.18,2721116.0,STOCK_E_RISKY
2023-11-02,2.21,2.29,2.21,2.25,3949036.0,STOCK_E_RISKY
2023-11-03,2.32,2.36,2.31,2.33,222909.0,STOCK_E_RISKY
2023-11-06,2.38,2.41,2.33,2.35,1921865.0,STOCK_E_RISKY
2023-11-07,2.36,2.45,2.33,2.33,1649568.0,STOCK_E_RISKY
2023-11-08,2.17,2.22,2.12,2.21,1322096.0,STOCK_E_RISKY
2023-11-09,2.45,2.49,2.43,2.45,4172946.0,STOCK_E_RISKY
2023-11-10,2.32,2.42,2.28,2.37,1804795.0,STOCK_E_RISKY
2023-11-13,2.18,2.18,2.13,2.16,1039429.0,STOCK_E_RISKY
2023-11-14,2.22,2.24,2.16,2.19,1615505.0,STOCK_E_RISKY
2023-11-15,1.96,2.03,1.95,2.0,4566396.0,STOCK_E_RISKY
2023-11-16,2.06,2.13,2.02,2.07,3024327.0,STOCK_E_RISKY
2023-11-17,2.0,2.05,1.97,1.98,3025770.0,STOCK_E_RISKY
2023-11-20,2.02,2.03,1.9,1.97,1750416.0,STOCK_E_RISKY
2023-11-21,1.88,1.91,1.83,1.87,8306561.0,STOCK_E_RISKY
2023-11-22,1.61,1.64,1.55,1.58,3838445.0,STOCK_E_RISKY
2023-11-23,1.65,1.68,1.62,1.67,3460996.0,STOCK_E_RISKY
2023-11-24,1.66,1.68,1.61,1.65,1994784.0,STOCK_E_RISKY
2023-11-27,1.69,1.81,1.65,1.71,4078077.0,STOCK_E_RISKY
2023-11-28,1.9,2.01,1.87,1.93,2831060.0,STOCK_E_RISKY
2023-11-29,1.86,1.9,1.8,1.83,2852413.0,STOCK_E_RISKY
2023-11-30,1.85,1.9,1.78,1.81,283428.0,STOCK_E_RISKY
2023-12-01,1.82,1.92,1.74,1.86,974694.0,STOCK_E_RISKY
2023-12-04,1.99,2.06,1.94,1.98,1677008.0,STOCK_E_RISKY
2023-12-05,2.03,2.04,1.99,2.04,352192.0,STOCK_E_RISKY
2023-12-06,1.86,1.92,1.82,1.91,2684157.0,STOCK_E_RISKY
2023-12-07,1.8,1.86,1.79,1.84,777612.0,STOCK_E_RISKY
2023-12-08,1.72,1.73,1.68,1.71,3254889.0,STOCK_E_RISKY
2023-12-11,1.73,1.78,1.68,1.78,1903523.0,STOCK_E_RISKY
2023-12-12,1.83,1.86,1.81,1.83,4854005.0,STOCK_E_RISKY
2023-12-13,2.0,2.02,1.89,1.95,2902811.0,STOCK_E_RISKY
2023-12-14,1.94,1.95,1.9,1.92,682404.0,STOCK_E_RISKY
2023-12-15,1.83,1.89,1.82,1.83,683800.0,STOCK_E_RISKY
2023-12-18,1.94,1.98,1.88,1.9,2774853.0,STOCK_E_RISKY
2023-12-19,1.71,1.73,1.68,1.71,196276.0,STOCK_E_RISKY
2023-12-20,1.76,1.78,1.72,1.73,1295368.0,STOCK_E_RISKY
2023-12-21,1.66,1.68,1.6,1.68,4443038.0,STOCK_E_RISKY
2023-12-22,1.69,1.77,1.67,1.74,2403454.0,STOCK_E_RISKY
2023-12-25,1.72,1.8,1.71,1.73,2518538.0,STOCK_E_RISKY
2023-12-26,1.63,1.64,1.62,1.64,129727.0,STOCK_E_RISKY
2023-12-27,1.53,1.56,1.49,1.54,2098273.0,STOCK_E_RISKY
2023-12-28,1.51,1.51,1.48,1.51,3033518.0,STOCK_E_RISKY
2023-12-29,1.52,1.54,1.51,1.54,262881.0,STOCK_E_RISKY
2024-01-01,1.61,1.65,1.58,1.61,652302.0,STOCK_E_RISKY
2024-01-02,1.61,1.62,1.61,1.61,1562244.0,STOCK_E_RISKY
2024-01-03,1.77,1.85,1.74,1.77,4507663.0,STOCK_E_RISKY
2024-01-04,1.8,1.89,1.8,1.8,1973446.0,STOCK_E_RISKY
2024-01-05,1.66,1.75,1.65,1.71,5424256.0,STOCK_E_RISKY
2024-01-08,1.7,1.77,1.64,1.74,2575118.0,STOCK_E_RISKY
2024-01-09,1.62,1.63,1.61,1.62,3835164.0,STOCK_E_RISKY
2024-01-10,1.65,1.73,1.64,1.71,4192832.0,STOCK_E_RISKY
2024-01-11,1.83,1.9,1.75,1.79,2155896.0,STOCK_E_RISKY
2024-01-12,1.67,1.71,1.64,1.7,892621.0,STOCK_E_RISKY
2024-01-15,1.7,1.74,1.67,1.7,1020266.0,STOCK_E_RISKY
2024-01-16,1.59,1.62,1.57,1.61,1157961.0,STOCK_E_RISKY
2024-01-17,1.51,1.55,1.48,1.48,1854573.0,STOCK_E_RISKY
2024-01-18,1.35,1.37,1.34,1.37,4745098.0,STOCK_E_RISKY
2024-01-19,1.35,1.38,1.33,1.36,1737625.0,STOCK_E_RISKY
2024-01-22,1.4,1.44,1.4,1.42,1953319.0,STOCK_E_RISKY
2024-01-23,1.39,1.42,1.38,1.38,2155168.0,STOCK_E_RISKY
2024-01-24,1.4,1.45,1.39,1.41,1618174.0,STOCK_E_RISKY
2024-01-25,1.39,1.43,1.34,1.41,4576786.0,STOCK_E_RISKY
2024-01-26,1.34,1.38,1.33,1.37,3969712.0,STOCK_E_RISKY
2024-01-29,1.27,1.32,1.27,1.29,3065560.0,STOCK_E_RISKY
2024-01-30,1.26,1.33,1.2,1.26,545981.0,STOCK_E_RISKY
2024-01-31,1.23,1.26,1.22,1.26,2386650.0,STOCK_E_RISKY
2024-02-01,1.14,1.17,1.12,1.15,2027411.0,STOCK_E_RISKY
2024-02-02,1.13,1.15,1.11,1.13,407074.0,STOCK_E_RISKY
2024-02-05,1.11,1.11,1.05,1.11,3814107.0,STOCK_E_RISKY
2024-02-06,1.15,1.17,1.12,1.13,1373804.0,STOCK_E_RISKY
2024-02-07,1.07,1.07,0.97,1.04,10761443.0,STOCK_E_RISKY
2024-02-08,1.03,1.04,1.0,1.01,1513331.0,STOCK_E_RISKY
2024-02-09,1.01,1.04,1.0,1.03,3413193.0,STOCK_E_RISKY
2024-02-12,1.16,1.18,1.11,1.16,1980076.0,STOCK_E_RISKY
2024-02-13,1.14,1.15,1.11,1.12,4590610.0,STOCK_E_RISKY
2024-02-14,1.09,1.13,1.08,1.11,3196576.0,STOCK_E_RISKY
2024-02-15,1.06,1.07,1.04,1.04,2120241.0,STOCK_E_RISKY
2024-02-16,1.13,1.14,1.11,1.11,774192.0,STOCK_E_RISKY
2024-02-19,1.23,1.24,1.2,1.22,3727419.0,STOCK_E_RISKY
2024-02-20,1.17,1.19,1.14,1.15,2606787.0,STOCK_E_RISKY
2024-02-21,1.19,1.23,1.16,1.2,4899295.0,STOCK_E_RISKY
2024-02-22,1.17,1.2,1.12,1.16,239669.0,STOCK_E_RISKY
2024-02-23,1.24,1.24,1.19,1.21,3918794.0,STOCK_E_RISKY
2024-02-26,1.25,1.25,1.22,1.25,1950115.0,STOCK_E_RISKY
2024-02-27,1.2,1.21,1.16,1.17,4048855.0,STOCK_E_RISKY
2024-02-28,1.21,1.25,1.17,1.18,1217672.0,STOCK_E_RISKY
2024-02-29,1.23,1.27,1.2,1.2,1545068.0,STOCK_E_RISKY
2024-03-01,1.21,1.22,1.2,1.2,3588528.0,STOCK_E_RISKY
2024-03-04,1.26,1.26,1.21,1.24,4657993.0,STOCK_E_RISKY
2024-03-05,1.26,1.29,1.24,1.26,3940971.0,STOCK_E_RISKY
2024-03-06,1.09,1.12,1.07,1.08,3131877.0,STOCK_E_RISKY
2024-03-07,0.98,1.04,0.97,1.0,2166176.0,STOCK_E_RISKY
2024-03-08,0.83,0.86,0.83,0.85,978552.0,STOCK_E_RISKY
2024-03-11,0.9,0.94,0.87,0.92,1864301.0,STOCK_E_RISKY
2024-03-12,0.89,0.92,0.87,0.91,4839208.0,STOCK_E_RISKY
2024-03-13,0.93,0.97,0.9,0.94,3937467.0,STOCK_E_RISKY
2024-03-14,0.95,0.97,0.91,0.94,3664154.0,STOCK_E_RISKY
2024-03-15,0.99,1.0,0.95,0.97,1830384.0,STOCK_E_RISKY
2024-03-18,0.94,0.95,0.89,0.91,4542557.0,STOCK_E_RISKY
2024-03-19,0.97,0.99,0.95,0.96,4588878.0,STOCK_E_RISKY
2024-03-20,1.05,1.08,1.02,1.02,1479318.0,STOCK_E_RISKY
2024-03-21,1.01,1.02,1.0,1.01,146721.0,STOCK_E_RISKY
2024-03-22,1.0,1.02,0.99,1.01,107281.0,STOCK_E_RISKY
2024-03-25,1.02,1.05,0.97,1.01,4840356.0,STOCK_E_RISKY
2024-03-26,1.03,1.07,0.98,1.06,4649394.0,STOCK_E_RISKY
2024-03-27,1.08,1.11,1.07,1.07,1910332.0,STOCK_E_RISKY
2024-03-28,0.91,0.96,0.91,0.93,4933114.0,STOCK_E_RISKY
2024-03-29,0.89,0.93,0.86,0.89,3179083.0,STOCK_E_RISKY
2024-04-01,0.94,0.96,0.94,0.94,3923955.0,STOCK_E_RISKY
2024-04-02,0.98,1.0,0.93,0.97,2321146.0,STOCK_E_RISKY
2024-04-03,1.0,1.01,0.96,1.0,160091.0,STOCK_E_RISKY
2024-04-04,1.01,1.05,0.99,1.03,3624657.0,STOCK_E_RISKY
2024-04-05,0.97,0.98,0.91,0.96,394915.0,STOCK_E_RISKY
2024-04-08,0.93,0.94,0.9,0.92,2835247.0,STOCK_E_RISKY
2024-04-09,0.93,0.94,0.92,0.93,2726954.0,STOCK_E_RISKY
2024-04-10,1.02,1.03,1.0,1.01,4237385.0,STOCK_E_RISKY
2024-04-11,1.09,1.11,1.07,1.09,3163590.0,STOCK_E_RISKY
2024-04-12,1.03,1.04,1.0,1.03,440354.0,STOCK_E_RISKY
2024-04-15,0.94,0.95,0.91,0.93,3847069.0,STOCK_E_RISKY
2024-04-16,0.88,0.9,0.87,0.89,4308264.0,STOCK_E_RISKY
2024-04-17,0.88,0.88,0.86,0.88,4374671.0,STOCK_E_RISKY
2024-04-18,0.94,0.96,0.89,0.92,2796388.0,STOCK_E_RISKY
2024-04-19,0.84,0.86,0.84,0.84,4680985.0,STOCK_E_RISKY
2024-04-22,0.85,0.85,0.8,0.83,3893499.0,STOCK_E_RISKY
2024-04-23,0.77,0.77,0.74,0.77,3946402.0,STOCK_E_RISKY
2024-04-24,0.78,0.79,0.76,0.79,677325.0,STOCK_E_RISKY
2024-04-25,0.72,0.72,0.7,0.71,266451.0,STOCK_E_RISKY
2024-04-26,0.69,0.71,0.68,0.69,3076789.0,STOCK_E_RISKY
2024-04-29,0.69,0.7,0.68,0.68,3331250.0,STOCK_E_RISKY
2024-04-30,0.73,0.75,0.72,0.74,4680192.0,STOCK_E_RISKY
2024-05-01,0.75,0.76,0.74,0.75,4059043.0,STOCK_E_RISKY
2024-05-02,0.81,0.82,0.8,0.81,1966729.0,STOCK_E_RISKY
2024-05-03,0.73,0.74,0.7,0.73,3611030.0,STOCK_E_RISKY
2024-05-06,0.78,0.8,0.75,0.76,4967313.0,STOCK_E_RISKY
2024-05-07,0.78,0.8,0.77,0.78,2826994.0,STOCK_E_RISKY
2024-05-08,0.84,0.86,0.83,0.83,4514651.0,STOCK_E_RISKY
2024-05-09,0.95,0.95,0.93,0.95,3666551.0,STOCK_E_RISKY
2024-05-10,0.89,0.93,0.89,0.9,1443178.0,STOCK_E_RISKY
2024-05-13,0.94,0.96,0.94,0.94,1306547.0,STOCK_E_RISKY
2024-05-14,0.96,0.98,0.95,0.97,3039912.0,STOCK_E_RISKY
2024-05-15,1.08,1.08,1.06,1.06,1490962.0,STOCK_E_RISKY
2024-05-16,1.08,1.1,1.06,1.09,2467338.0,STOCK_E_RISKY
2024-05-17,1.16,1.18,1.15,1.15,2261178.0,STOCK_E_RISKY
2024-05-20,1.14,1.19,1.12,1.15,1909324.0,STOCK_E_RISKY
2024-05-21,1.1,1.16,1.07,1.08,3499630.0,STOCK_E_RISKY
2024-05-22,1.07,1.11,1.05,1.1,10830832.0,STOCK_E_RISKY
2024-05-23,1.21,1.22,1.16,1.21,1847469.0,STOCK_E_RISKY
2024-05-24,1.22,1.24,1.2,1.22,3760324.0,STOCK_E_RISKY
2024-05-27,1.2,1.2,1.15,1.19,3666365.0,STOCK_E_RISKY
2024-05-28,1.09,1.11,1.07,1.09,1882835.0,STOCK_E_RISKY
2024-05-29,1.07,1.09,1.06,1.08,4172653.0,STOCK_E_RISKY
2024-05-30,0.98,0.99,0.96,0.97,3929863.0,STOCK_E_RISKY
2024-05-31,0.94,0.97,0.92,0.93,1524754.0,STOCK_E_RISKY
2024-06-03,0.89,0.93,0.87,0.9,2770532.0,STOCK_E_RISKY
2024-06-04,0.89,0.94,0.84,0.87,927400.0,STOCK_E_RISKY
2024-06-05,0.81,0.82,0.77,0.8,1587025.0,STOCK_E_RISKY
2024-06-06,0.83,0.84,0.82,0.84,213087.0,STOCK_E_RISKY
2024-06-07,0.87,0.88,0.86,0.86,4310187.0,STOCK_E_RISKY
2024-06-10,0.87,0.87,0.86,0.86,125430.0,STOCK_E_RISKY
2024-06-11,0.83,0.84,0.82,0.83,1439370.0,STOCK_E_RISKY
2024-06-12,0.85,0.85,0.82,0.84,1856413.0,STOCK_E_RISKY
2024-06-13,0.85,0.85,0.82,0.85,1893567.0,STOCK_E_RISKY
2024-06-14,0.84,0.85,0.83,0.85,2167697.0,STOCK_E_RISKY
2024-06-17,0.82,0.83,0.8,0.82,4812154.0,STOCK_E_RISKY
2024-06-18,0.8,0.8,0.78,0.79,164649.0,STOCK_E_RISKY
2024-06-19,0.87,0.9,0.86,0.88,3290051.0,STOCK_E_RISKY
2024-06-20,0.87,0.87,0.83,0.85,2156065.0,STOCK_E_RISKY
2024-06-21,0.8,0.83,0.8,0.8,2311138.0,STOCK_E_RISKY
2024-06-24,0.86,0.86,0.85,0.85,2174838.0,STOCK_E_RISKY
2024-06-25,0.82,0.83,0.78,0.82,1221666.0,STOCK_E_RISKY
2024-06-26,0.72,0.75,0.72,0.74,624946.0,STOCK_E_RISKY
2024-06-27,0.83,0.84,0.81,0.82,3124869.0,STOCK_E_RISKY
2024-06-28,0.92,0.93,0.88,0.91,3049374.0,STOCK_E_RISKY
2024-07-01,0.91,0.96,0.86,0.89,4495251.0,STOCK_E_RISKY
2024-07-02,0.81,0.86,0.81,0.84,2233465.0,STOCK_E_RISKY
2024-07-03,0.84,0.85,0.83,0.84,3342341.0,STOCK_E_RISKY
2024-07-04,0.84,0.85,0.82,0.83,3852713.0,STOCK_E_RISKY
2024-07-05,0.91,0.92,0.9,0.9,2194390.0,STOCK_E_RISKY
2024-07-08,0.85,0.86,0.83,0.84,1808172.0,STOCK_E_RISKY
2024-07-09,0.79,0.81,0.76,0.8,2491947.0,STOCK_E_RISKY
2024-07-10,0.86,0.89,0.85,0.89,2183413.0,STOCK_E_RISKY
2024-07-11,0.86,0.87,0.84,0.85,3370916.0,STOCK_E_RISKY
2024-07-12,0.89,0.91,0.84,0.86,2957007.0,STOCK_E_RISKY
2024-07-15,0.85,0.89,0.82,0.87,3644271.0,STOCK_E_RISKY
2024-07-16,0.88,0.92,0.84,0.86,3655889.0,STOCK_E_RISKY
2024-07-17,0.82,0.84,0.81,0.81,339810.0,STOCK_E_RISKY
2024-07-18,0.75,0.75,0.74,0.74,952417.0,STOCK_E_RISKY
2024-07-19,0.77,0.79,0.75,0.78,3384135.0,STOCK_E_RISKY
2024-07-22,0.74,0.76,0.73,0.74,2575885.0,STOCK_E_RISKY
2024-07-23,0.69,0.7,0.68,0.69,4608392.0,STOCK_E_RISKY
2024-07-24,0.67,0.69,0.65,0.65,2148210.0,STOCK_E_RISKY
2024-07-25,0.64,0.65,0.62,0.63,18262522.0,STOCK_E_RISKY
2024-07-26,0.63,0.66,0.6,0.64,1376723.0,STOCK_E_RISKY
2024-07-29,0.67,0.71,0.64,0.66,3376247.0,STOCK_E_RISKY
2024-07-30,0.72,0.73,0.71,0.71,4886603.0,STOCK_E_RISKY
2024-07-31,0.62,0.64,0.59,0.63,1943119.0,STOCK_E_RISKY
2024-08-01,0.65,0.67,0.65,0.66,4361290.0,STOCK_E_RISKY
2024-08-02,0.65,0.66,0.63,0.65,4569982.0,STOCK_E_RISKY
2024-08-05,0.62,0.64,0.61,0.63,1068799.0,STOCK_E_RISKY
2024-08-06,0.63,0.65,0.62,0.63,4510057.0,STOCK_E_RISKY
2024-08-07,0.63,0.64,0.61,0.62,3863015.0,STOCK_E_RISKY
2024-08-08,0.57,0.6,0.55,0.59,1293498.0,STOCK_E_RISKY
2024-08-09,0.59,0.59,0.57,0.57,3020195.0,STOCK_E_RISKY
2024-08-12,0.55,0.58,0.54,0.55,875785.0,STOCK_E_RISKY
2024-08-13,0.55,0.57,0.53,0.57,3204846.0,STOCK_E_RISKY
2024-08-14,0.64,0.64,0.63,0.63,4928887.0,STOCK_E_RISKY
2024-08-15,0.61,0.64,0.6,0.62,2189912.0,STOCK_E_RISKY
2024-08-16,0.59,0.62,0.59,0.61,4034193.0,STOCK_E_RISKY
2024-08-19,0.59,0.6,0.59,0.59,2008103.0,STOCK_E_RISKY
2024-08-20,0.61,0.62,0.6,0.61,4648684.0,STOCK_E_RISKY
2024-08-21,0.58,0.59,0.57,0.59,2130340.0,STOCK_E_RISKY
2024-08-22,0.59,0.6,0.58,0.59,3641731.0,STOCK_E_RISKY
2024-08-23,0.57,0.61,0.57,0.6,2575835.0,STOCK_E_RISKY
2024-08-26,0.61,0.64,0.56,0.61,959139.0,STOCK_E_RISKY
2024-08-27,0.6,0.61,0.59,0.6,3005866.0,STOCK_E_RISKY
2024-08-28,0.62,0.63,0.61,0.63,2798139.0,STOCK_E_RISKY
2024-08-29,0.64,0.65,0.62,0.63,3982574.0,STOCK_E_RISKY
2024-08-30,0.62,0.62,0.61,0.62,1907617.0,STOCK_E_RISKY
2024-09-02,0.63,0.66,0.6,0.62,2959550.0,STOCK_E_RISKY
2024-09-03,0.69,0.7,0.64,0.68,2035743.0,STOCK_E_RISKY
2024-09-04,0.65,0.65,0.62,0.65,995235.0,STOCK_E_RISKY
2024-09-05,0.6,0.62,0.57,0.61,2543101.0,STOCK_E_RISKY
2024-09-06,0.59,0.6,0.59,0.59,1411192.0,STOCK_E_RISKY
2024-09-09,0.63,0.64,0.62,0.63,650964.0,STOCK_E_RISKY
2024-09-10,0.61,0.65,0.59,0.63,2827243.0,STOCK_E_RISKY
2024-09-11,0.64,0.64,0.62,0.63,1154539.0,STOCK_E_RISKY
2024-09-12,0.65,0.67,0.63,0.65,238052.0,STOCK_E_RISKY
2024-09-13,0.67,0.68,0.64,0.66,293188.0,STOCK_E_RISKY
2024-09-16,0.68,0.68,0.65,0.66,1937514.0,STOCK_E_RISKY
2024-09-17,0.71,0.71,0.67,0.71,4806849.0,STOCK_E_RISKY
2024-09-18,0.7,0.72,0.7,0.71,4863555.0,STOCK_E_RISKY
2024-09-19,0.69,0.72,0.68,0.71,2741330.0,STOCK_E_RISKY
2024-09-20,0.73,0.76,0.7,0.73,1004952.0,STOCK_E_RISKY
2024-09-23,0.76,0.78,0.75,0.76,2124360.0,STOCK_E_RISKY
2024-09-24,0.77,0.79,0.74,0.76,625330.0,STOCK_E_RISKY
2024-09-25,0.74,0.75,0.71,0.73,505248.0,STOCK_E_RISKY
2024-09-26,0.73,0.77,0.7,0.73,4476582.0,STOCK_E_RISKY
2024-09-27,0.69,0.7,0.67,0.7,3301640.0,STOCK_E_RISKY
2024-09-30,0.7,0.71,0.67,0.69,4411072.0,STOCK_E_RISKY
2024-10-01,0.68,0.7,0.64,0.67,2586780.0,STOCK_E_RISKY
2024-10-02,0.7,0.74,0.69,0.71,2285235.0,STOCK_E_RISKY
2024-10-03,0.7,0.71,0.66,0.69,3964936.0,STOCK_E_RISKY
2024-10-04,0.66,0.68,0.64,0.68,4700263.0,STOCK_E_RISKY
2024-10-07,0.72,0.73,0.7,0.72,4649692.0,STOCK_E_RISKY
2024-10-08,0.76,0.77,0.76,0.76,1318970.0,STOCK_E_RISKY
2024-10-09,0.77,0.78,0.74,0.74,3781944.0,STOCK_E_RISKY
2024-10-10,0.68,0.7,0.67,0.69,1218287.0,STOCK_E_RISKY
2024-10-11,0.69,0.7,0.66,0.69,1475127.0,STOCK_E_RISKY
2024-10-14,0.64,0.65,0.63,0.65,1545707.0,STOCK_E_RISKY
2024-10-15,0.65,0.66,0.63,0.64,218184.0,STOCK_E_RISKY
2024-10-16,0.68,0.69,0.68,0.68,4302596.0,STOCK_E_RISKY
2024-10-17,0.66,0.68,0.66,0.67,241475.0,STOCK_E_RISKY
2024-10-18,0.63,0.65,0.63,0.65,335357.0,STOCK_E_RISKY
2024-10-21,0.66,0.67,0.63,0.65,730592.0,STOCK_E_RISKY
2024-10-22,0.67,0.7,0.65,0.65,4895950.0,STOCK_E_RISKY
2024-10-23,0.67,0.67,0.66,0.66,2850348.0,STOCK_E_RISKY
2024-10-24,0.68,0.71,0.66,0.7,899838.0,STOCK_E_RISKY
2024-10-25,0.65,0.7,0.63,0.65,1220901.0,STOCK_E_RISKY
2024-10-28,0.61,0.63,0.6,0.61,271932.0,STOCK_E_RISKY
2024-10-29,0.6,0.62,0.59,0.59,4752581.0,STOCK_E_RISKY
2024-10-30,0.64,0.65,0.63,0.64,1589105.0,STOCK_E_RISKY
2024-10-31,0.61,0.62,0.58,0.6,2478060.0,STOCK_E_RISKY
2024-11-01,0.63,0.64,0.6,0.62,2581816.0,STOCK_E_RISKY
2024-11-04,0.59,0.59,0.58,0.58,4784952.0,STOCK_E_RISKY
2024-11-05,0.6,0.63,0.59,0.62,3466424.0,STOCK_E_RISKY
2024-11-06,0.67,0.67,0.66,0.67,3937131.0,STOCK_E_RISKY
2024-11-07,0.66,0.66,0.64,0.65,4486690.0,STOCK_E_RISKY
2024-11-08,0.69,0.69,0.68,0.68,2342350.0,STOCK_E_RISKY
2024-11-11,0.73,0.73,0.72,0.73,2121001.0,STOCK_E_RISKY
2024-11-12,0.83,0.84,0.8,0.81,4981251.0,STOCK_E_RISKY
2024-11-13,0.8,0.82,0.79,0.81,4809958.0,STOCK_E_RISKY
2024-11-14,0.76,0.8,0.74,0.78,3898521.0,STOCK_E_RISKY
2024-11-15,0.7,0.71,0.69,0.71,1599646.0,STOCK_E_RISKY
2024-11-18,0.68,0.7,0.65,0.66,614822.0,STOCK_E_RISKY
2024-11-19,0.63,0.65,0.62,0.64,3152291.0,STOCK_E_RISKY
2024-11-20,0.64,0.66,0.64,0.65,1373523.0,STOCK_E_RISKY
2024-11-21,0.61,0.62,0.6,0.61,3928608.0,STOCK_E_RISKY
2024-11-22,0.65,0.67,0.65,0.66,3717565.0,STOCK_E_RISKY
2024-11-25,0.65,0.66,0.64,0.65,2353364.0,STOCK_E_RISKY
2024-11-26,0.6,0.61,0.58,0.6,237869.0,STOCK_E_RISKY
2024-11-27,0.57,0.6,0.57,0.59,4223482.0,STOCK_E_RISKY
2024-11-28,0.6,0.61,0.6,0.6,4031189.0,STOCK_E_RISKY
2024-11-29,0.6,0.61,0.57,0.59,2985263.0,STOCK_E_RISKY
2024-12-02,0.56,0.57,0.55,0.55,2582663.0,STOCK_E_RISKY
2024-12-03,0.56,0.58,0.56,0.56,2635814.0,STOCK_E_RISKY
2024-12-04,0.53,0.54,0.52,0.53,4931958.0,STOCK_E_RISKY
2024-12-05,0.52,0.52,0.51,0.52,1626912.0,STOCK_E_RISKY
2024-12-06,0.49,0.51,0.48,0.49,4031883.0,STOCK_E_RISKY
2024-12-09,0.51,0.53,0.5,0.52,4874802.0,STOCK_E_RISKY
2024-12-10,0.45,0.46,0.43,0.44,778450.0,STOCK_E_RISKY
2024-12-11,0.43,0.46,0.43,0.45,1056419.0,STOCK_E_RISKY
2024-12-12,0.48,0.48,0.48,0.48,1648151.0,STOCK_E_RISKY
2024-12-13,0.47,0.49,0.46,0.49,4215496.0,STOCK_E_RISKY
2024-12-16,0.46,0.47,0.46,0.46,2346367.0,STOCK_E_RISKY
2024-12-17,0.46,0.46,0.44,0.46,4131019.0,STOCK_E_RISKY
2024-12-18,0.52,0.53,0.5,0.51,1871544.0,STOCK_E_RISKY
2024-12-19,0.48,0.49,0.47,0.49,2516598.0,STOCK_E_RISKY
2024-12-20,0.52,0.53,0.5,0.52,3791944.0,STOCK_E_RISKY
2024-12-23,0.52,0.54,0.52,0.52,1504892.0,STOCK_E_RISKY
2024-12-24,0.53,0.54,0.52,0.52,1341227.0,STOCK_E_RISKY
2024-12-25,0.52,0.54,0.52,0.52,2039875.0,STOCK_E_RISKY
2024-12-26,0.49,0.51,0.48,0.49,4694314.0,STOCK_E_RISKY
2024-12-27,0.45,0.47,0.43,0.44,623113.0,STOCK_E_RISKY
2024-12-30,0.48,0.49,0.48,0.48,2058845.0,STOCK_E_RISKY
2024-12-31,0.49,0.54,0.48,0.48,3715496.0,STOCK_E_RISKY
2025-01-01,0.52,0.53,0.51,0.51,3393626.0,STOCK_E_RISKY
