Date,Open,High,Low,Close,Volume,Symbol
2015-01-01,149.76,151.07,148.52,150.52,1102055.0,STOCK_A_STABLE
2015-01-02,149.38,150.56,147.75,149.01,4156608.0,STOCK_A_STABLE
2015-01-05,149.92,151.0,149.75,150.19,3497045.0,STOCK_A_STABLE
2015-01-06,151.48,151.9,151.15,151.66,4379083.0,STOCK_A_STABLE
2015-01-07,147.94,149.37,147.23,148.76,3537286.0,STOCK_A_STABLE
2015-01-08,146.59,147.11,145.89,146.89,2454374.0,STOCK_A_STABLE
2015-01-09,147.13,147.16,146.36,147.13,1546670.0,STOCK_A_STABLE
2015-01-12,147.14,147.3,145.99,146.73,4929743.0,STOCK_A_STABLE
2015-01-13,146.42,146.98,146.26,146.76,3694705.0,STOCK_A_STABLE
2015-01-14,146.29,146.47,145.44,145.57,4386608.0,STOCK_A_STABLE
2015-01-15,146.6,147.42,146.6,146.91,2966545.0,STOCK_A_STABLE
2015-01-16,147.8,149.05,146.39,148.11,2601301.0,STOCK_A_STABLE
2015-01-19,148.95,149.27,148.15,148.26,268090.0,STOCK_A_STABLE
2015-01-20,150.09,151.32,149.54,149.99,439509.0,STOCK_A_STABLE
2015-01-21,150.51,151.13,149.95,150.76,3563139.0,STOCK_A_STABLE
2015-01-22,149.45,149.66,148.86,149.52,1200011.0,STOCK_A_STABLE
2015-01-23,150.74,151.27,149.79,150.13,501819.0,STOCK_A_STABLE
2015-01-26,149.41,149.61,148.52,148.75,3904353.0,STOCK_A_STABLE
2015-01-27,149.75,150.56,148.85,150.12,3140597.0,STOCK_A_STABLE
2015-01-28,150.08,150.22,149.73,150.1,644655.0,STOCK_A_STABLE
2015-01-29,149.93,150.44,149.51,149.89,2549345.0,STOCK_A_STABLE
2015-01-30,148.49,149.34,147.75,148.93,2402020.0,STOCK_A_STABLE
2015-02-02,150.78,151.28,149.5,150.81,118199.0,STOCK_A_STABLE
2015-02-03,150.64,151.13,149.61,150.63,3063775.0,STOCK_A_STABLE
2015-02-04,150.56,151.2,149.82,150.05,2043772.0,STOCK_A_STABLE
2015-02-05,150.12,150.21,149.14,149.58,4403899.0,STOCK_A_STABLE
2015-02-06,150.29,152.39,150.18,150.44,667050.0,STOCK_A_STABLE
2015-02-09,150.95,151.68,150.94,151.05,4250857.0,STOCK_A_STABLE
2015-02-10,152.03,152.23,151.59,151.73,131469.0,STOCK_A_STABLE
2015-02-11,152.18,152.98,151.55,152.44,3844961.0,STOCK_A_STABLE
2015-02-12,156.05,156.11,155.08,155.77,3934689.0,STOCK_A_STABLE
2015-02-13,155.16,156.08,154.51,155.2,2097701.0,STOCK_A_STABLE
2015-02-16,154.02,155.52,153.39,154.47,1474706.0,STOCK_A_STABLE
2015-02-17,152.83,154.18,152.61,153.27,797021.0,STOCK_A_STABLE
2015-02-18,154.95,155.43,153.52,154.28,1765690.0,STOCK_A_STABLE
2015-02-19,156.01,156.86,155.98,156.08,3381281.0,STOCK_A_STABLE
2015-02-20,156.73,157.04,155.86,155.96,3651915.0,STOCK_A_STABLE
2015-02-23,154.48,155.48,153.99,154.72,988314.0,STOCK_A_STABLE
2015-02-24,153.64,154.55,152.97,153.5,154583.0,STOCK_A_STABLE
2015-02-25,155.67,155.82,154.53,154.56,2850440.0,STOCK_A_STABLE
2015-02-26,155.28,156.1,154.62,155.77,2945847.0,STOCK_A_STABLE
2015-02-27,155.79,157.25,155.67,156.68,4905323.0,STOCK_A_STABLE
2015-03-02,156.3,156.61,155.69,155.7,3830548.0,STOCK_A_STABLE
2015-03-03,155.74,156.46,155.39,156.13,2796517.0,STOCK_A_STABLE
2015-03-04,156.36,156.99,156.36,156.37,2999993.0,STOCK_A_STABLE
2015-03-05,156.5,156.84,156.05,156.77,3263228.0,STOCK_A_STABLE
2015-03-06,158.33,159.29,157.94,158.2,2313493.0,STOCK_A_STABLE
2015-03-09,158.17,159.89,157.84,158.62,3420119.0,STOCK_A_STABLE
2015-03-10,159.67,160.23,159.16,159.76,1057676.0,STOCK_A_STABLE
2015-03-11,160.15,160.63,159.45,159.93,4168902.0,STOCK_A_STABLE
2015-03-12,159.97,161.02,159.6,160.46,4322221.0,STOCK_A_STABLE
2015-03-13,161.2,162.25,160.65,161.54,2231405.0,STOCK_A_STABLE
2015-03-16,159.08,159.64,159.04,159.25,2337701.0,STOCK_A_STABLE
2015-03-17,158.12,159.18,157.16,158.8,2537798.0,STOCK_A_STABLE
2015-03-18,157.92,158.54,157.19,158.12,4105115.0,STOCK_A_STABLE
2015-03-19,157.23,158.39,156.24,157.17,2769688.0,STOCK_A_STABLE
2015-03-20,156.61,156.88,156.23,156.8,1773461.0,STOCK_A_STABLE
2015-03-23,159.08,159.51,158.2,159.21,3111931.0,STOCK_A_STABLE
2015-03-24,157.88,158.17,157.01,157.89,3497723.0,STOCK_A_STABLE
2015-03-25,159.17,160.75,158.78,159.49,1549214.0,STOCK_A_STABLE
2015-03-26,157.19,158.15,156.86,156.87,674169.0,STOCK_A_STABLE
2015-03-27,157.08,157.32,156.1,156.4,2587361.0,STOCK_A_STABLE
2015-03-30,156.5,157.34,156.26,156.72,3228917.0,STOCK_A_STABLE
2015-03-31,157.93,158.51,157.32,157.7,3856130.0,STOCK_A_STABLE
2015-04-01,158.77,159.08,157.72,158.89,114551.0,STOCK_A_STABLE
2015-04-02,160.39,160.63,159.74,160.21,186092.0,STOCK_A_STABLE
2015-04-03,160.47,161.07,158.87,159.72,1993857.0,STOCK_A_STABLE
2015-04-06,159.28,159.77,158.53,159.04,2863186.0,STOCK_A_STABLE
2015-04-07,159.62,161.06,159.48,160.47,117474.0,STOCK_A_STABLE
2015-04-08,160.44,161.58,158.92,160.23,949880.0,STOCK_A_STABLE
2015-04-09,158.83,159.14,157.91,158.25,2152646.0,STOCK_A_STABLE
2015-04-10,156.41,157.08,155.88,156.52,1468978.0,STOCK_A_STABLE
2015-04-13,155.6,155.81,154.47,155.14,3581667.0,STOCK_A_STABLE
2015-04-14,155.65,157.49,155.33,155.97,270095.0,STOCK_A_STABLE
2015-04-15,155.56,156.32,155.1,156.26,4452872.0,STOCK_A_STABLE
2015-04-16,157.47,158.39,156.93,157.4,930367.0,STOCK_A_STABLE
2015-04-17,155.96,157.25,155.61,156.79,2259133.0,STOCK_A_STABLE
2015-04-20,156.99,157.13,156.1,157.1,4934484.0,STOCK_A_STABLE
2015-04-21,158.76,159.15,157.43,158.15,3347047.0,STOCK_A_STABLE
2015-04-22,156.82,157.97,155.23,157.72,4992761.0,STOCK_A_STABLE
2015-04-23,157.9,158.99,157.52,158.5,196354.0,STOCK_A_STABLE
2015-04-24,157.03,158.03,156.87,157.52,3627254.0,STOCK_A_STABLE
2015-04-27,156.98,157.63,156.88,157.01,470921.0,STOCK_A_STABLE
2015-04-28,156.3,157.22,155.24,156.47,3098098.0,STOCK_A_STABLE
2015-04-29,155.31,156.25,153.99,154.66,1697152.0,STOCK_A_STABLE
2015-04-30,155.92,157.05,155.18,155.48,3907334.0,STOCK_A_STABLE
2015-05-01,155.04,155.13,154.4,154.81,709326.0,STOCK_A_STABLE
2015-05-04,154.96,155.15,154.82,154.89,4493115.0,STOCK_A_STABLE
2015-05-05,155.88,156.73,155.34,155.7,2455725.0,STOCK_A_STABLE
2015-05-06,156.05,156.9,154.64,156.46,2644594.0,STOCK_A_STABLE
2015-05-07,157.97,158.59,157.55,157.56,2898439.0,STOCK_A_STABLE
2015-05-08,156.94,158.12,156.24,157.47,272891.0,STOCK_A_STABLE
2015-05-11,157.26,157.57,156.34,156.87,1621010.0,STOCK_A_STABLE
2015-05-12,157.36,157.47,155.75,156.8,3576039.0,STOCK_A_STABLE
2015-05-13,154.32,154.33,154.0,154.22,4808053.0,STOCK_A_STABLE
2015-05-14,151.97,152.7,151.0,152.05,4924552.0,STOCK_A_STABLE
2015-05-15,150.28,150.74,150.09,150.1,2724939.0,STOCK_A_STABLE
2015-05-18,147.39,149.45,146.93,148.66,1364459.0,STOCK_A_STABLE
2015-05-19,149.45,150.61,148.15,149.32,2440102.0,STOCK_A_STABLE
2015-05-20,147.97,148.17,146.95,148.02,2370981.0,STOCK_A_STABLE
2015-05-21,147.5,147.93,147.18,147.52,2046479.0,STOCK_A_STABLE
2015-05-22,149.82,150.73,148.52,149.5,1870244.0,STOCK_A_STABLE
2015-05-25,148.99,149.42,148.46,149.03,4354826.0,STOCK_A_STABLE
2015-05-26,149.67,150.69,149.24,150.19,2013290.0,STOCK_A_STABLE
2015-05-27,148.78,148.86,148.13,148.84,243367.0,STOCK_A_STABLE
2015-05-28,148.63,149.59,148.16,148.6,3634859.0,STOCK_A_STABLE
2015-05-29,147.3,148.49,146.93,147.24,3358856.0,STOCK_A_STABLE
2015-06-01,146.88,147.35,146.6,146.8,1954181.0,STOCK_A_STABLE
2015-06-02,148.56,148.87,147.75,148.1,3186963.0,STOCK_A_STABLE
2015-06-03,145.12,145.92,144.68,145.6,4711312.0,STOCK_A_STABLE
2015-06-04,146.37,146.59,146.24,146.29,4629657.0,STOCK_A_STABLE
2015-06-05,147.26,147.5,146.38,146.69,3969326.0,STOCK_A_STABLE
2015-06-08,145.12,146.06,144.69,145.88,2958378.0,STOCK_A_STABLE
2015-06-09,143.91,144.88,143.72,143.83,235470.0,STOCK_A_STABLE
2015-06-10,143.74,144.63,143.66,143.99,2609830.0,STOCK_A_STABLE
2015-06-11,143.13,143.89,142.3,143.29,4110889.0,STOCK_A_STABLE
2015-06-12,143.29,144.14,142.94,143.68,4239988.0,STOCK_A_STABLE
2015-06-15,143.69,144.28,143.67,143.77,3887001.0,STOCK_A_STABLE
2015-06-16,146.93,147.12,145.89,146.13,15275130.0,STOCK_A_STABLE
2015-06-17,145.28,146.5,144.54,145.84,2630819.0,STOCK_A_STABLE
2015-06-18,143.89,144.51,143.07,144.4,637546.0,STOCK_A_STABLE
2015-06-19,144.15,144.83,143.2,144.72,2534405.0,STOCK_A_STABLE
2015-06-22,145.85,145.92,145.08,145.09,1661698.0,STOCK_A_STABLE
2015-06-23,146.92,148.31,146.73,147.12,4194081.0,STOCK_A_STABLE
2015-06-24,148.4,148.46,148.17,148.41,3907978.0,STOCK_A_STABLE
2015-06-25,148.82,149.4,147.83,149.0,2181447.0,STOCK_A_STABLE
2015-06-26,150.81,151.96,150.73,151.24,2002385.0,STOCK_A_STABLE
2015-06-29,149.4,150.36,149.2,149.5,881365.0,STOCK_A_STABLE
2015-06-30,149.7,150.0,148.21,148.61,311513.0,STOCK_A_STABLE
2015-07-01,147.9,147.92,147.17,147.29,1633204.0,STOCK_A_STABLE
2015-07-02,146.4,147.11,145.11,146.77,1280985.0,STOCK_A_STABLE
2015-07-03,145.09,145.27,143.92,144.81,1399491.0,STOCK_A_STABLE
2015-07-06,145.43,146.37,144.23,145.79,4992519.0,STOCK_A_STABLE
2015-07-07,144.75,146.01,144.12,145.52,3437189.0,STOCK_A_STABLE
2015-07-08,143.88,143.88,142.62,143.44,2801814.0,STOCK_A_STABLE
2015-07-09,142.54,143.03,141.51,142.04,976479.0,STOCK_A_STABLE
2015-07-10,142.99,144.1,142.44,142.54,14779133.0,STOCK_A_STABLE
2015-07-13,143.59,143.83,143.23,143.8,3259384.0,STOCK_A_STABLE
2015-07-14,146.65,146.98,146.17,146.73,2622589.0,STOCK_A_STABLE
2015-07-15,151.4,151.48,150.1,151.06,2383238.0,STOCK_A_STABLE
2015-07-16,151.92,152.23,151.7,151.75,11081634.0,STOCK_A_STABLE
2015-07-17,150.13,150.39,149.85,150.31,4214338.0,STOCK_A_STABLE
2015-07-20,146.45,148.29,146.29,147.16,3628621.0,STOCK_A_STABLE
2015-07-21,147.66,147.86,147.22,147.61,2476493.0,STOCK_A_STABLE
2015-07-22,146.95,147.12,145.55,146.47,3371355.0,STOCK_A_STABLE
2015-07-23,145.4,147.09,145.32,145.92,4656039.0,STOCK_A_STABLE
2015-07-24,145.37,145.69,144.08,145.09,1698582.0,STOCK_A_STABLE
2015-07-27,145.09,146.14,144.59,144.94,4512298.0,STOCK_A_STABLE
2015-07-28,146.87,146.88,146.1,146.54,3073277.0,STOCK_A_STABLE
2015-07-29,147.22,148.27,146.55,146.83,1007909.0,STOCK_A_STABLE
2015-07-30,146.35,147.1,145.73,146.66,4838069.0,STOCK_A_STABLE
2015-07-31,144.49,145.38,144.37,145.2,3462215.0,STOCK_A_STABLE
2015-08-03,142.6,142.86,142.59,142.83,4736135.0,STOCK_A_STABLE
2015-08-04,142.57,142.92,141.7,142.19,1151661.0,STOCK_A_STABLE
2015-08-05,141.94,142.21,141.73,142.17,4587347.0,STOCK_A_STABLE
2015-08-06,144.44,145.26,144.35,144.74,4134191.0,STOCK_A_STABLE
2015-08-07,144.19,144.99,144.15,144.99,747472.0,STOCK_A_STABLE
2015-08-10,147.24,147.42,146.43,146.47,3215043.0,STOCK_A_STABLE
2015-08-11,146.16,146.3,145.74,145.8,661629.0,STOCK_A_STABLE
2015-08-12,144.46,145.03,143.91,144.13,1541176.0,STOCK_A_STABLE
2015-08-13,143.21,143.91,142.71,142.79,2883287.0,STOCK_A_STABLE
2015-08-14,142.06,142.44,141.45,141.81,1320705.0,STOCK_A_STABLE
2015-08-17,144.78,145.28,143.24,144.89,2611207.0,STOCK_A_STABLE
2015-08-18,143.69,143.98,142.88,143.76,2204930.0,STOCK_A_STABLE
2015-08-19,144.83,145.91,144.5,145.02,2949347.0,STOCK_A_STABLE
2015-08-20,144.91,145.57,143.48,143.77,4023542.0,STOCK_A_STABLE
2015-08-21,145.41,146.14,143.98,145.17,860396.0,STOCK_A_STABLE
2015-08-24,145.58,145.94,144.81,145.78,4001191.0,STOCK_A_STABLE
2015-08-25,145.82,146.36,145.36,145.61,1189600.0,STOCK_A_STABLE
2015-08-26,145.17,145.77,145.03,145.61,263543.0,STOCK_A_STABLE
2015-08-27,145.37,146.3,144.52,144.72,2287464.0,STOCK_A_STABLE
2015-08-28,145.13,146.25,144.41,145.42,1581207.0,STOCK_A_STABLE
2015-08-31,145.03,145.97,144.11,144.82,1004187.0,STOCK_A_STABLE
2015-09-01,143.56,144.03,142.84,143.1,2171969.0,STOCK_A_STABLE
2015-09-02,141.49,141.65,141.22,141.33,4357399.0,STOCK_A_STABLE
2015-09-03,141.67,142.02,140.57,141.63,2969351.0,STOCK_A_STABLE
2015-09-04,143.93,144.18,143.86,143.92,3666399.0,STOCK_A_STABLE
2015-09-07,144.18,144.89,143.73,144.21,832682.0,STOCK_A_STABLE
2015-09-08,143.85,145.11,143.74,144.1,471561.0,STOCK_A_STABLE
2015-09-09,144.37,145.25,143.4,144.57,1742886.0,STOCK_A_STABLE
2015-09-10,147.16,147.34,146.27,146.51,3894669.0,STOCK_A_STABLE
2015-09-11,146.84,147.32,145.85,146.89,4439425.0,STOCK_A_STABLE
2015-09-14,146.0,147.12,145.91,146.35,598557.0,STOCK_A_STABLE
2015-09-15,147.79,148.03,147.07,148.02,2435082.0,STOCK_A_STABLE
2015-09-16,149.21,149.35,148.21,148.72,2042888.0,STOCK_A_STABLE
2015-09-17,151.37,152.07,150.36,151.06,3746301.0,STOCK_A_STABLE
2015-09-18,151.65,152.61,151.04,151.4,1106969.0,STOCK_A_STABLE
2015-09-21,149.49,149.62,148.8,149.6,2475414.0,STOCK_A_STABLE
2015-09-22,147.87,148.51,146.7,147.62,4264082.0,STOCK_A_STABLE
2015-09-23,149.82,150.42,149.36,150.11,2378414.0,STOCK_A_STABLE
2015-09-24,152.64,153.24,151.73,152.76,3928262.0,STOCK_A_STABLE
2015-09-25,152.99,153.78,151.65,152.55,3147435.0,STOCK_A_STABLE
2015-09-28,152.42,152.75,151.57,152.02,8823771.0,STOCK_A_STABLE
2015-09-29,153.85,154.88,153.55,154.31,1370886.0,STOCK_A_STABLE
2015-09-30,152.27,153.49,151.7,152.66,4963191.0,STOCK_A_STABLE
2015-10-01,151.41,152.4,150.98,151.36,1324030.0,STOCK_A_STABLE
2015-10-02,153.18,153.55,151.81,152.39,4661853.0,STOCK_A_STABLE
2015-10-05,150.98,152.43,150.42,151.85,4947833.0,STOCK_A_STABLE
2015-10-06,152.03,152.19,151.77,151.9,2605796.0,STOCK_A_STABLE
2015-10-07,151.09,152.45,151.01,151.72,4358060.0,STOCK_A_STABLE
2015-10-08,152.0,152.86,151.68,152.29,3603941.0,STOCK_A_STABLE
2015-10-09,154.32,155.23,154.14,154.49,11791291.0,STOCK_A_STABLE
2015-10-12,154.5,154.8,154.16,154.69,435699.0,STOCK_A_STABLE
2015-10-13,155.5,155.78,155.38,155.75,772008.0,STOCK_A_STABLE
2015-10-14,152.62,153.06,152.11,152.62,441130.0,STOCK_A_STABLE
2015-10-15,152.36,152.99,151.37,152.61,248101.0,STOCK_A_STABLE
2015-10-16,150.72,151.8,150.64,151.38,4196288.0,STOCK_A_STABLE
2015-10-19,149.95,150.01,148.77,149.6,959521.0,STOCK_A_STABLE
2015-10-20,148.68,149.28,148.18,148.34,131042.0,STOCK_A_STABLE
2015-10-21,148.28,149.64,146.94,147.91,4694881.0,STOCK_A_STABLE
2015-10-22,148.63,150.22,148.35,149.32,1465908.0,STOCK_A_STABLE
2015-10-23,147.53,147.72,147.33,147.4,4099819.0,STOCK_A_STABLE
2015-10-26,147.8,148.45,147.06,147.5,18719080.0,STOCK_A_STABLE
2015-10-27,146.4,147.45,145.18,146.85,2663072.0,STOCK_A_STABLE
2015-10-28,146.43,146.98,146.12,146.43,4640929.0,STOCK_A_STABLE
2015-10-29,147.9,148.35,147.69,147.95,4847024.0,STOCK_A_STABLE
2015-10-30,149.63,149.98,147.08,148.81,807020.0,STOCK_A_STABLE
2015-11-02,151.73,151.78,150.27,150.86,818252.0,STOCK_A_STABLE
2015-11-03,149.93,150.88,149.27,150.69,1912699.0,STOCK_A_STABLE
2015-11-04,150.82,151.11,149.1,149.7,2839837.0,STOCK_A_STABLE
2015-11-05,149.01,149.43,148.79,149.42,3951581.0,STOCK_A_STABLE
2015-11-06,150.29,151.09,149.32,149.84,997788.0,STOCK_A_STABLE
2015-11-09,150.61,151.04,150.04,150.17,1047671.0,STOCK_A_STABLE
2015-11-10,148.16,148.63,147.83,148.6,1601500.0,STOCK_A_STABLE
2015-11-11,149.02,149.71,148.61,148.79,1429831.0,STOCK_A_STABLE
2015-11-12,149.15,149.62,149.08,149.19,4706661.0,STOCK_A_STABLE
2015-11-13,153.26,154.25,152.62,153.01,2040354.0,STOCK_A_STABLE
2015-11-16,156.05,156.07,155.15,155.94,4354564.0,STOCK_A_STABLE
2015-11-17,155.23,156.03,153.73,154.67,373823.0,STOCK_A_STABLE
2015-11-18,154.33,154.43,153.44,154.29,598814.0,STOCK_A_STABLE
2015-11-19,152.02,152.22,151.77,152.1,4037707.0,STOCK_A_STABLE
2015-11-20,151.76,152.28,150.68,151.26,1322764.0,STOCK_A_STABLE
2015-11-23,152.06,153.13,151.02,151.8,504849.0,STOCK_A_STABLE
2015-11-24,154.02,154.66,153.35,153.69,3013086.0,STOCK_A_STABLE
2015-11-25,152.32,153.07,152.12,152.63,821690.0,STOCK_A_STABLE
2015-11-26,151.21,152.04,150.83,151.69,400628.0,STOCK_A_STABLE
2015-11-27,148.24,149.6,147.99,148.49,2089970.0,STOCK_A_STABLE
2015-11-30,148.04,149.07,147.39,148.31,2795414.0,STOCK_A_STABLE
2015-12-01,147.14,147.51,146.42,146.8,2684062.0,STOCK_A_STABLE
2015-12-02,146.5,147.03,145.27,146.08,2964008.0,STOCK_A_STABLE
2015-12-03,144.79,145.18,143.84,144.85,215766.0,STOCK_A_STABLE
2015-12-04,145.4,145.49,144.37,144.78,1525739.0,STOCK_A_STABLE
2015-12-07,142.87,143.48,141.5,142.29,1782968.0,STOCK_A_STABLE
2015-12-08,140.36,140.44,140.15,140.26,1536302.0,STOCK_A_STABLE
2015-12-09,142.95,143.86,141.72,143.3,2839337.0,STOCK_A_STABLE
2015-12-10,142.18,142.46,141.02,141.51,1222488.0,STOCK_A_STABLE
2015-12-11,139.99,140.47,139.96,140.02,3196766.0,STOCK_A_STABLE
2015-12-14,142.7,143.54,141.84,142.65,4684814.0,STOCK_A_STABLE
2015-12-15,146.7,147.07,146.34,146.85,3337688.0,STOCK_A_STABLE
2015-12-16,144.8,145.72,143.36,145.19,2005468.0,STOCK_A_STABLE
2015-12-17,144.07,144.88,143.65,144.71,2230125.0,STOCK_A_STABLE
2015-12-18,145.54,145.82,144.69,145.26,2967818.0,STOCK_A_STABLE
2015-12-21,147.48,148.11,146.76,147.83,3647447.0,STOCK_A_STABLE
2015-12-22,147.77,148.0,145.73,146.43,1577715.0,STOCK_A_STABLE
2015-12-23,145.65,146.29,145.54,146.13,288227.0,STOCK_A_STABLE
2015-12-24,146.77,147.95,146.73,147.32,3543053.0,STOCK_A_STABLE
2015-12-25,148.25,148.77,147.41,148.02,3341552.0,STOCK_A_STABLE
2015-12-28,148.2,148.58,147.16,147.53,597062.0,STOCK_A_STABLE
2015-12-29,147.42,147.94,147.12,147.39,3170126.0,STOCK_A_STABLE
2015-12-30,145.67,146.24,145.19,145.42,451043.0,STOCK_A_STABLE
2015-12-31,144.33,145.52,143.63,145.13,3251168.0,STOCK_A_STABLE
2016-01-01,144.51,145.11,142.18,144.8,3746990.0,STOCK_A_STABLE
2016-01-04,144.73,145.21,144.33,145.2,176045.0,STOCK_A_STABLE
2016-01-05,143.63,145.27,143.57,144.45,3660672.0,STOCK_A_STABLE
2016-01-06,145.24,145.71,144.43,145.19,690191.0,STOCK_A_STABLE
2016-01-07,145.73,147.18,145.36,146.72,1398506.0,STOCK_A_STABLE
2016-01-08,146.42,148.13,146.3,147.0,3553733.0,STOCK_A_STABLE
2016-01-11,147.34,147.99,147.03,147.58,1839728.0,STOCK_A_STABLE
2016-01-12,147.35,148.3,147.34,147.72,4887477.0,STOCK_A_STABLE
2016-01-13,147.95,148.38,146.72,147.78,4790576.0,STOCK_A_STABLE
2016-01-14,146.9,147.05,146.04,146.77,4935847.0,STOCK_A_STABLE
2016-01-15,147.69,149.08,147.2,147.29,611218.0,STOCK_A_STABLE
2016-01-18,147.54,147.66,146.5,147.21,963810.0,STOCK_A_STABLE
2016-01-19,150.86,151.19,149.54,150.35,997420.0,STOCK_A_STABLE
2016-01-20,152.77,153.25,152.74,152.77,2968210.0,STOCK_A_STABLE
2016-01-21,153.56,153.78,152.36,153.42,2207187.0,STOCK_A_STABLE
2016-01-22,152.55,152.91,151.88,152.31,3754698.0,STOCK_A_STABLE
2016-01-25,150.75,151.1,150.06,150.68,1482284.0,STOCK_A_STABLE
2016-01-26,152.35,152.98,150.88,152.54,1078802.0,STOCK_A_STABLE
2016-01-27,152.85,153.47,152.34,153.0,3280141.0,STOCK_A_STABLE
2016-01-28,153.42,154.1,153.35,153.79,3124586.0,STOCK_A_STABLE
2016-01-29,151.36,152.71,150.73,151.17,3483948.0,STOCK_A_STABLE
2016-02-01,152.59,153.3,152.28,152.63,1629112.0,STOCK_A_STABLE
2016-02-02,153.08,153.85,152.57,153.39,2679301.0,STOCK_A_STABLE
2016-02-03,151.45,151.79,151.01,151.75,4648923.0,STOCK_A_STABLE
2016-02-04,150.54,151.66,150.26,151.09,3094866.0,STOCK_A_STABLE
2016-02-05,152.0,152.31,151.22,151.55,4669205.0,STOCK_A_STABLE
2016-02-08,151.73,152.47,151.02,151.69,2223762.0,STOCK_A_STABLE
2016-02-09,150.92,151.41,150.1,151.31,319729.0,STOCK_A_STABLE
2016-02-10,151.58,151.84,150.76,151.21,3825897.0,STOCK_A_STABLE
2016-02-11,150.64,151.14,150.49,150.89,2356230.0,STOCK_A_STABLE
2016-02-12,150.55,151.19,149.99,151.18,306282.0,STOCK_A_STABLE
2016-02-15,153.94,154.89,153.14,153.47,779799.0,STOCK_A_STABLE
2016-02-16,149.35,149.96,148.87,149.59,1633167.0,STOCK_A_STABLE
2016-02-17,149.11,149.54,148.3,149.3,1035882.0,STOCK_A_STABLE
2016-02-18,149.64,149.88,148.71,149.62,3453707.0,STOCK_A_STABLE
2016-02-19,150.64,150.68,149.37,150.12,3094683.0,STOCK_A_STABLE
2016-02-22,149.63,150.49,148.83,149.62,1715261.0,STOCK_A_STABLE
2016-02-23,146.53,147.53,146.02,147.06,514817.0,STOCK_A_STABLE
2016-02-24,147.84,148.42,147.19,147.6,484822.0,STOCK_A_STABLE
2016-02-25,149.99,150.61,149.5,150.21,4733614.0,STOCK_A_STABLE
2016-02-26,148.8,149.18,147.84,147.96,1790565.0,STOCK_A_STABLE
2016-02-29,149.3,149.78,148.52,149.3,625731.0,STOCK_A_STABLE
2016-03-01,147.87,149.37,147.3,148.87,3586324.0,STOCK_A_STABLE
2016-03-02,149.0,149.09,148.45,148.84,4362836.0,STOCK_A_STABLE
2016-03-03,148.19,149.02,146.95,147.33,697725.0,STOCK_A_STABLE
2016-03-04,147.59,147.86,146.28,146.89,4730113.0,STOCK_A_STABLE
2016-03-07,149.68,149.81,148.46,148.86,3650693.0,STOCK_A_STABLE
2016-03-08,149.33,149.93,149.06,149.79,1334995.0,STOCK_A_STABLE
2016-03-09,152.86,152.88,151.52,152.44,3899733.0,STOCK_A_STABLE
2016-03-10,153.97,154.74,153.62,154.3,2157737.0,STOCK_A_STABLE
2016-03-11,155.14,155.52,154.38,155.04,3212973.0,STOCK_A_STABLE
2016-03-14,157.2,157.83,156.9,157.81,721837.0,STOCK_A_STABLE
2016-03-15,158.25,158.67,157.63,158.56,1296746.0,STOCK_A_STABLE
2016-03-16,159.61,160.17,158.79,159.94,3889794.0,STOCK_A_STABLE
2016-03-17,159.96,160.7,159.45,159.53,4045947.0,STOCK_A_STABLE
2016-03-18,160.08,160.65,159.67,159.7,153559.0,STOCK_A_STABLE
2016-03-21,158.78,160.18,158.49,158.65,1150768.0,STOCK_A_STABLE
2016-03-22,159.63,160.64,159.35,160.28,3076901.0,STOCK_A_STABLE
2016-03-23,158.31,159.22,157.91,158.46,4538522.0,STOCK_A_STABLE
2016-03-24,159.4,159.84,159.15,159.76,3404060.0,STOCK_A_STABLE
2016-03-25,159.94,160.17,159.41,159.52,3562563.0,STOCK_A_STABLE
2016-03-28,162.02,162.41,160.98,161.45,2004339.0,STOCK_A_STABLE
2016-03-29,163.24,164.03,162.01,162.73,368127.0,STOCK_A_STABLE
2016-03-30,165.38,165.8,165.15,165.76,3852979.0,STOCK_A_STABLE
2016-03-31,165.66,168.15,164.99,167.03,4016506.0,STOCK_A_STABLE
2016-04-01,163.6,165.6,163.48,164.47,2272163.0,STOCK_A_STABLE
2016-04-04,165.13,165.78,163.28,164.43,2581524.0,STOCK_A_STABLE
2016-04-05,162.37,162.79,162.35,162.57,1251749.0,STOCK_A_STABLE
2016-04-06,161.43,162.44,161.3,161.79,2317979.0,STOCK_A_STABLE
2016-04-07,165.11,165.59,163.92,164.3,1285579.0,STOCK_A_STABLE
2016-04-08,166.04,166.15,164.37,165.41,2160504.0,STOCK_A_STABLE
2016-04-11,164.34,164.7,163.56,164.32,756821.0,STOCK_A_STABLE
2016-04-12,162.58,163.14,162.12,162.72,3072487.0,STOCK_A_STABLE
2016-04-13,162.78,162.96,161.35,162.84,1312892.0,STOCK_A_STABLE
2016-04-14,161.04,161.14,160.23,160.93,3650434.0,STOCK_A_STABLE
2016-04-15,160.68,160.84,159.89,159.91,2636964.0,STOCK_A_STABLE
2016-04-18,160.68,160.99,159.75,160.47,4490285.0,STOCK_A_STABLE
2016-04-19,162.75,163.12,161.51,162.39,1183733.0,STOCK_A_STABLE
2016-04-20,164.02,164.9,163.18,163.45,1437429.0,STOCK_A_STABLE
2016-04-21,159.21,160.8,158.77,159.77,1290900.0,STOCK_A_STABLE
2016-04-22,160.68,162.28,159.85,160.32,3190803.0,STOCK_A_STABLE
2016-04-25,160.35,160.78,160.14,160.5,623579.0,STOCK_A_STABLE
2016-04-26,160.01,162.08,159.94,161.22,3463078.0,STOCK_A_STABLE
2016-04-27,162.85,164.4,162.53,163.89,4113318.0,STOCK_A_STABLE
2016-04-28,160.09,160.91,159.3,160.58,3406505.0,STOCK_A_STABLE
2016-04-29,159.95,160.81,159.26,159.69,759887.0,STOCK_A_STABLE
2016-05-02,160.76,161.54,160.6,160.7,2515703.0,STOCK_A_STABLE
2016-05-03,158.31,158.39,158.1,158.22,2714051.0,STOCK_A_STABLE
2016-05-04,161.56,161.69,159.44,160.62,2016010.0,STOCK_A_STABLE
2016-05-05,160.66,161.84,160.51,161.28,2384994.0,STOCK_A_STABLE
2016-05-06,162.69,162.93,161.64,162.71,3835656.0,STOCK_A_STABLE
2016-05-09,161.99,163.01,161.57,161.84,4189591.0,STOCK_A_STABLE
2016-05-10,162.87,163.63,162.51,163.23,1570048.0,STOCK_A_STABLE
2016-05-11,165.05,165.79,164.95,165.04,1716174.0,STOCK_A_STABLE
2016-05-12,164.69,165.54,163.89,165.49,1119460.0,STOCK_A_STABLE
2016-05-13,166.64,166.91,164.77,165.94,2068719.0,STOCK_A_STABLE
2016-05-16,166.11,166.77,165.4,166.45,2774563.0,STOCK_A_STABLE
2016-05-17,166.09,166.65,164.65,165.08,3596450.0,STOCK_A_STABLE
2016-05-18,164.89,165.58,164.76,164.91,1411293.0,STOCK_A_STABLE
2016-05-19,165.23,165.48,164.32,164.72,1160067.0,STOCK_A_STABLE
2016-05-20,165.39,165.74,164.26,165.42,262842.0,STOCK_A_STABLE
2016-05-23,167.12,168.14,166.75,167.14,560063.0,STOCK_A_STABLE
2016-05-24,165.15,166.13,164.78,165.44,352721.0,STOCK_A_STABLE
2016-05-25,165.35,165.72,164.56,165.3,1116121.0,STOCK_A_STABLE
2016-05-26,167.97,168.08,167.39,167.81,3505551.0,STOCK_A_STABLE
2016-05-27,166.24,167.01,166.13,166.63,3893612.0,STOCK_A_STABLE
2016-05-30,165.26,165.84,164.41,165.33,20037283.0,STOCK_A_STABLE
2016-05-31,165.42,165.85,164.74,165.73,2770962.0,STOCK_A_STABLE
2016-06-01,168.35,169.01,167.16,167.19,2327973.0,STOCK_A_STABLE
2016-06-02,167.23,167.32,166.99,167.28,4506973.0,STOCK_A_STABLE
2016-06-03,170.35,170.47,168.41,169.57,820599.0,STOCK_A_STABLE
2016-06-06,170.99,171.73,170.65,171.09,3188247.0,STOCK_A_STABLE
2016-06-07,172.73,173.0,172.03,172.6,4108607.0,STOCK_A_STABLE
2016-06-08,172.93,173.94,172.05,173.62,2562506.0,STOCK_A_STABLE
2016-06-09,177.5,177.96,177.25,177.73,1381035.0,STOCK_A_STABLE
2016-06-10,177.55,177.69,176.64,177.44,3142247.0,STOCK_A_STABLE
2016-06-13,174.78,175.28,173.9,173.96,4978569.0,STOCK_A_STABLE
2016-06-14,176.93,177.14,176.17,176.82,1256124.0,STOCK_A_STABLE
2016-06-15,176.81,177.04,175.18,176.08,2859994.0,STOCK_A_STABLE
2016-06-16,176.68,177.87,176.34,176.34,348745.0,STOCK_A_STABLE
2016-06-17,179.59,180.55,178.61,178.72,1239899.0,STOCK_A_STABLE
2016-06-20,175.89,176.37,175.48,175.93,3858666.0,STOCK_A_STABLE
2016-06-21,175.04,175.31,173.1,173.79,2530423.0,STOCK_A_STABLE
2016-06-22,170.83,171.14,169.95,171.08,1076213.0,STOCK_A_STABLE
2016-06-23,169.4,170.65,169.12,169.79,1743368.0,STOCK_A_STABLE
2016-06-24,169.99,170.75,169.24,170.61,692683.0,STOCK_A_STABLE
2016-06-27,172.77,172.84,170.81,171.57,3919412.0,STOCK_A_STABLE
2016-06-28,172.53,172.69,171.53,172.11,4720064.0,STOCK_A_STABLE
2016-06-29,169.58,170.07,169.22,169.75,618497.0,STOCK_A_STABLE
2016-06-30,166.52,167.13,165.06,165.89,1265892.0,STOCK_A_STABLE
2016-07-01,166.39,166.85,165.64,166.05,4299313.0,STOCK_A_STABLE
2016-07-04,166.31,166.76,164.74,165.33,4405475.0,STOCK_A_STABLE
2016-07-05,165.39,167.12,164.21,166.16,3859950.0,STOCK_A_STABLE
2016-07-06,167.26,167.91,166.65,167.39,3603726.0,STOCK_A_STABLE
2016-07-07,167.46,167.95,167.18,167.69,4320682.0,STOCK_A_STABLE
2016-07-08,168.03,169.1,167.64,169.03,1930051.0,STOCK_A_STABLE
2016-07-11,170.03,170.1,168.57,169.49,4485469.0,STOCK_A_STABLE
2016-07-12,170.32,170.48,169.86,170.45,4444403.0,STOCK_A_STABLE
2016-07-13,169.7,170.02,169.25,169.32,1225911.0,STOCK_A_STABLE
2016-07-14,170.28,172.01,168.78,169.08,457734.0,STOCK_A_STABLE
2016-07-15,169.31,169.61,169.24,169.48,2652928.0,STOCK_A_STABLE
2016-07-18,170.73,171.4,170.56,170.94,3815682.0,STOCK_A_STABLE
2016-07-19,170.4,171.55,170.29,170.34,4264618.0,STOCK_A_STABLE
2016-07-20,171.8,172.13,171.18,171.29,798049.0,STOCK_A_STABLE
2016-07-21,170.62,171.75,170.41,170.91,1949201.0,STOCK_A_STABLE
2016-07-22,170.45,171.05,170.16,170.77,3862465.0,STOCK_A_STABLE
2016-07-25,172.81,175.84,172.1,172.26,395997.0,STOCK_A_STABLE
2016-07-26,169.09,169.54,168.62,168.9,3642370.0,STOCK_A_STABLE
2016-07-27,165.75,168.05,165.62,166.77,1529008.0,STOCK_A_STABLE
2016-07-28,163.76,165.68,162.99,164.37,209988.0,STOCK_A_STABLE
2016-07-29,161.32,162.3,159.96,160.6,1285409.0,STOCK_A_STABLE
2016-08-01,159.77,161.54,159.32,159.57,3734930.0,STOCK_A_STABLE
2016-08-02,160.47,161.44,159.52,160.83,4363306.0,STOCK_A_STABLE
2016-08-03,160.36,160.44,160.26,160.44,498276.0,STOCK_A_STABLE
2016-08-04,160.83,162.34,160.56,160.82,2372847.0,STOCK_A_STABLE
2016-08-05,163.0,163.29,162.49,162.64,1085752.0,STOCK_A_STABLE
2016-08-08,164.19,165.62,163.44,164.86,3449366.0,STOCK_A_STABLE
2016-08-09,164.4,165.05,163.54,164.81,3925371.0,STOCK_A_STABLE
2016-08-10,167.25,167.64,166.99,167.11,4814383.0,STOCK_A_STABLE
2016-08-11,167.28,167.61,166.83,167.33,1839137.0,STOCK_A_STABLE
2016-08-12,166.28,167.52,165.89,166.0,1566020.0,STOCK_A_STABLE
2016-08-15,164.47,165.53,164.12,165.08,1618194.0,STOCK_A_STABLE
2016-08-16,162.87,164.01,161.84,162.7,3829877.0,STOCK_A_STABLE
2016-08-17,161.85,162.58,161.19,161.32,2280884.0,STOCK_A_STABLE
2016-08-18,161.04,162.32,160.71,160.81,211544.0,STOCK_A_STABLE
2016-08-19,162.23,163.21,161.79,162.16,4743320.0,STOCK_A_STABLE
2016-08-22,164.97,165.58,164.48,165.02,610169.0,STOCK_A_STABLE
2016-08-23,162.39,163.84,162.27,162.8,4648063.0,STOCK_A_STABLE
2016-08-24,163.47,163.54,163.29,163.51,3762078.0,STOCK_A_STABLE
2016-08-25,162.48,162.74,160.86,161.87,2736860.0,STOCK_A_STABLE
2016-08-26,162.65,163.63,162.48,162.7,1630849.0,STOCK_A_STABLE
2016-08-29,162.12,163.06,162.09,162.56,3465303.0,STOCK_A_STABLE
2016-08-30,159.41,160.03,159.33,159.64,2074637.0,STOCK_A_STABLE
2016-08-31,161.29,161.64,161.17,161.19,1899978.0,STOCK_A_STABLE
2016-09-01,160.1,160.39,159.93,160.28,2437377.0,STOCK_A_STABLE
2016-09-02,159.72,160.97,158.63,159.49,4857133.0,STOCK_A_STABLE
2016-09-05,158.09,158.3,157.1,157.85,1302123.0,STOCK_A_STABLE
2016-09-06,157.29,157.3,156.66,156.88,1176635.0,STOCK_A_STABLE
2016-09-07,158.28,158.39,157.19,157.61,424455.0,STOCK_A_STABLE
2016-09-08,157.84,158.08,157.07,157.37,3719383.0,STOCK_A_STABLE
2016-09-09,157.51,158.11,157.22,157.96,3419863.0,STOCK_A_STABLE
2016-09-12,158.16,158.76,156.42,158.59,3082925.0,STOCK_A_STABLE
2016-09-13,160.71,160.93,160.32,160.75,215940.0,STOCK_A_STABLE
2016-09-14,160.04,160.9,159.32,160.26,3973845.0,STOCK_A_STABLE
2016-09-15,157.42,158.02,157.23,157.96,4066406.0,STOCK_A_STABLE
2016-09-16,159.5,159.91,158.86,159.71,4730540.0,STOCK_A_STABLE
2016-09-19,159.02,159.36,158.82,159.24,4652858.0,STOCK_A_STABLE
2016-09-20,160.76,161.5,160.3,161.08,1389569.0,STOCK_A_STABLE
2016-09-21,161.61,162.1,161.35,161.76,11377524.0,STOCK_A_STABLE
2016-09-22,162.19,162.55,161.35,161.61,2072966.0,STOCK_A_STABLE
2016-09-23,162.34,162.59,162.1,162.24,3020206.0,STOCK_A_STABLE
2016-09-26,166.7,166.72,165.23,165.47,1729225.0,STOCK_A_STABLE
2016-09-27,169.06,169.27,168.85,168.98,3319390.0,STOCK_A_STABLE
2016-09-28,169.01,169.38,168.52,169.16,4768500.0,STOCK_A_STABLE
2016-09-29,169.5,169.85,168.93,169.5,3295888.0,STOCK_A_STABLE
2016-09-30,171.52,172.65,170.7,171.39,4612164.0,STOCK_A_STABLE
2016-10-03,170.23,170.49,169.49,170.01,4665355.0,STOCK_A_STABLE
2016-10-04,171.71,171.87,170.2,170.65,682505.0,STOCK_A_STABLE
2016-10-05,170.24,171.25,169.92,170.67,4825098.0,STOCK_A_STABLE
2016-10-06,171.71,172.08,171.14,171.27,4109551.0,STOCK_A_STABLE
2016-10-07,170.02,171.31,168.85,169.91,2190887.0,STOCK_A_STABLE
2016-10-10,166.49,167.54,166.21,167.28,3040389.0,STOCK_A_STABLE
2016-10-11,164.26,164.83,163.76,163.88,3123687.0,STOCK_A_STABLE
2016-10-12,162.73,163.38,161.72,162.12,3953286.0,STOCK_A_STABLE
2016-10-13,161.02,162.56,160.46,161.44,4033754.0,STOCK_A_STABLE
2016-10-14,161.02,162.02,160.98,161.03,601949.0,STOCK_A_STABLE
2016-10-17,163.36,165.11,163.19,164.21,105086.0,STOCK_A_STABLE
2016-10-18,165.47,166.49,165.13,166.09,1307826.0,STOCK_A_STABLE
2016-10-19,165.08,165.67,164.27,164.56,2682377.0,STOCK_A_STABLE
2016-10-20,164.97,166.4,164.24,165.2,4261051.0,STOCK_A_STABLE
2016-10-21,164.05,164.83,163.65,164.59,3299094.0,STOCK_A_STABLE
2016-10-24,164.3,164.48,163.82,164.19,765837.0,STOCK_A_STABLE
2016-10-25,164.3,165.51,164.1,164.56,3614306.0,STOCK_A_STABLE
2016-10-26,165.41,166.08,164.49,165.65,2394095.0,STOCK_A_STABLE
2016-10-27,165.52,166.97,164.81,165.15,1907068.0,STOCK_A_STABLE
2016-10-28,166.39,167.14,165.45,166.97,3881119.0,STOCK_A_STABLE
2016-10-31,164.69,165.4,164.27,165.13,1548657.0,STOCK_A_STABLE
2016-11-01,165.29,165.69,164.87,165.21,3131485.0,STOCK_A_STABLE
2016-11-02,170.06,171.32,169.56,169.57,992498.0,STOCK_A_STABLE
2016-11-03,170.65,170.84,169.13,170.01,1969664.0,STOCK_A_STABLE
2016-11-04,172.17,173.31,172.09,172.52,2833296.0,STOCK_A_STABLE
2016-11-07,173.23,173.65,172.1,172.75,3154727.0,STOCK_A_STABLE
2016-11-08,173.41,173.83,172.85,173.82,4604586.0,STOCK_A_STABLE
2016-11-09,174.74,175.44,173.37,173.79,1522695.0,STOCK_A_STABLE
2016-11-10,172.97,173.72,172.66,173.56,4490292.0,STOCK_A_STABLE
2016-11-11,172.97,173.67,171.95,172.28,4101374.0,STOCK_A_STABLE
2016-11-14,172.75,173.39,171.07,173.09,1863833.0,STOCK_A_STABLE
2016-11-15,172.72,172.84,170.3,171.68,786411.0,STOCK_A_STABLE
2016-11-16,173.2,173.75,172.53,172.9,1363490.0,STOCK_A_STABLE
2016-11-17,174.31,175.45,173.82,174.84,3323273.0,STOCK_A_STABLE
2016-11-18,175.28,177.75,175.18,175.55,3965089.0,STOCK_A_STABLE
2016-11-21,175.53,175.8,173.82,175.12,3100133.0,STOCK_A_STABLE
2016-11-22,176.54,178.36,175.51,175.98,3652402.0,STOCK_A_STABLE
2016-11-23,175.47,176.57,175.08,175.51,598289.0,STOCK_A_STABLE
2016-11-24,177.25,177.42,176.84,177.22,2576165.0,STOCK_A_STABLE
2016-11-25,174.45,174.45,173.9,174.05,4381547.0,STOCK_A_STABLE
2016-11-28,173.6,173.92,173.37,173.53,2006248.0,STOCK_A_STABLE
2016-11-29,169.49,170.85,168.96,170.15,4504523.0,STOCK_A_STABLE
2016-11-30,167.26,167.99,166.69,167.67,706609.0,STOCK_A_STABLE
2016-12-01,170.15,170.25,169.22,170.03,4895819.0,STOCK_A_STABLE
2016-12-02,172.24,172.79,170.08,171.62,3947179.0,STOCK_A_STABLE
2016-12-05,171.28,171.29,168.93,170.45,3168514.0,STOCK_A_STABLE
2016-12-06,168.35,170.49,166.86,167.96,3125575.0,STOCK_A_STABLE
2016-12-07,163.19,163.29,162.21,163.05,4688004.0,STOCK_A_STABLE
2016-12-08,162.59,162.72,162.17,162.23,1946720.0,STOCK_A_STABLE
2016-12-09,165.88,167.35,165.11,166.22,908180.0,STOCK_A_STABLE
2016-12-12,166.93,167.37,166.87,167.01,4602061.0,STOCK_A_STABLE
2016-12-13,165.73,166.9,164.7,166.14,603513.0,STOCK_A_STABLE
2016-12-14,166.35,167.87,165.35,166.98,3332396.0,STOCK_A_STABLE
2016-12-15,164.6,166.02,163.7,164.44,1403346.0,STOCK_A_STABLE
2016-12-16,164.11,164.13,163.99,164.01,4653270.0,STOCK_A_STABLE
2016-12-19,164.58,165.48,163.44,164.24,4870973.0,STOCK_A_STABLE
2016-12-20,164.44,164.46,163.78,164.17,2424621.0,STOCK_A_STABLE
2016-12-21,165.65,165.88,164.33,165.53,2712978.0,STOCK_A_STABLE
2016-12-22,166.45,167.68,165.54,166.17,2327627.0,STOCK_A_STABLE
2016-12-23,167.32,167.65,166.25,167.35,2183587.0,STOCK_A_STABLE
2016-12-26,166.47,166.91,166.07,166.26,4692472.0,STOCK_A_STABLE
2016-12-27,167.45,169.02,166.89,167.82,1506819.0,STOCK_A_STABLE
2016-12-28,170.81,171.59,169.65,170.62,4802977.0,STOCK_A_STABLE
2016-12-29,169.37,169.89,168.87,169.03,3287057.0,STOCK_A_STABLE
2016-12-30,167.26,168.36,167.04,167.6,4807759.0,STOCK_A_STABLE
2017-01-02,169.93,170.33,169.34,169.91,3099275.0,STOCK_A_STABLE
2017-01-03,169.33,170.09,168.47,169.65,4112597.0,STOCK_A_STABLE
2017-01-04,171.83,172.46,171.31,172.1,2500874.0,STOCK_A_STABLE
2017-01-05,170.83,172.0,169.2,171.41,2365790.0,STOCK_A_STABLE
2017-01-06,174.63,175.9,172.45,173.97,1361690.0,STOCK_A_STABLE
2017-01-09,174.82,175.87,173.01,174.27,1130466.0,STOCK_A_STABLE
2017-01-10,175.07,175.58,173.33,174.79,284687.0,STOCK_A_STABLE
2017-01-11,178.64,178.74,177.53,177.59,1978860.0,STOCK_A_STABLE
2017-01-12,176.92,177.29,176.34,177.02,4939925.0,STOCK_A_STABLE
2017-01-13,177.02,177.25,175.22,175.42,4697657.0,STOCK_A_STABLE
2017-01-16,174.59,175.49,173.98,174.71,3482086.0,STOCK_A_STABLE
2017-01-17,175.7,176.51,175.21,175.57,1881416.0,STOCK_A_STABLE
2017-01-18,172.68,173.49,172.52,172.89,2649798.0,STOCK_A_STABLE
2017-01-19,174.26,174.42,174.05,174.06,3807915.0,STOCK_A_STABLE
2017-01-20,173.63,174.22,172.8,173.19,109852.0,STOCK_A_STABLE
2017-01-23,175.19,175.38,174.82,175.25,4622721.0,STOCK_A_STABLE
2017-01-24,172.04,172.26,170.92,171.12,4365182.0,STOCK_A_STABLE
2017-01-25,169.97,172.29,169.18,169.85,4854921.0,STOCK_A_STABLE
2017-01-26,167.19,168.8,166.75,167.05,562340.0,STOCK_A_STABLE
2017-01-27,165.28,166.11,164.97,165.74,4743603.0,STOCK_A_STABLE
2017-01-30,166.42,166.82,166.13,166.21,3106147.0,STOCK_A_STABLE
2017-01-31,165.92,167.26,165.0,165.98,2819782.0,STOCK_A_STABLE
2017-02-01,165.33,165.86,165.21,165.63,979681.0,STOCK_A_STABLE
2017-02-02,165.05,165.52,164.44,165.43,2510212.0,STOCK_A_STABLE
2017-02-03,167.16,167.49,164.64,165.83,1880181.0,STOCK_A_STABLE
2017-02-06,164.1,165.31,163.79,164.23,4939438.0,STOCK_A_STABLE
2017-02-07,164.73,165.52,164.71,165.45,1764586.0,STOCK_A_STABLE
2017-02-08,166.27,166.72,164.99,166.62,1169078.0,STOCK_A_STABLE
2017-02-09,167.3,168.13,165.99,167.32,4737249.0,STOCK_A_STABLE
2017-02-10,168.6,168.99,168.26,168.32,1018898.0,STOCK_A_STABLE
2017-02-13,169.17,169.21,167.9,168.89,4532033.0,STOCK_A_STABLE
2017-02-14,172.74,173.51,171.85,172.39,4819593.0,STOCK_A_STABLE
2017-02-15,171.98,174.06,171.83,172.31,1606042.0,STOCK_A_STABLE
2017-02-16,172.03,172.25,171.62,171.85,3477054.0,STOCK_A_STABLE
2017-02-17,170.18,170.71,170.05,170.63,4004084.0,STOCK_A_STABLE
2017-02-20,168.62,169.05,167.56,168.93,2727889.0,STOCK_A_STABLE
2017-02-21,166.44,167.77,166.14,166.9,3515217.0,STOCK_A_STABLE
2017-02-22,164.89,165.88,164.02,165.48,747043.0,STOCK_A_STABLE
2017-02-23,165.96,166.14,165.19,165.43,2628549.0,STOCK_A_STABLE
2017-02-24,166.39,167.42,165.56,166.05,2614877.0,STOCK_A_STABLE
2017-02-27,166.69,167.48,166.05,166.2,2875724.0,STOCK_A_STABLE
2017-02-28,165.01,165.36,164.23,165.0,4726683.0,STOCK_A_STABLE
2017-03-01,166.93,166.97,166.22,166.55,4141061.0,STOCK_A_STABLE
2017-03-02,166.96,169.03,166.7,167.84,3054167.0,STOCK_A_STABLE
2017-03-03,168.08,168.44,167.19,167.64,8633116.0,STOCK_A_STABLE
2017-03-06,166.7,167.31,166.28,166.62,2082680.0,STOCK_A_STABLE
2017-03-07,167.91,168.4,166.83,167.6,198816.0,STOCK_A_STABLE
2017-03-08,168.17,169.09,167.46,167.98,2800404.0,STOCK_A_STABLE
2017-03-09,165.12,166.36,164.81,165.61,1337048.0,STOCK_A_STABLE
2017-03-10,164.82,165.59,164.06,165.57,4442110.0,STOCK_A_STABLE
2017-03-13,165.71,166.36,165.45,166.07,3890730.0,STOCK_A_STABLE
2017-03-14,164.92,165.66,164.22,164.64,4572958.0,STOCK_A_STABLE
2017-03-15,165.36,166.02,164.9,165.02,4979497.0,STOCK_A_STABLE
2017-03-16,162.02,162.94,161.53,162.68,2060432.0,STOCK_A_STABLE
2017-03-17,164.44,166.42,164.36,164.92,2199109.0,STOCK_A_STABLE
2017-03-20,166.68,167.18,165.57,167.05,3079498.0,STOCK_A_STABLE
2017-03-21,166.51,167.21,165.84,166.69,2209513.0,STOCK_A_STABLE
2017-03-22,166.68,167.64,166.62,167.36,1468092.0,STOCK_A_STABLE
2017-03-23,162.7,163.7,162.19,163.4,3564942.0,STOCK_A_STABLE
2017-03-24,161.17,162.47,160.73,161.57,2310317.0,STOCK_A_STABLE
2017-03-27,161.2,161.66,160.66,161.16,4715043.0,STOCK_A_STABLE
2017-03-28,158.93,160.21,158.35,159.5,1177424.0,STOCK_A_STABLE
2017-03-29,160.65,160.9,160.23,160.7,2274588.0,STOCK_A_STABLE
2017-03-30,164.5,164.75,163.78,163.98,2704214.0,STOCK_A_STABLE
2017-03-31,161.48,162.74,160.88,162.11,4548462.0,STOCK_A_STABLE
2017-04-03,160.72,160.92,160.61,160.82,2933376.0,STOCK_A_STABLE
2017-04-04,161.76,162.12,160.6,161.26,438358.0,STOCK_A_STABLE
2017-04-05,163.72,164.59,163.44,163.93,1755400.0,STOCK_A_STABLE
2017-04-06,161.71,163.21,161.52,161.99,4441841.0,STOCK_A_STABLE
2017-04-07,163.02,163.33,162.21,162.46,1433379.0,STOCK_A_STABLE
2017-04-10,165.33,165.86,165.17,165.48,1769170.0,STOCK_A_STABLE
2017-04-11,163.35,163.93,162.04,162.81,840025.0,STOCK_A_STABLE
2017-04-12,161.0,161.5,160.76,160.79,3625045.0,STOCK_A_STABLE
2017-04-13,160.01,160.44,159.67,160.18,783763.0,STOCK_A_STABLE
2017-04-14,159.63,159.81,159.38,159.41,1902254.0,STOCK_A_STABLE
2017-04-17,160.92,161.09,160.68,160.76,3586159.0,STOCK_A_STABLE
2017-04-18,161.71,161.99,160.11,161.22,4487912.0,STOCK_A_STABLE
2017-04-19,158.16,158.64,157.4,158.42,1186026.0,STOCK_A_STABLE
2017-04-20,159.32,159.56,159.25,159.3,1727677.0,STOCK_A_STABLE
2017-04-21,158.41,159.29,158.28,158.44,678087.0,STOCK_A_STABLE
2017-04-24,160.87,160.96,160.08,160.53,2245604.0,STOCK_A_STABLE
2017-04-25,159.09,159.71,158.98,159.58,4994471.0,STOCK_A_STABLE
2017-04-26,159.12,160.32,158.43,158.63,1590690.0,STOCK_A_STABLE
2017-04-27,159.78,160.1,159.01,159.55,1373590.0,STOCK_A_STABLE
2017-04-28,160.2,161.46,159.72,160.83,2058628.0,STOCK_A_STABLE
2017-05-01,162.2,163.85,160.9,161.62,13340668.0,STOCK_A_STABLE
2017-05-02,160.02,160.28,158.34,158.96,2780563.0,STOCK_A_STABLE
2017-05-03,160.36,160.7,159.82,159.88,3085011.0,STOCK_A_STABLE
2017-05-04,158.97,159.67,157.66,158.29,3924623.0,STOCK_A_STABLE
2017-05-05,158.76,158.9,157.88,158.72,3603843.0,STOCK_A_STABLE
2017-05-08,155.75,156.65,154.84,156.53,3034376.0,STOCK_A_STABLE
2017-05-09,156.42,157.8,156.25,157.29,2848502.0,STOCK_A_STABLE
2017-05-10,156.2,156.31,155.64,156.08,2712892.0,STOCK_A_STABLE
2017-05-11,153.87,155.36,153.4,154.14,985974.0,STOCK_A_STABLE
2017-05-12,154.88,155.88,154.02,155.31,2130244.0,STOCK_A_STABLE
2017-05-15,155.71,156.22,155.26,155.74,4250552.0,STOCK_A_STABLE
2017-05-16,155.14,155.16,154.03,154.85,292978.0,STOCK_A_STABLE
2017-05-17,156.47,158.06,155.22,157.16,4157066.0,STOCK_A_STABLE
2017-05-18,156.32,156.89,155.65,156.53,2873105.0,STOCK_A_STABLE
2017-05-19,157.35,157.53,156.32,156.64,1813458.0,STOCK_A_STABLE
2017-05-22,156.62,157.13,155.97,157.13,658904.0,STOCK_A_STABLE
2017-05-23,156.62,156.92,155.9,156.21,3842868.0,STOCK_A_STABLE
2017-05-24,156.78,157.92,156.61,157.01,103472.0,STOCK_A_STABLE
2017-05-25,156.49,156.95,156.03,156.24,2760897.0,STOCK_A_STABLE
2017-05-26,156.17,156.77,155.19,155.66,895688.0,STOCK_A_STABLE
2017-05-29,158.19,159.11,157.48,157.84,4554340.0,STOCK_A_STABLE
2017-05-30,156.69,157.05,155.56,156.26,993285.0,STOCK_A_STABLE
2017-05-31,152.03,152.58,151.79,152.55,4033839.0,STOCK_A_STABLE
2017-06-01,155.59,156.22,154.74,155.07,2912928.0,STOCK_A_STABLE
2017-06-02,158.68,159.77,158.59,159.09,300879.0,STOCK_A_STABLE
2017-06-05,158.63,159.04,157.66,158.51,3628295.0,STOCK_A_STABLE
2017-06-06,155.62,156.53,155.34,155.5,4408452.0,STOCK_A_STABLE
2017-06-07,155.31,155.83,154.64,155.08,1185255.0,STOCK_A_STABLE
2017-06-08,154.85,155.02,154.32,154.7,4845975.0,STOCK_A_STABLE
2017-06-09,154.07,154.95,153.59,154.47,4012013.0,STOCK_A_STABLE
2017-06-12,152.19,152.82,151.48,152.81,3736565.0,STOCK_A_STABLE
2017-06-13,154.16,154.86,153.74,153.75,1746618.0,STOCK_A_STABLE
2017-06-14,154.71,155.52,154.28,154.62,687576.0,STOCK_A_STABLE
2017-06-15,152.9,153.63,152.13,152.37,2203718.0,STOCK_A_STABLE
2017-06-16,153.48,154.24,153.16,153.5,4056141.0,STOCK_A_STABLE
2017-06-19,156.05,157.36,155.87,156.71,2974591.0,STOCK_A_STABLE
2017-06-20,157.5,157.8,156.1,157.04,3272696.0,STOCK_A_STABLE
2017-06-21,156.4,156.96,156.28,156.58,3926983.0,STOCK_A_STABLE
2017-06-22,156.58,157.61,155.4,156.42,1760248.0,STOCK_A_STABLE
2017-06-23,157.14,157.62,157.01,157.44,857177.0,STOCK_A_STABLE
2017-06-26,155.54,156.37,153.52,154.78,4431749.0,STOCK_A_STABLE
2017-06-27,154.69,155.38,153.89,155.1,3105652.0,STOCK_A_STABLE
2017-06-28,154.4,155.8,154.38,154.55,2871276.0,STOCK_A_STABLE
2017-06-29,157.52,157.63,157.33,157.47,2909056.0,STOCK_A_STABLE
2017-06-30,156.74,158.8,156.68,157.26,4279346.0,STOCK_A_STABLE
2017-07-03,160.1,160.22,159.82,159.95,3869517.0,STOCK_A_STABLE
2017-07-04,159.01,159.02,157.52,158.24,3383557.0,STOCK_A_STABLE
2017-07-05,159.0,160.05,158.95,159.24,3931854.0,STOCK_A_STABLE
2017-07-06,160.0,160.71,158.99,159.81,1513728.0,STOCK_A_STABLE
2017-07-07,157.18,158.8,157.1,158.48,11357464.0,STOCK_A_STABLE
2017-07-10,158.81,159.24,158.59,158.83,4877591.0,STOCK_A_STABLE
2017-07-11,160.67,161.64,160.24,160.82,1251324.0,STOCK_A_STABLE
2017-07-12,159.97,161.1,158.81,160.36,2897927.0,STOCK_A_STABLE
2017-07-13,158.22,158.94,157.54,157.71,3437942.0,STOCK_A_STABLE
2017-07-14,157.59,157.98,156.3,157.75,2632100.0,STOCK_A_STABLE
2017-07-17,156.3,156.42,156.02,156.39,4847355.0,STOCK_A_STABLE
2017-07-18,155.74,155.95,155.31,155.92,2077197.0,STOCK_A_STABLE
2017-07-19,154.95,156.34,154.7,155.85,1167463.0,STOCK_A_STABLE
2017-07-20,152.73,154.21,152.58,153.25,768086.0,STOCK_A_STABLE
2017-07-21,151.27,151.5,150.25,150.84,4261499.0,STOCK_A_STABLE
2017-07-24,150.67,152.82,149.46,151.63,3462443.0,STOCK_A_STABLE
2017-07-25,150.55,151.44,149.65,150.9,2932199.0,STOCK_A_STABLE
2017-07-26,146.91,147.22,146.44,147.09,2210916.0,STOCK_A_STABLE
2017-07-27,149.07,149.57,148.28,148.3,2108727.0,STOCK_A_STABLE
2017-07-28,149.1,150.12,148.64,148.76,4679601.0,STOCK_A_STABLE
2017-07-31,147.51,148.94,147.07,147.76,3433792.0,STOCK_A_STABLE
2017-08-01,146.44,147.14,145.03,145.87,4828976.0,STOCK_A_STABLE
2017-08-02,146.82,147.17,146.16,147.15,4027380.0,STOCK_A_STABLE
2017-08-03,148.17,148.3,147.69,147.72,3861440.0,STOCK_A_STABLE
2017-08-04,150.69,151.65,150.51,151.3,2812819.0,STOCK_A_STABLE
2017-08-07,152.49,153.51,151.1,152.0,1288224.0,STOCK_A_STABLE
2017-08-08,152.46,152.91,152.44,152.65,3302417.0,STOCK_A_STABLE
2017-08-09,151.98,152.73,151.79,152.45,3608300.0,STOCK_A_STABLE
2017-08-10,153.66,153.79,152.94,153.76,2657652.0,STOCK_A_STABLE
2017-08-11,154.91,155.12,154.55,154.78,200066.0,STOCK_A_STABLE
2017-08-14,156.55,156.88,156.35,156.78,4804016.0,STOCK_A_STABLE
2017-08-15,156.29,156.37,155.64,156.03,4149362.0,STOCK_A_STABLE
2017-08-16,155.14,156.48,154.56,155.41,1825802.0,STOCK_A_STABLE
2017-08-17,155.02,155.17,153.55,154.73,2518730.0,STOCK_A_STABLE
2017-08-18,156.22,156.25,154.78,156.01,704493.0,STOCK_A_STABLE
2017-08-21,158.39,158.96,158.38,158.41,4690024.0,STOCK_A_STABLE
2017-08-22,157.54,158.2,157.48,157.75,1230081.0,STOCK_A_STABLE
2017-08-23,157.22,158.07,156.89,157.14,1951024.0,STOCK_A_STABLE
2017-08-24,157.96,158.99,157.36,157.7,2199897.0,STOCK_A_STABLE
2017-08-25,158.35,158.48,156.8,157.38,1389550.0,STOCK_A_STABLE
2017-08-28,159.38,159.75,158.93,158.94,3209962.0,STOCK_A_STABLE
2017-08-29,155.88,155.97,155.15,155.42,4975776.0,STOCK_A_STABLE
2017-08-30,155.63,155.96,153.24,154.2,4290743.0,STOCK_A_STABLE
2017-08-31,153.29,153.48,152.86,153.05,2700321.0,STOCK_A_STABLE
2017-09-01,149.78,149.82,149.53,149.56,741727.0,STOCK_A_STABLE
2017-09-04,148.5,148.58,146.72,148.18,4329594.0,STOCK_A_STABLE
2017-09-05,146.44,147.15,146.33,146.89,1358028.0,STOCK_A_STABLE
2017-09-06,146.45,146.82,146.13,146.65,4564180.0,STOCK_A_STABLE
2017-09-07,148.11,148.48,147.73,148.34,2037610.0,STOCK_A_STABLE
2017-09-08,148.32,149.34,147.6,148.04,2640496.0,STOCK_A_STABLE
2017-09-11,146.49,148.16,146.32,146.57,2239785.0,STOCK_A_STABLE
2017-09-12,146.6,147.31,146.43,146.54,2332998.0,STOCK_A_STABLE
2017-09-13,148.62,149.37,148.08,148.14,908398.0,STOCK_A_STABLE
2017-09-14,147.13,147.7,146.42,146.75,2809141.0,STOCK_A_STABLE
2017-09-15,145.41,145.54,145.22,145.48,2074559.0,STOCK_A_STABLE
2017-09-18,146.05,146.87,144.87,146.35,4253923.0,STOCK_A_STABLE
2017-09-19,146.58,146.93,145.37,146.08,2438379.0,STOCK_A_STABLE
2017-09-20,147.43,147.53,146.91,147.09,10710786.0,STOCK_A_STABLE
2017-09-21,146.42,147.44,145.91,147.12,1553664.0,STOCK_A_STABLE
2017-09-22,148.08,148.63,147.56,148.22,1708778.0,STOCK_A_STABLE
2017-09-25,146.81,146.96,146.59,146.74,279952.0,STOCK_A_STABLE
2017-09-26,147.12,147.14,146.23,146.78,3719288.0,STOCK_A_STABLE
2017-09-27,146.93,147.86,145.66,146.53,460007.0,STOCK_A_STABLE
2017-09-28,144.93,145.6,144.36,144.81,1498334.0,STOCK_A_STABLE
2017-09-29,142.85,143.49,142.33,142.6,4561706.0,STOCK_A_STABLE
2017-10-02,143.66,144.1,142.38,143.64,3093669.0,STOCK_A_STABLE
2017-10-03,142.9,143.33,142.85,143.19,2838017.0,STOCK_A_STABLE
2017-10-04,141.67,142.13,140.64,141.78,4043468.0,STOCK_A_STABLE
2017-10-05,141.71,142.75,141.59,141.7,13053087.0,STOCK_A_STABLE
2017-10-06,143.34,144.21,143.2,143.36,4443782.0,STOCK_A_STABLE
2017-10-09,139.35,140.52,139.18,140.15,3359843.0,STOCK_A_STABLE
2017-10-10,137.94,139.64,137.42,138.11,2298709.0,STOCK_A_STABLE
2017-10-11,136.91,137.58,136.14,136.89,740242.0,STOCK_A_STABLE
2017-10-12,138.82,139.95,138.25,138.94,1911802.0,STOCK_A_STABLE
2017-10-13,139.29,139.86,139.09,139.39,3555696.0,STOCK_A_STABLE
2017-10-16,140.72,141.22,140.0,140.51,1341912.0,STOCK_A_STABLE
2017-10-17,138.52,139.55,138.45,138.97,3387775.0,STOCK_A_STABLE
2017-10-18,136.8,139.23,136.53,137.47,753744.0,STOCK_A_STABLE
2017-10-19,137.99,139.39,137.44,138.14,396035.0,STOCK_A_STABLE
2017-10-20,138.59,138.98,137.66,138.27,1888096.0,STOCK_A_STABLE
2017-10-23,139.79,140.8,138.84,139.09,1226401.0,STOCK_A_STABLE
2017-10-24,139.21,139.45,138.77,138.88,4372691.0,STOCK_A_STABLE
2017-10-25,138.71,139.44,138.04,139.33,1953539.0,STOCK_A_STABLE
2017-10-26,139.5,139.67,139.0,139.6,2152166.0,STOCK_A_STABLE
2017-10-27,140.85,141.36,140.67,140.74,2077170.0,STOCK_A_STABLE
2017-10-30,142.01,142.45,141.92,141.93,1654736.0,STOCK_A_STABLE
2017-10-31,139.92,140.73,139.15,139.69,4596852.0,STOCK_A_STABLE
2017-11-01,136.23,137.29,135.84,136.61,3721747.0,STOCK_A_STABLE
2017-11-02,138.06,138.29,137.44,138.03,878350.0,STOCK_A_STABLE
2017-11-03,139.9,140.69,139.47,139.73,1156363.0,STOCK_A_STABLE
2017-11-06,138.7,139.58,137.27,138.36,496937.0,STOCK_A_STABLE
2017-11-07,135.51,135.88,134.96,135.84,1355805.0,STOCK_A_STABLE
2017-11-08,135.89,137.07,134.87,136.03,3317213.0,STOCK_A_STABLE
2017-11-09,136.23,138.02,136.01,137.35,4685952.0,STOCK_A_STABLE
2017-11-10,139.61,140.32,138.6,139.87,2460029.0,STOCK_A_STABLE
2017-11-13,140.43,140.7,140.41,140.65,499789.0,STOCK_A_STABLE
2017-11-14,139.76,140.25,138.84,140.18,332185.0,STOCK_A_STABLE
2017-11-15,139.06,139.91,138.06,138.99,2131692.0,STOCK_A_STABLE
2017-11-16,139.04,139.3,138.03,139.06,1396973.0,STOCK_A_STABLE
2017-11-17,137.76,138.8,137.59,138.7,2926080.0,STOCK_A_STABLE
2017-11-20,137.44,137.55,136.8,137.35,679610.0,STOCK_A_STABLE
2017-11-21,139.82,140.24,139.16,140.22,1228277.0,STOCK_A_STABLE
2017-11-22,142.98,143.73,142.71,142.77,2823600.0,STOCK_A_STABLE
2017-11-23,143.9,144.46,143.19,144.45,1476961.0,STOCK_A_STABLE
2017-11-24,143.19,143.42,142.84,143.18,1887055.0,STOCK_A_STABLE
2017-11-27,144.34,144.79,143.93,144.46,1187042.0,STOCK_A_STABLE
2017-11-28,145.58,145.9,145.03,145.44,352385.0,STOCK_A_STABLE
2017-11-29,146.2,147.02,144.83,146.15,1791409.0,STOCK_A_STABLE
2017-11-30,147.92,148.48,147.47,148.03,1715635.0,STOCK_A_STABLE
2017-12-01,148.34,149.92,147.86,149.03,4502678.0,STOCK_A_STABLE
2017-12-04,149.53,150.32,149.48,150.19,4474325.0,STOCK_A_STABLE
2017-12-05,150.95,151.64,150.82,151.21,2214777.0,STOCK_A_STABLE
2017-12-06,151.78,153.29,151.7,151.79,1511118.0,STOCK_A_STABLE
2017-12-07,148.87,149.48,148.76,149.14,2147362.0,STOCK_A_STABLE
2017-12-08,149.6,149.7,149.31,149.32,3078694.0,STOCK_A_STABLE
2017-12-11,148.43,148.84,148.11,148.55,1994246.0,STOCK_A_STABLE
2017-12-12,146.29,146.82,146.2,146.71,3805124.0,STOCK_A_STABLE
2017-12-13,149.11,149.53,148.94,149.24,4824167.0,STOCK_A_STABLE
2017-12-14,151.98,153.27,151.63,151.88,2076395.0,STOCK_A_STABLE
2017-12-15,154.15,154.72,153.49,154.0,674767.0,STOCK_A_STABLE
2017-12-18,155.33,155.48,154.11,154.46,691981.0,STOCK_A_STABLE
2017-12-19,156.29,156.8,156.25,156.6,4372189.0,STOCK_A_STABLE
2017-12-20,156.65,157.29,155.92,156.69,2138870.0,STOCK_A_STABLE
2017-12-21,157.27,158.19,156.37,157.07,1703089.0,STOCK_A_STABLE
2017-12-22,155.4,155.55,154.28,155.41,3135049.0,STOCK_A_STABLE
2017-12-25,155.86,157.1,155.02,156.09,4786906.0,STOCK_A_STABLE
2017-12-26,155.52,156.37,155.31,156.25,2180802.0,STOCK_A_STABLE
2017-12-27,154.04,155.13,153.45,154.27,1644613.0,STOCK_A_STABLE
2017-12-28,153.76,154.4,152.42,154.26,4327331.0,STOCK_A_STABLE
2017-12-29,153.4,154.23,153.09,154.2,506084.0,STOCK_A_STABLE
2018-01-01,156.65,157.57,156.34,157.03,4236923.0,STOCK_A_STABLE
2018-01-02,158.0,158.88,157.76,158.5,2648205.0,STOCK_A_STABLE
2018-01-03,158.86,160.75,158.52,158.58,198781.0,STOCK_A_STABLE
2018-01-04,159.32,159.67,158.83,159.04,1216541.0,STOCK_A_STABLE
2018-01-05,158.74,159.81,158.65,159.17,3428199.0,STOCK_A_STABLE
2018-01-08,158.79,159.81,156.55,158.91,3789650.0,STOCK_A_STABLE
2018-01-09,156.38,157.37,156.34,157.25,1058551.0,STOCK_A_STABLE
2018-01-10,156.85,157.34,156.84,157.08,3320797.0,STOCK_A_STABLE
2018-01-11,156.16,157.18,155.32,155.97,4947410.0,STOCK_A_STABLE
2018-01-12,154.46,154.9,153.28,154.08,3463698.0,STOCK_A_STABLE
2018-01-15,154.6,155.41,154.48,154.93,3541999.0,STOCK_A_STABLE
2018-01-16,156.09,156.12,155.09,155.6,1048098.0,STOCK_A_STABLE
2018-01-17,152.19,153.41,151.52,152.88,3223729.0,STOCK_A_STABLE
2018-01-18,152.18,153.35,151.72,152.76,3572288.0,STOCK_A_STABLE
2018-01-19,154.67,155.3,153.98,154.34,642150.0,STOCK_A_STABLE
2018-01-22,156.82,157.76,155.3,156.03,1625522.0,STOCK_A_STABLE
2018-01-23,157.93,158.6,157.58,157.7,4424699.0,STOCK_A_STABLE
2018-01-24,157.8,157.93,156.92,157.82,4993502.0,STOCK_A_STABLE
2018-01-25,155.52,156.61,155.41,156.55,948699.0,STOCK_A_STABLE
2018-01-26,153.98,155.98,153.06,154.92,3685661.0,STOCK_A_STABLE
2018-01-29,155.57,155.67,155.05,155.51,2557959.0,STOCK_A_STABLE
2018-01-30,156.0,156.55,155.34,156.17,2993016.0,STOCK_A_STABLE
2018-01-31,157.71,159.08,157.3,158.24,2603544.0,STOCK_A_STABLE
2018-02-01,160.07,160.39,159.9,160.04,4348877.0,STOCK_A_STABLE
2018-02-02,159.95,160.01,159.76,159.89,2281049.0,STOCK_A_STABLE
2018-02-05,158.42,158.82,157.55,157.97,2987627.0,STOCK_A_STABLE
2018-02-06,157.59,158.13,157.37,157.53,3379439.0,STOCK_A_STABLE
2018-02-07,158.52,159.91,157.47,157.93,2808474.0,STOCK_A_STABLE
2018-02-08,157.68,157.9,157.12,157.68,4410193.0,STOCK_A_STABLE
2018-02-09,156.78,157.85,155.69,156.83,1262846.0,STOCK_A_STABLE
2018-02-12,157.79,158.7,156.92,157.29,4745226.0,STOCK_A_STABLE
2018-02-13,156.1,156.8,154.95,156.56,3422748.0,STOCK_A_STABLE
2018-02-14,156.95,157.14,155.33,155.64,4804272.0,STOCK_A_STABLE
2018-02-15,156.36,156.76,155.98,156.19,1935757.0,STOCK_A_STABLE
2018-02-16,155.8,155.99,155.54,155.62,2446317.0,STOCK_A_STABLE
2018-02-19,156.31,156.65,155.71,156.06,311104.0,STOCK_A_STABLE
2018-02-20,157.43,157.94,156.27,156.55,4627502.0,STOCK_A_STABLE
2018-02-21,155.2,155.67,154.66,154.83,4098702.0,STOCK_A_STABLE
2018-02-22,153.4,155.46,153.34,154.15,1551892.0,STOCK_A_STABLE
2018-02-23,157.08,157.12,155.5,156.42,354178.0,STOCK_A_STABLE
2018-02-26,154.51,155.5,154.49,154.67,3514523.0,STOCK_A_STABLE
2018-02-27,151.51,152.32,150.71,151.46,12991440.0,STOCK_A_STABLE
2018-02-28,148.13,149.16,147.42,148.7,2685611.0,STOCK_A_STABLE
2018-03-01,149.04,149.07,148.72,148.8,867932.0,STOCK_A_STABLE
2018-03-02,148.62,149.43,147.94,148.91,4600112.0,STOCK_A_STABLE
2018-03-05,148.84,149.15,147.86,148.79,2219590.0,STOCK_A_STABLE
2018-03-06,150.53,151.16,150.15,150.66,3650365.0,STOCK_A_STABLE
2018-03-07,147.54,147.63,146.29,146.69,4309549.0,STOCK_A_STABLE
2018-03-08,148.21,148.64,147.11,147.33,2786797.0,STOCK_A_STABLE
2018-03-09,149.71,149.95,149.51,149.69,562655.0,STOCK_A_STABLE
2018-03-12,148.09,148.8,147.95,148.06,4449805.0,STOCK_A_STABLE
2018-03-13,147.39,148.73,147.04,147.56,3369038.0,STOCK_A_STABLE
2018-03-14,146.99,147.05,146.15,146.51,4482472.0,STOCK_A_STABLE
2018-03-15,145.11,145.63,143.6,145.25,3101831.0,STOCK_A_STABLE
2018-03-16,144.66,145.15,144.52,144.84,4546519.0,STOCK_A_STABLE
2018-03-19,147.4,148.02,146.66,146.96,4350895.0,STOCK_A_STABLE
2018-03-20,149.48,149.86,149.24,149.72,1156611.0,STOCK_A_STABLE
2018-03-21,149.26,149.94,149.24,149.28,946400.0,STOCK_A_STABLE
2018-03-22,151.46,152.5,151.01,152.18,885127.0,STOCK_A_STABLE
2018-03-23,152.62,153.15,152.25,152.3,20033760.0,STOCK_A_STABLE
2018-03-26,155.93,156.03,154.1,155.03,1277894.0,STOCK_A_STABLE
2018-03-27,155.28,155.59,154.25,154.95,2305593.0,STOCK_A_STABLE
2018-03-28,155.89,156.92,155.14,155.21,3961079.0,STOCK_A_STABLE
2018-03-29,155.45,156.06,155.32,155.84,2200355.0,STOCK_A_STABLE
2018-03-30,160.97,161.39,159.02,160.86,403080.0,STOCK_A_STABLE
2018-04-02,161.83,162.76,161.62,162.29,1872743.0,STOCK_A_STABLE
2018-04-03,161.1,161.95,160.23,161.21,563492.0,STOCK_A_STABLE
2018-04-04,163.21,163.84,162.69,162.84,1989313.0,STOCK_A_STABLE
2018-04-05,162.36,163.07,162.21,162.31,3709924.0,STOCK_A_STABLE
2018-04-06,160.9,162.44,160.45,161.58,2647802.0,STOCK_A_STABLE
2018-04-09,162.47,163.63,161.56,163.11,3406896.0,STOCK_A_STABLE
2018-04-10,162.55,163.42,162.54,163.23,623319.0,STOCK_A_STABLE
2018-04-11,163.99,164.04,162.26,163.75,3775715.0,STOCK_A_STABLE
2018-04-12,164.85,166.56,163.69,163.84,2182822.0,STOCK_A_STABLE
2018-04-13,165.13,166.49,163.59,164.46,1506269.0,STOCK_A_STABLE
2018-04-16,164.28,165.81,163.91,165.22,3294707.0,STOCK_A_STABLE
2018-04-17,162.78,164.11,161.84,162.09,760689.0,STOCK_A_STABLE
2018-04-18,163.69,164.64,162.84,163.23,2541142.0,STOCK_A_STABLE
2018-04-19,160.94,162.22,160.33,161.69,2168686.0,STOCK_A_STABLE
2018-04-20,159.28,160.83,159.09,159.43,912564.0,STOCK_A_STABLE
2018-04-23,159.92,160.15,159.29,159.4,4765801.0,STOCK_A_STABLE
2018-04-24,159.86,160.56,159.31,159.59,1878953.0,STOCK_A_STABLE
2018-04-25,157.93,159.23,157.42,158.55,299763.0,STOCK_A_STABLE
2018-04-26,160.23,161.11,159.52,159.93,2270512.0,STOCK_A_STABLE
2018-04-27,156.84,158.34,156.11,157.85,4836638.0,STOCK_A_STABLE
2018-04-30,157.17,157.72,156.96,157.27,3377486.0,STOCK_A_STABLE
2018-05-01,156.95,158.09,155.66,156.41,3220030.0,STOCK_A_STABLE
2018-05-02,156.41,156.84,155.55,156.4,4513754.0,STOCK_A_STABLE
2018-05-03,156.67,157.04,155.8,156.9,511193.0,STOCK_A_STABLE
2018-05-04,155.8,156.6,154.63,155.38,2796840.0,STOCK_A_STABLE
2018-05-07,157.03,157.24,156.57,156.57,1672004.0,STOCK_A_STABLE
2018-05-08,157.35,157.68,155.98,156.73,3414203.0,STOCK_A_STABLE
2018-05-09,154.23,154.52,153.46,153.83,4278386.0,STOCK_A_STABLE
2018-05-10,151.37,151.98,150.59,150.88,478229.0,STOCK_A_STABLE
2018-05-11,151.25,151.85,150.79,150.92,875105.0,STOCK_A_STABLE
2018-05-14,150.77,151.28,150.3,150.65,4776888.0,STOCK_A_STABLE
2018-05-15,150.59,151.19,150.26,150.55,2510613.0,STOCK_A_STABLE
2018-05-16,150.46,150.6,150.14,150.57,1644522.0,STOCK_A_STABLE
2018-05-17,150.42,151.17,149.61,150.97,845982.0,STOCK_A_STABLE
2018-05-18,152.02,152.89,151.68,152.46,1836029.0,STOCK_A_STABLE
2018-05-21,150.7,151.17,149.99,150.83,124495.0,STOCK_A_STABLE
2018-05-22,149.23,150.27,149.07,149.12,1191929.0,STOCK_A_STABLE
2018-05-23,148.19,148.37,147.11,147.55,996734.0,STOCK_A_STABLE
2018-05-24,148.02,148.14,147.28,148.03,514883.0,STOCK_A_STABLE
2018-05-25,150.39,150.55,149.59,149.94,4848228.0,STOCK_A_STABLE
2018-05-28,149.83,151.3,148.5,149.35,3971229.0,STOCK_A_STABLE
2018-05-29,145.57,146.43,144.76,145.67,4707864.0,STOCK_A_STABLE
2018-05-30,143.51,143.92,143.22,143.25,1278401.0,STOCK_A_STABLE
2018-05-31,142.01,142.27,141.16,142.11,1513274.0,STOCK_A_STABLE
2018-06-01,141.94,142.06,140.08,141.38,1485169.0,STOCK_A_STABLE
2018-06-04,141.13,141.21,140.64,140.86,2836704.0,STOCK_A_STABLE
2018-06-05,140.46,141.36,140.28,140.97,990801.0,STOCK_A_STABLE
2018-06-06,140.65,140.9,140.05,140.58,1253868.0,STOCK_A_STABLE
2018-06-07,142.82,143.65,141.72,142.12,4876937.0,STOCK_A_STABLE
2018-06-08,141.14,141.95,140.4,141.21,1825649.0,STOCK_A_STABLE
2018-06-11,140.24,140.87,139.68,140.05,3927070.0,STOCK_A_STABLE
2018-06-12,141.01,141.28,140.6,140.78,1221883.0,STOCK_A_STABLE
2018-06-13,138.24,138.91,137.59,138.67,4656508.0,STOCK_A_STABLE
2018-06-14,139.48,140.6,138.9,139.27,3499773.0,STOCK_A_STABLE
2018-06-15,138.88,140.03,138.87,139.47,4322444.0,STOCK_A_STABLE
2018-06-18,139.06,139.84,138.9,139.32,2630196.0,STOCK_A_STABLE
2018-06-19,142.04,142.19,141.5,141.59,4540854.0,STOCK_A_STABLE
2018-06-20,140.91,141.07,140.62,140.76,1876997.0,STOCK_A_STABLE
2018-06-21,143.59,144.55,143.09,143.72,2447266.0,STOCK_A_STABLE
2018-06-22,143.64,144.09,143.0,143.45,401739.0,STOCK_A_STABLE
2018-06-25,141.65,141.95,140.81,141.68,2340396.0,STOCK_A_STABLE
2018-06-26,141.84,142.57,141.52,141.83,3878872.0,STOCK_A_STABLE
2018-06-27,140.64,140.76,140.05,140.36,5595726.0,STOCK_A_STABLE
2018-06-28,139.06,139.44,138.82,139.36,599827.0,STOCK_A_STABLE
2018-06-29,139.99,140.08,139.97,139.97,1533012.0,STOCK_A_STABLE
2018-07-02,140.67,141.31,139.82,140.81,1828724.0,STOCK_A_STABLE
2018-07-03,139.32,140.81,138.6,139.99,3613955.0,STOCK_A_STABLE
2018-07-04,141.03,141.84,140.59,141.42,543464.0,STOCK_A_STABLE
2018-07-05,143.79,143.8,141.89,143.12,225796.0,STOCK_A_STABLE
2018-07-06,145.4,146.01,144.41,145.23,3648165.0,STOCK_A_STABLE
2018-07-09,145.48,147.28,145.26,146.06,796006.0,STOCK_A_STABLE
2018-07-10,147.42,148.19,147.41,148.11,2156309.0,STOCK_A_STABLE
2018-07-11,145.33,146.22,144.06,145.38,3446137.0,STOCK_A_STABLE
2018-07-12,145.66,146.63,143.92,144.98,2619372.0,STOCK_A_STABLE
2018-07-13,143.7,143.98,143.7,143.78,704867.0,STOCK_A_STABLE
2018-07-16,144.57,145.71,142.87,144.01,3638690.0,STOCK_A_STABLE
2018-07-17,143.39,143.42,142.84,143.24,1558626.0,STOCK_A_STABLE
2018-07-18,143.26,143.81,142.57,143.06,1238374.0,STOCK_A_STABLE
2018-07-19,145.23,146.07,144.95,145.81,635154.0,STOCK_A_STABLE
2018-07-20,146.03,146.33,145.59,145.62,2611728.0,STOCK_A_STABLE
2018-07-23,146.14,146.68,145.43,146.28,3484303.0,STOCK_A_STABLE
2018-07-24,146.38,147.59,145.8,146.0,3284526.0,STOCK_A_STABLE
2018-07-25,145.81,146.92,145.41,146.17,782693.0,STOCK_A_STABLE
2018-07-26,146.32,146.69,145.41,146.24,1782469.0,STOCK_A_STABLE
2018-07-27,147.11,147.58,146.93,146.95,816891.0,STOCK_A_STABLE
2018-07-30,148.65,149.43,148.01,148.72,1779215.0,STOCK_A_STABLE
2018-07-31,151.42,151.54,150.82,151.23,1228470.0,STOCK_A_STABLE
2018-08-01,151.64,152.83,150.79,151.76,3727934.0,STOCK_A_STABLE
2018-08-02,152.42,154.0,152.25,152.72,3779462.0,STOCK_A_STABLE
2018-08-03,151.75,152.76,150.76,151.02,4110113.0,STOCK_A_STABLE
2018-08-06,151.42,151.64,150.87,150.95,1081729.0,STOCK_A_STABLE
2018-08-07,152.08,153.06,151.77,152.43,166129.0,STOCK_A_STABLE
2018-08-08,154.07,154.68,153.81,153.81,273339.0,STOCK_A_STABLE
2018-08-09,153.85,154.37,153.58,154.2,4233071.0,STOCK_A_STABLE
2018-08-10,155.07,156.02,154.48,155.62,4538730.0,STOCK_A_STABLE
2018-08-13,156.94,156.98,156.32,156.45,1137651.0,STOCK_A_STABLE
2018-08-14,157.58,158.69,156.64,158.39,4393960.0,STOCK_A_STABLE
2018-08-15,159.35,160.38,157.84,158.91,2695746.0,STOCK_A_STABLE
2018-08-16,158.29,158.76,157.2,158.41,1005613.0,STOCK_A_STABLE
2018-08-17,158.91,159.43,158.51,159.01,1633373.0,STOCK_A_STABLE
2018-08-20,154.6,156.25,153.7,154.41,1400178.0,STOCK_A_STABLE
2018-08-21,155.33,155.37,154.88,155.06,3841745.0,STOCK_A_STABLE
2018-08-22,149.1,150.71,149.02,149.47,1023932.0,STOCK_A_STABLE
2018-08-23,147.27,148.05,146.91,146.95,997033.0,STOCK_A_STABLE
2018-08-24,147.72,148.82,147.41,147.67,3625719.0,STOCK_A_STABLE
2018-08-27,147.88,148.62,147.79,148.44,1580795.0,STOCK_A_STABLE
2018-08-28,146.7,147.48,145.11,146.77,1325043.0,STOCK_A_STABLE
2018-08-29,146.39,147.39,145.6,145.79,4058227.0,STOCK_A_STABLE
2018-08-30,148.59,148.73,147.59,147.84,4664103.0,STOCK_A_STABLE
2018-08-31,147.5,147.96,146.22,147.19,2821300.0,STOCK_A_STABLE
2018-09-03,150.01,150.57,149.0,150.55,4155441.0,STOCK_A_STABLE
2018-09-04,150.82,152.4,149.78,150.6,4222227.0,STOCK_A_STABLE
2018-09-05,151.66,152.32,151.07,151.28,2983165.0,STOCK_A_STABLE
2018-09-06,154.12,154.14,152.82,153.78,4165516.0,STOCK_A_STABLE
2018-09-07,154.41,154.93,153.11,154.05,143797.0,STOCK_A_STABLE
2018-09-10,152.73,153.92,151.95,152.56,1044848.0,STOCK_A_STABLE
2018-09-11,152.43,152.69,152.21,152.46,4429980.0,STOCK_A_STABLE
2018-09-12,152.19,153.08,152.09,152.47,788117.0,STOCK_A_STABLE
2018-09-13,149.59,151.32,148.76,150.45,11993875.0,STOCK_A_STABLE
2018-09-14,150.27,150.41,149.39,150.12,2158618.0,STOCK_A_STABLE
2018-09-17,149.15,149.19,148.38,149.07,3960746.0,STOCK_A_STABLE
2018-09-18,150.76,151.79,150.23,150.5,3359534.0,STOCK_A_STABLE
2018-09-19,150.01,150.75,149.8,150.62,451943.0,STOCK_A_STABLE
2018-09-20,150.54,150.64,149.79,150.25,1750477.0,STOCK_A_STABLE
2018-09-21,151.08,151.59,149.66,150.15,3571944.0,STOCK_A_STABLE
2018-09-24,150.58,151.38,150.43,150.55,4615605.0,STOCK_A_STABLE
2018-09-25,151.51,151.67,151.29,151.54,4042488.0,STOCK_A_STABLE
2018-09-26,150.22,150.49,149.4,150.08,4470126.0,STOCK_A_STABLE
2018-09-27,149.48,149.57,147.59,148.58,4787513.0,STOCK_A_STABLE
2018-09-28,149.82,150.79,149.37,150.28,4481674.0,STOCK_A_STABLE
2018-10-01,149.81,150.14,149.56,149.72,2944305.0,STOCK_A_STABLE
2018-10-02,147.3,148.1,147.1,147.66,1747104.0,STOCK_A_STABLE
2018-10-03,148.13,148.45,147.84,148.37,2589405.0,STOCK_A_STABLE
2018-10-04,149.1,150.01,148.78,149.12,3998890.0,STOCK_A_STABLE
2018-10-05,147.49,147.98,145.79,146.9,2184444.0,STOCK_A_STABLE
2018-10-08,148.09,148.17,147.04,147.29,4171051.0,STOCK_A_STABLE
2018-10-09,148.63,148.75,148.12,148.43,3536309.0,STOCK_A_STABLE
2018-10-10,148.88,149.09,147.83,149.05,1125654.0,STOCK_A_STABLE
2018-10-11,151.17,152.16,149.78,150.05,4612024.0,STOCK_A_STABLE
2018-10-12,147.81,148.84,147.76,148.0,4246675.0,STOCK_A_STABLE
2018-10-15,148.3,149.01,147.55,148.55,3038799.0,STOCK_A_STABLE
2018-10-16,147.37,148.77,147.27,148.16,1051126.0,STOCK_A_STABLE
2018-10-17,148.12,148.49,146.63,147.51,1213689.0,STOCK_A_STABLE
2018-10-18,149.28,149.66,148.4,148.85,4213272.0,STOCK_A_STABLE
2018-10-19,152.21,152.95,150.86,151.11,186112.0,STOCK_A_STABLE
2018-10-22,153.24,154.49,153.07,153.88,2469696.0,STOCK_A_STABLE
2018-10-23,156.65,156.78,155.91,155.97,3133654.0,STOCK_A_STABLE
2018-10-24,155.89,156.37,155.38,155.86,1239257.0,STOCK_A_STABLE
2018-10-25,156.85,157.03,155.76,156.47,4336529.0,STOCK_A_STABLE
2018-10-26,156.95,157.74,156.83,157.73,2659347.0,STOCK_A_STABLE
2018-10-29,158.68,159.1,157.55,157.99,423278.0,STOCK_A_STABLE
2018-10-30,158.63,159.2,157.13,158.26,1668798.0,STOCK_A_STABLE
2018-10-31,159.61,160.07,159.17,159.62,10179098.0,STOCK_A_STABLE
2018-11-01,159.9,160.85,158.53,159.59,1191754.0,STOCK_A_STABLE
2018-11-02,158.13,158.69,158.06,158.49,4706229.0,STOCK_A_STABLE
2018-11-05,157.63,157.91,156.89,157.9,1866480.0,STOCK_A_STABLE
2018-11-06,158.74,159.45,157.83,158.96,2558217.0,STOCK_A_STABLE
2018-11-07,158.15,159.05,157.42,159.03,2722775.0,STOCK_A_STABLE
2018-11-08,160.05,160.24,158.58,159.64,1181225.0,STOCK_A_STABLE
2018-11-09,161.35,161.36,160.69,160.77,2882776.0,STOCK_A_STABLE
2018-11-12,159.9,160.81,159.63,160.23,1832916.0,STOCK_A_STABLE
2018-11-13,161.68,162.11,160.54,161.51,150570.0,STOCK_A_STABLE
2018-11-14,162.06,162.27,161.71,162.18,2099883.0,STOCK_A_STABLE
2018-11-15,160.4,160.41,158.97,160.25,2960830.0,STOCK_A_STABLE
2018-11-16,162.32,163.18,161.64,162.62,674718.0,STOCK_A_STABLE
2018-11-19,161.44,161.94,161.07,161.87,3918979.0,STOCK_A_STABLE
2018-11-20,159.76,160.92,158.75,159.26,15775221.0,STOCK_A_STABLE
2018-11-21,157.63,157.76,156.81,157.66,1618842.0,STOCK_A_STABLE
2018-11-22,157.06,157.21,155.42,156.11,3001605.0,STOCK_A_STABLE
2018-11-23,156.28,156.38,156.16,156.26,1587920.0,STOCK_A_STABLE
2018-11-26,155.46,156.71,153.95,155.89,3273842.0,STOCK_A_STABLE
2018-11-27,156.0,156.65,155.18,155.43,854330.0,STOCK_A_STABLE
2018-11-28,156.75,157.08,155.53,156.45,3092878.0,STOCK_A_STABLE
2018-11-29,157.39,158.1,156.27,157.05,369979.0,STOCK_A_STABLE
2018-11-30,158.17,158.19,157.31,157.61,181693.0,STOCK_A_STABLE
2018-12-03,158.0,158.62,157.25,158.31,1346122.0,STOCK_A_STABLE
2018-12-04,159.29,160.14,158.96,159.35,954867.0,STOCK_A_STABLE
2018-12-05,155.98,157.03,154.77,156.06,2504524.0,STOCK_A_STABLE
2018-12-06,154.95,156.33,154.07,155.55,911302.0,STOCK_A_STABLE
2018-12-07,152.1,152.74,151.4,152.22,1297840.0,STOCK_A_STABLE
2018-12-10,152.95,153.25,151.76,152.34,579962.0,STOCK_A_STABLE
2018-12-11,152.5,153.61,152.13,152.39,19485022.0,STOCK_A_STABLE
2018-12-12,153.42,154.2,152.7,154.05,3703831.0,STOCK_A_STABLE
2018-12-13,155.21,156.1,154.26,155.94,1166532.0,STOCK_A_STABLE
2018-12-14,157.1,157.55,156.03,156.32,688672.0,STOCK_A_STABLE
2018-12-17,155.55,156.22,155.32,155.6,4266228.0,STOCK_A_STABLE
2018-12-18,156.11,156.77,155.39,156.41,3374150.0,STOCK_A_STABLE
2018-12-19,155.52,155.79,154.25,155.65,4440661.0,STOCK_A_STABLE
2018-12-20,155.02,156.29,155.01,155.71,3080020.0,STOCK_A_STABLE
2018-12-21,157.98,158.71,156.43,157.31,1857993.0,STOCK_A_STABLE
2018-12-24,156.31,156.5,155.75,156.49,679719.0,STOCK_A_STABLE
2018-12-25,158.47,159.17,157.49,157.82,2174419.0,STOCK_A_STABLE
2018-12-26,158.97,159.6,158.62,158.95,896397.0,STOCK_A_STABLE
2018-12-27,158.17,158.53,156.58,157.5,120352.0,STOCK_A_STABLE
2018-12-28,159.22,159.52,158.16,159.09,2591176.0,STOCK_A_STABLE
2018-12-31,160.68,160.88,159.06,160.27,4897386.0,STOCK_A_STABLE
2019-01-01,160.84,161.26,160.14,160.5,3262864.0,STOCK_A_STABLE
2019-01-02,159.63,159.67,159.26,159.34,3808940.0,STOCK_A_STABLE
2019-01-03,158.2,158.92,157.38,158.03,4078431.0,STOCK_A_STABLE
2019-01-04,157.13,157.51,156.97,157.24,4863882.0,STOCK_A_STABLE
2019-01-07,159.07,159.79,157.31,158.16,729954.0,STOCK_A_STABLE
2019-01-08,156.29,156.76,155.99,156.71,1328695.0,STOCK_A_STABLE
2019-01-09,157.46,157.59,156.96,157.46,3119315.0,STOCK_A_STABLE
2019-01-10,155.58,155.81,155.26,155.57,4123134.0,STOCK_A_STABLE
2019-01-11,155.5,156.76,155.27,155.31,3891814.0,STOCK_A_STABLE
2019-01-14,155.34,155.88,154.71,155.55,3665408.0,STOCK_A_STABLE
2019-01-15,159.56,161.54,158.41,159.41,1630785.0,STOCK_A_STABLE
2019-01-16,157.2,157.36,156.89,157.28,1887703.0,STOCK_A_STABLE
2019-01-17,158.9,159.73,157.76,159.66,490606.0,STOCK_A_STABLE
2019-01-18,159.96,160.44,159.86,159.96,1638116.0,STOCK_A_STABLE
2019-01-21,160.15,161.74,159.8,160.68,864135.0,STOCK_A_STABLE
2019-01-22,160.1,161.56,158.97,160.94,4696945.0,STOCK_A_STABLE
2019-01-23,161.78,163.18,161.34,161.72,548637.0,STOCK_A_STABLE
2019-01-24,161.77,162.13,161.42,161.53,1880707.0,STOCK_A_STABLE
2019-01-25,164.2,165.89,163.47,163.95,4447338.0,STOCK_A_STABLE
2019-01-28,163.54,163.95,162.45,163.26,4783643.0,STOCK_A_STABLE
2019-01-29,164.22,165.94,163.75,165.18,1945838.0,STOCK_A_STABLE
2019-01-30,163.51,164.36,163.13,164.18,8299940.0,STOCK_A_STABLE
2019-01-31,165.12,165.96,163.31,164.15,2664408.0,STOCK_A_STABLE
2019-02-01,161.94,163.25,161.36,162.45,4128852.0,STOCK_A_STABLE
2019-02-04,163.55,164.18,162.41,163.26,3866571.0,STOCK_A_STABLE
2019-02-05,165.34,165.73,165.27,165.68,2668149.0,STOCK_A_STABLE
2019-02-06,165.66,166.23,165.05,165.62,1920342.0,STOCK_A_STABLE
2019-02-07,165.04,165.72,163.65,165.36,1924661.0,STOCK_A_STABLE
2019-02-08,163.86,164.83,162.58,163.58,3280603.0,STOCK_A_STABLE
2019-02-11,163.34,163.41,162.34,163.27,4192827.0,STOCK_A_STABLE
2019-02-12,160.52,161.1,160.16,160.74,475731.0,STOCK_A_STABLE
2019-02-13,158.83,160.06,157.8,159.33,3867320.0,STOCK_A_STABLE
2019-02-14,159.89,161.08,159.64,159.76,2456437.0,STOCK_A_STABLE
2019-02-15,161.34,162.74,160.7,161.93,811490.0,STOCK_A_STABLE
2019-02-18,166.76,166.83,165.21,166.54,572942.0,STOCK_A_STABLE
2019-02-19,166.94,167.59,165.3,165.63,1751511.0,STOCK_A_STABLE
2019-02-20,168.76,169.14,166.82,168.08,1316592.0,STOCK_A_STABLE
2019-02-21,168.92,169.98,168.03,168.55,610151.0,STOCK_A_STABLE
2019-02-22,168.32,168.85,167.28,168.37,1537370.0,STOCK_A_STABLE
2019-02-25,168.18,169.32,167.32,169.16,4185196.0,STOCK_A_STABLE
2019-02-26,168.66,170.07,168.32,169.33,3616160.0,STOCK_A_STABLE
2019-02-27,170.24,170.92,168.87,169.59,1124282.0,STOCK_A_STABLE
2019-02-28,168.56,170.38,168.46,168.96,3403110.0,STOCK_A_STABLE
2019-03-01,166.32,167.84,165.94,166.67,2313326.0,STOCK_A_STABLE
2019-03-04,164.08,164.39,163.73,164.16,3760692.0,STOCK_A_STABLE
2019-03-05,164.77,166.14,164.63,165.3,1311719.0,STOCK_A_STABLE
2019-03-06,164.3,165.86,163.58,164.91,402599.0,STOCK_A_STABLE
2019-03-07,163.97,164.36,163.6,163.99,1632924.0,STOCK_A_STABLE
2019-03-08,163.63,164.87,163.23,164.07,4970179.0,STOCK_A_STABLE
2019-03-11,165.07,165.49,164.48,165.44,2823610.0,STOCK_A_STABLE
2019-03-12,165.42,166.17,165.21,165.81,366658.0,STOCK_A_STABLE
2019-03-13,165.04,166.21,164.02,164.79,4879437.0,STOCK_A_STABLE
2019-03-14,166.76,168.17,166.3,166.87,4146164.0,STOCK_A_STABLE
2019-03-15,169.48,169.62,169.48,169.57,2764129.0,STOCK_A_STABLE
2019-03-18,170.79,171.15,170.15,170.48,3727317.0,STOCK_A_STABLE
2019-03-19,172.14,172.84,171.93,172.21,1005373.0,STOCK_A_STABLE
2019-03-20,174.27,175.1,173.79,174.42,2999632.0,STOCK_A_STABLE
2019-03-21,176.71,177.68,175.83,176.46,4573656.0,STOCK_A_STABLE
2019-03-22,177.97,178.15,176.6,177.61,2250400.0,STOCK_A_STABLE
2019-03-25,178.67,178.82,177.96,178.75,290872.0,STOCK_A_STABLE
2019-03-26,179.79,180.15,179.51,179.75,3809948.0,STOCK_A_STABLE
2019-03-27,177.43,178.04,176.28,177.85,3677472.0,STOCK_A_STABLE
2019-03-28,178.7,181.0,177.95,179.16,3725303.0,STOCK_A_STABLE
2019-03-29,177.21,177.3,175.64,176.81,3277290.0,STOCK_A_STABLE
2019-04-01,175.71,176.01,174.52,175.47,772173.0,STOCK_A_STABLE
2019-04-02,178.07,178.79,176.87,177.83,661257.0,STOCK_A_STABLE
2019-04-03,179.55,179.72,178.55,179.39,3983899.0,STOCK_A_STABLE
2019-04-04,182.16,183.21,180.3,182.13,4290147.0,STOCK_A_STABLE
2019-04-05,182.09,182.21,181.66,181.71,484929.0,STOCK_A_STABLE
2019-04-08,180.19,180.37,178.88,179.69,2947022.0,STOCK_A_STABLE
2019-04-09,179.82,181.1,178.19,179.33,2552676.0,STOCK_A_STABLE
2019-04-10,179.53,180.75,178.91,179.59,1815212.0,STOCK_A_STABLE
2019-04-11,180.55,181.87,178.54,179.8,3260900.0,STOCK_A_STABLE
2019-04-12,182.03,182.31,180.29,181.91,4579636.0,STOCK_A_STABLE
2019-04-15,181.67,182.66,181.06,181.32,4126275.0,STOCK_A_STABLE
2019-04-16,182.19,183.1,181.73,182.04,850158.0,STOCK_A_STABLE
2019-04-17,180.44,180.46,179.48,180.31,2369240.0,STOCK_A_STABLE
2019-04-18,180.79,181.37,179.85,181.19,4685078.0,STOCK_A_STABLE
2019-04-19,181.65,182.27,180.58,181.27,1260604.0,STOCK_A_STABLE
2019-04-22,181.52,181.97,179.01,179.98,4284900.0,STOCK_A_STABLE
2019-04-23,179.43,180.21,178.81,179.63,2504232.0,STOCK_A_STABLE
2019-04-24,179.41,180.12,179.01,179.37,2654797.0,STOCK_A_STABLE
2019-04-25,178.72,179.81,177.53,178.96,1326019.0,STOCK_A_STABLE
2019-04-26,181.94,182.46,180.43,182.2,4604481.0,STOCK_A_STABLE
2019-04-29,182.94,183.11,181.34,182.1,2690754.0,STOCK_A_STABLE
2019-04-30,181.36,182.19,181.23,181.72,2916884.0,STOCK_A_STABLE
2019-05-01,177.73,177.99,176.82,177.99,2366290.0,STOCK_A_STABLE
2019-05-02,175.62,176.74,175.48,176.46,537606.0,STOCK_A_STABLE
2019-05-03,175.67,176.65,175.42,176.07,3924471.0,STOCK_A_STABLE
2019-05-06,174.04,176.38,173.98,174.93,1710100.0,STOCK_A_STABLE
2019-05-07,177.76,178.17,176.32,177.42,1276441.0,STOCK_A_STABLE
2019-05-08,178.69,179.8,175.86,177.2,3932018.0,STOCK_A_STABLE
2019-05-09,179.36,179.69,178.64,179.55,1079927.0,STOCK_A_STABLE
2019-05-10,178.84,180.32,178.6,179.74,3445465.0,STOCK_A_STABLE
2019-05-13,180.36,180.89,179.66,179.87,2423508.0,STOCK_A_STABLE
2019-05-14,179.39,180.61,179.14,179.79,4019728.0,STOCK_A_STABLE
2019-05-15,180.57,181.17,179.05,179.87,347471.0,STOCK_A_STABLE
2019-05-16,182.87,183.82,182.64,183.03,3895468.0,STOCK_A_STABLE
2019-05-17,178.52,180.18,177.57,178.86,1223769.0,STOCK_A_STABLE
2019-05-20,175.25,175.53,175.21,175.35,4366054.0,STOCK_A_STABLE
2019-05-21,174.86,174.89,173.65,174.47,1833154.0,STOCK_A_STABLE
2019-05-22,174.44,174.93,173.66,174.56,134252.0,STOCK_A_STABLE
2019-05-23,175.57,176.08,174.42,175.84,2489385.0,STOCK_A_STABLE
2019-05-24,176.63,177.95,176.59,176.74,368201.0,STOCK_A_STABLE
2019-05-27,175.46,176.84,175.31,176.13,1420239.0,STOCK_A_STABLE
2019-05-28,178.21,178.88,176.56,177.99,3611745.0,STOCK_A_STABLE
2019-05-29,178.94,181.06,178.51,179.9,2847118.0,STOCK_A_STABLE
2019-05-30,180.06,180.75,179.73,180.3,3572926.0,STOCK_A_STABLE
2019-05-31,182.53,184.07,181.97,182.11,4404231.0,STOCK_A_STABLE
2019-06-03,182.85,183.18,181.11,182.68,2393225.0,STOCK_A_STABLE
2019-06-04,182.05,182.14,181.58,181.73,2764264.0,STOCK_A_STABLE
2019-06-05,183.03,183.55,182.76,183.07,385454.0,STOCK_A_STABLE
2019-06-06,183.99,184.09,182.4,183.34,1505513.0,STOCK_A_STABLE
2019-06-07,183.93,185.23,182.94,183.42,3648748.0,STOCK_A_STABLE
2019-06-10,186.44,186.95,184.52,186.19,403706.0,STOCK_A_STABLE
2019-06-11,182.21,182.45,180.98,181.71,1860177.0,STOCK_A_STABLE
2019-06-12,179.61,179.65,178.42,179.2,769664.0,STOCK_A_STABLE
2019-06-13,176.91,177.42,176.39,177.15,4301078.0,STOCK_A_STABLE
2019-06-14,175.86,177.21,173.95,176.57,2849965.0,STOCK_A_STABLE
2019-06-17,176.42,176.93,175.88,176.2,3257902.0,STOCK_A_STABLE
2019-06-18,173.89,174.71,172.62,173.61,3450173.0,STOCK_A_STABLE
2019-06-19,172.53,172.88,171.96,171.97,1199106.0,STOCK_A_STABLE
2019-06-20,170.08,171.97,169.47,170.56,343372.0,STOCK_A_STABLE
2019-06-21,174.34,175.86,173.2,174.82,2049088.0,STOCK_A_STABLE
2019-06-24,178.28,179.36,176.9,178.04,1009194.0,STOCK_A_STABLE
2019-06-25,177.34,177.76,176.32,177.37,1677772.0,STOCK_A_STABLE
2019-06-26,175.8,177.1,175.73,176.8,1663498.0,STOCK_A_STABLE
2019-06-27,175.04,175.09,174.77,174.84,8707593.0,STOCK_A_STABLE
2019-06-28,170.62,172.53,169.86,171.57,6835756.0,STOCK_A_STABLE
2019-07-01,170.96,171.71,170.89,171.44,841619.0,STOCK_A_STABLE
2019-07-02,170.49,170.49,169.02,169.8,4796194.0,STOCK_A_STABLE
2019-07-03,170.65,171.96,168.92,169.72,340443.0,STOCK_A_STABLE
2019-07-04,166.47,167.24,164.65,167.08,1098475.0,STOCK_A_STABLE
2019-07-05,165.71,166.64,165.38,165.87,1801592.0,STOCK_A_STABLE
2019-07-08,166.2,167.05,165.76,166.18,406349.0,STOCK_A_STABLE
2019-07-09,167.75,168.44,165.17,166.86,4507221.0,STOCK_A_STABLE
2019-07-10,167.37,168.1,166.24,167.62,1829772.0,STOCK_A_STABLE
2019-07-11,165.24,166.19,164.21,165.47,9589957.0,STOCK_A_STABLE
2019-07-12,167.73,168.37,166.27,166.95,758765.0,STOCK_A_STABLE
2019-07-15,165.5,165.7,165.25,165.69,2655969.0,STOCK_A_STABLE
2019-07-16,167.16,168.09,166.36,166.8,720251.0,STOCK_A_STABLE
2019-07-17,166.11,166.97,165.12,166.85,1235063.0,STOCK_A_STABLE
2019-07-18,164.53,165.17,164.4,164.62,2096508.0,STOCK_A_STABLE
2019-07-19,163.35,164.45,163.08,164.16,4327286.0,STOCK_A_STABLE
2019-07-22,164.31,164.99,164.26,164.83,1601316.0,STOCK_A_STABLE
2019-07-23,166.32,167.08,165.49,165.91,3798430.0,STOCK_A_STABLE
2019-07-24,165.71,166.17,165.33,165.74,549461.0,STOCK_A_STABLE
2019-07-25,168.18,169.53,167.91,168.34,1332540.0,STOCK_A_STABLE
2019-07-26,169.73,170.16,169.6,170.11,3061086.0,STOCK_A_STABLE
2019-07-29,169.63,170.42,168.18,169.74,2394452.0,STOCK_A_STABLE
2019-07-30,171.23,171.45,170.78,171.08,2558328.0,STOCK_A_STABLE
2019-07-31,174.97,176.09,173.65,174.46,3423588.0,STOCK_A_STABLE
2019-08-01,176.55,178.67,175.79,177.95,477788.0,STOCK_A_STABLE
2019-08-02,175.39,176.79,175.03,175.83,3507811.0,STOCK_A_STABLE
2019-08-05,174.36,174.46,173.77,174.27,4327447.0,STOCK_A_STABLE
2019-08-06,176.88,178.27,176.6,176.93,3853955.0,STOCK_A_STABLE
2019-08-07,175.34,175.41,174.65,175.13,1495093.0,STOCK_A_STABLE
2019-08-08,173.02,173.05,172.85,172.88,1819630.0,STOCK_A_STABLE
2019-08-09,171.95,172.55,170.3,172.11,4810765.0,STOCK_A_STABLE
2019-08-12,172.63,174.75,171.64,172.9,3970900.0,STOCK_A_STABLE
2019-08-13,172.67,172.94,171.86,172.8,4664539.0,STOCK_A_STABLE
2019-08-14,172.33,172.37,171.22,171.74,4576050.0,STOCK_A_STABLE
2019-08-15,170.28,171.67,169.08,170.65,2227073.0,STOCK_A_STABLE
2019-08-16,169.47,170.16,168.5,169.5,734201.0,STOCK_A_STABLE
2019-08-19,168.17,168.94,167.16,168.08,1219978.0,STOCK_A_STABLE
2019-08-20,172.79,173.65,171.3,171.98,1541557.0,STOCK_A_STABLE
2019-08-21,172.41,172.75,172.02,172.56,4190778.0,STOCK_A_STABLE
2019-08-22,174.66,175.3,173.77,174.16,1453600.0,STOCK_A_STABLE
2019-08-23,174.02,174.16,172.53,173.38,1870300.0,STOCK_A_STABLE
2019-08-26,173.1,173.27,172.3,173.13,4271408.0,STOCK_A_STABLE
2019-08-27,171.85,173.02,171.5,171.96,901398.0,STOCK_A_STABLE
2019-08-28,167.31,167.7,167.24,167.47,3351711.0,STOCK_A_STABLE
2019-08-29,165.1,165.37,164.98,165.23,2802877.0,STOCK_A_STABLE
2019-08-30,162.72,163.31,161.75,162.3,4923808.0,STOCK_A_STABLE
2019-09-02,158.83,159.52,156.54,158.72,2498071.0,STOCK_A_STABLE
2019-09-03,157.0,157.49,156.62,156.88,2654048.0,STOCK_A_STABLE
2019-09-04,158.49,159.93,158.02,159.03,4265087.0,STOCK_A_STABLE
2019-09-05,158.56,159.41,157.74,159.02,4959256.0,STOCK_A_STABLE
2019-09-06,162.17,162.28,160.93,161.13,3673478.0,STOCK_A_STABLE
2019-09-09,161.78,162.66,161.17,161.86,3520591.0,STOCK_A_STABLE
2019-09-10,162.81,163.25,162.51,163.19,4393083.0,STOCK_A_STABLE
2019-09-11,162.48,162.5,161.5,161.79,4900661.0,STOCK_A_STABLE
2019-09-12,162.84,163.96,162.4,162.7,3700044.0,STOCK_A_STABLE
2019-09-13,164.24,165.3,162.65,163.95,1532640.0,STOCK_A_STABLE
2019-09-16,163.0,163.08,162.52,163.07,3246657.0,STOCK_A_STABLE
2019-09-17,163.89,164.35,163.81,164.05,1257292.0,STOCK_A_STABLE
2019-09-18,164.96,166.01,164.54,165.04,2550868.0,STOCK_A_STABLE
2019-09-19,163.52,164.73,162.94,164.2,2277866.0,STOCK_A_STABLE
2019-09-20,162.38,162.63,161.55,162.42,4939011.0,STOCK_A_STABLE
2019-09-23,160.71,160.92,160.29,160.57,2816247.0,STOCK_A_STABLE
2019-09-24,161.66,161.88,160.09,160.77,4799907.0,STOCK_A_STABLE
2019-09-25,161.4,161.41,160.93,161.36,4059869.0,STOCK_A_STABLE
2019-09-26,159.02,160.57,158.44,160.14,4259379.0,STOCK_A_STABLE
2019-09-27,160.21,160.33,159.63,160.25,929444.0,STOCK_A_STABLE
2019-09-30,162.56,162.73,160.25,161.23,3899064.0,STOCK_A_STABLE
2019-10-01,162.71,162.96,161.21,162.29,1332265.0,STOCK_A_STABLE
2019-10-02,164.47,165.47,163.88,164.87,2930041.0,STOCK_A_STABLE
2019-10-03,167.34,168.2,166.5,167.05,2482163.0,STOCK_A_STABLE
2019-10-04,165.07,166.08,163.32,165.44,1372791.0,STOCK_A_STABLE
2019-10-07,167.61,168.48,167.28,168.29,4925849.0,STOCK_A_STABLE
2019-10-08,167.29,167.97,166.58,167.47,4389651.0,STOCK_A_STABLE
2019-10-09,169.33,169.38,168.89,169.28,7161369.0,STOCK_A_STABLE
2019-10-10,168.51,170.3,168.22,169.47,152999.0,STOCK_A_STABLE
2019-10-11,168.25,169.29,167.53,168.83,998019.0,STOCK_A_STABLE
2019-10-14,165.86,165.95,165.5,165.85,1214455.0,STOCK_A_STABLE
2019-10-15,165.43,167.35,165.1,165.63,4862379.0,STOCK_A_STABLE
2019-10-16,163.31,164.26,162.67,163.12,2078288.0,STOCK_A_STABLE
2019-10-17,164.16,165.23,163.67,164.76,328998.0,STOCK_A_STABLE
2019-10-18,167.68,167.85,167.14,167.32,2972170.0,STOCK_A_STABLE
2019-10-21,165.47,166.17,165.28,166.06,4757135.0,STOCK_A_STABLE
2019-10-22,167.45,168.12,165.38,166.62,2848308.0,STOCK_A_STABLE
2019-10-23,164.63,166.63,164.37,165.48,2275658.0,STOCK_A_STABLE
2019-10-24,163.97,165.08,163.74,164.51,961497.0,STOCK_A_STABLE
2019-10-25,166.06,166.09,165.47,165.85,4406084.0,STOCK_A_STABLE
2019-10-28,166.68,168.08,165.46,165.85,613511.0,STOCK_A_STABLE
2019-10-29,168.96,169.33,167.65,168.8,4674289.0,STOCK_A_STABLE
2019-10-30,168.34,168.51,167.0,168.06,1189411.0,STOCK_A_STABLE
2019-10-31,169.81,169.96,168.98,169.8,777010.0,STOCK_A_STABLE
2019-11-01,169.51,170.49,169.39,170.04,1808673.0,STOCK_A_STABLE
2019-11-04,171.21,171.69,170.47,171.46,124307.0,STOCK_A_STABLE
2019-11-05,170.14,171.94,168.92,170.76,168863.0,STOCK_A_STABLE
2019-11-06,170.09,171.19,169.71,170.74,1013728.0,STOCK_A_STABLE
2019-11-07,170.82,171.2,169.68,170.61,3493033.0,STOCK_A_STABLE
2019-11-08,168.69,169.3,168.51,169.26,4090890.0,STOCK_A_STABLE
2019-11-11,170.61,170.63,169.71,170.44,1313864.0,STOCK_A_STABLE
2019-11-12,170.95,172.15,170.64,171.62,3258166.0,STOCK_A_STABLE
2019-11-13,172.86,173.39,172.67,172.71,1821881.0,STOCK_A_STABLE
2019-11-14,175.17,176.14,174.15,175.43,2221502.0,STOCK_A_STABLE
2019-11-15,178.8,179.1,177.72,178.04,1741018.0,STOCK_A_STABLE
2019-11-18,177.62,178.4,176.91,177.45,4468074.0,STOCK_A_STABLE
2019-11-19,178.84,178.87,178.07,178.18,2607966.0,STOCK_A_STABLE
2019-11-20,176.74,177.22,176.15,177.14,2580589.0,STOCK_A_STABLE
2019-11-21,177.28,178.68,176.95,177.25,14268152.0,STOCK_A_STABLE
2019-11-22,175.74,176.29,175.38,176.26,3320575.0,STOCK_A_STABLE
2019-11-25,178.96,179.81,177.99,179.19,832010.0,STOCK_A_STABLE
2019-11-26,179.77,180.24,179.64,179.91,1025090.0,STOCK_A_STABLE
2019-11-27,179.2,181.19,179.11,179.59,1769562.0,STOCK_A_STABLE
2019-11-28,181.14,182.72,180.75,181.81,579623.0,STOCK_A_STABLE
2019-11-29,177.18,178.96,176.59,177.93,3490941.0,STOCK_A_STABLE
2019-12-02,173.2,176.37,172.86,174.42,2527148.0,STOCK_A_STABLE
2019-12-03,175.32,176.41,175.11,175.88,316733.0,STOCK_A_STABLE
2019-12-04,176.39,176.5,175.4,176.05,2062287.0,STOCK_A_STABLE
2019-12-05,175.72,177.25,175.1,176.57,4166895.0,STOCK_A_STABLE
2019-12-06,173.58,174.68,172.66,174.29,4544555.0,STOCK_A_STABLE
2019-12-09,175.26,175.34,172.1,174.32,4812943.0,STOCK_A_STABLE
2019-12-10,177.55,178.35,177.5,177.89,4620631.0,STOCK_A_STABLE
2019-12-11,179.6,179.88,178.83,179.42,3077422.0,STOCK_A_STABLE
2019-12-12,180.15,180.62,179.51,179.8,4643191.0,STOCK_A_STABLE
2019-12-13,179.44,179.93,177.67,179.08,4786891.0,STOCK_A_STABLE
2019-12-16,177.63,178.74,177.17,178.45,3212906.0,STOCK_A_STABLE
2019-12-17,174.6,174.81,174.27,174.72,2124002.0,STOCK_A_STABLE
2019-12-18,174.39,176.59,173.67,175.24,4833859.0,STOCK_A_STABLE
2019-12-19,178.09,179.12,176.5,176.79,2133655.0,STOCK_A_STABLE
2019-12-20,173.24,174.87,172.86,174.08,3010903.0,STOCK_A_STABLE
2019-12-23,172.45,173.6,172.43,172.99,620619.0,STOCK_A_STABLE
2019-12-24,170.53,171.34,170.12,171.06,2880499.0,STOCK_A_STABLE
2019-12-25,168.72,169.63,168.07,169.48,273689.0,STOCK_A_STABLE
2019-12-26,170.32,171.05,169.57,169.64,681154.0,STOCK_A_STABLE
2019-12-27,167.38,167.88,165.63,166.17,1298071.0,STOCK_A_STABLE
2019-12-30,167.02,167.97,166.71,167.26,2696156.0,STOCK_A_STABLE
2019-12-31,167.92,168.99,167.49,168.58,2442830.0,STOCK_A_STABLE
2020-01-01,167.1,168.37,166.42,168.23,2604868.0,STOCK_A_STABLE
2020-01-02,164.0,164.84,163.88,164.12,2587643.0,STOCK_A_STABLE
2020-01-03,162.4,163.15,162.15,162.55,4971440.0,STOCK_A_STABLE
2020-01-06,164.3,164.87,164.23,164.62,1166119.0,STOCK_A_STABLE
2020-01-07,160.22,161.03,159.47,160.11,2422831.0,STOCK_A_STABLE
2020-01-08,159.81,161.31,158.44,159.62,3102747.0,STOCK_A_STABLE
2020-01-09,157.95,158.14,157.47,157.8,1442333.0,STOCK_A_STABLE
2020-01-10,158.98,159.33,158.37,159.13,987908.0,STOCK_A_STABLE
2020-01-13,157.6,158.85,156.47,158.12,328605.0,STOCK_A_STABLE
2020-01-14,159.14,160.14,158.59,158.83,1698434.0,STOCK_A_STABLE
2020-01-15,159.79,160.72,159.09,159.79,1345466.0,STOCK_A_STABLE
2020-01-16,163.22,164.14,162.4,162.78,1058976.0,STOCK_A_STABLE
2020-01-17,162.9,163.67,162.25,162.52,1429206.0,STOCK_A_STABLE
2020-01-20,162.5,163.94,161.89,163.2,3513651.0,STOCK_A_STABLE
2020-01-21,160.15,160.99,160.09,160.84,4154851.0,STOCK_A_STABLE
2020-01-22,162.45,163.02,162.29,162.82,2631205.0,STOCK_A_STABLE
2020-01-23,161.13,162.65,161.07,161.64,426044.0,STOCK_A_STABLE
2020-01-24,161.17,161.58,160.69,160.8,3706895.0,STOCK_A_STABLE
2020-01-27,161.0,161.44,160.13,160.83,844786.0,STOCK_A_STABLE
2020-01-28,158.9,159.57,158.11,158.38,380516.0,STOCK_A_STABLE
2020-01-29,159.0,159.27,158.51,158.81,2885457.0,STOCK_A_STABLE
2020-01-30,160.51,160.53,160.28,160.41,2184274.0,STOCK_A_STABLE
2020-01-31,161.52,161.54,160.87,160.94,1627989.0,STOCK_A_STABLE
2020-02-03,158.67,159.74,157.38,158.45,11965627.0,STOCK_A_STABLE
2020-02-04,158.35,160.14,157.92,158.31,546992.0,STOCK_A_STABLE
2020-02-05,160.26,160.88,158.74,159.55,362735.0,STOCK_A_STABLE
2020-02-06,156.67,156.68,156.16,156.62,2978700.0,STOCK_A_STABLE
2020-02-07,154.86,155.67,154.17,155.0,2150055.0,STOCK_A_STABLE
2020-02-10,156.03,156.58,155.26,156.42,4027552.0,STOCK_A_STABLE
2020-02-11,157.24,157.32,156.72,156.91,297951.0,STOCK_A_STABLE
2020-02-12,158.2,158.62,156.57,157.61,2154948.0,STOCK_A_STABLE
2020-02-13,160.58,160.65,160.28,160.61,818601.0,STOCK_A_STABLE
2020-02-14,162.06,162.47,160.86,161.43,301803.0,STOCK_A_STABLE
2020-02-17,161.59,162.71,161.35,162.55,2366379.0,STOCK_A_STABLE
2020-02-18,167.0,167.33,166.24,167.02,3700756.0,STOCK_A_STABLE
2020-02-19,166.71,166.84,166.1,166.73,871815.0,STOCK_A_STABLE
2020-02-20,165.11,165.47,164.41,165.47,4227212.0,STOCK_A_STABLE
2020-02-21,167.43,168.6,166.15,166.24,2641901.0,STOCK_A_STABLE
2020-02-24,167.01,167.35,166.87,167.04,2454428.0,STOCK_A_STABLE
2020-02-25,166.02,166.53,165.69,166.23,4621385.0,STOCK_A_STABLE
2020-02-26,164.59,165.42,163.02,164.58,6286069.0,STOCK_A_STABLE
2020-02-27,167.43,168.84,167.28,168.44,1081997.0,STOCK_A_STABLE
2020-02-28,168.68,169.85,168.64,169.06,3952753.0,STOCK_A_STABLE
2020-03-02,168.39,169.07,167.09,167.89,625213.0,STOCK_A_STABLE
2020-03-03,169.18,169.75,168.93,169.5,4373269.0,STOCK_A_STABLE
2020-03-04,168.96,170.22,168.28,169.38,4143855.0,STOCK_A_STABLE
2020-03-05,169.68,170.16,167.89,169.02,4887245.0,STOCK_A_STABLE
2020-03-06,170.72,171.58,169.73,170.04,2355322.0,STOCK_A_STABLE
2020-03-09,168.17,169.17,167.2,167.91,9194631.0,STOCK_A_STABLE
2020-03-10,168.34,169.34,167.28,168.57,4424794.0,STOCK_A_STABLE
2020-03-11,171.74,172.17,171.2,171.86,744887.0,STOCK_A_STABLE
2020-03-12,172.31,172.78,171.7,172.73,1600004.0,STOCK_A_STABLE
2020-03-13,171.63,172.55,171.25,172.15,2412076.0,STOCK_A_STABLE
2020-03-16,170.81,172.55,170.38,171.34,3174906.0,STOCK_A_STABLE
2020-03-17,170.39,171.8,170.21,170.71,3427926.0,STOCK_A_STABLE
2020-03-18,169.82,170.68,169.22,170.34,4624236.0,STOCK_A_STABLE
2020-03-19,168.97,171.09,168.61,169.77,2497722.0,STOCK_A_STABLE
2020-03-20,171.51,171.81,170.05,171.39,941309.0,STOCK_A_STABLE
2020-03-23,168.61,168.72,167.61,168.49,1030528.0,STOCK_A_STABLE
2020-03-24,170.88,171.16,170.0,170.01,4023569.0,STOCK_A_STABLE
2020-03-25,169.09,169.53,167.83,169.43,2359070.0,STOCK_A_STABLE
2020-03-26,170.29,170.54,169.94,170.14,3194432.0,STOCK_A_STABLE
2020-03-27,168.45,169.02,167.35,168.29,2858004.0,STOCK_A_STABLE
2020-03-30,170.46,170.79,169.35,170.59,4083439.0,STOCK_A_STABLE
2020-03-31,173.17,173.62,171.29,172.79,1170388.0,STOCK_A_STABLE
2020-04-01,174.92,174.95,173.78,174.51,936397.0,STOCK_A_STABLE
2020-04-02,172.11,172.37,171.76,171.94,3694356.0,STOCK_A_STABLE
2020-04-03,173.3,174.63,172.64,173.43,2227023.0,STOCK_A_STABLE
2020-04-06,174.02,174.75,173.8,174.21,4097379.0,STOCK_A_STABLE
2020-04-07,170.78,172.31,169.54,171.48,731302.0,STOCK_A_STABLE
2020-04-08,171.09,171.93,170.77,171.51,1432221.0,STOCK_A_STABLE
2020-04-09,171.88,172.56,171.68,172.2,4804402.0,STOCK_A_STABLE
2020-04-10,172.64,173.39,171.99,173.23,4233983.0,STOCK_A_STABLE
2020-04-13,173.83,173.93,172.81,173.6,407189.0,STOCK_A_STABLE
2020-04-14,174.8,175.51,171.9,174.18,4102565.0,STOCK_A_STABLE
2020-04-15,176.33,177.71,176.02,176.81,420868.0,STOCK_A_STABLE
2020-04-16,179.2,179.84,179.02,179.05,689482.0,STOCK_A_STABLE
2020-04-17,173.45,174.2,172.99,173.99,4500965.0,STOCK_A_STABLE
2020-04-20,173.35,173.95,172.75,173.51,717506.0,STOCK_A_STABLE
2020-04-21,172.93,173.45,172.1,173.29,1573734.0,STOCK_A_STABLE
2020-04-22,170.63,171.12,169.36,170.32,763244.0,STOCK_A_STABLE
2020-04-23,170.21,171.47,168.78,170.55,3025398.0,STOCK_A_STABLE
2020-04-24,173.28,173.38,171.77,172.75,380207.0,STOCK_A_STABLE
2020-04-27,170.82,170.98,169.94,170.94,1508630.0,STOCK_A_STABLE
2020-04-28,171.25,172.01,171.15,171.59,1699025.0,STOCK_A_STABLE
2020-04-29,169.44,170.51,169.1,170.08,3278916.0,STOCK_A_STABLE
2020-04-30,169.14,170.83,168.73,169.01,2532921.0,STOCK_A_STABLE
2020-05-01,172.03,172.78,171.55,171.57,1043099.0,STOCK_A_STABLE
2020-05-04,170.85,170.89,170.57,170.71,2375092.0,STOCK_A_STABLE
2020-05-05,172.72,172.77,170.94,171.57,2348460.0,STOCK_A_STABLE
2020-05-06,169.15,170.29,168.27,168.43,1833181.0,STOCK_A_STABLE
2020-05-07,171.47,172.03,170.94,171.63,2714111.0,STOCK_A_STABLE
2020-05-08,172.57,172.79,171.73,172.73,1698083.0,STOCK_A_STABLE
2020-05-11,172.73,172.75,171.92,172.49,1734850.0,STOCK_A_STABLE
2020-05-12,173.11,174.32,172.32,173.55,3938455.0,STOCK_A_STABLE
2020-05-13,171.77,172.18,170.88,171.17,1333332.0,STOCK_A_STABLE
2020-05-14,173.45,173.55,172.97,173.27,1712182.0,STOCK_A_STABLE
2020-05-15,172.91,173.66,172.69,172.77,787012.0,STOCK_A_STABLE
2020-05-18,172.85,173.83,171.13,172.49,3520892.0,STOCK_A_STABLE
2020-05-19,172.6,172.87,170.19,171.71,3560107.0,STOCK_A_STABLE
2020-05-20,170.87,171.35,170.46,170.78,3422709.0,STOCK_A_STABLE
2020-05-21,171.98,172.12,171.97,172.04,924585.0,STOCK_A_STABLE
2020-05-22,173.33,173.68,171.98,172.55,2312761.0,STOCK_A_STABLE
2020-05-25,174.24,174.42,173.24,173.74,1531419.0,STOCK_A_STABLE
2020-05-26,173.63,174.17,173.51,173.79,3842151.0,STOCK_A_STABLE
2020-05-27,174.76,175.22,174.63,174.76,1750852.0,STOCK_A_STABLE
2020-05-28,174.2,174.43,173.57,174.09,2138179.0,STOCK_A_STABLE
2020-05-29,178.24,178.49,177.61,178.04,10837475.0,STOCK_A_STABLE
2020-06-01,174.61,175.64,173.3,175.32,3827859.0,STOCK_A_STABLE
2020-06-02,176.78,178.55,176.23,177.6,3542586.0,STOCK_A_STABLE
2020-06-03,179.63,180.16,179.61,180.11,4117908.0,STOCK_A_STABLE
2020-06-04,178.13,178.77,177.78,178.64,2196931.0,STOCK_A_STABLE
2020-06-05,182.34,182.93,182.17,182.7,4116070.0,STOCK_A_STABLE
2020-06-08,184.94,185.09,184.47,184.59,4368358.0,STOCK_A_STABLE
2020-06-09,186.36,187.01,185.39,186.45,2667137.0,STOCK_A_STABLE
2020-06-10,186.69,187.22,184.17,186.58,3430949.0,STOCK_A_STABLE
2020-06-11,185.57,186.66,184.66,186.25,4556838.0,STOCK_A_STABLE
2020-06-12,185.68,186.11,185.26,185.94,4208584.0,STOCK_A_STABLE
2020-06-15,187.07,187.49,186.27,186.74,1454550.0,STOCK_A_STABLE
2020-06-16,189.77,190.56,188.92,189.43,3610134.0,STOCK_A_STABLE
2020-06-17,189.43,190.3,188.73,189.85,2285210.0,STOCK_A_STABLE
2020-06-18,188.28,188.3,187.24,188.19,828295.0,STOCK_A_STABLE
2020-06-19,191.07,191.67,189.77,189.82,1921758.0,STOCK_A_STABLE
2020-06-22,191.63,191.72,191.01,191.64,4891843.0,STOCK_A_STABLE
2020-06-23,192.57,193.72,191.33,192.97,4793683.0,STOCK_A_STABLE
2020-06-24,194.39,195.78,193.83,194.49,3954272.0,STOCK_A_STABLE
2020-06-25,194.09,194.73,193.6,194.04,4952774.0,STOCK_A_STABLE
2020-06-26,192.23,192.68,192.2,192.32,2906336.0,STOCK_A_STABLE
2020-06-29,190.71,191.36,189.63,190.72,3812075.0,STOCK_A_STABLE
2020-06-30,186.87,188.5,185.81,187.68,909631.0,STOCK_A_STABLE
2020-07-01,187.66,188.52,185.89,188.2,1563945.0,STOCK_A_STABLE
2020-07-02,188.03,189.15,186.88,188.12,946135.0,STOCK_A_STABLE
2020-07-03,187.27,187.67,185.75,187.37,4694073.0,STOCK_A_STABLE
2020-07-06,181.59,182.06,181.55,181.9,3110222.0,STOCK_A_STABLE
2020-07-07,179.61,180.48,178.8,179.71,4669745.0,STOCK_A_STABLE
2020-07-08,181.83,183.14,181.77,181.79,2139365.0,STOCK_A_STABLE
2020-07-09,181.14,182.56,180.6,180.66,2076888.0,STOCK_A_STABLE
2020-07-10,181.33,183.15,181.19,181.38,3411711.0,STOCK_A_STABLE
2020-07-13,179.15,181.09,178.33,178.93,2882750.0,STOCK_A_STABLE
2020-07-14,181.28,181.65,180.97,181.58,1924895.0,STOCK_A_STABLE
2020-07-15,181.7,182.22,181.16,181.39,1656182.0,STOCK_A_STABLE
2020-07-16,182.19,182.39,181.18,181.99,2612941.0,STOCK_A_STABLE
2020-07-17,186.78,187.09,186.16,186.29,470164.0,STOCK_A_STABLE
2020-07-20,189.6,190.21,188.46,189.19,1020994.0,STOCK_A_STABLE
2020-07-21,189.02,189.11,187.41,188.69,314435.0,STOCK_A_STABLE
2020-07-22,187.59,188.33,187.46,187.64,860485.0,STOCK_A_STABLE
2020-07-23,187.25,187.37,186.16,187.11,1073460.0,STOCK_A_STABLE
2020-07-24,188.74,189.13,187.12,188.14,470659.0,STOCK_A_STABLE
2020-07-27,187.65,188.9,187.25,188.01,371730.0,STOCK_A_STABLE
2020-07-28,186.99,188.58,185.66,187.35,4116232.0,STOCK_A_STABLE
2020-07-29,190.27,191.79,189.1,190.17,995102.0,STOCK_A_STABLE
2020-07-30,190.27,190.75,189.91,190.03,2821392.0,STOCK_A_STABLE
2020-07-31,193.99,194.58,193.96,194.47,582873.0,STOCK_A_STABLE
2020-08-03,194.69,195.04,193.88,194.73,4740991.0,STOCK_A_STABLE
2020-08-04,198.23,198.72,197.62,198.28,1270945.0,STOCK_A_STABLE
2020-08-05,197.75,200.48,197.75,199.07,3772482.0,STOCK_A_STABLE
2020-08-06,200.94,201.53,200.38,201.07,3241801.0,STOCK_A_STABLE
2020-08-07,199.6,200.9,199.44,199.69,3866939.0,STOCK_A_STABLE
2020-08-10,197.97,199.16,196.64,198.07,13200002.0,STOCK_A_STABLE
2020-08-11,199.9,200.22,197.75,199.06,2594386.0,STOCK_A_STABLE
2020-08-12,200.37,201.32,199.47,201.1,3883435.0,STOCK_A_STABLE
2020-08-13,200.77,202.65,200.49,201.26,4095724.0,STOCK_A_STABLE
2020-08-14,197.2,199.41,197.2,198.76,1961645.0,STOCK_A_STABLE
2020-08-17,195.85,196.98,195.03,196.13,4716110.0,STOCK_A_STABLE
2020-08-18,193.18,194.57,192.47,193.41,4938713.0,STOCK_A_STABLE
2020-08-19,189.78,191.45,189.34,190.07,3636527.0,STOCK_A_STABLE
2020-08-20,190.99,191.18,190.27,190.35,4651846.0,STOCK_A_STABLE
2020-08-21,193.07,193.41,191.85,192.57,617385.0,STOCK_A_STABLE
2020-08-24,192.67,193.62,192.33,192.62,2747629.0,STOCK_A_STABLE
2020-08-25,188.14,188.82,188.09,188.35,3289997.0,STOCK_A_STABLE
2020-08-26,188.64,189.02,187.59,188.06,4645812.0,STOCK_A_STABLE
2020-08-27,187.82,188.65,187.79,187.83,690122.0,STOCK_A_STABLE
2020-08-28,191.37,192.07,191.27,191.84,4049771.0,STOCK_A_STABLE
2020-08-31,188.15,189.48,188.04,189.12,478389.0,STOCK_A_STABLE
2020-09-01,188.21,188.71,187.9,188.46,1854714.0,STOCK_A_STABLE
2020-09-02,192.19,192.92,190.75,191.75,3495211.0,STOCK_A_STABLE
2020-09-03,194.01,194.62,192.63,192.69,1525801.0,STOCK_A_STABLE
2020-09-04,193.89,195.24,193.23,193.85,4190448.0,STOCK_A_STABLE
2020-09-07,193.71,195.18,192.92,194.15,4659532.0,STOCK_A_STABLE
2020-09-08,194.18,196.13,193.99,194.87,878323.0,STOCK_A_STABLE
2020-09-09,196.79,197.59,195.89,196.47,1364628.0,STOCK_A_STABLE
2020-09-10,193.92,194.95,193.78,194.95,463328.0,STOCK_A_STABLE
2020-09-11,197.07,197.45,196.33,196.74,3579476.0,STOCK_A_STABLE
2020-09-14,194.6,194.86,193.68,194.12,4443962.0,STOCK_A_STABLE
2020-09-15,195.09,195.72,194.34,194.84,3047962.0,STOCK_A_STABLE
2020-09-16,195.13,196.43,193.26,195.26,747825.0,STOCK_A_STABLE
2020-09-17,194.47,195.39,193.52,194.14,951334.0,STOCK_A_STABLE
2020-09-18,194.27,194.58,192.71,194.17,271921.0,STOCK_A_STABLE
2020-09-21,192.59,193.18,191.5,193.04,2500970.0,STOCK_A_STABLE
2020-09-22,192.11,192.71,190.65,191.05,3633166.0,STOCK_A_STABLE
2020-09-23,190.25,191.2,188.6,190.45,835083.0,STOCK_A_STABLE
2020-09-24,188.86,189.73,187.16,188.42,4253806.0,STOCK_A_STABLE
2020-09-25,187.73,189.44,187.2,189.11,1338195.0,STOCK_A_STABLE
2020-09-28,187.72,187.91,186.74,187.01,2620919.0,STOCK_A_STABLE
2020-09-29,189.24,190.69,187.01,188.41,3371416.0,STOCK_A_STABLE
2020-09-30,186.28,186.31,186.14,186.26,2745633.0,STOCK_A_STABLE
2020-10-01,185.59,186.72,184.87,185.28,2441626.0,STOCK_A_STABLE
2020-10-02,184.51,185.33,183.6,184.2,1750616.0,STOCK_A_STABLE
2020-10-05,186.35,187.15,186.24,186.71,2207066.0,STOCK_A_STABLE
2020-10-06,187.71,188.76,187.05,187.4,1268469.0,STOCK_A_STABLE
2020-10-07,186.63,187.43,185.98,187.08,1543146.0,STOCK_A_STABLE
2020-10-08,187.75,189.83,186.29,188.09,3800637.0,STOCK_A_STABLE
2020-10-09,184.82,185.65,184.15,184.2,4424714.0,STOCK_A_STABLE
2020-10-12,184.73,184.89,183.55,184.2,4261493.0,STOCK_A_STABLE
2020-10-13,187.55,189.33,187.24,187.95,1721651.0,STOCK_A_STABLE
2020-10-14,187.86,189.57,187.63,188.27,1674099.0,STOCK_A_STABLE
2020-10-15,188.11,189.17,187.27,188.48,385673.0,STOCK_A_STABLE
2020-10-16,190.0,190.08,189.46,189.58,1441714.0,STOCK_A_STABLE
2020-10-19,190.78,191.61,190.62,191.36,2969413.0,STOCK_A_STABLE
2020-10-20,187.81,188.84,187.12,187.61,1412179.0,STOCK_A_STABLE
2020-10-21,184.95,185.39,184.18,184.53,3693996.0,STOCK_A_STABLE
2020-10-22,184.94,185.49,184.83,184.99,347917.0,STOCK_A_STABLE
2020-10-23,184.3,185.62,183.18,183.75,2117940.0,STOCK_A_STABLE
2020-10-26,186.06,186.98,186.05,186.23,1477267.0,STOCK_A_STABLE
2020-10-27,185.6,186.16,185.39,185.72,2522013.0,STOCK_A_STABLE
2020-10-28,181.66,182.93,181.22,182.2,1062069.0,STOCK_A_STABLE
2020-10-29,180.51,181.5,178.82,179.96,2152004.0,STOCK_A_STABLE
2020-10-30,174.68,176.12,174.39,175.08,3963197.0,STOCK_A_STABLE
2020-11-02,174.93,175.47,174.48,174.74,4299088.0,STOCK_A_STABLE
2020-11-03,174.45,175.52,174.35,174.49,1354041.0,STOCK_A_STABLE
2020-11-04,173.27,174.18,172.55,173.81,2201093.0,STOCK_A_STABLE
2020-11-05,175.44,175.99,175.13,175.76,3481760.0,STOCK_A_STABLE
2020-11-06,178.67,178.89,177.71,177.94,2372269.0,STOCK_A_STABLE
2020-11-09,177.81,178.28,176.82,177.7,2761623.0,STOCK_A_STABLE
2020-11-10,173.46,173.99,173.19,173.98,1773418.0,STOCK_A_STABLE
2020-11-11,175.29,175.54,174.77,175.13,4203571.0,STOCK_A_STABLE
2020-11-12,176.09,176.66,175.84,176.17,3194361.0,STOCK_A_STABLE
2020-11-13,178.62,178.72,176.38,176.78,4805855.0,STOCK_A_STABLE
2020-11-16,178.74,179.31,176.48,178.59,3921096.0,STOCK_A_STABLE
2020-11-17,176.38,177.0,175.91,176.58,1899728.0,STOCK_A_STABLE
2020-11-18,180.97,181.01,178.71,180.2,1706309.0,STOCK_A_STABLE
2020-11-19,177.56,178.89,176.42,178.54,532870.0,STOCK_A_STABLE
2020-11-20,180.0,180.33,179.4,179.95,3150053.0,STOCK_A_STABLE
2020-11-23,178.05,178.91,176.04,176.99,3773264.0,STOCK_A_STABLE
2020-11-24,175.35,176.63,174.87,175.41,1835662.0,STOCK_A_STABLE
2020-11-25,177.21,179.24,176.31,178.14,204381.0,STOCK_A_STABLE
2020-11-26,177.54,178.38,177.01,177.75,4145131.0,STOCK_A_STABLE
2020-11-27,180.09,180.37,179.18,179.31,1192520.0,STOCK_A_STABLE
2020-11-30,180.01,180.23,179.62,179.81,2953116.0,STOCK_A_STABLE
2020-12-01,179.24,180.68,179.11,179.69,360928.0,STOCK_A_STABLE
2020-12-02,181.84,182.47,181.2,182.21,407533.0,STOCK_A_STABLE
2020-12-03,181.55,182.32,181.26,181.86,4500927.0,STOCK_A_STABLE
2020-12-04,178.88,180.22,178.21,178.69,3395217.0,STOCK_A_STABLE
2020-12-07,178.04,178.07,177.2,177.33,125955.0,STOCK_A_STABLE
2020-12-08,178.94,180.2,176.96,178.37,593216.0,STOCK_A_STABLE
2020-12-09,179.4,180.4,178.97,179.15,2514436.0,STOCK_A_STABLE
2020-12-10,175.71,176.78,175.1,176.42,3433790.0,STOCK_A_STABLE
2020-12-11,174.51,176.66,174.13,175.21,2177595.0,STOCK_A_STABLE
2020-12-14,174.54,174.56,174.07,174.26,4376475.0,STOCK_A_STABLE
2020-12-15,172.99,173.87,172.92,173.69,3298448.0,STOCK_A_STABLE
2020-12-16,171.26,172.17,170.64,171.37,3109853.0,STOCK_A_STABLE
2020-12-17,170.52,171.26,169.87,170.36,1519746.0,STOCK_A_STABLE
2020-12-18,168.61,169.71,168.43,169.19,3441540.0,STOCK_A_STABLE
2020-12-21,170.04,170.63,169.57,170.56,4381107.0,STOCK_A_STABLE
2020-12-22,171.96,172.86,171.7,172.01,339864.0,STOCK_A_STABLE
2020-12-23,172.09,173.16,171.78,171.83,3698294.0,STOCK_A_STABLE
2020-12-24,171.77,172.56,171.01,171.22,4410690.0,STOCK_A_STABLE
2020-12-25,171.84,171.87,169.69,171.53,2218242.0,STOCK_A_STABLE
2020-12-28,170.24,171.02,169.15,170.2,3852916.0,STOCK_A_STABLE
2020-12-29,167.94,169.35,167.3,168.32,1854328.0,STOCK_A_STABLE
2020-12-30,166.27,167.05,165.69,166.8,1045109.0,STOCK_A_STABLE
2020-12-31,165.55,166.54,165.47,165.81,4097852.0,STOCK_A_STABLE
2021-01-01,164.15,165.3,162.26,163.95,1624547.0,STOCK_A_STABLE
2021-01-04,164.44,164.87,163.65,164.28,18642309.0,STOCK_A_STABLE
2021-01-05,164.5,166.51,164.02,165.54,1645393.0,STOCK_A_STABLE
2021-01-06,162.6,163.39,162.59,162.98,2055100.0,STOCK_A_STABLE
2021-01-07,163.68,164.16,162.53,163.09,3456999.0,STOCK_A_STABLE
2021-01-08,162.83,163.08,162.22,162.79,1772722.0,STOCK_A_STABLE
2021-01-11,162.72,163.65,162.37,163.41,4058244.0,STOCK_A_STABLE
2021-01-12,164.61,165.09,163.03,163.46,290551.0,STOCK_A_STABLE
2021-01-13,161.13,161.19,160.28,161.15,354965.0,STOCK_A_STABLE
2021-01-14,159.36,160.59,158.03,159.18,500365.0,STOCK_A_STABLE
2021-01-15,159.48,159.7,159.14,159.29,1355711.0,STOCK_A_STABLE
2021-01-18,160.81,161.24,159.8,160.99,364200.0,STOCK_A_STABLE
2021-01-19,157.15,158.48,156.19,157.49,1965478.0,STOCK_A_STABLE
2021-01-20,159.1,160.07,157.13,158.1,219635.0,STOCK_A_STABLE
2021-01-21,160.52,160.83,159.38,160.04,12369142.0,STOCK_A_STABLE
2021-01-22,160.26,160.93,159.6,159.86,849074.0,STOCK_A_STABLE
2021-01-25,161.08,161.16,160.43,160.81,4863111.0,STOCK_A_STABLE
2021-01-26,159.26,160.13,158.29,159.74,4299994.0,STOCK_A_STABLE
2021-01-27,160.22,160.65,158.31,159.61,3502275.0,STOCK_A_STABLE
2021-01-28,156.69,157.37,156.06,157.09,4010980.0,STOCK_A_STABLE
2021-01-29,153.6,154.27,153.35,153.47,3897439.0,STOCK_A_STABLE
2021-02-01,154.21,155.45,154.09,154.98,4243311.0,STOCK_A_STABLE
2021-02-02,152.57,153.99,152.14,153.51,2821372.0,STOCK_A_STABLE
2021-02-03,153.02,153.26,152.59,152.87,3156621.0,STOCK_A_STABLE
2021-02-04,150.45,151.03,149.95,150.82,2398171.0,STOCK_A_STABLE
2021-02-05,147.86,149.03,147.67,148.75,3157909.0,STOCK_A_STABLE
2021-02-08,148.79,148.82,148.42,148.55,1968699.0,STOCK_A_STABLE
2021-02-09,148.47,149.1,147.08,147.53,707265.0,STOCK_A_STABLE
2021-02-10,148.76,148.91,147.45,148.14,4662517.0,STOCK_A_STABLE
2021-02-11,148.76,148.9,147.56,148.87,3524930.0,STOCK_A_STABLE
2021-02-12,149.41,149.74,148.96,149.41,3554209.0,STOCK_A_STABLE
2021-02-15,150.23,150.26,149.82,149.83,1472129.0,STOCK_A_STABLE
2021-02-16,152.76,152.84,151.54,152.25,3877099.0,STOCK_A_STABLE
2021-02-17,150.53,151.06,149.75,150.69,2644341.0,STOCK_A_STABLE
2021-02-18,150.68,150.76,150.14,150.66,475575.0,STOCK_A_STABLE
2021-02-19,152.57,153.18,151.84,152.43,4778140.0,STOCK_A_STABLE
2021-02-22,154.68,156.13,154.16,154.42,4959769.0,STOCK_A_STABLE
2021-02-23,152.22,152.93,151.63,152.28,4366015.0,STOCK_A_STABLE
2021-02-24,151.82,152.04,151.39,151.87,2427328.0,STOCK_A_STABLE
2021-02-25,154.63,155.36,153.51,153.99,1242648.0,STOCK_A_STABLE
2021-02-26,155.4,156.63,154.28,154.84,154021.0,STOCK_A_STABLE
2021-03-01,155.42,157.01,154.96,155.2,3709588.0,STOCK_A_STABLE
2021-03-02,155.72,155.97,154.31,154.93,4465532.0,STOCK_A_STABLE
2021-03-03,154.21,155.24,154.08,154.39,610044.0,STOCK_A_STABLE
2021-03-04,155.65,155.8,154.84,154.9,3453396.0,STOCK_A_STABLE
2021-03-05,154.82,154.95,153.69,154.57,231038.0,STOCK_A_STABLE
2021-03-08,156.08,156.66,153.86,154.57,3905374.0,STOCK_A_STABLE
2021-03-09,154.2,155.46,153.41,154.75,238053.0,STOCK_A_STABLE
2021-03-10,153.45,154.01,152.64,153.76,4879182.0,STOCK_A_STABLE
2021-03-11,154.84,154.85,154.31,154.64,934207.0,STOCK_A_STABLE
2021-03-12,159.4,159.62,158.66,159.21,2061464.0,STOCK_A_STABLE
2021-03-15,157.36,157.69,156.09,156.45,3505247.0,STOCK_A_STABLE
2021-03-16,156.7,157.88,156.18,157.02,4246629.0,STOCK_A_STABLE
2021-03-17,156.31,156.37,155.33,155.88,1880198.0,STOCK_A_STABLE
2021-03-18,157.39,158.51,156.56,156.85,4904045.0,STOCK_A_STABLE
2021-03-19,157.31,157.81,156.8,156.98,178117.0,STOCK_A_STABLE
2021-03-22,157.79,158.71,156.47,158.24,2409858.0,STOCK_A_STABLE
2021-03-23,160.84,160.88,159.36,160.16,4941310.0,STOCK_A_STABLE
2021-03-24,161.13,161.34,159.7,160.54,1443145.0,STOCK_A_STABLE
2021-03-25,162.71,163.12,161.98,162.42,2713554.0,STOCK_A_STABLE
2021-03-26,158.77,158.96,158.41,158.68,2278315.0,STOCK_A_STABLE
2021-03-29,161.37,163.09,160.88,161.26,2030013.0,STOCK_A_STABLE
2021-03-30,161.89,163.92,161.67,161.93,3862040.0,STOCK_A_STABLE
2021-03-31,164.06,164.89,162.67,163.74,2642364.0,STOCK_A_STABLE
2021-04-01,161.83,162.62,161.55,161.81,3597795.0,STOCK_A_STABLE
2021-04-02,160.12,161.74,159.95,160.53,2647857.0,STOCK_A_STABLE
2021-04-05,160.32,160.84,160.24,160.83,4987215.0,STOCK_A_STABLE
2021-04-06,160.5,161.7,159.39,160.87,2404159.0,STOCK_A_STABLE
2021-04-07,161.49,161.76,160.46,161.39,4000781.0,STOCK_A_STABLE
2021-04-08,163.19,163.21,161.99,163.2,3103449.0,STOCK_A_STABLE
2021-04-09,160.49,161.14,160.27,160.39,4026862.0,STOCK_A_STABLE
2021-04-12,162.26,163.32,161.1,162.01,4439570.0,STOCK_A_STABLE
2021-04-13,161.78,163.54,161.3,162.09,1209855.0,STOCK_A_STABLE
2021-04-14,162.54,162.85,160.76,161.82,1578397.0,STOCK_A_STABLE
2021-04-15,159.38,159.52,158.96,159.51,1577675.0,STOCK_A_STABLE
2021-04-16,160.17,161.21,159.5,160.37,2486146.0,STOCK_A_STABLE
2021-04-19,156.79,157.76,156.46,156.57,2510163.0,STOCK_A_STABLE
2021-04-20,156.78,157.69,156.07,157.65,117855.0,STOCK_A_STABLE
2021-04-21,154.99,155.54,154.57,155.36,4487578.0,STOCK_A_STABLE
2021-04-22,155.96,156.26,155.33,155.5,4313089.0,STOCK_A_STABLE
2021-04-23,154.57,155.74,153.76,155.38,3045152.0,STOCK_A_STABLE
2021-04-26,157.78,157.88,157.01,157.26,1598929.0,STOCK_A_STABLE
2021-04-27,157.75,158.66,155.42,157.04,4150249.0,STOCK_A_STABLE
2021-04-28,155.84,156.69,155.35,156.01,1429354.0,STOCK_A_STABLE
2021-04-29,155.42,155.48,155.12,155.28,1598478.0,STOCK_A_STABLE
2021-04-30,157.85,158.58,156.94,157.32,4987932.0,STOCK_A_STABLE
2021-05-03,158.01,158.36,157.98,158.23,4627177.0,STOCK_A_STABLE
2021-05-04,158.09,158.18,157.6,157.68,2963525.0,STOCK_A_STABLE
2021-05-05,157.06,158.14,156.79,157.37,929234.0,STOCK_A_STABLE
2021-05-06,154.75,155.44,154.42,154.97,702911.0,STOCK_A_STABLE
2021-05-07,155.26,156.18,154.67,155.63,4824934.0,STOCK_A_STABLE
2021-05-10,153.11,153.41,152.37,152.96,1401072.0,STOCK_A_STABLE
2021-05-11,154.7,154.7,153.94,154.17,3439178.0,STOCK_A_STABLE
2021-05-12,154.34,154.5,153.62,154.43,1830810.0,STOCK_A_STABLE
2021-05-13,157.57,159.26,157.11,158.18,2533600.0,STOCK_A_STABLE
2021-05-14,155.99,156.64,155.98,156.5,4931694.0,STOCK_A_STABLE
2021-05-17,156.59,157.08,155.26,156.4,3005507.0,STOCK_A_STABLE
2021-05-18,160.16,160.4,159.21,159.28,2210046.0,STOCK_A_STABLE
2021-05-19,161.43,161.57,160.15,161.24,2136742.0,STOCK_A_STABLE
2021-05-20,159.99,160.28,159.55,160.18,1227656.0,STOCK_A_STABLE
2021-05-21,160.97,161.05,160.44,160.6,2826809.0,STOCK_A_STABLE
2021-05-24,160.55,161.33,159.37,160.67,2891681.0,STOCK_A_STABLE
2021-05-25,161.0,161.21,160.31,161.19,565514.0,STOCK_A_STABLE
2021-05-26,159.66,160.76,158.99,160.12,2083322.0,STOCK_A_STABLE
2021-05-27,160.72,161.4,158.75,160.05,3259518.0,STOCK_A_STABLE
2021-05-28,156.35,157.79,155.88,157.55,369305.0,STOCK_A_STABLE
2021-05-31,158.21,159.08,157.06,157.83,4883979.0,STOCK_A_STABLE
2021-06-01,158.38,159.2,157.22,158.6,4318506.0,STOCK_A_STABLE
2021-06-02,158.11,158.36,158.1,158.3,3220801.0,STOCK_A_STABLE
2021-06-03,156.6,157.13,155.23,155.81,176868.0,STOCK_A_STABLE
2021-06-04,157.08,157.47,156.9,157.41,2638195.0,STOCK_A_STABLE
2021-06-07,157.73,158.81,157.61,158.05,4502569.0,STOCK_A_STABLE
2021-06-08,156.9,157.62,156.88,156.97,211220.0,STOCK_A_STABLE
2021-06-09,156.78,157.7,155.9,156.59,3980107.0,STOCK_A_STABLE
2021-06-10,154.1,154.96,153.9,154.3,4213017.0,STOCK_A_STABLE
2021-06-11,152.06,153.61,151.42,152.78,471533.0,STOCK_A_STABLE
2021-06-14,151.63,152.47,150.64,152.02,1228852.0,STOCK_A_STABLE
2021-06-15,154.54,154.83,153.77,153.95,3645694.0,STOCK_A_STABLE
2021-06-16,153.06,153.57,152.75,153.03,4566850.0,STOCK_A_STABLE
2021-06-17,154.27,154.74,152.32,154.07,3877614.0,STOCK_A_STABLE
2021-06-18,153.18,153.93,152.79,153.3,2675786.0,STOCK_A_STABLE
2021-06-21,153.44,153.76,153.37,153.74,3051304.0,STOCK_A_STABLE
2021-06-22,154.36,154.39,153.52,153.58,2671035.0,STOCK_A_STABLE
2021-06-23,154.9,156.43,154.65,154.99,2930586.0,STOCK_A_STABLE
2021-06-24,154.01,154.61,153.66,154.22,3875657.0,STOCK_A_STABLE
2021-06-25,152.36,152.72,151.63,151.86,343466.0,STOCK_A_STABLE
2021-06-28,149.49,150.23,149.22,149.82,1126584.0,STOCK_A_STABLE
2021-06-29,148.82,150.36,148.43,149.08,391532.0,STOCK_A_STABLE
2021-06-30,147.28,148.24,147.14,147.28,4001938.0,STOCK_A_STABLE
2021-07-01,147.94,148.44,147.38,147.94,3663714.0,STOCK_A_STABLE
2021-07-02,147.43,147.57,147.27,147.31,360222.0,STOCK_A_STABLE
2021-07-05,151.82,152.07,150.56,150.87,617269.0,STOCK_A_STABLE
2021-07-06,148.46,148.66,148.19,148.31,1397773.0,STOCK_A_STABLE
2021-07-07,147.61,149.44,146.81,148.67,1285036.0,STOCK_A_STABLE
2021-07-08,147.2,148.02,146.91,147.05,2644873.0,STOCK_A_STABLE
2021-07-09,146.4,147.23,145.48,146.38,2544299.0,STOCK_A_STABLE
2021-07-12,146.67,146.79,146.05,146.65,7121378.0,STOCK_A_STABLE
2021-07-13,143.4,144.0,142.14,143.3,3281921.0,STOCK_A_STABLE
2021-07-14,143.68,143.71,143.58,143.7,3970213.0,STOCK_A_STABLE
2021-07-15,146.46,147.06,145.52,146.49,3237452.0,STOCK_A_STABLE
2021-07-16,146.15,146.94,145.81,145.88,4056152.0,STOCK_A_STABLE
2021-07-19,146.08,146.45,145.71,146.32,4578355.0,STOCK_A_STABLE
2021-07-20,147.46,148.33,146.07,147.88,4226501.0,STOCK_A_STABLE
2021-07-21,149.03,149.16,147.46,147.69,3292528.0,STOCK_A_STABLE
2021-07-22,146.58,147.72,146.13,146.9,342883.0,STOCK_A_STABLE
2021-07-23,143.65,144.12,143.25,143.61,1739304.0,STOCK_A_STABLE
2021-07-26,143.94,144.66,143.94,144.59,2196578.0,STOCK_A_STABLE
2021-07-27,144.53,144.64,144.12,144.48,3591269.0,STOCK_A_STABLE
2021-07-28,142.68,143.9,142.36,143.08,4249896.0,STOCK_A_STABLE
2021-07-29,143.13,143.57,142.56,143.32,3237623.0,STOCK_A_STABLE
2021-07-30,142.98,143.4,141.95,142.54,1879775.0,STOCK_A_STABLE
2021-08-02,142.04,142.35,140.91,141.84,3959872.0,STOCK_A_STABLE
2021-08-03,143.0,143.11,142.29,142.76,3509519.0,STOCK_A_STABLE
2021-08-04,140.16,140.96,139.9,140.9,4010397.0,STOCK_A_STABLE
2021-08-05,143.22,143.7,142.09,142.44,2987304.0,STOCK_A_STABLE
2021-08-06,140.0,141.64,139.36,140.5,3268984.0,STOCK_A_STABLE
2021-08-09,140.27,140.58,138.12,139.63,1801322.0,STOCK_A_STABLE
2021-08-10,142.8,143.01,142.1,142.37,2059214.0,STOCK_A_STABLE
2021-08-11,144.28,144.36,143.79,144.03,1454383.0,STOCK_A_STABLE
2021-08-12,143.86,144.92,143.52,144.23,5843071.0,STOCK_A_STABLE
2021-08-13,142.99,144.11,142.54,142.93,3298441.0,STOCK_A_STABLE
2021-08-16,142.03,142.66,141.95,142.23,1979964.0,STOCK_A_STABLE
2021-08-17,142.4,143.19,142.15,142.39,754758.0,STOCK_A_STABLE
2021-08-18,142.39,142.94,140.9,142.5,271790.0,STOCK_A_STABLE
2021-08-19,141.56,143.4,141.49,142.43,4314600.0,STOCK_A_STABLE
2021-08-20,142.92,143.98,142.34,142.44,2233090.0,STOCK_A_STABLE
2021-08-23,142.16,142.73,141.44,142.19,2924572.0,STOCK_A_STABLE
2021-08-24,140.0,140.6,139.99,140.2,4533754.0,STOCK_A_STABLE
2021-08-25,139.3,139.65,138.6,139.53,646367.0,STOCK_A_STABLE
2021-08-26,141.02,141.04,140.72,140.86,4693204.0,STOCK_A_STABLE
2021-08-27,138.62,139.18,137.46,138.99,3547285.0,STOCK_A_STABLE
2021-08-30,137.85,139.13,137.18,138.79,3236776.0,STOCK_A_STABLE
2021-08-31,137.87,138.27,137.35,137.7,2212451.0,STOCK_A_STABLE
2021-09-01,138.13,138.23,137.78,137.91,11309194.0,STOCK_A_STABLE
2021-09-02,137.35,138.73,136.84,137.43,1099998.0,STOCK_A_STABLE
2021-09-03,139.04,140.48,137.94,139.52,1580508.0,STOCK_A_STABLE
2021-09-06,140.32,140.44,140.14,140.28,4809239.0,STOCK_A_STABLE
2021-09-07,137.89,138.75,137.62,138.49,1451406.0,STOCK_A_STABLE
2021-09-08,139.05,140.29,138.52,139.48,3626274.0,STOCK_A_STABLE
2021-09-09,138.14,138.62,137.77,138.45,4658402.0,STOCK_A_STABLE
2021-09-10,138.06,138.86,137.36,137.71,3005668.0,STOCK_A_STABLE
2021-09-13,138.05,138.89,137.2,138.2,1558578.0,STOCK_A_STABLE
2021-09-14,137.39,138.89,137.19,137.57,4259449.0,STOCK_A_STABLE
2021-09-15,139.67,140.28,138.12,138.86,4148563.0,STOCK_A_STABLE
2021-09-16,137.98,138.1,137.26,137.84,2764961.0,STOCK_A_STABLE
2021-09-17,137.18,137.96,136.45,137.04,663092.0,STOCK_A_STABLE
2021-09-20,136.04,136.83,135.63,136.2,2215023.0,STOCK_A_STABLE
2021-09-21,135.24,135.64,134.42,135.48,1028289.0,STOCK_A_STABLE
2021-09-22,136.12,137.81,135.81,137.02,2070362.0,STOCK_A_STABLE
2021-09-23,138.34,139.37,137.88,137.94,851613.0,STOCK_A_STABLE
2021-09-24,140.54,140.86,139.75,140.35,3493571.0,STOCK_A_STABLE
2021-09-27,143.51,143.9,143.48,143.59,2216649.0,STOCK_A_STABLE
2021-09-28,142.11,143.29,142.08,142.17,3679685.0,STOCK_A_STABLE
2021-09-29,142.64,143.54,142.04,142.33,2334275.0,STOCK_A_STABLE
2021-09-30,140.05,141.61,139.68,140.71,3597632.0,STOCK_A_STABLE
2021-10-01,139.42,139.98,139.03,139.67,3693231.0,STOCK_A_STABLE
2021-10-04,138.37,139.1,138.11,138.85,885057.0,STOCK_A_STABLE
2021-10-05,138.16,138.84,137.42,137.43,2266216.0,STOCK_A_STABLE
2021-10-06,136.4,136.99,135.82,136.04,3774875.0,STOCK_A_STABLE
2021-10-07,135.0,136.12,134.96,135.9,3006480.0,STOCK_A_STABLE
2021-10-08,133.69,134.9,132.84,134.3,1186160.0,STOCK_A_STABLE
2021-10-11,135.43,135.89,135.19,135.49,4179340.0,STOCK_A_STABLE
2021-10-12,134.11,134.65,133.85,134.3,1079485.0,STOCK_A_STABLE
2021-10-13,137.58,138.8,136.64,138.13,4967340.0,STOCK_A_STABLE
2021-10-14,138.36,138.65,137.53,137.56,3563574.0,STOCK_A_STABLE
2021-10-15,137.84,138.03,137.35,137.71,1680374.0,STOCK_A_STABLE
2021-10-18,136.18,136.33,135.53,135.98,1053354.0,STOCK_A_STABLE
2021-10-19,138.07,138.38,138.01,138.36,4519576.0,STOCK_A_STABLE
2021-10-20,140.26,140.65,139.43,139.96,2665122.0,STOCK_A_STABLE
2021-10-21,140.27,141.04,139.86,140.43,4049649.0,STOCK_A_STABLE
2021-10-22,138.48,138.77,137.86,138.6,4175234.0,STOCK_A_STABLE
2021-10-25,139.2,139.78,138.4,138.94,433232.0,STOCK_A_STABLE
2021-10-26,136.77,137.48,135.91,137.44,3450564.0,STOCK_A_STABLE
2021-10-27,140.18,140.44,139.41,139.51,1737378.0,STOCK_A_STABLE
2021-10-28,140.77,141.59,139.94,140.69,4547820.0,STOCK_A_STABLE
2021-10-29,141.42,141.93,140.51,140.88,1173310.0,STOCK_A_STABLE
2021-11-01,137.06,137.9,136.63,137.51,264304.0,STOCK_A_STABLE
2021-11-02,135.83,136.32,134.98,136.21,3355482.0,STOCK_A_STABLE
2021-11-03,136.72,137.62,136.02,137.2,2804899.0,STOCK_A_STABLE
2021-11-04,139.02,139.42,137.84,138.92,2820965.0,STOCK_A_STABLE
2021-11-05,140.54,141.45,140.17,140.52,1390216.0,STOCK_A_STABLE
2021-11-08,138.14,139.21,138.02,138.33,2524770.0,STOCK_A_STABLE
2021-11-09,138.38,138.99,137.62,138.81,4824648.0,STOCK_A_STABLE
2021-11-10,139.74,140.37,139.57,140.27,3841462.0,STOCK_A_STABLE
2021-11-11,137.98,138.81,137.68,138.0,4925918.0,STOCK_A_STABLE
2021-11-12,137.85,138.38,137.74,138.05,1733212.0,STOCK_A_STABLE
2021-11-15,138.2,138.7,138.16,138.48,4363991.0,STOCK_A_STABLE
2021-11-16,138.76,138.98,137.86,138.12,1975486.0,STOCK_A_STABLE
2021-11-17,135.58,135.7,135.53,135.62,4684744.0,STOCK_A_STABLE
2021-11-18,135.74,136.1,134.72,135.23,4341606.0,STOCK_A_STABLE
2021-11-19,134.62,135.64,133.16,134.84,906743.0,STOCK_A_STABLE
2021-11-22,134.79,135.06,134.59,134.69,4863821.0,STOCK_A_STABLE
2021-11-23,133.97,134.42,133.32,133.99,3076099.0,STOCK_A_STABLE
2021-11-24,132.77,133.5,131.78,133.45,3904150.0,STOCK_A_STABLE
2021-11-25,134.02,134.09,133.06,133.45,2937237.0,STOCK_A_STABLE
2021-11-26,134.04,134.74,133.14,134.09,1163647.0,STOCK_A_STABLE
2021-11-29,134.04,134.36,133.65,133.74,4925257.0,STOCK_A_STABLE
2021-11-30,132.94,133.65,132.94,133.24,651992.0,STOCK_A_STABLE
2021-12-01,133.35,133.44,133.07,133.42,4063939.0,STOCK_A_STABLE
2021-12-02,130.57,131.69,130.57,130.91,1125105.0,STOCK_A_STABLE
2021-12-03,132.08,132.76,131.18,131.59,3949726.0,STOCK_A_STABLE
2021-12-06,131.76,131.87,131.37,131.64,2171530.0,STOCK_A_STABLE
2021-12-07,131.89,132.03,131.16,131.74,1258904.0,STOCK_A_STABLE
2021-12-08,133.61,133.88,132.78,133.06,1259815.0,STOCK_A_STABLE
2021-12-09,130.97,131.07,130.51,130.52,1665962.0,STOCK_A_STABLE
2021-12-10,128.29,129.15,127.81,127.99,4515101.0,STOCK_A_STABLE
2021-12-13,127.85,128.44,127.56,128.4,3869944.0,STOCK_A_STABLE
2021-12-14,128.17,128.65,127.91,128.44,3386542.0,STOCK_A_STABLE
2021-12-15,128.32,128.94,127.92,128.71,3186139.0,STOCK_A_STABLE
2021-12-16,128.44,129.07,127.58,128.16,2141973.0,STOCK_A_STABLE
2021-12-17,129.13,129.42,128.4,129.07,4517311.0,STOCK_A_STABLE
2021-12-20,129.78,130.75,129.28,130.32,1441677.0,STOCK_A_STABLE
2021-12-21,130.93,131.58,130.21,131.01,4720357.0,STOCK_A_STABLE
2021-12-22,130.13,131.39,129.85,130.72,1965238.0,STOCK_A_STABLE
2021-12-23,127.99,128.08,127.17,128.01,1773033.0,STOCK_A_STABLE
2021-12-24,128.41,129.64,127.58,129.05,2432647.0,STOCK_A_STABLE
2021-12-27,130.88,132.01,130.29,130.68,3767891.0,STOCK_A_STABLE
2021-12-28,131.72,132.78,131.2,131.57,3597729.0,STOCK_A_STABLE
2021-12-29,131.21,131.44,129.29,130.47,3856903.0,STOCK_A_STABLE
2021-12-30,131.73,131.81,130.17,131.4,537773.0,STOCK_A_STABLE
2021-12-31,132.41,132.88,132.17,132.58,889190.0,STOCK_A_STABLE
2022-01-03,135.03,135.42,134.24,134.7,4259281.0,STOCK_A_STABLE
2022-01-04,133.02,133.72,132.84,133.58,4906239.0,STOCK_A_STABLE
2022-01-05,132.94,133.86,132.28,133.33,725044.0,STOCK_A_STABLE
2022-01-06,134.51,134.79,134.35,134.38,4530288.0,STOCK_A_STABLE
2022-01-07,133.64,135.45,133.57,134.51,1386005.0,STOCK_A_STABLE
2022-01-10,133.04,133.34,132.9,133.06,4898552.0,STOCK_A_STABLE
2022-01-11,133.25,134.71,132.98,133.66,4968590.0,STOCK_A_STABLE
2022-01-12,134.53,135.02,134.2,134.49,3220766.0,STOCK_A_STABLE
2022-01-13,134.23,135.63,134.08,134.66,1032022.0,STOCK_A_STABLE
2022-01-14,135.18,136.6,134.59,135.01,3962402.0,STOCK_A_STABLE
2022-01-17,134.72,135.03,134.2,134.72,595596.0,STOCK_A_STABLE
2022-01-18,137.34,138.16,136.4,136.76,1737799.0,STOCK_A_STABLE
2022-01-19,135.59,135.6,134.99,135.58,3228185.0,STOCK_A_STABLE
2022-01-20,134.53,135.41,133.92,134.84,431160.0,STOCK_A_STABLE
2022-01-21,134.81,135.28,133.89,134.91,2026332.0,STOCK_A_STABLE
2022-01-24,135.6,136.49,135.6,136.15,4006293.0,STOCK_A_STABLE
2022-01-25,134.33,134.47,132.61,134.17,549993.0,STOCK_A_STABLE
2022-01-26,132.7,133.53,131.79,132.46,1897183.0,STOCK_A_STABLE
2022-01-27,130.78,131.01,129.53,129.82,118337.0,STOCK_A_STABLE
2022-01-28,129.67,130.4,129.45,129.91,3325441.0,STOCK_A_STABLE
2022-01-31,128.41,129.62,128.03,128.51,487891.0,STOCK_A_STABLE
2022-02-01,127.85,128.11,127.15,128.07,1476758.0,STOCK_A_STABLE
2022-02-02,129.05,129.26,128.26,128.96,2661404.0,STOCK_A_STABLE
2022-02-03,128.34,128.45,128.1,128.19,1151145.0,STOCK_A_STABLE
2022-02-04,128.52,129.03,128.47,128.54,1231375.0,STOCK_A_STABLE
2022-02-07,128.62,128.81,128.19,128.2,4190955.0,STOCK_A_STABLE
2022-02-08,128.88,129.14,128.29,129.12,3910005.0,STOCK_A_STABLE
2022-02-09,130.17,130.78,129.39,129.78,495922.0,STOCK_A_STABLE
2022-02-10,129.14,130.32,128.06,128.94,4301792.0,STOCK_A_STABLE
2022-02-11,128.77,129.07,128.6,128.77,2394073.0,STOCK_A_STABLE
2022-02-14,130.04,130.34,128.98,130.17,809681.0,STOCK_A_STABLE
2022-02-15,131.68,132.16,130.57,130.73,4542816.0,STOCK_A_STABLE
2022-02-16,128.64,129.13,128.03,128.96,1751397.0,STOCK_A_STABLE
2022-02-17,129.97,130.61,129.55,129.85,1695973.0,STOCK_A_STABLE
2022-02-18,128.21,129.03,127.67,128.5,818213.0,STOCK_A_STABLE
2022-02-21,131.06,131.13,130.04,130.36,4442800.0,STOCK_A_STABLE
2022-02-22,132.1,132.56,130.48,131.75,1504794.0,STOCK_A_STABLE
2022-02-23,131.92,132.64,131.6,132.18,3002726.0,STOCK_A_STABLE
2022-02-24,132.65,132.69,132.23,132.44,1272101.0,STOCK_A_STABLE
2022-02-25,132.32,132.69,131.99,132.22,4487932.0,STOCK_A_STABLE
2022-02-28,132.96,133.51,132.46,133.17,3955638.0,STOCK_A_STABLE
2022-03-01,133.03,133.48,132.7,132.73,2564821.0,STOCK_A_STABLE
2022-03-02,133.25,133.27,132.18,133.1,1792850.0,STOCK_A_STABLE
2022-03-03,134.4,134.96,134.02,134.31,3309792.0,STOCK_A_STABLE
2022-03-04,133.59,134.51,132.84,133.61,2528267.0,STOCK_A_STABLE
2022-03-07,133.01,133.45,132.52,132.84,4710537.0,STOCK_A_STABLE
2022-03-08,131.4,131.68,131.29,131.31,3402086.0,STOCK_A_STABLE
2022-03-09,129.98,130.16,129.68,129.96,233221.0,STOCK_A_STABLE
2022-03-10,127.39,128.27,127.26,127.64,4129057.0,STOCK_A_STABLE
2022-03-11,129.27,129.95,128.44,128.62,1044920.0,STOCK_A_STABLE
2022-03-14,130.58,131.02,130.48,131.0,1575924.0,STOCK_A_STABLE
2022-03-15,133.09,133.18,132.54,132.92,2236624.0,STOCK_A_STABLE
2022-03-16,130.68,131.01,130.51,130.81,1125181.0,STOCK_A_STABLE
2022-03-17,132.5,133.16,130.92,131.81,4717349.0,STOCK_A_STABLE
2022-03-18,133.37,134.45,132.92,133.74,4894421.0,STOCK_A_STABLE
2022-03-21,132.89,133.48,132.23,133.18,862926.0,STOCK_A_STABLE
2022-03-22,132.98,133.92,132.86,133.37,1668722.0,STOCK_A_STABLE
2022-03-23,130.87,130.97,130.4,130.74,1916649.0,STOCK_A_STABLE
2022-03-24,130.6,131.22,130.16,131.14,3388233.0,STOCK_A_STABLE
2022-03-25,129.61,130.02,128.69,129.8,3029099.0,STOCK_A_STABLE
2022-03-28,129.27,130.29,129.22,130.11,3421421.0,STOCK_A_STABLE
2022-03-29,128.23,128.52,127.9,128.13,252095.0,STOCK_A_STABLE
2022-03-30,128.69,129.17,128.66,128.88,2618744.0,STOCK_A_STABLE
2022-03-31,129.67,130.76,128.97,130.25,1133486.0,STOCK_A_STABLE
2022-04-01,129.7,130.22,128.86,129.28,1219392.0,STOCK_A_STABLE
2022-04-04,127.36,128.46,126.32,127.87,3895992.0,STOCK_A_STABLE
2022-04-05,125.46,125.55,124.75,125.16,793141.0,STOCK_A_STABLE
2022-04-06,124.61,125.62,124.35,124.88,254246.0,STOCK_A_STABLE
2022-04-07,124.8,124.85,123.33,124.2,2486379.0,STOCK_A_STABLE
2022-04-08,122.6,122.69,122.25,122.32,3705398.0,STOCK_A_STABLE
2022-04-11,122.55,123.49,121.95,122.93,2603554.0,STOCK_A_STABLE
2022-04-12,122.09,122.6,121.47,122.42,890578.0,STOCK_A_STABLE
2022-04-13,121.37,122.06,120.02,121.15,3889497.0,STOCK_A_STABLE
2022-04-14,120.44,120.82,120.03,120.53,1970430.0,STOCK_A_STABLE
2022-04-15,121.81,121.95,121.77,121.87,3578183.0,STOCK_A_STABLE
2022-04-18,123.12,123.93,122.06,122.65,1090117.0,STOCK_A_STABLE
2022-04-19,122.27,122.72,122.25,122.54,4569002.0,STOCK_A_STABLE
2022-04-20,123.39,123.41,123.29,123.35,1489453.0,STOCK_A_STABLE
2022-04-21,122.32,122.57,121.24,121.97,4857216.0,STOCK_A_STABLE
2022-04-22,122.35,122.55,120.68,122.06,1948553.0,STOCK_A_STABLE
2022-04-25,122.23,122.68,121.99,122.29,3666471.0,STOCK_A_STABLE
2022-04-26,121.65,122.14,121.41,121.76,2560078.0,STOCK_A_STABLE
2022-04-27,121.7,122.6,121.23,122.34,474905.0,STOCK_A_STABLE
2022-04-28,121.05,121.44,120.17,121.43,581529.0,STOCK_A_STABLE
2022-04-29,122.22,122.29,121.55,122.1,2085079.0,STOCK_A_STABLE
2022-05-02,122.77,122.92,122.18,122.82,1045846.0,STOCK_A_STABLE
2022-05-03,119.32,119.52,119.19,119.29,3083131.0,STOCK_A_STABLE
2022-05-04,121.13,121.3,119.85,120.76,775960.0,STOCK_A_STABLE
2022-05-05,116.71,118.3,116.29,117.13,2991955.0,STOCK_A_STABLE
2022-05-06,116.37,116.81,115.61,116.45,1103753.0,STOCK_A_STABLE
2022-05-09,117.76,118.02,117.31,117.69,989074.0,STOCK_A_STABLE
2022-05-10,117.12,118.91,117.12,117.37,1898599.0,STOCK_A_STABLE
2022-05-11,116.19,116.38,115.49,115.69,2956429.0,STOCK_A_STABLE
2022-05-12,114.78,115.42,114.35,114.47,2057417.0,STOCK_A_STABLE
2022-05-13,115.79,116.18,114.99,115.69,1813434.0,STOCK_A_STABLE
2022-05-16,114.13,114.54,113.19,113.52,1767109.0,STOCK_A_STABLE
2022-05-17,114.33,115.26,114.03,114.84,1760741.0,STOCK_A_STABLE
2022-05-18,114.82,114.92,114.26,114.83,2078170.0,STOCK_A_STABLE
2022-05-19,113.63,113.83,112.73,113.5,4186634.0,STOCK_A_STABLE
2022-05-20,112.58,113.61,112.22,112.89,2932121.0,STOCK_A_STABLE
2022-05-23,111.88,112.14,111.01,111.78,2167472.0,STOCK_A_STABLE
2022-05-24,112.42,113.24,111.51,112.8,3772758.0,STOCK_A_STABLE
2022-05-25,113.9,114.1,113.43,113.67,2684240.0,STOCK_A_STABLE
2022-05-26,112.11,112.31,111.3,111.76,4750291.0,STOCK_A_STABLE
2022-05-27,111.44,111.72,109.98,111.35,2858077.0,STOCK_A_STABLE
2022-05-30,109.82,110.97,109.74,110.44,1158417.0,STOCK_A_STABLE
2022-05-31,111.58,111.97,111.09,111.91,2858684.0,STOCK_A_STABLE
2022-06-01,110.63,111.43,110.03,110.44,3890623.0,STOCK_A_STABLE
2022-06-02,112.27,112.65,111.71,112.26,1144295.0,STOCK_A_STABLE
2022-06-03,111.36,112.36,111.23,112.27,1090767.0,STOCK_A_STABLE
2022-06-06,111.42,111.53,109.88,111.01,3037321.0,STOCK_A_STABLE
2022-06-07,110.34,110.4,110.12,110.3,4433984.0,STOCK_A_STABLE
2022-06-08,109.19,110.01,108.37,109.46,1739655.0,STOCK_A_STABLE
2022-06-09,108.43,108.47,107.62,108.11,2583488.0,STOCK_A_STABLE
2022-06-10,108.03,108.35,107.52,108.25,10494000.0,STOCK_A_STABLE
2022-06-13,106.75,107.15,106.54,106.97,3351255.0,STOCK_A_STABLE
2022-06-14,104.79,104.93,104.46,104.68,813918.0,STOCK_A_STABLE
2022-06-15,104.88,104.89,104.23,104.32,2036498.0,STOCK_A_STABLE
2022-06-16,102.98,103.3,102.38,102.48,4971166.0,STOCK_A_STABLE
2022-06-17,101.86,102.13,101.29,101.75,4453800.0,STOCK_A_STABLE
2022-06-20,101.01,101.08,100.62,100.87,3883012.0,STOCK_A_STABLE
2022-06-21,100.27,100.82,99.37,100.03,218679.0,STOCK_A_STABLE
2022-06-22,101.69,102.8,100.94,102.07,2144532.0,STOCK_A_STABLE
2022-06-23,102.37,102.43,102.12,102.17,350707.0,STOCK_A_STABLE
2022-06-24,102.24,102.5,102.15,102.46,1576624.0,STOCK_A_STABLE
2022-06-27,100.78,100.92,100.57,100.68,4338017.0,STOCK_A_STABLE
2022-06-28,100.0,100.26,99.74,100.07,2000229.0,STOCK_A_STABLE
2022-06-29,100.47,101.09,99.56,100.32,925355.0,STOCK_A_STABLE
2022-06-30,99.37,99.92,99.27,99.33,3633920.0,STOCK_A_STABLE
2022-07-01,99.35,100.45,99.26,100.27,3819246.0,STOCK_A_STABLE
2022-07-04,99.16,99.2,99.03,99.11,3311498.0,STOCK_A_STABLE
2022-07-05,99.05,99.3,98.47,98.86,4064153.0,STOCK_A_STABLE
2022-07-06,98.46,98.49,98.1,98.32,3540253.0,STOCK_A_STABLE
2022-07-07,98.5,98.6,98.32,98.53,3209899.0,STOCK_A_STABLE
2022-07-08,98.42,98.55,97.65,97.93,4456096.0,STOCK_A_STABLE
2022-07-11,97.8,97.97,96.99,97.71,1688223.0,STOCK_A_STABLE
2022-07-12,97.64,97.74,96.82,97.52,2335846.0,STOCK_A_STABLE
2022-07-13,97.14,97.22,96.81,96.84,2859098.0,STOCK_A_STABLE
2022-07-14,97.45,97.69,97.27,97.35,3380653.0,STOCK_A_STABLE
2022-07-15,97.36,97.86,97.13,97.62,2434730.0,STOCK_A_STABLE
2022-07-18,96.86,97.85,96.85,97.57,2263388.0,STOCK_A_STABLE
2022-07-19,97.05,97.54,96.83,97.19,910081.0,STOCK_A_STABLE
2022-07-20,98.23,98.45,97.51,98.0,11381918.0,STOCK_A_STABLE
2022-07-21,97.71,98.02,97.7,97.81,705812.0,STOCK_A_STABLE
2022-07-22,97.78,98.2,97.03,97.55,2426635.0,STOCK_A_STABLE
2022-07-25,97.74,98.13,97.54,97.69,2104014.0,STOCK_A_STABLE
2022-07-26,99.77,100.16,98.64,99.39,3905651.0,STOCK_A_STABLE
2022-07-27,98.01,98.37,97.87,98.1,2435152.0,STOCK_A_STABLE
2022-07-28,99.03,99.53,98.31,98.89,125774.0,STOCK_A_STABLE
2022-07-29,97.2,97.43,96.91,97.06,2579474.0,STOCK_A_STABLE
2022-08-01,97.75,97.82,96.96,97.31,1156983.0,STOCK_A_STABLE
2022-08-02,98.37,99.28,98.28,98.88,1962207.0,STOCK_A_STABLE
2022-08-03,99.26,99.73,98.61,99.4,1552544.0,STOCK_A_STABLE
2022-08-04,99.86,100.2,99.34,99.61,916397.0,STOCK_A_STABLE
2022-08-05,99.55,99.85,98.5,99.09,4732433.0,STOCK_A_STABLE
2022-08-08,99.23,99.45,98.49,99.16,1342461.0,STOCK_A_STABLE
2022-08-09,98.87,98.98,98.82,98.95,2584526.0,STOCK_A_STABLE
2022-08-10,98.44,98.64,97.99,98.21,4157854.0,STOCK_A_STABLE
2022-08-11,98.22,98.54,97.8,97.97,1885324.0,STOCK_A_STABLE
2022-08-12,98.1,98.71,97.86,98.2,4692730.0,STOCK_A_STABLE
2022-08-15,97.58,97.88,97.48,97.49,2081129.0,STOCK_A_STABLE
2022-08-16,97.08,97.35,96.64,96.74,4739253.0,STOCK_A_STABLE
2022-08-17,96.01,96.02,95.05,95.46,2313929.0,STOCK_A_STABLE
2022-08-18,96.09,96.2,95.71,95.88,170693.0,STOCK_A_STABLE
2022-08-19,96.45,96.88,95.93,96.44,4352368.0,STOCK_A_STABLE
2022-08-22,96.68,96.77,96.36,96.7,4333801.0,STOCK_A_STABLE
2022-08-23,97.83,98.0,97.64,97.67,4815445.0,STOCK_A_STABLE
2022-08-24,97.76,98.17,97.72,97.8,707170.0,STOCK_A_STABLE
2022-08-25,98.27,98.86,97.01,98.22,4236406.0,STOCK_A_STABLE
2022-08-26,98.24,99.17,97.71,98.56,1773806.0,STOCK_A_STABLE
2022-08-29,98.89,99.03,98.46,98.5,4224118.0,STOCK_A_STABLE
2022-08-30,97.69,98.05,97.13,98.02,4821235.0,STOCK_A_STABLE
2022-08-31,100.1,100.58,99.95,100.23,1075174.0,STOCK_A_STABLE
2022-09-01,99.85,100.11,99.68,99.82,1919017.0,STOCK_A_STABLE
2022-09-02,99.79,99.81,98.86,99.19,1416522.0,STOCK_A_STABLE
2022-09-05,99.54,99.89,99.36,99.66,1592711.0,STOCK_A_STABLE
2022-09-06,99.75,100.03,99.68,99.95,3020640.0,STOCK_A_STABLE
2022-09-07,98.43,98.9,98.26,98.59,2121061.0,STOCK_A_STABLE
2022-09-08,100.23,100.28,99.18,99.74,3315073.0,STOCK_A_STABLE
2022-09-09,98.84,100.19,98.58,99.68,3404493.0,STOCK_A_STABLE
2022-09-12,98.32,98.83,98.17,98.61,1093256.0,STOCK_A_STABLE
2022-09-13,100.64,101.02,99.8,99.83,315237.0,STOCK_A_STABLE
2022-09-14,100.67,101.04,100.27,100.49,3756781.0,STOCK_A_STABLE
2022-09-15,98.93,99.39,98.84,99.26,989794.0,STOCK_A_STABLE
2022-09-16,101.05,101.49,100.95,101.06,1079821.0,STOCK_A_STABLE
2022-09-19,101.79,102.25,101.07,101.77,3046605.0,STOCK_A_STABLE
2022-09-20,102.06,102.34,101.58,101.8,1388752.0,STOCK_A_STABLE
2022-09-21,104.03,104.19,103.17,103.46,1029744.0,STOCK_A_STABLE
2022-09-22,103.79,104.27,103.36,103.67,1603298.0,STOCK_A_STABLE
2022-09-23,103.51,104.37,102.97,103.68,2660873.0,STOCK_A_STABLE
2022-09-26,103.28,103.3,102.96,103.04,4245357.0,STOCK_A_STABLE
2022-09-27,103.46,104.44,103.04,103.68,4944534.0,STOCK_A_STABLE
2022-09-28,103.89,104.33,103.88,104.21,3687211.0,STOCK_A_STABLE
2022-09-29,103.72,104.73,103.57,104.27,4504459.0,STOCK_A_STABLE
2022-09-30,103.0,103.88,102.87,103.49,2700358.0,STOCK_A_STABLE
2022-10-03,103.38,103.84,103.15,103.66,2100809.0,STOCK_A_STABLE
2022-10-04,103.27,104.6,103.03,103.63,4116771.0,STOCK_A_STABLE
2022-10-05,102.39,102.85,102.09,102.29,1581714.0,STOCK_A_STABLE
2022-10-06,100.46,101.02,100.32,100.83,4083348.0,STOCK_A_STABLE
2022-10-07,100.48,101.97,99.82,101.44,4991167.0,STOCK_A_STABLE
2022-10-10,98.53,99.01,98.35,98.84,2010182.0,STOCK_A_STABLE
2022-10-11,98.94,99.44,98.64,99.08,3203751.0,STOCK_A_STABLE
2022-10-12,98.47,98.84,98.38,98.65,3929042.0,STOCK_A_STABLE
2022-10-13,100.43,100.82,99.92,99.98,3939168.0,STOCK_A_STABLE
2022-10-14,99.34,99.71,98.59,99.52,1110589.0,STOCK_A_STABLE
2022-10-17,100.48,100.87,100.19,100.22,4816757.0,STOCK_A_STABLE
2022-10-18,99.86,99.9,99.65,99.86,2565821.0,STOCK_A_STABLE
2022-10-19,100.0,100.06,99.75,100.02,304764.0,STOCK_A_STABLE
2022-10-20,100.54,100.92,100.49,100.79,679384.0,STOCK_A_STABLE
2022-10-21,100.35,101.04,99.56,100.37,3665222.0,STOCK_A_STABLE
2022-10-24,101.17,101.7,100.66,101.41,2191292.0,STOCK_A_STABLE
2022-10-25,100.49,101.05,100.27,100.44,628952.0,STOCK_A_STABLE
2022-10-26,100.7,101.2,100.22,100.78,2649792.0,STOCK_A_STABLE
2022-10-27,101.46,101.78,101.14,101.75,3037770.0,STOCK_A_STABLE
2022-10-28,102.76,103.25,102.36,102.46,491599.0,STOCK_A_STABLE
2022-10-31,104.6,105.07,104.18,104.46,1815520.0,STOCK_A_STABLE
2022-11-01,103.57,103.88,103.37,103.71,2366802.0,STOCK_A_STABLE
2022-11-02,102.36,102.59,101.98,102.32,3923639.0,STOCK_A_STABLE
2022-11-03,101.32,101.51,100.59,101.34,3293185.0,STOCK_A_STABLE
2022-11-04,101.79,102.27,101.36,102.05,526399.0,STOCK_A_STABLE
2022-11-07,102.62,102.88,101.75,102.6,3109032.0,STOCK_A_STABLE
2022-11-08,102.56,103.51,102.19,102.75,4522447.0,STOCK_A_STABLE
2022-11-09,101.35,101.83,100.73,101.63,366334.0,STOCK_A_STABLE
2022-11-10,101.96,102.69,101.12,102.45,4934516.0,STOCK_A_STABLE
2022-11-11,101.13,101.51,101.04,101.24,567164.0,STOCK_A_STABLE
2022-11-14,102.63,103.23,102.19,102.45,3151050.0,STOCK_A_STABLE
2022-11-15,105.2,105.62,105.11,105.42,1821645.0,STOCK_A_STABLE
2022-11-16,106.65,107.09,105.65,105.85,13994200.0,STOCK_A_STABLE
2022-11-17,106.79,107.05,105.84,106.51,4229160.0,STOCK_A_STABLE
2022-11-18,106.44,107.36,105.79,106.03,4274110.0,STOCK_A_STABLE
2022-11-21,104.4,104.51,103.55,104.15,4361804.0,STOCK_A_STABLE
2022-11-22,104.14,104.45,103.13,103.57,4099632.0,STOCK_A_STABLE
2022-11-23,102.23,102.95,101.93,102.47,1617103.0,STOCK_A_STABLE
2022-11-24,100.26,101.42,100.25,101.03,2379970.0,STOCK_A_STABLE
2022-11-25,102.68,103.0,102.56,102.81,3622571.0,STOCK_A_STABLE
2022-11-28,103.31,103.82,102.88,103.14,925039.0,STOCK_A_STABLE
2022-11-29,103.62,103.63,103.54,103.57,2929213.0,STOCK_A_STABLE
2022-11-30,103.37,104.02,103.04,103.29,2698041.0,STOCK_A_STABLE
2022-12-01,103.56,103.79,102.34,103.15,4918769.0,STOCK_A_STABLE
2022-12-02,104.31,104.47,104.14,104.19,343621.0,STOCK_A_STABLE
2022-12-05,104.45,105.09,104.18,104.2,563755.0,STOCK_A_STABLE
2022-12-06,104.5,105.05,103.86,104.79,671723.0,STOCK_A_STABLE
2022-12-07,104.28,105.07,104.05,104.63,2784615.0,STOCK_A_STABLE
2022-12-08,104.82,105.56,103.76,104.31,2798757.0,STOCK_A_STABLE
2022-12-09,102.92,103.27,102.78,102.89,3003434.0,STOCK_A_STABLE
2022-12-12,100.7,100.97,100.27,100.89,1286287.0,STOCK_A_STABLE
2022-12-13,100.48,100.82,100.34,100.67,1607575.0,STOCK_A_STABLE
2022-12-14,100.57,101.11,100.53,100.77,2142621.0,STOCK_A_STABLE
2022-12-15,99.3,99.62,98.72,99.51,330070.0,STOCK_A_STABLE
2022-12-16,99.13,99.6,99.11,99.52,3787142.0,STOCK_A_STABLE
2022-12-19,99.16,99.71,98.67,99.61,355312.0,STOCK_A_STABLE
2022-12-20,97.44,97.52,96.96,97.5,3367792.0,STOCK_A_STABLE
2022-12-21,96.48,96.68,96.38,96.65,2322728.0,STOCK_A_STABLE
2022-12-22,97.4,97.47,96.93,97.08,4994231.0,STOCK_A_STABLE
2022-12-23,97.58,97.81,97.22,97.49,3493121.0,STOCK_A_STABLE
2022-12-26,96.49,96.7,96.31,96.41,2430116.0,STOCK_A_STABLE
2022-12-27,96.38,96.65,96.21,96.6,3530861.0,STOCK_A_STABLE
2022-12-28,97.59,97.64,97.42,97.63,674621.0,STOCK_A_STABLE
2022-12-29,98.53,98.7,98.04,98.42,986752.0,STOCK_A_STABLE
2022-12-30,98.58,98.71,97.72,98.37,2544870.0,STOCK_A_STABLE
2023-01-02,97.92,98.66,97.82,97.95,4304063.0,STOCK_A_STABLE
2023-01-03,97.69,97.97,97.17,97.37,4118371.0,STOCK_A_STABLE
2023-01-04,97.87,97.98,97.15,97.87,1948095.0,STOCK_A_STABLE
2023-01-05,98.33,98.67,97.36,98.1,1489977.0,STOCK_A_STABLE
2023-01-06,98.61,99.4,97.82,98.75,4825402.0,STOCK_A_STABLE
2023-01-09,98.38,98.93,98.01,98.92,2870587.0,STOCK_A_STABLE
2023-01-10,99.85,99.92,99.54,99.77,678982.0,STOCK_A_STABLE
2023-01-11,100.12,100.32,99.56,99.91,1202158.0,STOCK_A_STABLE
2023-01-12,100.9,100.91,100.42,100.73,4198628.0,STOCK_A_STABLE
2023-01-13,101.78,102.27,101.5,101.65,14160113.0,STOCK_A_STABLE
2023-01-16,100.76,100.94,100.25,100.87,4550856.0,STOCK_A_STABLE
2023-01-17,98.85,99.46,98.85,99.09,133907.0,STOCK_A_STABLE
2023-01-18,100.82,100.93,100.6,100.66,4131110.0,STOCK_A_STABLE
2023-01-19,101.08,102.12,100.33,100.95,648610.0,STOCK_A_STABLE
2023-01-20,99.1,99.71,98.84,99.26,4063321.0,STOCK_A_STABLE
2023-01-23,98.92,99.5,98.49,98.6,4419326.0,STOCK_A_STABLE
2023-01-24,99.13,99.73,98.95,99.4,1870419.0,STOCK_A_STABLE
2023-01-25,98.98,99.68,98.89,99.16,1048724.0,STOCK_A_STABLE
2023-01-26,99.17,99.72,98.62,98.69,3595381.0,STOCK_A_STABLE
2023-01-27,100.37,100.64,100.09,100.11,435359.0,STOCK_A_STABLE
2023-01-30,99.0,99.28,98.68,99.1,2938798.0,STOCK_A_STABLE
2023-01-31,98.44,98.84,98.27,98.35,1724688.0,STOCK_A_STABLE
2023-02-01,98.64,99.1,98.02,98.6,2179947.0,STOCK_A_STABLE
2023-02-02,98.21,99.05,97.98,99.02,4145671.0,STOCK_A_STABLE
2023-02-03,99.28,100.55,98.96,99.55,4966247.0,STOCK_A_STABLE
2023-02-06,100.49,100.65,99.95,100.5,2070720.0,STOCK_A_STABLE
2023-02-07,100.63,101.54,100.22,100.74,1523228.0,STOCK_A_STABLE
2023-02-08,101.35,101.41,101.16,101.27,4188714.0,STOCK_A_STABLE
2023-02-09,101.39,101.94,101.01,101.05,2124405.0,STOCK_A_STABLE
2023-02-10,101.06,101.84,100.2,101.16,1079262.0,STOCK_A_STABLE
2023-02-13,100.98,101.72,100.83,101.31,4524019.0,STOCK_A_STABLE
2023-02-14,101.66,101.86,101.09,101.56,4959517.0,STOCK_A_STABLE
2023-02-15,102.29,102.81,102.1,102.39,1516140.0,STOCK_A_STABLE
2023-02-16,102.95,103.51,102.88,103.0,874188.0,STOCK_A_STABLE
2023-02-17,102.99,103.36,102.57,103.09,848137.0,STOCK_A_STABLE
2023-02-20,102.98,103.06,101.97,102.29,3033264.0,STOCK_A_STABLE
2023-02-21,101.71,102.42,101.3,102.4,1618998.0,STOCK_A_STABLE
2023-02-22,102.3,102.64,101.16,102.41,3153213.0,STOCK_A_STABLE
2023-02-23,102.65,103.42,101.94,102.65,3820627.0,STOCK_A_STABLE
2023-02-24,104.71,105.5,104.45,104.96,127926.0,STOCK_A_STABLE
2023-02-27,104.73,104.88,103.42,104.45,4313284.0,STOCK_A_STABLE
2023-02-28,105.19,105.41,104.61,104.93,242913.0,STOCK_A_STABLE
2023-03-01,106.08,106.36,105.33,106.1,660780.0,STOCK_A_STABLE
2023-03-02,106.16,106.83,106.15,106.24,3651807.0,STOCK_A_STABLE
2023-03-03,108.73,108.82,108.61,108.77,3146392.0,STOCK_A_STABLE
2023-03-06,108.37,109.32,108.09,108.4,4894456.0,STOCK_A_STABLE
2023-03-07,108.77,108.82,108.3,108.8,2879705.0,STOCK_A_STABLE
2023-03-08,107.91,108.06,107.87,107.97,2143917.0,STOCK_A_STABLE
2023-03-09,107.72,108.16,107.53,107.64,3377109.0,STOCK_A_STABLE
2023-03-10,108.19,108.25,107.72,107.95,3833935.0,STOCK_A_STABLE
2023-03-13,108.5,109.06,108.39,108.9,3388176.0,STOCK_A_STABLE
2023-03-14,108.95,109.88,108.8,109.29,1915900.0,STOCK_A_STABLE
2023-03-15,110.13,111.01,109.68,110.71,4801390.0,STOCK_A_STABLE
2023-03-16,110.94,111.19,110.1,110.65,1577903.0,STOCK_A_STABLE
2023-03-17,110.41,110.59,109.85,110.33,1797993.0,STOCK_A_STABLE
2023-03-20,113.53,113.74,113.28,113.36,1461032.0,STOCK_A_STABLE
2023-03-21,113.36,114.41,112.39,113.85,1568857.0,STOCK_A_STABLE
2023-03-22,113.68,113.7,113.01,113.08,1143661.0,STOCK_A_STABLE
2023-03-23,112.13,112.37,111.79,112.34,2948003.0,STOCK_A_STABLE
2023-03-24,111.38,111.57,111.26,111.32,3670929.0,STOCK_A_STABLE
2023-03-27,112.7,112.91,112.11,112.41,2204150.0,STOCK_A_STABLE
2023-03-28,111.71,112.65,111.7,112.04,4621730.0,STOCK_A_STABLE
2023-03-29,112.05,112.52,111.58,112.23,2421395.0,STOCK_A_STABLE
2023-03-30,112.27,112.57,111.63,112.21,2388306.0,STOCK_A_STABLE
2023-03-31,114.04,114.32,112.52,113.07,439457.0,STOCK_A_STABLE
2023-04-03,112.26,112.88,111.72,112.16,4527283.0,STOCK_A_STABLE
2023-04-04,111.53,111.92,111.0,111.0,826386.0,STOCK_A_STABLE
2023-04-05,111.69,111.79,110.87,111.29,905637.0,STOCK_A_STABLE
2023-04-06,112.13,112.45,111.6,112.0,4683337.0,STOCK_A_STABLE
2023-04-07,112.09,112.9,111.73,112.42,2645735.0,STOCK_A_STABLE
2023-04-10,111.91,112.75,111.42,111.56,434628.0,STOCK_A_STABLE
2023-04-11,111.85,112.96,111.53,112.36,2264837.0,STOCK_A_STABLE
2023-04-12,112.1,112.22,110.95,111.57,2991713.0,STOCK_A_STABLE
2023-04-13,111.1,111.13,110.84,111.03,149439.0,STOCK_A_STABLE
2023-04-14,109.15,110.37,108.35,110.03,3797417.0,STOCK_A_STABLE
2023-04-17,111.39,111.54,111.15,111.5,3375749.0,STOCK_A_STABLE
2023-04-18,112.47,112.67,111.94,112.25,158131.0,STOCK_A_STABLE
2023-04-19,112.9,113.47,112.61,112.98,3130443.0,STOCK_A_STABLE
2023-04-20,114.68,114.75,113.69,114.43,1191465.0,STOCK_A_STABLE
2023-04-21,117.39,118.02,117.36,117.69,3698656.0,STOCK_A_STABLE
2023-04-24,115.28,115.82,115.24,115.73,1947652.0,STOCK_A_STABLE
2023-04-25,114.9,115.57,114.38,114.92,1090498.0,STOCK_A_STABLE
2023-04-26,114.27,114.31,114.18,114.26,2583405.0,STOCK_A_STABLE
2023-04-27,113.21,113.89,113.14,113.33,2270905.0,STOCK_A_STABLE
2023-04-28,112.57,112.62,111.75,112.16,1773816.0,STOCK_A_STABLE
2023-05-01,111.58,112.2,110.92,111.87,4404314.0,STOCK_A_STABLE
2023-05-02,110.65,110.82,110.42,110.55,3280096.0,STOCK_A_STABLE
2023-05-03,110.99,111.58,110.6,110.96,2488295.0,STOCK_A_STABLE
2023-05-04,110.55,111.07,110.52,111.07,1209347.0,STOCK_A_STABLE
2023-05-05,111.2,111.9,110.55,111.65,2886549.0,STOCK_A_STABLE
2023-05-08,112.26,112.67,111.55,112.26,224866.0,STOCK_A_STABLE
2023-05-09,113.65,114.0,112.21,112.98,4435304.0,STOCK_A_STABLE
2023-05-10,112.8,112.81,112.25,112.6,107698.0,STOCK_A_STABLE
2023-05-11,114.44,115.12,114.04,115.04,3524318.0,STOCK_A_STABLE
2023-05-12,114.27,116.06,114.19,115.35,1793008.0,STOCK_A_STABLE
2023-05-15,113.5,114.17,113.07,113.25,14624333.0,STOCK_A_STABLE
2023-05-16,112.13,112.57,111.79,112.16,1872147.0,STOCK_A_STABLE
2023-05-17,110.63,111.87,109.89,110.25,228141.0,STOCK_A_STABLE
2023-05-18,110.02,110.44,109.71,110.31,4748160.0,STOCK_A_STABLE
2023-05-19,110.34,111.17,110.14,110.22,3853364.0,STOCK_A_STABLE
2023-05-22,110.03,110.29,109.36,109.75,319425.0,STOCK_A_STABLE
2023-05-23,111.85,113.24,111.33,112.0,261093.0,STOCK_A_STABLE
2023-05-24,112.52,112.77,112.43,112.66,2697318.0,STOCK_A_STABLE
2023-05-25,113.53,113.9,113.41,113.53,4787292.0,STOCK_A_STABLE
2023-05-26,112.7,113.11,112.33,112.51,2931285.0,STOCK_A_STABLE
2023-05-29,111.43,111.64,111.43,111.44,152511.0,STOCK_A_STABLE
2023-05-30,111.85,112.26,111.28,111.52,3526447.0,STOCK_A_STABLE
2023-05-31,111.6,112.54,111.05,111.76,2196092.0,STOCK_A_STABLE
2023-06-01,109.29,110.31,109.06,109.73,3229799.0,STOCK_A_STABLE
2023-06-02,110.22,110.32,109.45,109.57,1816627.0,STOCK_A_STABLE
2023-06-05,109.43,109.96,108.74,109.63,139883.0,STOCK_A_STABLE
2023-06-06,109.26,109.57,108.94,109.44,189934.0,STOCK_A_STABLE
2023-06-07,108.57,109.14,108.35,108.6,3196102.0,STOCK_A_STABLE
2023-06-08,108.07,108.17,107.91,108.05,3212332.0,STOCK_A_STABLE
2023-06-09,107.78,107.97,107.52,107.9,1679700.0,STOCK_A_STABLE
2023-06-12,108.04,108.28,107.8,108.05,503258.0,STOCK_A_STABLE
2023-06-13,108.73,108.83,107.82,108.74,3887057.0,STOCK_A_STABLE
2023-06-14,110.02,110.11,109.63,109.96,841073.0,STOCK_A_STABLE
2023-06-15,108.91,110.32,108.2,109.68,1022990.0,STOCK_A_STABLE
2023-06-16,109.84,110.06,108.77,109.23,2316482.0,STOCK_A_STABLE
2023-06-19,109.7,109.89,109.39,109.75,3609407.0,STOCK_A_STABLE
2023-06-20,110.65,110.73,110.03,110.46,4976108.0,STOCK_A_STABLE
2023-06-21,109.57,110.49,109.53,110.03,3164927.0,STOCK_A_STABLE
2023-06-22,110.78,111.26,110.23,110.94,4805918.0,STOCK_A_STABLE
2023-06-23,111.84,112.68,111.16,112.07,3296225.0,STOCK_A_STABLE
2023-06-26,114.06,114.72,113.33,113.56,4254646.0,STOCK_A_STABLE
2023-06-27,115.42,115.98,114.44,115.63,962143.0,STOCK_A_STABLE
2023-06-28,114.93,115.38,114.51,114.67,376292.0,STOCK_A_STABLE
2023-06-29,114.51,115.74,113.76,114.73,3378952.0,STOCK_A_STABLE
2023-06-30,114.64,115.29,114.15,114.79,4878227.0,STOCK_A_STABLE
2023-07-03,114.64,114.78,113.8,114.73,3711194.0,STOCK_A_STABLE
2023-07-04,114.47,114.81,113.68,114.03,1781639.0,STOCK_A_STABLE
2023-07-05,111.74,112.91,111.51,112.38,2498110.0,STOCK_A_STABLE
2023-07-06,112.08,112.92,112.04,112.53,649830.0,STOCK_A_STABLE
2023-07-07,111.06,111.9,110.97,111.71,1767791.0,STOCK_A_STABLE
2023-07-10,111.48,112.08,110.96,111.85,3446330.0,STOCK_A_STABLE
2023-07-11,110.74,111.5,110.73,111.01,916118.0,STOCK_A_STABLE
2023-07-12,109.3,109.88,108.86,109.83,2459927.0,STOCK_A_STABLE
2023-07-13,109.89,110.61,109.88,110.13,1520806.0,STOCK_A_STABLE
2023-07-14,109.67,110.43,109.31,110.34,2504979.0,STOCK_A_STABLE
2023-07-17,110.69,111.58,110.13,111.02,3842758.0,STOCK_A_STABLE
2023-07-18,113.9,114.42,113.13,113.5,4435879.0,STOCK_A_STABLE
2023-07-19,113.99,114.0,113.68,113.86,2106063.0,STOCK_A_STABLE
2023-07-20,114.52,115.59,114.3,114.45,4153159.0,STOCK_A_STABLE
2023-07-21,112.93,113.77,112.56,113.27,3543294.0,STOCK_A_STABLE
2023-07-24,111.34,112.2,110.35,111.85,4616859.0,STOCK_A_STABLE
2023-07-25,113.28,114.37,113.09,113.67,3726447.0,STOCK_A_STABLE
2023-07-26,112.65,112.81,112.25,112.66,2798989.0,STOCK_A_STABLE
2023-07-27,111.82,111.98,111.23,111.53,3403434.0,STOCK_A_STABLE
2023-07-28,111.84,112.49,111.2,111.53,1656514.0,STOCK_A_STABLE
2023-07-31,111.69,111.95,111.04,111.48,3400338.0,STOCK_A_STABLE
2023-08-01,110.27,110.8,110.21,110.52,3573497.0,STOCK_A_STABLE
2023-08-02,110.23,110.26,109.19,110.22,3092960.0,STOCK_A_STABLE
2023-08-03,111.52,111.78,111.18,111.62,604739.0,STOCK_A_STABLE
2023-08-04,110.7,110.84,110.64,110.77,2640267.0,STOCK_A_STABLE
2023-08-07,109.94,110.4,109.11,109.27,3583320.0,STOCK_A_STABLE
2023-08-08,109.76,110.7,108.99,110.34,1069301.0,STOCK_A_STABLE
2023-08-09,110.85,110.98,110.35,110.93,3958166.0,STOCK_A_STABLE
2023-08-10,110.69,110.88,109.18,110.29,4229736.0,STOCK_A_STABLE
2023-08-11,108.11,108.76,107.36,108.59,2739753.0,STOCK_A_STABLE
2023-08-14,107.61,108.18,106.95,107.82,4824894.0,STOCK_A_STABLE
2023-08-15,107.63,107.87,107.46,107.8,4303382.0,STOCK_A_STABLE
2023-08-16,109.03,109.45,108.97,109.1,2385771.0,STOCK_A_STABLE
2023-08-17,107.5,108.1,106.83,108.02,4433188.0,STOCK_A_STABLE
2023-08-18,108.16,108.32,107.87,107.97,4672869.0,STOCK_A_STABLE
2023-08-21,108.96,109.23,107.96,108.74,629889.0,STOCK_A_STABLE
2023-08-22,106.36,106.63,106.14,106.2,4990173.0,STOCK_A_STABLE
2023-08-23,107.06,107.86,106.81,107.34,124375.0,STOCK_A_STABLE
2023-08-24,106.14,106.41,105.36,106.11,2482359.0,STOCK_A_STABLE
2023-08-25,106.22,106.94,105.63,106.5,4696051.0,STOCK_A_STABLE
2023-08-28,106.7,106.89,106.67,106.81,3649341.0,STOCK_A_STABLE
2023-08-29,108.71,109.74,107.25,108.01,1407184.0,STOCK_A_STABLE
2023-08-30,108.68,108.93,108.25,108.65,3254572.0,STOCK_A_STABLE
2023-08-31,105.73,106.52,105.19,106.11,1151868.0,STOCK_A_STABLE
2023-09-01,105.38,105.43,105.26,105.32,1262597.0,STOCK_A_STABLE
2023-09-04,105.08,105.56,104.99,105.51,4566991.0,STOCK_A_STABLE
2023-09-05,104.96,106.61,104.75,105.34,330738.0,STOCK_A_STABLE
2023-09-06,105.56,106.05,105.23,105.89,4814758.0,STOCK_A_STABLE
2023-09-07,106.62,106.91,106.59,106.77,2321441.0,STOCK_A_STABLE
2023-09-08,107.76,107.96,107.0,107.46,417298.0,STOCK_A_STABLE
2023-09-11,107.46,107.87,107.12,107.27,3957304.0,STOCK_A_STABLE
2023-09-12,105.5,105.59,104.05,105.33,336375.0,STOCK_A_STABLE
2023-09-13,104.55,104.97,104.31,104.9,1693159.0,STOCK_A_STABLE
2023-09-14,105.2,105.94,104.82,105.37,1279866.0,STOCK_A_STABLE
2023-09-15,104.35,104.44,103.84,104.27,3943749.0,STOCK_A_STABLE
2023-09-18,104.77,105.5,104.68,104.97,2043766.0,STOCK_A_STABLE
2023-09-19,105.87,106.75,105.15,105.96,3308528.0,STOCK_A_STABLE
2023-09-20,106.28,106.74,106.02,106.14,453622.0,STOCK_A_STABLE
2023-09-21,102.82,103.55,102.04,102.93,3508152.0,STOCK_A_STABLE
2023-09-22,101.73,101.84,101.59,101.66,3583296.0,STOCK_A_STABLE
2023-09-25,104.11,104.2,103.05,103.61,1500130.0,STOCK_A_STABLE
2023-09-26,103.04,103.3,102.88,103.09,4418264.0,STOCK_A_STABLE
2023-09-27,101.44,102.17,100.84,101.09,2403232.0,STOCK_A_STABLE
2023-09-28,102.55,102.93,101.43,102.37,3369435.0,STOCK_A_STABLE
2023-09-29,101.98,103.32,101.54,102.43,990348.0,STOCK_A_STABLE
2023-10-02,103.26,103.83,103.2,103.6,4670890.0,STOCK_A_STABLE
2023-10-03,103.67,103.95,103.37,103.93,1308244.0,STOCK_A_STABLE
2023-10-04,104.18,104.54,103.82,104.45,3167958.0,STOCK_A_STABLE
2023-10-05,104.84,105.17,104.54,104.87,1268109.0,STOCK_A_STABLE
2023-10-06,105.84,106.62,105.29,105.64,319197.0,STOCK_A_STABLE
2023-10-09,108.5,108.85,107.88,108.09,721189.0,STOCK_A_STABLE
2023-10-10,109.28,109.61,108.2,109.18,4719676.0,STOCK_A_STABLE
2023-10-11,107.36,107.83,107.18,107.5,1131516.0,STOCK_A_STABLE
2023-10-12,107.35,108.44,106.92,108.03,4409899.0,STOCK_A_STABLE
2023-10-13,109.32,109.86,109.14,109.3,2943147.0,STOCK_A_STABLE
2023-10-16,110.67,110.8,110.3,110.66,534432.0,STOCK_A_STABLE
2023-10-17,110.29,110.36,109.88,110.23,2261934.0,STOCK_A_STABLE
2023-10-18,112.27,112.7,110.83,111.56,2448424.0,STOCK_A_STABLE
2023-10-19,113.06,113.12,112.04,112.64,1408003.0,STOCK_A_STABLE
2023-10-20,115.85,116.22,115.31,115.58,3060145.0,STOCK_A_STABLE
2023-10-23,114.43,114.84,114.12,114.76,4319450.0,STOCK_A_STABLE
2023-10-24,114.05,114.42,113.49,114.23,4430292.0,STOCK_A_STABLE
2023-10-25,113.89,114.61,113.26,113.92,2673223.0,STOCK_A_STABLE
2023-10-26,113.14,114.61,112.91,113.41,4478190.0,STOCK_A_STABLE
2023-10-27,112.61,112.78,112.41,112.44,4623236.0,STOCK_A_STABLE
2023-10-30,109.5,109.69,109.04,109.38,531332.0,STOCK_A_STABLE
2023-10-31,108.6,109.16,108.1,108.95,3211328.0,STOCK_A_STABLE
2023-11-01,109.79,110.02,108.59,109.4,3889079.0,STOCK_A_STABLE
2023-11-02,108.94,109.58,108.71,108.9,177359.0,STOCK_A_STABLE
2023-11-03,110.48,111.26,110.03,111.05,3056717.0,STOCK_A_STABLE
2023-11-06,111.1,111.3,111.07,111.11,4576030.0,STOCK_A_STABLE
2023-11-07,112.69,112.95,112.54,112.59,1414273.0,STOCK_A_STABLE
2023-11-08,113.26,114.04,112.82,112.93,4301570.0,STOCK_A_STABLE
2023-11-09,113.79,114.05,113.37,113.91,4676072.0,STOCK_A_STABLE
2023-11-10,114.56,114.86,113.89,114.27,9560007.0,STOCK_A_STABLE
2023-11-13,115.95,116.64,115.79,115.88,3184533.0,STOCK_A_STABLE
2023-11-14,115.54,116.71,115.33,115.99,2720390.0,STOCK_A_STABLE
2023-11-15,116.12,116.81,116.07,116.62,2104202.0,STOCK_A_STABLE
2023-11-16,117.48,117.7,116.81,117.09,2319337.0,STOCK_A_STABLE
2023-11-17,117.22,118.68,116.71,116.8,2659693.0,STOCK_A_STABLE
2023-11-20,117.43,117.58,116.09,117.32,2462656.0,STOCK_A_STABLE
2023-11-21,120.52,121.15,119.9,119.99,4147665.0,STOCK_A_STABLE
2023-11-22,120.09,120.18,119.49,119.71,3869181.0,STOCK_A_STABLE
2023-11-23,120.51,120.98,119.92,120.26,1803202.0,STOCK_A_STABLE
2023-11-24,121.49,122.01,120.99,121.82,2614393.0,STOCK_A_STABLE
2023-11-27,123.9,124.1,122.88,123.26,1154659.0,STOCK_A_STABLE
2023-11-28,123.52,123.81,122.94,123.32,962521.0,STOCK_A_STABLE
2023-11-29,120.29,121.1,120.19,120.43,1907351.0,STOCK_A_STABLE
2023-11-30,120.86,121.87,120.36,121.1,385070.0,STOCK_A_STABLE
2023-12-01,118.55,118.7,117.86,118.46,4287497.0,STOCK_A_STABLE
2023-12-04,119.65,120.36,119.51,120.25,718312.0,STOCK_A_STABLE
2023-12-05,120.76,121.12,120.45,120.5,1700095.0,STOCK_A_STABLE
2023-12-06,121.41,121.99,120.97,121.76,1332061.0,STOCK_A_STABLE
2023-12-07,120.84,120.97,120.27,120.71,1113479.0,STOCK_A_STABLE
2023-12-08,118.7,119.21,118.35,118.88,1901897.0,STOCK_A_STABLE
2023-12-11,119.14,119.3,119.12,119.24,3624371.0,STOCK_A_STABLE
2023-12-12,118.98,119.57,118.15,119.25,4472838.0,STOCK_A_STABLE
2023-12-13,118.65,119.07,118.26,118.71,1024789.0,STOCK_A_STABLE
2023-12-14,119.53,119.61,118.4,118.86,1271527.0,STOCK_A_STABLE
2023-12-15,122.7,122.81,121.96,122.19,2401266.0,STOCK_A_STABLE
2023-12-18,123.39,124.15,123.16,123.26,1666032.0,STOCK_A_STABLE
2023-12-19,124.6,124.84,124.58,124.6,4019966.0,STOCK_A_STABLE
2023-12-20,126.02,126.22,125.53,125.71,2755375.0,STOCK_A_STABLE
2023-12-21,128.05,128.26,127.58,127.62,2071780.0,STOCK_A_STABLE
2023-12-22,127.11,127.74,127.08,127.42,2774134.0,STOCK_A_STABLE
2023-12-25,124.83,125.26,124.61,124.86,1969378.0,STOCK_A_STABLE
2023-12-26,123.99,124.85,123.61,124.67,3123724.0,STOCK_A_STABLE
2023-12-27,126.16,126.41,125.19,125.73,4017561.0,STOCK_A_STABLE
2023-12-28,125.34,126.07,123.52,124.56,2707424.0,STOCK_A_STABLE
2023-12-29,124.42,124.75,124.29,124.39,2338501.0,STOCK_A_STABLE
2024-01-01,122.8,123.72,122.57,123.58,9776134.0,STOCK_A_STABLE
2024-01-02,125.72,126.36,125.28,125.49,4910696.0,STOCK_A_STABLE
2024-01-03,126.14,126.76,125.4,126.48,4977352.0,STOCK_A_STABLE
2024-01-04,127.1,128.68,126.85,127.36,180574.0,STOCK_A_STABLE
2024-01-05,128.44,128.77,128.15,128.2,4203240.0,STOCK_A_STABLE
2024-01-08,128.3,128.59,127.65,128.2,4503757.0,STOCK_A_STABLE
2024-01-09,128.32,128.74,128.15,128.51,4045951.0,STOCK_A_STABLE
2024-01-10,126.79,127.04,126.19,127.03,3772834.0,STOCK_A_STABLE
2024-01-11,124.35,124.45,124.06,124.31,1893658.0,STOCK_A_STABLE
2024-01-12,124.39,124.59,123.95,124.54,3657389.0,STOCK_A_STABLE
2024-01-15,124.58,125.01,123.98,125.0,2940939.0,STOCK_A_STABLE
2024-01-16,126.43,127.24,126.39,126.56,4174214.0,STOCK_A_STABLE
2024-01-17,128.73,128.74,128.59,128.6,1822214.0,STOCK_A_STABLE
2024-01-18,130.6,131.24,130.4,130.67,14526941.0,STOCK_A_STABLE
2024-01-19,128.87,129.9,127.48,129.42,3943343.0,STOCK_A_STABLE
2024-01-22,129.4,129.74,128.8,129.01,4185929.0,STOCK_A_STABLE
2024-01-23,128.62,130.61,128.39,129.68,941972.0,STOCK_A_STABLE
2024-01-24,132.84,133.61,132.43,133.02,4332363.0,STOCK_A_STABLE
2024-01-25,134.79,135.29,134.51,135.04,1161691.0,STOCK_A_STABLE
2024-01-26,136.67,137.06,136.13,136.61,4691707.0,STOCK_A_STABLE
2024-01-29,136.36,136.89,135.81,136.13,289600.0,STOCK_A_STABLE
2024-01-30,135.44,136.08,134.95,134.98,1195644.0,STOCK_A_STABLE
2024-01-31,135.81,137.18,135.33,136.1,3083804.0,STOCK_A_STABLE
2024-02-01,134.9,135.41,134.04,134.66,2762440.0,STOCK_A_STABLE
2024-02-02,134.47,135.09,133.83,134.39,3473837.0,STOCK_A_STABLE
2024-02-05,133.6,134.35,133.31,134.29,2077459.0,STOCK_A_STABLE
2024-02-06,137.26,137.49,135.17,136.48,116475.0,STOCK_A_STABLE
2024-02-07,135.47,136.08,134.51,136.05,12799538.0,STOCK_A_STABLE
2024-02-08,132.96,133.65,132.36,132.79,2602850.0,STOCK_A_STABLE
2024-02-09,133.67,133.68,133.38,133.51,2592496.0,STOCK_A_STABLE
2024-02-12,132.74,133.32,131.76,132.63,1946685.0,STOCK_A_STABLE
2024-02-13,132.55,132.95,132.47,132.74,4463542.0,STOCK_A_STABLE
2024-02-14,133.01,133.5,132.59,132.68,3982665.0,STOCK_A_STABLE
2024-02-15,131.75,132.51,131.1,132.37,987961.0,STOCK_A_STABLE
2024-02-16,133.44,134.26,132.57,133.47,290564.0,STOCK_A_STABLE
2024-02-19,131.26,131.93,131.17,131.48,988667.0,STOCK_A_STABLE
2024-02-20,130.58,130.85,130.39,130.85,337971.0,STOCK_A_STABLE
2024-02-21,131.97,132.25,131.64,131.8,3575519.0,STOCK_A_STABLE
2024-02-22,131.46,131.86,130.79,131.04,3139024.0,STOCK_A_STABLE
2024-02-23,128.85,129.07,128.84,128.99,2368632.0,STOCK_A_STABLE
2024-02-26,130.2,130.81,128.94,129.9,2999030.0,STOCK_A_STABLE
2024-02-27,131.43,132.4,131.17,131.41,4060877.0,STOCK_A_STABLE
2024-02-28,131.05,131.41,130.97,131.4,4172341.0,STOCK_A_STABLE
2024-02-29,128.78,128.92,127.76,128.88,2229164.0,STOCK_A_STABLE
2024-03-01,129.72,130.05,129.72,129.84,3002107.0,STOCK_A_STABLE
2024-03-04,127.47,128.34,126.99,127.74,2926908.0,STOCK_A_STABLE
2024-03-05,128.35,128.62,128.16,128.18,4751917.0,STOCK_A_STABLE
2024-03-06,127.19,127.97,126.93,127.1,3831367.0,STOCK_A_STABLE
2024-03-07,125.07,126.01,124.86,125.67,1640484.0,STOCK_A_STABLE
2024-03-08,124.55,125.83,124.53,125.17,4446016.0,STOCK_A_STABLE
2024-03-11,125.15,125.56,124.36,124.99,2049814.0,STOCK_A_STABLE
2024-03-12,123.93,124.36,123.12,124.23,3812895.0,STOCK_A_STABLE
2024-03-13,125.13,125.82,124.88,125.01,4890605.0,STOCK_A_STABLE
2024-03-14,124.8,125.17,123.82,124.51,4063767.0,STOCK_A_STABLE
2024-03-15,125.3,125.91,125.26,125.78,626868.0,STOCK_A_STABLE
2024-03-18,125.65,126.27,125.24,126.18,1107939.0,STOCK_A_STABLE
2024-03-19,125.98,126.15,124.84,125.35,3999933.0,STOCK_A_STABLE
2024-03-20,124.45,124.86,124.18,124.32,704401.0,STOCK_A_STABLE
2024-03-21,122.16,122.32,121.77,122.32,156686.0,STOCK_A_STABLE
2024-03-22,122.38,122.87,122.28,122.72,1364640.0,STOCK_A_STABLE
2024-03-25,122.15,123.16,121.56,122.34,2483914.0,STOCK_A_STABLE
2024-03-26,119.06,119.57,118.8,119.48,729236.0,STOCK_A_STABLE
2024-03-27,119.21,119.35,118.54,118.89,851671.0,STOCK_A_STABLE
2024-03-28,117.59,118.35,117.38,117.87,1760514.0,STOCK_A_STABLE
2024-03-29,120.16,121.05,119.67,119.77,3034422.0,STOCK_A_STABLE
2024-04-01,117.64,117.96,117.58,117.78,2767719.0,STOCK_A_STABLE
2024-04-02,115.77,116.35,115.74,116.13,4011032.0,STOCK_A_STABLE
2024-04-03,117.31,117.92,116.77,117.47,4905656.0,STOCK_A_STABLE
2024-04-04,118.17,119.13,117.06,119.11,261907.0,STOCK_A_STABLE
2024-04-05,118.22,119.12,118.21,118.27,3472648.0,STOCK_A_STABLE
2024-04-08,117.51,117.88,117.47,117.57,902486.0,STOCK_A_STABLE
2024-04-09,118.63,118.82,117.69,118.34,1866281.0,STOCK_A_STABLE
2024-04-10,114.98,115.74,114.67,115.63,1778790.0,STOCK_A_STABLE
2024-04-11,113.92,114.08,113.2,113.53,3533627.0,STOCK_A_STABLE
2024-04-12,113.53,113.92,113.09,113.25,1353414.0,STOCK_A_STABLE
2024-04-15,115.48,116.1,114.2,115.05,4483490.0,STOCK_A_STABLE
2024-04-16,114.58,114.97,114.12,114.6,1977777.0,STOCK_A_STABLE
2024-04-17,115.11,115.32,114.49,114.76,4093884.0,STOCK_A_STABLE
2024-04-18,115.59,116.67,115.42,116.11,4764154.0,STOCK_A_STABLE
2024-04-19,118.85,119.9,118.52,118.6,2602143.0,STOCK_A_STABLE
2024-04-22,117.69,118.61,116.75,117.96,2504598.0,STOCK_A_STABLE
2024-04-23,117.4,118.06,117.03,117.99,3536907.0,STOCK_A_STABLE
2024-04-24,119.78,121.09,119.42,120.19,2174082.0,STOCK_A_STABLE
2024-04-25,118.41,119.83,117.74,118.4,1757922.0,STOCK_A_STABLE
2024-04-26,119.37,120.4,119.1,119.67,2339747.0,STOCK_A_STABLE
2024-04-29,118.63,118.64,118.47,118.5,1568976.0,STOCK_A_STABLE
2024-04-30,118.02,118.7,117.35,118.67,1473676.0,STOCK_A_STABLE
2024-05-01,117.67,118.73,117.47,118.43,4949283.0,STOCK_A_STABLE
2024-05-02,117.82,118.08,117.21,117.34,1464682.0,STOCK_A_STABLE
2024-05-03,116.55,117.06,115.99,116.23,2347310.0,STOCK_A_STABLE
2024-05-06,116.23,116.79,116.03,116.6,3602285.0,STOCK_A_STABLE
2024-05-07,117.81,117.82,117.52,117.81,1182611.0,STOCK_A_STABLE
2024-05-08,118.06,118.17,117.4,117.7,3127434.0,STOCK_A_STABLE
2024-05-09,117.98,118.35,117.6,117.83,4488045.0,STOCK_A_STABLE
2024-05-10,118.6,119.03,118.35,118.55,4082876.0,STOCK_A_STABLE
2024-05-13,117.83,118.13,117.2,117.45,239975.0,STOCK_A_STABLE
2024-05-14,118.1,118.77,117.57,118.36,2084858.0,STOCK_A_STABLE
2024-05-15,119.39,119.65,119.25,119.38,101321.0,STOCK_A_STABLE
2024-05-16,122.53,123.06,121.86,122.54,3072884.0,STOCK_A_STABLE
2024-05-17,122.02,122.19,121.15,122.12,1693225.0,STOCK_A_STABLE
2024-05-20,121.47,121.95,121.11,121.61,4478581.0,STOCK_A_STABLE
2024-05-21,122.62,123.08,121.17,122.6,960129.0,STOCK_A_STABLE
2024-05-22,123.66,124.72,123.13,123.65,4271509.0,STOCK_A_STABLE
2024-05-23,122.65,123.14,122.48,123.04,1777247.0,STOCK_A_STABLE
2024-05-24,122.89,123.49,122.17,122.59,4608114.0,STOCK_A_STABLE
2024-05-27,122.94,123.82,122.65,123.3,1077987.0,STOCK_A_STABLE
2024-05-28,122.25,122.63,122.05,122.33,1417977.0,STOCK_A_STABLE
2024-05-29,121.77,121.89,121.14,121.88,1820084.0,STOCK_A_STABLE
2024-05-30,122.17,122.8,121.96,122.04,4928563.0,STOCK_A_STABLE
2024-05-31,122.52,123.4,121.89,123.3,3696300.0,STOCK_A_STABLE
2024-06-03,122.93,123.24,122.36,122.61,4100310.0,STOCK_A_STABLE
2024-06-04,120.15,120.59,120.0,120.4,2809253.0,STOCK_A_STABLE
2024-06-05,118.57,118.92,117.95,118.14,3994558.0,STOCK_A_STABLE
2024-06-06,116.53,116.83,116.27,116.7,3171692.0,STOCK_A_STABLE
2024-06-07,115.19,115.46,114.82,115.21,3371135.0,STOCK_A_STABLE
2024-06-10,115.74,115.79,114.62,115.08,4202378.0,STOCK_A_STABLE
2024-06-11,113.66,114.6,113.54,113.76,4918013.0,STOCK_A_STABLE
2024-06-12,113.42,113.76,112.92,113.0,2921536.0,STOCK_A_STABLE
2024-06-13,112.19,112.87,111.91,112.17,2263659.0,STOCK_A_STABLE
2024-06-14,111.86,111.97,111.55,111.72,3300343.0,STOCK_A_STABLE
2024-06-17,113.27,113.5,112.73,113.25,14693976.0,STOCK_A_STABLE
2024-06-18,114.33,114.45,113.67,114.04,4933052.0,STOCK_A_STABLE
2024-06-19,113.87,114.46,113.76,114.1,3524175.0,STOCK_A_STABLE
2024-06-20,113.29,113.74,112.99,113.62,4777298.0,STOCK_A_STABLE
2024-06-21,112.96,113.39,112.39,113.18,3687235.0,STOCK_A_STABLE
2024-06-24,113.63,114.14,112.98,113.59,4763209.0,STOCK_A_STABLE
2024-06-25,114.23,114.64,113.95,114.3,3782177.0,STOCK_A_STABLE
2024-06-26,113.55,113.92,113.15,113.31,4436248.0,STOCK_A_STABLE
2024-06-27,113.84,114.27,113.04,113.4,1034703.0,STOCK_A_STABLE
2024-06-28,110.81,111.41,110.58,111.14,4963510.0,STOCK_A_STABLE
2024-07-01,111.17,111.94,110.98,111.42,1810352.0,STOCK_A_STABLE
2024-07-02,111.83,112.53,111.2,112.31,4008154.0,STOCK_A_STABLE
2024-07-03,112.73,113.02,111.83,112.04,2022044.0,STOCK_A_STABLE
2024-07-04,114.23,114.46,114.05,114.12,2344303.0,STOCK_A_STABLE
2024-07-05,113.33,113.43,112.87,113.16,3765199.0,STOCK_A_STABLE
2024-07-08,113.0,114.55,112.88,113.45,2749009.0,STOCK_A_STABLE
2024-07-09,113.46,113.6,112.95,113.46,3609615.0,STOCK_A_STABLE
2024-07-10,113.56,113.61,112.93,113.39,487287.0,STOCK_A_STABLE
2024-07-11,113.22,113.49,112.84,113.31,4183494.0,STOCK_A_STABLE
2024-07-12,113.84,114.64,112.9,113.47,2101426.0,STOCK_A_STABLE
2024-07-15,115.27,115.81,114.45,114.48,3963743.0,STOCK_A_STABLE
2024-07-16,115.77,116.37,115.46,116.1,1499087.0,STOCK_A_STABLE
2024-07-17,115.79,116.57,115.61,116.15,3020566.0,STOCK_A_STABLE
2024-07-18,116.83,117.41,116.82,117.14,2982492.0,STOCK_A_STABLE
2024-07-19,116.93,117.41,116.2,116.37,785747.0,STOCK_A_STABLE
2024-07-22,117.67,118.37,116.91,117.3,2423631.0,STOCK_A_STABLE
2024-07-23,116.41,116.78,115.87,116.46,3213730.0,STOCK_A_STABLE
2024-07-24,117.79,118.13,117.26,117.77,4197189.0,STOCK_A_STABLE
2024-07-25,120.13,120.98,119.56,120.42,4446590.0,STOCK_A_STABLE
2024-07-26,120.65,121.28,119.7,120.33,1984125.0,STOCK_A_STABLE
2024-07-29,117.6,118.26,117.43,117.74,3251554.0,STOCK_A_STABLE
2024-07-30,117.05,117.19,116.69,117.14,955934.0,STOCK_A_STABLE
2024-07-31,118.84,119.51,118.55,118.63,4488569.0,STOCK_A_STABLE
2024-08-01,119.26,119.95,118.87,119.33,4353583.0,STOCK_A_STABLE
2024-08-02,119.59,119.76,119.33,119.68,4995359.0,STOCK_A_STABLE
2024-08-05,120.93,121.2,120.81,120.93,2482602.0,STOCK_A_STABLE
2024-08-06,121.85,122.86,121.16,121.56,1860090.0,STOCK_A_STABLE
2024-08-07,123.7,123.86,123.02,123.09,3813496.0,STOCK_A_STABLE
2024-08-08,124.49,125.3,123.99,124.27,3644119.0,STOCK_A_STABLE
2024-08-09,126.52,126.63,125.86,126.22,1139045.0,STOCK_A_STABLE
2024-08-12,126.64,127.47,126.43,126.72,2745797.0,STOCK_A_STABLE
2024-08-13,127.64,128.25,127.6,127.92,3254625.0,STOCK_A_STABLE
2024-08-14,127.82,128.38,126.87,127.57,2329361.0,STOCK_A_STABLE
2024-08-15,126.92,127.07,126.43,126.86,1918777.0,STOCK_A_STABLE
2024-08-16,128.52,129.14,128.28,129.07,1275348.0,STOCK_A_STABLE
2024-08-19,129.28,129.9,128.45,129.4,2116725.0,STOCK_A_STABLE
2024-08-20,130.47,131.0,129.73,130.5,1304981.0,STOCK_A_STABLE
2024-08-21,130.51,131.5,130.42,130.71,1572006.0,STOCK_A_STABLE
2024-08-22,130.58,131.09,129.63,130.0,1006364.0,STOCK_A_STABLE
2024-08-23,130.25,130.81,129.56,130.06,1944151.0,STOCK_A_STABLE
2024-08-26,132.53,132.76,131.73,131.98,3194269.0,STOCK_A_STABLE
2024-08-27,132.87,132.89,131.83,132.77,1950511.0,STOCK_A_STABLE
2024-08-28,130.58,130.88,130.48,130.55,796060.0,STOCK_A_STABLE
2024-08-29,129.95,130.63,129.54,130.32,4025508.0,STOCK_A_STABLE
2024-08-30,132.7,133.0,131.73,132.7,2213793.0,STOCK_A_STABLE
2024-09-02,132.47,133.55,131.55,132.47,2960702.0,STOCK_A_STABLE
2024-09-03,129.6,130.36,129.32,130.13,2664332.0,STOCK_A_STABLE
2024-09-04,132.43,133.96,132.1,132.65,2580790.0,STOCK_A_STABLE
2024-09-05,133.48,133.73,133.36,133.61,2247348.0,STOCK_A_STABLE
2024-09-06,133.73,134.19,132.35,133.57,3802750.0,STOCK_A_STABLE
2024-09-09,133.31,133.64,133.08,133.12,4289154.0,STOCK_A_STABLE
2024-09-10,134.38,135.32,133.83,134.62,4529047.0,STOCK_A_STABLE
2024-09-11,134.13,134.76,133.07,133.94,2271529.0,STOCK_A_STABLE
2024-09-12,135.46,135.91,134.43,135.53,1770467.0,STOCK_A_STABLE
2024-09-13,135.15,136.42,134.72,136.32,505877.0,STOCK_A_STABLE
2024-09-16,136.51,137.82,136.05,136.71,2269355.0,STOCK_A_STABLE
2024-09-17,137.41,137.42,136.89,136.97,4961777.0,STOCK_A_STABLE
2024-09-18,136.09,136.95,135.43,136.78,1375234.0,STOCK_A_STABLE
2024-09-19,138.31,138.47,137.33,138.27,4240419.0,STOCK_A_STABLE
2024-09-20,137.78,138.07,137.1,137.12,3807450.0,STOCK_A_STABLE
2024-09-23,134.65,135.08,134.58,134.95,3334213.0,STOCK_A_STABLE
2024-09-24,135.84,136.13,134.97,135.84,2869844.0,STOCK_A_STABLE
2024-09-25,136.21,137.81,136.21,136.75,3805985.0,STOCK_A_STABLE
2024-09-26,138.13,138.21,137.24,137.46,582213.0,STOCK_A_STABLE
2024-09-27,138.04,138.6,137.63,138.08,728134.0,STOCK_A_STABLE
2024-09-30,137.71,138.03,136.93,137.69,1058976.0,STOCK_A_STABLE
2024-10-01,139.39,139.66,138.49,138.83,3852982.0,STOCK_A_STABLE
2024-10-02,139.1,139.89,137.61,138.82,2217089.0,STOCK_A_STABLE
2024-10-03,137.84,138.22,137.49,138.2,2800540.0,STOCK_A_STABLE
2024-10-04,137.56,138.13,137.41,137.82,319933.0,STOCK_A_STABLE
2024-10-07,140.87,141.69,140.12,140.66,2495983.0,STOCK_A_STABLE
2024-10-08,138.02,138.42,137.52,138.28,2053413.0,STOCK_A_STABLE
2024-10-09,138.14,139.06,137.39,139.03,972115.0,STOCK_A_STABLE
2024-10-10,136.73,137.42,135.87,136.75,214122.0,STOCK_A_STABLE
2024-10-11,136.05,136.95,135.74,136.65,3793546.0,STOCK_A_STABLE
2024-10-14,136.78,136.91,135.05,136.12,3918723.0,STOCK_A_STABLE
2024-10-15,133.4,133.97,132.32,133.33,1305076.0,STOCK_A_STABLE
2024-10-16,133.54,133.95,133.3,133.91,2519139.0,STOCK_A_STABLE
2024-10-17,133.17,134.04,132.81,133.45,1340721.0,STOCK_A_STABLE
2024-10-18,129.96,132.04,129.11,130.7,2103473.0,STOCK_A_STABLE
2024-10-21,131.42,132.42,131.38,131.85,635189.0,STOCK_A_STABLE
2024-10-22,134.2,134.24,133.71,133.8,4736677.0,STOCK_A_STABLE
2024-10-23,136.75,136.94,135.41,135.84,3630971.0,STOCK_A_STABLE
2024-10-24,136.68,136.83,135.89,136.39,4515221.0,STOCK_A_STABLE
2024-10-25,136.47,136.61,136.36,136.5,7123331.0,STOCK_A_STABLE
2024-10-28,138.19,138.47,137.88,138.37,4377200.0,STOCK_A_STABLE
2024-10-29,140.35,140.89,139.96,140.75,2639572.0,STOCK_A_STABLE
2024-10-30,143.29,143.93,142.1,142.41,1070855.0,STOCK_A_STABLE
2024-10-31,141.04,142.34,140.76,141.12,1727993.0,STOCK_A_STABLE
2024-11-01,142.36,142.49,141.2,141.46,4076466.0,STOCK_A_STABLE
2024-11-04,142.73,143.08,141.93,142.14,3896036.0,STOCK_A_STABLE
2024-11-05,138.9,139.81,138.86,139.63,3629145.0,STOCK_A_STABLE
2024-11-06,140.06,140.54,139.61,140.34,1209769.0,STOCK_A_STABLE
2024-11-07,143.29,143.84,142.39,143.58,3274037.0,STOCK_A_STABLE
2024-11-08,144.52,145.45,143.91,144.56,4710089.0,STOCK_A_STABLE
2024-11-11,146.72,146.84,146.56,146.75,338904.0,STOCK_A_STABLE
2024-11-12,148.4,148.64,146.22,147.07,1674565.0,STOCK_A_STABLE
2024-11-13,146.55,147.71,146.31,147.02,493723.0,STOCK_A_STABLE
2024-11-14,147.75,148.45,147.42,147.64,608872.0,STOCK_A_STABLE
2024-11-15,146.77,147.11,145.73,146.5,4989225.0,STOCK_A_STABLE
2024-11-18,145.14,145.67,145.06,145.15,1277495.0,STOCK_A_STABLE
2024-11-19,147.09,147.94,146.44,147.04,978929.0,STOCK_A_STABLE
2024-11-20,148.65,149.64,148.47,149.12,462310.0,STOCK_A_STABLE
2024-11-21,147.75,148.08,147.38,147.7,4906930.0,STOCK_A_STABLE
2024-11-22,149.42,150.0,149.11,149.19,2396819.0,STOCK_A_STABLE
2024-11-25,149.27,149.35,148.68,149.12,3977746.0,STOCK_A_STABLE
2024-11-26,149.94,150.77,148.97,149.68,1326230.0,STOCK_A_STABLE
2024-11-27,151.07,151.9,150.35,150.43,3240443.0,STOCK_A_STABLE
2024-11-28,152.42,152.94,150.99,151.99,4441625.0,STOCK_A_STABLE
2024-11-29,152.21,152.98,151.13,152.18,3388554.0,STOCK_A_STABLE
2024-12-02,153.84,154.63,153.64,154.38,2633930.0,STOCK_A_STABLE
2024-12-03,154.64,154.99,153.2,154.92,1131635.0,STOCK_A_STABLE
2024-12-04,155.85,156.19,154.73,155.95,1243505.0,STOCK_A_STABLE
2024-12-05,154.83,155.12,154.34,154.71,3024586.0,STOCK_A_STABLE
2024-12-06,157.89,158.71,157.49,158.12,2311224.0,STOCK_A_STABLE
2024-12-09,158.48,159.54,157.77,158.92,697559.0,STOCK_A_STABLE
2024-12-10,159.55,160.58,158.89,160.12,1060371.0,STOCK_A_STABLE
2024-12-11,156.83,158.0,156.13,157.61,2216872.0,STOCK_A_STABLE
2024-12-12,156.26,158.09,155.63,156.37,975773.0,STOCK_A_STABLE
2024-12-13,157.67,158.78,157.19,158.37,2814319.0,STOCK_A_STABLE
2024-12-16,158.41,159.55,158.34,158.89,1573216.0,STOCK_A_STABLE
2024-12-17,155.73,156.2,155.34,155.91,1528461.0,STOCK_A_STABLE
2024-12-18,156.96,158.47,156.21,157.59,630677.0,STOCK_A_STABLE
2024-12-19,156.98,156.99,156.14,156.8,2565820.0,STOCK_A_STABLE
2024-12-20,159.43,160.06,159.08,159.08,1024372.0,STOCK_A_STABLE
2024-12-23,158.74,159.1,158.09,159.0,3188974.0,STOCK_A_STABLE
2024-12-24,159.18,160.4,158.75,159.39,4696429.0,STOCK_A_STABLE
2024-12-25,161.59,162.28,160.16,161.33,4569947.0,STOCK_A_STABLE
2024-12-26,159.61,159.95,159.18,159.95,3367332.0,STOCK_A_STABLE
2024-12-27,158.05,158.85,157.54,158.42,4056507.0,STOCK_A_STABLE
2024-12-30,158.74,158.87,157.78,158.18,4613403.0,STOCK_A_STABLE
2024-12-31,159.97,160.71,158.94,159.55,3440613.0,STOCK_A_STABLE
2025-01-01,157.77,158.05,157.2,157.49,1358550.0,STOCK_A_STABLE
