Date,Open,High,Low,Close,Volume,Symbol
2015-01-01,80.35,80.48,79.67,80.44,3410512.0,STOCK_B_MODERATE
2015-01-02,81.12,82.82,80.75,81.58,670509.0,STOCK_B_MODERATE
2015-01-05,81.02,81.08,80.28,80.67,2840594.0,STOCK_B_MODERATE
2015-01-06,78.92,79.63,78.87,79.25,2546113.0,STOCK_B_MODERATE
2015-01-07,75.87,76.44,75.03,76.14,375097.0,STOCK_B_MODERATE
2015-01-08,77.95,78.43,76.95,77.67,3537948.0,STOCK_B_MODERATE
2015-01-09,77.95,79.66,77.48,77.74,1870503.0,STOCK_B_MODERATE
2015-01-12,78.63,78.76,77.52,78.11,193425.0,STOCK_B_MODERATE
2015-01-13,76.57,77.84,75.93,76.93,4096128.0,STOCK_B_MODERATE
2015-01-14,79.27,79.62,78.47,78.86,658676.0,STOCK_B_MODERATE
2015-01-15,79.58,80.66,79.5,80.4,4354825.0,STOCK_B_MODERATE
2015-01-16,80.12,80.43,79.69,80.25,2158519.0,STOCK_B_MODERATE
2015-01-19,78.89,80.11,78.0,79.41,4097393.0,STOCK_B_MODERATE
2015-01-20,78.81,79.29,78.29,78.89,2792414.0,STOCK_B_MODERATE
2015-01-21,78.29,78.5,77.01,77.68,3360562.0,STOCK_B_MODERATE
2015-01-22,76.69,78.73,76.33,77.76,3716756.0,STOCK_B_MODERATE
2015-01-23,77.46,77.5,76.59,76.85,4634833.0,STOCK_B_MODERATE
2015-01-26,78.37,78.54,76.84,77.8,1386968.0,STOCK_B_MODERATE
2015-01-27,77.07,77.9,76.75,77.29,288032.0,STOCK_B_MODERATE
2015-01-28,76.39,77.34,74.87,76.79,1397274.0,STOCK_B_MODERATE
2015-01-29,79.33,79.39,78.91,79.19,1473618.0,STOCK_B_MODERATE
2015-01-30,77.19,78.76,77.1,78.09,4201648.0,STOCK_B_MODERATE
2015-02-02,76.3,76.98,75.3,75.69,1702496.0,STOCK_B_MODERATE
2015-02-03,77.13,77.16,75.51,76.29,4608368.0,STOCK_B_MODERATE
2015-02-04,72.81,73.36,72.29,73.16,3059317.0,STOCK_B_MODERATE
2015-02-05,73.33,73.94,72.88,73.59,2458060.0,STOCK_B_MODERATE
2015-02-06,75.35,75.81,74.36,75.08,4006838.0,STOCK_B_MODERATE
2015-02-09,74.86,75.29,74.5,75.23,4552024.0,STOCK_B_MODERATE
2015-02-10,74.98,75.62,74.68,75.29,3118875.0,STOCK_B_MODERATE
2015-02-11,72.57,73.33,71.61,72.25,1720561.0,STOCK_B_MODERATE
2015-02-12,73.08,73.94,72.3,73.1,737440.0,STOCK_B_MODERATE
2015-02-13,74.02,74.79,73.43,73.72,1520184.0,STOCK_B_MODERATE
2015-02-16,72.67,72.67,71.02,72.04,1566431.0,STOCK_B_MODERATE
2015-02-17,74.43,75.54,72.79,74.84,2116054.0,STOCK_B_MODERATE
2015-02-18,73.14,74.61,72.58,73.05,294432.0,STOCK_B_MODERATE
2015-02-19,70.13,70.77,69.9,70.64,4558607.0,STOCK_B_MODERATE
2015-02-20,68.53,68.59,67.62,68.12,824492.0,STOCK_B_MODERATE
2015-02-23,68.14,69.11,67.78,68.2,2628578.0,STOCK_B_MODERATE
2015-02-24,68.78,68.99,68.18,68.7,4341277.0,STOCK_B_MODERATE
2015-02-25,69.93,70.39,69.0,69.35,2835373.0,STOCK_B_MODERATE
2015-02-26,68.3,69.66,68.21,68.92,3535175.0,STOCK_B_MODERATE
2015-02-27,67.98,68.28,67.29,67.84,2246675.0,STOCK_B_MODERATE
2015-03-02,68.56,69.99,68.38,69.03,2605439.0,STOCK_B_MODERATE
2015-03-03,68.03,68.41,67.68,67.83,4769310.0,STOCK_B_MODERATE
2015-03-04,65.48,66.98,65.44,66.23,309320.0,STOCK_B_MODERATE
2015-03-05,67.93,68.98,67.24,68.12,2765189.0,STOCK_B_MODERATE
2015-03-06,68.22,68.42,67.64,68.41,3727388.0,STOCK_B_MODERATE
2015-03-09,69.59,69.92,68.51,69.09,1791201.0,STOCK_B_MODERATE
2015-03-10,70.16,71.82,69.95,70.0,4700964.0,STOCK_B_MODERATE
2015-03-11,68.73,69.26,68.54,69.24,2983071.0,STOCK_B_MODERATE
2015-03-12,68.25,68.99,67.38,68.54,853470.0,STOCK_B_MODERATE
2015-03-13,69.91,70.4,68.46,69.46,984855.0,STOCK_B_MODERATE
2015-03-16,68.51,68.94,67.81,68.65,4409264.0,STOCK_B_MODERATE
2015-03-17,69.23,69.75,68.69,69.15,2402748.0,STOCK_B_MODERATE
2015-03-18,68.86,69.18,67.99,69.07,4966768.0,STOCK_B_MODERATE
2015-03-19,67.81,68.87,67.04,67.46,1214039.0,STOCK_B_MODERATE
2015-03-20,69.24,69.42,68.02,68.8,1068572.0,STOCK_B_MODERATE
2015-03-23,67.96,68.29,67.01,67.07,3258505.0,STOCK_B_MODERATE
2015-03-24,67.15,67.74,66.45,67.42,1532231.0,STOCK_B_MODERATE
2015-03-25,67.28,67.62,65.69,67.55,2119758.0,STOCK_B_MODERATE
2015-03-26,69.37,69.54,68.71,69.31,2040720.0,STOCK_B_MODERATE
2015-03-27,67.63,68.19,67.19,67.8,2818462.0,STOCK_B_MODERATE
2015-03-30,66.46,68.07,66.23,67.1,998385.0,STOCK_B_MODERATE
2015-03-31,67.37,67.91,66.98,67.01,2841120.0,STOCK_B_MODERATE
2015-04-01,67.73,67.89,67.09,67.29,2198233.0,STOCK_B_MODERATE
2015-04-02,67.89,68.63,67.72,68.5,3889934.0,STOCK_B_MODERATE
2015-04-03,68.76,69.94,67.5,68.96,2633582.0,STOCK_B_MODERATE
2015-04-06,69.52,70.32,68.91,69.04,6646029.0,STOCK_B_MODERATE
2015-04-07,69.57,71.22,68.38,70.5,4074160.0,STOCK_B_MODERATE
2015-04-08,73.56,74.9,73.49,73.5,4332995.0,STOCK_B_MODERATE
2015-04-09,71.63,72.06,71.54,71.55,4002403.0,STOCK_B_MODERATE
2015-04-10,71.32,72.09,70.41,71.59,1026195.0,STOCK_B_MODERATE
2015-04-13,72.86,73.37,71.87,72.72,3839134.0,STOCK_B_MODERATE
2015-04-14,73.08,73.37,72.43,72.88,1617981.0,STOCK_B_MODERATE
2015-04-15,74.36,75.4,74.04,75.02,1108243.0,STOCK_B_MODERATE
2015-04-16,75.02,75.07,74.23,74.56,3597710.0,STOCK_B_MODERATE
2015-04-17,73.0,73.13,72.17,73.1,2021468.0,STOCK_B_MODERATE
2015-04-20,75.08,75.21,73.93,74.41,980191.0,STOCK_B_MODERATE
2015-04-21,69.73,70.47,69.57,70.33,3519630.0,STOCK_B_MODERATE
2015-04-22,69.49,70.3,69.1,69.7,3093652.0,STOCK_B_MODERATE
2015-04-23,72.7,73.27,72.55,73.04,3265750.0,STOCK_B_MODERATE
2015-04-24,72.86,74.4,72.81,73.13,2997459.0,STOCK_B_MODERATE
2015-04-27,74.66,74.84,73.19,73.69,4001120.0,STOCK_B_MODERATE
2015-04-28,72.14,72.93,71.09,72.33,2096489.0,STOCK_B_MODERATE
2015-04-29,72.33,73.01,71.35,72.34,4940249.0,STOCK_B_MODERATE
2015-04-30,72.12,72.45,71.68,72.18,3860659.0,STOCK_B_MODERATE
2015-05-01,74.67,75.86,74.38,74.91,1663009.0,STOCK_B_MODERATE
2015-05-04,73.15,73.64,72.95,73.44,1368270.0,STOCK_B_MODERATE
2015-05-05,69.71,70.12,68.89,69.43,2603210.0,STOCK_B_MODERATE
2015-05-06,69.71,70.52,69.22,70.03,2204342.0,STOCK_B_MODERATE
2015-05-07,72.41,72.68,71.63,72.25,3380060.0,STOCK_B_MODERATE
2015-05-08,71.56,71.73,70.79,71.29,248777.0,STOCK_B_MODERATE
2015-05-11,68.63,68.96,68.03,68.74,4227369.0,STOCK_B_MODERATE
2015-05-12,67.42,67.58,66.91,67.3,378936.0,STOCK_B_MODERATE
2015-05-13,67.6,68.64,67.42,67.93,391816.0,STOCK_B_MODERATE
2015-05-14,67.14,67.7,67.05,67.2,206316.0,STOCK_B_MODERATE
2015-05-15,66.63,67.69,66.21,67.3,2139854.0,STOCK_B_MODERATE
2015-05-18,63.82,64.62,63.71,64.17,2730284.0,STOCK_B_MODERATE
2015-05-19,63.63,63.97,63.24,63.54,3904435.0,STOCK_B_MODERATE
2015-05-20,65.12,65.38,64.52,64.58,3507568.0,STOCK_B_MODERATE
2015-05-21,64.47,64.96,63.47,64.28,921972.0,STOCK_B_MODERATE
2015-05-22,63.16,63.41,62.72,63.0,1605687.0,STOCK_B_MODERATE
2015-05-25,64.65,64.66,63.77,64.36,476337.0,STOCK_B_MODERATE
2015-05-26,65.35,66.03,65.26,65.67,2925948.0,STOCK_B_MODERATE
2015-05-27,64.98,66.09,64.86,65.1,2704132.0,STOCK_B_MODERATE
2015-05-28,64.01,64.63,63.22,64.17,1062460.0,STOCK_B_MODERATE
2015-05-29,65.15,66.7,64.94,65.85,3212767.0,STOCK_B_MODERATE
2015-06-01,64.62,65.97,64.32,65.17,3536997.0,STOCK_B_MODERATE
2015-06-02,65.13,66.14,64.88,64.99,3999150.0,STOCK_B_MODERATE
2015-06-03,67.84,68.36,67.35,67.37,4997399.0,STOCK_B_MODERATE
2015-06-04,67.8,68.46,67.16,67.66,4878723.0,STOCK_B_MODERATE
2015-06-05,66.58,67.06,65.85,67.04,3629884.0,STOCK_B_MODERATE
2015-06-08,64.8,65.35,63.7,64.43,2931877.0,STOCK_B_MODERATE
2015-06-09,64.31,64.59,64.11,64.51,4911062.0,STOCK_B_MODERATE
2015-06-10,63.91,64.55,63.9,64.44,2957111.0,STOCK_B_MODERATE
2015-06-11,63.91,64.46,63.51,63.67,4657739.0,STOCK_B_MODERATE
2015-06-12,65.16,65.41,64.54,64.89,3280085.0,STOCK_B_MODERATE
2015-06-15,63.94,64.3,62.68,63.25,901945.0,STOCK_B_MODERATE
2015-06-16,61.14,61.45,60.77,61.29,109922.0,STOCK_B_MODERATE
2015-06-17,60.83,61.13,59.89,60.36,3535580.0,STOCK_B_MODERATE
2015-06-18,60.26,60.35,60.2,60.33,4241298.0,STOCK_B_MODERATE
2015-06-19,58.71,59.18,58.25,58.52,3396146.0,STOCK_B_MODERATE
2015-06-22,57.7,57.9,55.97,57.14,4301538.0,STOCK_B_MODERATE
2015-06-23,56.31,57.23,55.7,56.17,1585935.0,STOCK_B_MODERATE
2015-06-24,56.4,56.6,56.1,56.1,2076741.0,STOCK_B_MODERATE
2015-06-25,55.7,55.81,55.05,55.27,3480411.0,STOCK_B_MODERATE
2015-06-26,56.72,57.43,55.68,56.31,4086572.0,STOCK_B_MODERATE
2015-06-29,53.58,54.02,52.99,53.76,4778743.0,STOCK_B_MODERATE
2015-06-30,54.66,54.7,53.9,54.14,100435.0,STOCK_B_MODERATE
2015-07-01,53.39,53.44,53.23,53.43,2927906.0,STOCK_B_MODERATE
2015-07-02,53.66,54.75,53.4,53.86,1912281.0,STOCK_B_MODERATE
2015-07-03,55.94,56.24,55.66,55.92,4473092.0,STOCK_B_MODERATE
2015-07-06,56.4,57.06,55.54,55.78,189159.0,STOCK_B_MODERATE
2015-07-07,55.72,56.48,55.38,55.92,2011103.0,STOCK_B_MODERATE
2015-07-08,57.09,57.47,55.5,56.79,1017738.0,STOCK_B_MODERATE
2015-07-09,55.12,55.81,54.53,55.21,3009066.0,STOCK_B_MODERATE
2015-07-10,56.64,57.85,55.66,55.87,4798679.0,STOCK_B_MODERATE
2015-07-13,56.23,58.04,55.62,56.71,4051062.0,STOCK_B_MODERATE
2015-07-14,56.03,57.47,55.9,56.48,1386596.0,STOCK_B_MODERATE
2015-07-15,56.65,57.38,56.29,57.15,2270916.0,STOCK_B_MODERATE
2015-07-16,57.16,58.11,56.75,57.23,551792.0,STOCK_B_MODERATE
2015-07-17,56.41,56.77,56.24,56.28,3078712.0,STOCK_B_MODERATE
2015-07-20,54.28,54.75,53.37,54.74,1934711.0,STOCK_B_MODERATE
2015-07-21,55.05,56.23,54.84,55.74,394457.0,STOCK_B_MODERATE
2015-07-22,57.48,57.99,57.24,57.66,4650906.0,STOCK_B_MODERATE
2015-07-23,57.08,57.28,56.56,56.68,1084463.0,STOCK_B_MODERATE
2015-07-24,56.37,57.33,55.91,57.03,3689300.0,STOCK_B_MODERATE
2015-07-27,55.27,55.84,55.2,55.58,3506358.0,STOCK_B_MODERATE
2015-07-28,55.32,55.45,54.07,54.99,3807620.0,STOCK_B_MODERATE
2015-07-29,54.31,54.57,53.48,54.38,940099.0,STOCK_B_MODERATE
2015-07-30,53.1,53.36,52.95,53.08,994936.0,STOCK_B_MODERATE
2015-07-31,52.5,53.09,52.26,52.94,4992887.0,STOCK_B_MODERATE
2015-08-03,54.03,54.47,53.73,53.94,2361867.0,STOCK_B_MODERATE
2015-08-04,54.58,55.14,54.11,54.48,2893547.0,STOCK_B_MODERATE
2015-08-05,54.13,54.59,53.75,53.86,1801017.0,STOCK_B_MODERATE
2015-08-06,55.61,55.77,54.61,55.33,2201477.0,STOCK_B_MODERATE
2015-08-07,55.48,55.6,55.34,55.52,2554499.0,STOCK_B_MODERATE
2015-08-10,57.69,58.29,57.4,57.46,3314733.0,STOCK_B_MODERATE
2015-08-11,55.48,56.18,54.83,55.91,603584.0,STOCK_B_MODERATE
2015-08-12,59.06,59.8,58.73,59.23,3467989.0,STOCK_B_MODERATE
2015-08-13,59.21,59.8,58.19,58.96,3761864.0,STOCK_B_MODERATE
2015-08-14,56.87,57.84,55.86,57.51,420569.0,STOCK_B_MODERATE
2015-08-17,55.81,56.25,55.47,56.23,1702458.0,STOCK_B_MODERATE
2015-08-18,56.99,57.24,56.52,57.23,4405866.0,STOCK_B_MODERATE
2015-08-19,58.4,58.79,57.78,58.22,3656223.0,STOCK_B_MODERATE
2015-08-20,59.26,59.54,58.8,59.11,498007.0,STOCK_B_MODERATE
2015-08-21,59.39,59.88,59.12,59.78,3935545.0,STOCK_B_MODERATE
2015-08-24,58.43,59.97,57.95,58.38,2374139.0,STOCK_B_MODERATE
2015-08-25,58.6,58.79,57.65,58.16,2842621.0,STOCK_B_MODERATE
2015-08-26,55.84,56.33,54.94,55.42,557774.0,STOCK_B_MODERATE
2015-08-27,53.82,54.57,53.43,54.41,598183.0,STOCK_B_MODERATE
2015-08-28,54.94,55.2,54.1,55.09,3648283.0,STOCK_B_MODERATE
2015-08-31,53.29,53.75,52.77,52.98,2714380.0,STOCK_B_MODERATE
2015-09-01,55.84,56.07,55.33,55.46,4401377.0,STOCK_B_MODERATE
2015-09-02,56.69,57.4,56.45,56.82,2511395.0,STOCK_B_MODERATE
2015-09-03,55.38,55.89,54.84,55.48,3714958.0,STOCK_B_MODERATE
2015-09-04,56.53,57.0,56.11,56.25,1190556.0,STOCK_B_MODERATE
2015-09-07,57.39,57.65,56.62,56.84,831450.0,STOCK_B_MODERATE
2015-09-08,56.49,57.37,56.38,56.65,2465446.0,STOCK_B_MODERATE
2015-09-09,56.78,57.62,56.02,57.29,575713.0,STOCK_B_MODERATE
2015-09-10,56.82,57.13,56.81,56.95,3697877.0,STOCK_B_MODERATE
2015-09-11,57.16,57.78,56.41,56.9,156943.0,STOCK_B_MODERATE
2015-09-14,56.67,57.98,56.43,57.5,3500716.0,STOCK_B_MODERATE
2015-09-15,57.68,58.65,56.61,58.03,380784.0,STOCK_B_MODERATE
2015-09-16,58.54,59.87,58.04,58.4,4238351.0,STOCK_B_MODERATE
2015-09-17,58.51,59.27,58.23,58.8,2392716.0,STOCK_B_MODERATE
2015-09-18,59.83,60.42,59.54,59.94,699116.0,STOCK_B_MODERATE
2015-09-21,60.97,61.03,59.94,60.89,1063133.0,STOCK_B_MODERATE
2015-09-22,59.45,59.9,59.21,59.46,1166784.0,STOCK_B_MODERATE
2015-09-23,58.46,58.76,58.25,58.57,1936167.0,STOCK_B_MODERATE
2015-09-24,60.06,60.54,59.64,60.3,3453508.0,STOCK_B_MODERATE
2015-09-25,62.61,62.92,61.59,62.21,5971202.0,STOCK_B_MODERATE
2015-09-28,63.4,63.42,62.23,62.93,3175512.0,STOCK_B_MODERATE
2015-09-29,63.07,63.74,62.46,62.61,3687412.0,STOCK_B_MODERATE
2015-09-30,64.1,64.52,63.38,63.67,2789674.0,STOCK_B_MODERATE
2015-10-01,64.99,65.33,64.45,64.57,2982327.0,STOCK_B_MODERATE
2015-10-02,62.32,63.23,62.08,62.61,484639.0,STOCK_B_MODERATE
2015-10-05,62.72,63.43,61.83,62.73,2588971.0,STOCK_B_MODERATE
2015-10-06,61.73,62.36,60.7,61.01,2373339.0,STOCK_B_MODERATE
2015-10-07,60.0,60.8,59.55,60.48,653031.0,STOCK_B_MODERATE
2015-10-08,60.22,60.6,59.98,60.56,4132943.0,STOCK_B_MODERATE
2015-10-09,62.62,63.45,62.53,62.68,3276493.0,STOCK_B_MODERATE
2015-10-12,59.85,60.54,59.74,60.06,2581577.0,STOCK_B_MODERATE
2015-10-13,60.1,60.19,59.12,59.67,4055846.0,STOCK_B_MODERATE
2015-10-14,60.36,60.68,59.83,60.52,317599.0,STOCK_B_MODERATE
2015-10-15,61.13,61.73,60.63,61.36,4569711.0,STOCK_B_MODERATE
2015-10-16,62.08,62.83,61.27,62.44,832056.0,STOCK_B_MODERATE
2015-10-19,61.15,62.48,61.02,61.24,540532.0,STOCK_B_MODERATE
2015-10-20,60.96,61.45,60.45,61.12,242982.0,STOCK_B_MODERATE
2015-10-21,60.5,61.03,60.08,60.59,484184.0,STOCK_B_MODERATE
2015-10-22,62.15,62.64,62.15,62.21,173974.0,STOCK_B_MODERATE
2015-10-23,62.05,62.63,61.5,62.08,1233998.0,STOCK_B_MODERATE
2015-10-26,62.31,62.64,61.8,62.14,3126078.0,STOCK_B_MODERATE
2015-10-27,62.26,62.98,61.29,62.42,4187611.0,STOCK_B_MODERATE
2015-10-28,61.35,61.94,60.76,60.82,562435.0,STOCK_B_MODERATE
2015-10-29,61.19,61.67,61.13,61.48,4262734.0,STOCK_B_MODERATE
2015-10-30,60.52,61.52,59.69,60.16,3251020.0,STOCK_B_MODERATE
2015-11-02,60.59,60.64,60.24,60.42,12269685.0,STOCK_B_MODERATE
2015-11-03,59.59,59.87,59.44,59.58,4261248.0,STOCK_B_MODERATE
2015-11-04,60.89,61.3,60.25,61.04,440982.0,STOCK_B_MODERATE
2015-11-05,61.0,61.91,60.93,61.12,713183.0,STOCK_B_MODERATE
2015-11-06,63.56,64.59,63.46,63.52,1561238.0,STOCK_B_MODERATE
2015-11-09,61.35,62.5,59.66,60.72,4568677.0,STOCK_B_MODERATE
2015-11-10,62.91,63.27,62.26,62.42,4416247.0,STOCK_B_MODERATE
2015-11-11,63.12,63.69,63.0,63.54,4059782.0,STOCK_B_MODERATE
2015-11-12,64.27,64.32,63.43,63.95,266096.0,STOCK_B_MODERATE
2015-11-13,66.63,67.38,66.29,66.81,4396378.0,STOCK_B_MODERATE
2015-11-16,64.95,65.58,64.54,64.94,3440648.0,STOCK_B_MODERATE
2015-11-17,65.71,66.32,64.85,65.25,3110385.0,STOCK_B_MODERATE
2015-11-18,66.79,67.19,66.21,66.92,4530615.0,STOCK_B_MODERATE
2015-11-19,67.95,68.29,66.97,67.77,2914306.0,STOCK_B_MODERATE
2015-11-20,67.62,68.42,66.53,67.3,4625644.0,STOCK_B_MODERATE
2015-11-23,68.06,68.25,67.89,68.21,266870.0,STOCK_B_MODERATE
2015-11-24,67.28,67.85,65.99,67.69,1879583.0,STOCK_B_MODERATE
2015-11-25,67.37,67.71,67.07,67.27,4468517.0,STOCK_B_MODERATE
2015-11-26,66.38,67.11,66.18,66.42,2079625.0,STOCK_B_MODERATE
2015-11-27,67.44,68.46,67.22,67.86,1860381.0,STOCK_B_MODERATE
2015-11-30,68.94,69.11,68.04,68.32,4582847.0,STOCK_B_MODERATE
2015-12-01,72.68,74.06,71.55,71.8,2657050.0,STOCK_B_MODERATE
2015-12-02,73.47,73.66,72.95,73.06,4051321.0,STOCK_B_MODERATE
2015-12-03,70.42,72.01,70.39,70.94,536935.0,STOCK_B_MODERATE
2015-12-04,72.7,73.33,71.98,72.12,1264319.0,STOCK_B_MODERATE
2015-12-07,70.54,71.01,69.98,70.59,3856500.0,STOCK_B_MODERATE
2015-12-08,69.95,70.45,69.81,70.24,270702.0,STOCK_B_MODERATE
2015-12-09,70.05,70.94,69.69,70.48,3060952.0,STOCK_B_MODERATE
2015-12-10,69.22,69.38,68.65,68.99,3360361.0,STOCK_B_MODERATE
2015-12-11,68.81,69.11,67.98,68.33,3009074.0,STOCK_B_MODERATE
2015-12-14,67.36,68.79,67.22,67.45,4228165.0,STOCK_B_MODERATE
2015-12-15,68.38,68.57,67.51,67.68,3289888.0,STOCK_B_MODERATE
2015-12-16,67.04,68.55,66.51,67.62,4938993.0,STOCK_B_MODERATE
2015-12-17,66.98,67.62,66.57,67.52,2923560.0,STOCK_B_MODERATE
2015-12-18,69.85,69.96,69.4,69.87,4891101.0,STOCK_B_MODERATE
2015-12-21,71.25,71.27,70.49,70.67,2443402.0,STOCK_B_MODERATE
2015-12-22,71.25,71.51,71.25,71.32,756148.0,STOCK_B_MODERATE
2015-12-23,72.72,73.32,72.6,72.93,3165169.0,STOCK_B_MODERATE
2015-12-24,75.89,76.17,75.13,75.69,1004989.0,STOCK_B_MODERATE
2015-12-25,78.12,78.65,77.51,77.85,2557228.0,STOCK_B_MODERATE
2015-12-28,75.87,76.98,75.03,76.26,3054023.0,STOCK_B_MODERATE
2015-12-29,76.68,77.26,76.62,77.11,3255185.0,STOCK_B_MODERATE
2015-12-30,78.19,78.87,77.91,78.35,4306601.0,STOCK_B_MODERATE
2015-12-31,80.27,80.72,79.15,79.91,298740.0,STOCK_B_MODERATE
2016-01-01,79.34,79.76,78.93,79.73,2039715.0,STOCK_B_MODERATE
2016-01-04,80.2,81.21,79.84,79.89,4986104.0,STOCK_B_MODERATE
2016-01-05,78.73,80.05,78.21,78.52,3134175.0,STOCK_B_MODERATE
2016-01-06,78.53,79.13,77.71,77.99,3202195.0,STOCK_B_MODERATE
2016-01-07,76.13,76.4,75.87,76.22,3070652.0,STOCK_B_MODERATE
2016-01-08,78.5,78.98,78.16,78.21,2316992.0,STOCK_B_MODERATE
2016-01-11,77.27,77.61,77.01,77.44,3841382.0,STOCK_B_MODERATE
2016-01-12,75.63,76.95,75.57,76.04,2481737.0,STOCK_B_MODERATE
2016-01-13,76.46,76.93,76.31,76.54,4240957.0,STOCK_B_MODERATE
2016-01-14,77.67,78.07,76.04,76.75,2737751.0,STOCK_B_MODERATE
2016-01-15,75.11,76.69,74.44,75.74,1080813.0,STOCK_B_MODERATE
2016-01-18,76.26,76.72,75.88,76.36,3703200.0,STOCK_B_MODERATE
2016-01-19,75.47,75.59,74.81,75.44,1030084.0,STOCK_B_MODERATE
2016-01-20,76.38,76.59,76.23,76.26,2580885.0,STOCK_B_MODERATE
2016-01-21,76.82,77.05,75.67,76.26,1370539.0,STOCK_B_MODERATE
2016-01-22,76.73,76.85,76.23,76.64,4499282.0,STOCK_B_MODERATE
2016-01-25,76.14,76.54,75.7,76.1,2289456.0,STOCK_B_MODERATE
2016-01-26,75.34,75.93,75.11,75.13,2878888.0,STOCK_B_MODERATE
2016-01-27,75.62,75.88,75.35,75.56,1994167.0,STOCK_B_MODERATE
2016-01-28,73.6,73.79,72.14,73.23,4300329.0,STOCK_B_MODERATE
2016-01-29,75.57,76.06,75.1,75.3,4290777.0,STOCK_B_MODERATE
2016-02-01,74.66,75.22,74.0,74.66,2743904.0,STOCK_B_MODERATE
2016-02-02,78.34,78.84,77.74,77.81,479955.0,STOCK_B_MODERATE
2016-02-03,79.92,80.04,78.7,78.9,1760251.0,STOCK_B_MODERATE
2016-02-04,78.61,79.07,78.07,78.8,1060399.0,STOCK_B_MODERATE
2016-02-05,77.76,79.05,77.5,77.9,488310.0,STOCK_B_MODERATE
2016-02-08,78.58,79.06,78.33,78.75,4200334.0,STOCK_B_MODERATE
2016-02-09,78.79,79.94,77.34,79.53,1173903.0,STOCK_B_MODERATE
2016-02-10,80.51,81.39,79.85,80.26,1987511.0,STOCK_B_MODERATE
2016-02-11,81.27,81.94,80.1,81.66,3521222.0,STOCK_B_MODERATE
2016-02-12,81.74,82.66,81.47,81.9,2759059.0,STOCK_B_MODERATE
2016-02-15,83.07,83.99,82.56,83.83,1817081.0,STOCK_B_MODERATE
2016-02-16,81.78,82.92,81.33,82.59,1872902.0,STOCK_B_MODERATE
2016-02-17,81.49,83.48,81.21,82.31,3473597.0,STOCK_B_MODERATE
2016-02-18,83.34,83.4,82.25,83.37,12972327.0,STOCK_B_MODERATE
2016-02-19,83.25,83.37,80.48,82.12,681465.0,STOCK_B_MODERATE
2016-02-22,82.37,84.38,81.26,82.24,2807356.0,STOCK_B_MODERATE
2016-02-23,84.75,85.16,84.56,84.82,1766272.0,STOCK_B_MODERATE
2016-02-24,84.79,86.01,84.31,85.05,2042856.0,STOCK_B_MODERATE
2016-02-25,84.28,84.55,84.24,84.3,4439945.0,STOCK_B_MODERATE
2016-02-26,86.08,86.54,83.63,86.26,1719498.0,STOCK_B_MODERATE
2016-02-29,84.93,84.98,84.16,84.35,3602660.0,STOCK_B_MODERATE
2016-03-01,84.21,84.38,83.77,83.84,2229003.0,STOCK_B_MODERATE
2016-03-02,86.05,86.68,85.4,85.68,1595821.0,STOCK_B_MODERATE
2016-03-03,84.87,85.16,84.39,84.41,335445.0,STOCK_B_MODERATE
2016-03-04,84.01,85.34,83.72,84.89,427486.0,STOCK_B_MODERATE
2016-03-07,84.6,85.02,84.0,84.83,3590351.0,STOCK_B_MODERATE
2016-03-08,88.06,88.68,86.62,87.54,218404.0,STOCK_B_MODERATE
2016-03-09,84.92,85.42,84.56,85.1,4266430.0,STOCK_B_MODERATE
2016-03-10,83.7,84.67,82.59,84.23,4834018.0,STOCK_B_MODERATE
2016-03-11,83.59,83.95,83.14,83.73,3812064.0,STOCK_B_MODERATE
2016-03-14,84.19,85.34,83.85,84.41,3144080.0,STOCK_B_MODERATE
2016-03-15,85.85,86.32,84.71,85.39,987566.0,STOCK_B_MODERATE
2016-03-16,86.43,87.64,84.48,86.17,705016.0,STOCK_B_MODERATE
2016-03-17,88.7,88.86,88.36,88.66,908598.0,STOCK_B_MODERATE
2016-03-18,89.67,91.92,89.58,89.91,3860973.0,STOCK_B_MODERATE
2016-03-21,88.15,88.56,86.62,87.66,3577962.0,STOCK_B_MODERATE
2016-03-22,85.17,86.22,85.04,85.18,2001683.0,STOCK_B_MODERATE
2016-03-23,84.21,84.84,83.91,84.31,120073.0,STOCK_B_MODERATE
2016-03-24,83.48,83.61,83.21,83.48,2118788.0,STOCK_B_MODERATE
2016-03-25,82.47,83.23,81.55,82.8,2568787.0,STOCK_B_MODERATE
2016-03-28,84.99,86.14,83.84,84.58,2031107.0,STOCK_B_MODERATE
2016-03-29,84.0,84.54,82.22,83.57,4232598.0,STOCK_B_MODERATE
2016-03-30,84.95,86.19,84.7,85.47,1647594.0,STOCK_B_MODERATE
2016-03-31,88.01,88.83,86.87,87.49,3040010.0,STOCK_B_MODERATE
2016-04-01,87.85,88.1,87.07,87.59,2654686.0,STOCK_B_MODERATE
2016-04-04,86.86,88.05,86.32,86.73,2916565.0,STOCK_B_MODERATE
2016-04-05,89.15,90.3,88.95,89.02,229267.0,STOCK_B_MODERATE
2016-04-06,87.3,88.54,87.07,87.57,2201856.0,STOCK_B_MODERATE
2016-04-07,88.49,89.47,87.13,88.46,2379530.0,STOCK_B_MODERATE
2016-04-08,88.34,89.16,85.96,88.99,1085491.0,STOCK_B_MODERATE
2016-04-11,91.45,91.85,91.07,91.36,4075228.0,STOCK_B_MODERATE
2016-04-12,92.12,92.74,90.95,92.07,2448520.0,STOCK_B_MODERATE
2016-04-13,91.7,92.86,91.06,92.16,2090745.0,STOCK_B_MODERATE
2016-04-14,94.13,95.1,93.34,94.16,1264456.0,STOCK_B_MODERATE
2016-04-15,92.89,94.98,92.75,93.5,794290.0,STOCK_B_MODERATE
2016-04-18,94.73,95.72,94.47,94.61,939487.0,STOCK_B_MODERATE
2016-04-19,95.05,95.56,94.83,94.92,1077362.0,STOCK_B_MODERATE
2016-04-20,95.83,96.97,94.34,95.04,152846.0,STOCK_B_MODERATE
2016-04-21,92.76,93.73,91.8,92.28,3508066.0,STOCK_B_MODERATE
2016-04-22,92.31,92.96,91.42,92.33,2811006.0,STOCK_B_MODERATE
2016-04-25,89.74,91.58,89.68,90.52,401134.0,STOCK_B_MODERATE
2016-04-26,92.62,92.98,90.83,91.53,1927823.0,STOCK_B_MODERATE
2016-04-27,96.62,97.16,94.61,95.92,1093653.0,STOCK_B_MODERATE
2016-04-28,95.4,96.16,94.99,95.55,1779286.0,STOCK_B_MODERATE
2016-04-29,97.23,98.23,95.79,97.36,1731158.0,STOCK_B_MODERATE
2016-05-02,98.76,99.92,98.67,99.38,1118658.0,STOCK_B_MODERATE
2016-05-03,96.68,97.34,95.21,97.15,2015026.0,STOCK_B_MODERATE
2016-05-04,97.94,98.73,97.25,98.58,4633829.0,STOCK_B_MODERATE
2016-05-05,97.44,98.26,96.84,98.02,4655974.0,STOCK_B_MODERATE
2016-05-06,96.11,97.53,95.8,97.22,1523878.0,STOCK_B_MODERATE
2016-05-09,99.31,99.89,98.29,98.87,6426696.0,STOCK_B_MODERATE
2016-05-10,98.31,98.87,97.21,97.83,3846730.0,STOCK_B_MODERATE
2016-05-11,97.76,98.07,96.23,96.89,1793224.0,STOCK_B_MODERATE
2016-05-12,98.36,99.38,97.84,98.42,917395.0,STOCK_B_MODERATE
2016-05-13,100.28,101.69,99.91,101.02,3497238.0,STOCK_B_MODERATE
2016-05-16,101.83,102.96,100.81,101.21,3605763.0,STOCK_B_MODERATE
2016-05-17,103.44,104.35,99.83,102.63,3741009.0,STOCK_B_MODERATE
2016-05-18,98.96,99.85,98.39,99.78,147259.0,STOCK_B_MODERATE
2016-05-19,98.65,100.04,98.09,99.63,533280.0,STOCK_B_MODERATE
2016-05-20,99.71,102.08,99.47,100.58,1562005.0,STOCK_B_MODERATE
2016-05-23,98.77,100.47,98.57,98.95,2802570.0,STOCK_B_MODERATE
2016-05-24,99.47,101.29,98.77,100.28,2225594.0,STOCK_B_MODERATE
2016-05-25,101.71,102.56,100.9,100.91,4546079.0,STOCK_B_MODERATE
2016-05-26,101.19,102.76,100.48,101.55,532655.0,STOCK_B_MODERATE
2016-05-27,103.57,104.84,102.63,104.01,220697.0,STOCK_B_MODERATE
2016-05-30,107.55,108.22,105.92,106.71,4826844.0,STOCK_B_MODERATE
2016-05-31,103.62,104.3,102.65,104.18,2921671.0,STOCK_B_MODERATE
2016-06-01,103.3,104.29,101.57,102.88,1179470.0,STOCK_B_MODERATE
2016-06-02,103.69,104.08,103.56,104.05,4375403.0,STOCK_B_MODERATE
2016-06-03,103.29,103.97,101.97,103.48,4625600.0,STOCK_B_MODERATE
2016-06-06,106.33,109.29,105.18,107.66,1069908.0,STOCK_B_MODERATE
2016-06-07,109.66,110.72,109.61,110.11,3095405.0,STOCK_B_MODERATE
2016-06-08,108.82,110.7,107.1,108.37,2450750.0,STOCK_B_MODERATE
2016-06-09,107.17,107.44,105.38,106.79,3108789.0,STOCK_B_MODERATE
2016-06-10,104.17,105.75,103.65,104.15,122824.0,STOCK_B_MODERATE
2016-06-13,105.44,105.67,104.89,104.99,874260.0,STOCK_B_MODERATE
2016-06-14,104.57,104.97,101.63,103.78,847303.0,STOCK_B_MODERATE
2016-06-15,102.11,103.47,101.7,102.44,4133559.0,STOCK_B_MODERATE
2016-06-16,100.89,101.67,98.49,99.91,8059063.0,STOCK_B_MODERATE
2016-06-17,101.32,101.85,100.46,101.75,4459127.0,STOCK_B_MODERATE
2016-06-20,99.21,100.59,98.56,100.29,933713.0,STOCK_B_MODERATE
2016-06-21,98.24,99.52,97.83,98.53,573768.0,STOCK_B_MODERATE
2016-06-22,94.66,95.62,94.04,94.88,4818200.0,STOCK_B_MODERATE
2016-06-23,95.65,96.66,94.93,95.7,2608464.0,STOCK_B_MODERATE
2016-06-24,96.43,97.01,96.09,96.2,551583.0,STOCK_B_MODERATE
2016-06-27,97.8,97.82,97.04,97.66,3079342.0,STOCK_B_MODERATE
2016-06-28,99.42,101.8,99.32,100.53,3384443.0,STOCK_B_MODERATE
2016-06-29,100.97,101.66,100.52,101.0,4549331.0,STOCK_B_MODERATE
2016-06-30,99.52,101.04,98.87,100.37,2023173.0,STOCK_B_MODERATE
2016-07-01,97.45,97.9,96.42,97.21,835784.0,STOCK_B_MODERATE
2016-07-04,97.65,98.22,97.36,97.48,1750343.0,STOCK_B_MODERATE
2016-07-05,98.99,99.54,96.06,98.22,1554234.0,STOCK_B_MODERATE
2016-07-06,97.99,99.81,96.82,98.79,2444560.0,STOCK_B_MODERATE
2016-07-07,96.08,97.18,94.31,95.0,3197981.0,STOCK_B_MODERATE
2016-07-08,97.75,99.59,97.4,97.4,4295851.0,STOCK_B_MODERATE
2016-07-11,97.89,99.57,97.87,98.67,483119.0,STOCK_B_MODERATE
2016-07-12,97.97,98.45,97.36,97.96,3092176.0,STOCK_B_MODERATE
2016-07-13,97.86,99.33,96.2,97.46,2041774.0,STOCK_B_MODERATE
2016-07-14,94.47,95.15,93.42,93.78,2806593.0,STOCK_B_MODERATE
2016-07-15,94.83,95.13,93.71,94.44,1791000.0,STOCK_B_MODERATE
2016-07-18,93.78,94.38,92.75,93.85,2076756.0,STOCK_B_MODERATE
2016-07-19,92.9,93.77,91.74,91.78,3319469.0,STOCK_B_MODERATE
2016-07-20,95.43,95.73,94.9,95.46,134541.0,STOCK_B_MODERATE
2016-07-21,97.46,99.76,96.58,98.47,2109875.0,STOCK_B_MODERATE
2016-07-22,99.61,100.17,99.12,99.95,3123629.0,STOCK_B_MODERATE
2016-07-25,100.6,101.14,98.61,99.97,2063332.0,STOCK_B_MODERATE
2016-07-26,97.68,97.84,96.02,97.55,4898579.0,STOCK_B_MODERATE
2016-07-27,97.48,97.63,96.57,97.57,174483.0,STOCK_B_MODERATE
2016-07-28,98.14,99.63,98.02,98.55,2285171.0,STOCK_B_MODERATE
2016-07-29,98.52,99.39,98.02,98.39,4793411.0,STOCK_B_MODERATE
2016-08-01,98.24,98.72,97.13,98.38,4814542.0,STOCK_B_MODERATE
2016-08-02,98.1,100.74,97.47,98.81,889369.0,STOCK_B_MODERATE
2016-08-03,96.21,96.94,94.66,96.61,3187726.0,STOCK_B_MODERATE
2016-08-04,98.26,98.79,97.69,98.25,4640414.0,STOCK_B_MODERATE
2016-08-05,100.95,101.26,99.5,100.29,4527108.0,STOCK_B_MODERATE
2016-08-08,100.04,100.57,99.25,99.48,3782036.0,STOCK_B_MODERATE
2016-08-09,98.62,100.08,97.04,98.16,773682.0,STOCK_B_MODERATE
2016-08-10,102.65,103.19,101.17,102.39,1051817.0,STOCK_B_MODERATE
2016-08-11,104.65,105.46,104.29,104.78,1362683.0,STOCK_B_MODERATE
2016-08-12,100.54,101.68,99.25,99.99,3498203.0,STOCK_B_MODERATE
2016-08-15,99.43,100.0,99.03,99.84,383309.0,STOCK_B_MODERATE
2016-08-16,97.24,98.49,96.77,97.86,4171426.0,STOCK_B_MODERATE
2016-08-17,95.96,96.47,94.95,96.14,3862548.0,STOCK_B_MODERATE
2016-08-18,95.51,96.77,94.6,94.87,3846340.0,STOCK_B_MODERATE
2016-08-19,94.49,95.99,93.37,95.01,4039642.0,STOCK_B_MODERATE
2016-08-22,94.47,95.8,94.1,94.81,2116848.0,STOCK_B_MODERATE
2016-08-23,93.15,93.88,92.02,92.42,2925404.0,STOCK_B_MODERATE
2016-08-24,90.68,90.92,89.43,90.46,993372.0,STOCK_B_MODERATE
2016-08-25,87.15,87.3,86.08,86.79,1821817.0,STOCK_B_MODERATE
2016-08-26,86.57,87.72,85.41,86.69,3659890.0,STOCK_B_MODERATE
2016-08-29,88.18,88.82,86.05,87.2,14478312.0,STOCK_B_MODERATE
2016-08-30,88.97,89.26,88.63,88.76,2959912.0,STOCK_B_MODERATE
2016-08-31,91.14,91.91,89.8,90.55,451916.0,STOCK_B_MODERATE
2016-09-01,90.74,92.49,90.27,90.78,1037981.0,STOCK_B_MODERATE
2016-09-02,89.69,91.72,88.96,90.11,361452.0,STOCK_B_MODERATE
2016-09-05,93.86,94.1,93.24,94.02,774845.0,STOCK_B_MODERATE
2016-09-06,92.24,94.24,90.89,92.33,3967554.0,STOCK_B_MODERATE
2016-09-07,90.06,90.57,89.38,89.88,4367849.0,STOCK_B_MODERATE
2016-09-08,88.31,89.58,88.22,89.1,1179352.0,STOCK_B_MODERATE
2016-09-09,88.84,89.85,88.73,89.5,1641579.0,STOCK_B_MODERATE
2016-09-12,92.71,92.85,91.5,91.98,3143230.0,STOCK_B_MODERATE
2016-09-13,90.94,92.67,90.79,91.16,742147.0,STOCK_B_MODERATE
2016-09-14,87.9,88.71,87.59,88.26,1217025.0,STOCK_B_MODERATE
2016-09-15,88.72,90.36,88.7,89.61,4004339.0,STOCK_B_MODERATE
2016-09-16,89.59,90.78,87.98,88.85,1704515.0,STOCK_B_MODERATE
2016-09-19,87.26,87.34,86.07,87.01,3168583.0,STOCK_B_MODERATE
2016-09-20,85.4,85.68,85.36,85.47,3727892.0,STOCK_B_MODERATE
2016-09-21,85.83,86.39,85.57,85.74,1924477.0,STOCK_B_MODERATE
2016-09-22,83.94,85.49,81.66,82.76,950647.0,STOCK_B_MODERATE
2016-09-23,85.39,87.07,84.78,85.26,3141619.0,STOCK_B_MODERATE
2016-09-26,84.3,86.05,84.03,85.02,1752163.0,STOCK_B_MODERATE
2016-09-27,84.97,86.09,84.56,85.14,2368700.0,STOCK_B_MODERATE
2016-09-28,87.32,88.54,86.71,86.98,611398.0,STOCK_B_MODERATE
2016-09-29,85.95,86.34,85.09,85.72,4452991.0,STOCK_B_MODERATE
2016-09-30,84.81,86.13,83.84,85.87,4084283.0,STOCK_B_MODERATE
2016-10-03,85.96,85.97,85.06,85.77,3144980.0,STOCK_B_MODERATE
2016-10-04,86.52,87.06,86.36,86.64,1801522.0,STOCK_B_MODERATE
2016-10-05,90.62,91.19,88.92,90.93,3346106.0,STOCK_B_MODERATE
2016-10-06,88.86,89.38,88.6,88.98,3959172.0,STOCK_B_MODERATE
2016-10-07,88.85,89.99,88.75,88.9,4025121.0,STOCK_B_MODERATE
2016-10-10,92.27,92.79,91.25,92.71,2228481.0,STOCK_B_MODERATE
2016-10-11,90.69,91.79,90.36,91.09,4620117.0,STOCK_B_MODERATE
2016-10-12,94.53,95.48,93.27,94.08,4019265.0,STOCK_B_MODERATE
2016-10-13,94.22,95.35,93.47,94.29,713555.0,STOCK_B_MODERATE
2016-10-14,96.53,97.02,96.26,96.28,3825316.0,STOCK_B_MODERATE
2016-10-17,97.32,97.42,95.56,97.42,1747222.0,STOCK_B_MODERATE
2016-10-18,96.65,99.87,96.22,98.09,2789490.0,STOCK_B_MODERATE
2016-10-19,96.97,97.31,96.34,96.4,5549239.0,STOCK_B_MODERATE
2016-10-20,96.02,96.29,94.55,96.17,1841586.0,STOCK_B_MODERATE
2016-10-21,97.35,97.9,96.95,97.54,3172314.0,STOCK_B_MODERATE
2016-10-24,97.12,98.45,95.8,96.85,337688.0,STOCK_B_MODERATE
2016-10-25,94.34,95.29,93.73,94.8,745342.0,STOCK_B_MODERATE
2016-10-26,92.95,93.66,92.88,93.0,1258680.0,STOCK_B_MODERATE
2016-10-27,95.54,95.72,95.22,95.68,553870.0,STOCK_B_MODERATE
2016-10-28,99.07,99.28,98.4,98.79,3335354.0,STOCK_B_MODERATE
2016-10-31,96.6,97.7,96.44,97.43,2957684.0,STOCK_B_MODERATE
2016-11-01,97.01,97.87,96.09,97.45,2936810.0,STOCK_B_MODERATE
2016-11-02,100.57,101.29,98.96,99.92,2575343.0,STOCK_B_MODERATE
2016-11-03,102.57,102.93,100.5,100.57,1090020.0,STOCK_B_MODERATE
2016-11-04,99.8,101.42,97.59,100.76,2471807.0,STOCK_B_MODERATE
2016-11-07,100.56,103.99,100.41,102.06,1576694.0,STOCK_B_MODERATE
2016-11-08,101.06,101.61,98.45,99.86,2934467.0,STOCK_B_MODERATE
2016-11-09,98.32,99.67,97.87,98.55,1924111.0,STOCK_B_MODERATE
2016-11-10,99.92,100.5,99.79,100.12,2671635.0,STOCK_B_MODERATE
2016-11-11,100.84,101.41,99.79,100.58,4947431.0,STOCK_B_MODERATE
2016-11-14,102.14,102.86,100.9,101.57,612719.0,STOCK_B_MODERATE
2016-11-15,101.25,102.19,100.57,101.82,3204301.0,STOCK_B_MODERATE
2016-11-16,98.35,99.51,98.3,99.25,3038511.0,STOCK_B_MODERATE
2016-11-17,99.26,100.25,97.73,100.15,3054809.0,STOCK_B_MODERATE
2016-11-18,102.32,104.25,102.15,102.82,4618075.0,STOCK_B_MODERATE
2016-11-21,103.34,104.52,103.2,103.94,4177992.0,STOCK_B_MODERATE
2016-11-22,105.23,107.11,104.54,105.53,4240342.0,STOCK_B_MODERATE
2016-11-23,103.45,105.34,103.21,103.61,874127.0,STOCK_B_MODERATE
2016-11-24,103.41,103.85,102.58,103.16,517996.0,STOCK_B_MODERATE
2016-11-25,102.36,103.52,100.9,102.28,613535.0,STOCK_B_MODERATE
2016-11-28,100.59,101.56,100.03,101.31,2930058.0,STOCK_B_MODERATE
2016-11-29,100.35,100.55,99.6,100.12,1636056.0,STOCK_B_MODERATE
2016-11-30,100.61,101.52,100.28,101.36,2425606.0,STOCK_B_MODERATE
2016-12-01,103.05,103.64,102.35,102.55,3260312.0,STOCK_B_MODERATE
2016-12-02,105.19,105.83,104.17,104.34,973922.0,STOCK_B_MODERATE
2016-12-05,109.76,109.92,107.93,108.17,1965396.0,STOCK_B_MODERATE
2016-12-06,109.25,110.16,108.15,108.62,1314945.0,STOCK_B_MODERATE
2016-12-07,110.68,112.58,109.21,109.7,365626.0,STOCK_B_MODERATE
2016-12-08,110.75,111.55,110.02,110.16,4911973.0,STOCK_B_MODERATE
2016-12-09,107.26,108.44,106.38,106.68,3705643.0,STOCK_B_MODERATE
2016-12-12,104.98,105.4,103.76,104.49,2643248.0,STOCK_B_MODERATE
2016-12-13,105.09,106.39,104.69,105.53,4553042.0,STOCK_B_MODERATE
2016-12-14,104.26,104.73,104.02,104.67,2103982.0,STOCK_B_MODERATE
2016-12-15,103.7,105.03,103.24,104.63,1659783.0,STOCK_B_MODERATE
2016-12-16,101.33,101.81,101.26,101.72,4511856.0,STOCK_B_MODERATE
2016-12-19,102.76,102.81,102.0,102.37,415790.0,STOCK_B_MODERATE
2016-12-20,103.34,105.27,101.57,101.83,2299529.0,STOCK_B_MODERATE
2016-12-21,102.74,102.98,101.45,102.27,975395.0,STOCK_B_MODERATE
2016-12-22,103.06,103.76,100.79,102.73,1447245.0,STOCK_B_MODERATE
2016-12-23,99.57,100.91,98.39,99.45,2858769.0,STOCK_B_MODERATE
2016-12-26,102.5,103.86,101.38,101.71,2568184.0,STOCK_B_MODERATE
2016-12-27,99.2,100.54,98.84,99.2,2197354.0,STOCK_B_MODERATE
2016-12-28,98.45,99.4,97.92,98.67,4067410.0,STOCK_B_MODERATE
2016-12-29,97.68,98.9,97.01,97.82,2314956.0,STOCK_B_MODERATE
2016-12-30,99.32,100.33,98.9,99.9,4922704.0,STOCK_B_MODERATE
2017-01-02,100.11,100.86,99.72,100.18,2196389.0,STOCK_B_MODERATE
2017-01-03,102.47,102.78,101.12,102.17,2050808.0,STOCK_B_MODERATE
2017-01-04,102.89,103.29,102.19,102.65,1118136.0,STOCK_B_MODERATE
2017-01-05,102.76,103.79,102.56,102.67,1185607.0,STOCK_B_MODERATE
2017-01-06,100.81,102.12,98.94,101.08,1023671.0,STOCK_B_MODERATE
2017-01-09,100.17,100.81,99.52,100.19,2139429.0,STOCK_B_MODERATE
2017-01-10,100.6,100.61,99.85,100.33,2422072.0,STOCK_B_MODERATE
2017-01-11,100.65,101.32,100.6,100.92,404725.0,STOCK_B_MODERATE
2017-01-12,99.14,100.27,99.06,99.68,783907.0,STOCK_B_MODERATE
2017-01-13,102.72,102.94,102.39,102.56,4588841.0,STOCK_B_MODERATE
2017-01-16,103.91,104.9,103.07,103.24,3360946.0,STOCK_B_MODERATE
2017-01-17,101.16,101.17,100.11,101.02,3810924.0,STOCK_B_MODERATE
2017-01-18,104.93,105.12,102.73,104.09,3542445.0,STOCK_B_MODERATE
2017-01-19,100.61,101.79,99.39,100.65,2930360.0,STOCK_B_MODERATE
2017-01-20,102.2,103.59,100.34,101.51,1521552.0,STOCK_B_MODERATE
2017-01-23,101.52,101.55,100.3,100.48,602401.0,STOCK_B_MODERATE
2017-01-24,103.49,105.15,102.59,103.71,4436554.0,STOCK_B_MODERATE
2017-01-25,105.26,106.79,104.43,105.51,4444523.0,STOCK_B_MODERATE
2017-01-26,103.22,103.55,102.8,103.12,1370689.0,STOCK_B_MODERATE
2017-01-27,104.33,105.73,103.66,105.26,4554952.0,STOCK_B_MODERATE
2017-01-30,100.12,101.27,99.99,101.08,1124960.0,STOCK_B_MODERATE
2017-01-31,103.54,103.87,102.35,102.84,3742279.0,STOCK_B_MODERATE
2017-02-01,102.79,104.53,101.51,102.81,3827972.0,STOCK_B_MODERATE
2017-02-02,101.78,102.28,99.67,101.01,3034905.0,STOCK_B_MODERATE
2017-02-03,102.46,103.64,102.42,103.06,4860560.0,STOCK_B_MODERATE
2017-02-06,103.8,104.81,103.79,104.73,3967386.0,STOCK_B_MODERATE
2017-02-07,105.79,106.59,103.72,105.2,668150.0,STOCK_B_MODERATE
2017-02-08,106.42,106.87,104.57,105.88,3974211.0,STOCK_B_MODERATE
2017-02-09,106.18,107.72,105.82,106.8,2908083.0,STOCK_B_MODERATE
2017-02-10,106.42,107.3,105.01,106.12,595606.0,STOCK_B_MODERATE
2017-02-13,107.94,108.32,106.68,107.38,1668154.0,STOCK_B_MODERATE
2017-02-14,103.93,104.52,103.23,103.46,2958285.0,STOCK_B_MODERATE
2017-02-15,96.48,96.63,96.13,96.53,1774473.0,STOCK_B_MODERATE
2017-02-16,97.36,97.94,97.26,97.49,3336394.0,STOCK_B_MODERATE
2017-02-17,97.62,98.72,97.41,98.31,4088490.0,STOCK_B_MODERATE
2017-02-20,97.34,98.32,96.79,97.06,2211038.0,STOCK_B_MODERATE
2017-02-21,95.31,96.11,94.85,95.03,2555169.0,STOCK_B_MODERATE
2017-02-22,97.15,98.06,96.53,97.6,4598317.0,STOCK_B_MODERATE
2017-02-23,96.84,97.64,96.59,96.66,3057253.0,STOCK_B_MODERATE
2017-02-24,95.07,96.46,94.63,95.56,1040841.0,STOCK_B_MODERATE
2017-02-27,93.56,95.1,93.37,93.77,1200702.0,STOCK_B_MODERATE
2017-02-28,96.32,97.6,95.1,95.32,2117082.0,STOCK_B_MODERATE
2017-03-01,90.76,91.43,89.55,91.16,4757824.0,STOCK_B_MODERATE
2017-03-02,90.77,91.72,90.31,90.88,2822940.0,STOCK_B_MODERATE
2017-03-03,89.89,90.61,89.36,89.63,3040521.0,STOCK_B_MODERATE
2017-03-06,89.0,90.2,88.38,89.43,3628279.0,STOCK_B_MODERATE
2017-03-07,91.12,92.04,90.6,90.68,3489292.0,STOCK_B_MODERATE
2017-03-08,89.05,90.8,87.82,89.85,2480803.0,STOCK_B_MODERATE
2017-03-09,89.21,89.84,88.64,89.41,651534.0,STOCK_B_MODERATE
2017-03-10,86.46,86.83,85.41,86.12,4079305.0,STOCK_B_MODERATE
2017-03-13,85.83,86.63,84.93,85.23,4676267.0,STOCK_B_MODERATE
2017-03-14,84.23,84.93,83.38,83.48,460329.0,STOCK_B_MODERATE
2017-03-15,84.13,84.55,83.42,83.91,1632249.0,STOCK_B_MODERATE
2017-03-16,83.76,84.78,83.49,83.57,4546557.0,STOCK_B_MODERATE
2017-03-17,83.48,85.01,82.4,82.88,1657630.0,STOCK_B_MODERATE
2017-03-20,83.4,83.61,83.14,83.19,1938517.0,STOCK_B_MODERATE
2017-03-21,82.48,82.67,80.4,81.74,3134735.0,STOCK_B_MODERATE
2017-03-22,79.67,80.47,79.09,79.93,2342563.0,STOCK_B_MODERATE
2017-03-23,75.34,76.55,75.2,75.84,1318496.0,STOCK_B_MODERATE
2017-03-24,75.52,76.34,75.46,75.76,3177239.0,STOCK_B_MODERATE
2017-03-27,76.14,77.0,75.13,75.8,15415792.0,STOCK_B_MODERATE
2017-03-28,75.33,76.0,74.62,75.75,3200058.0,STOCK_B_MODERATE
2017-03-29,74.78,75.08,74.74,74.9,4157352.0,STOCK_B_MODERATE
2017-03-30,76.56,76.87,76.15,76.49,3155513.0,STOCK_B_MODERATE
2017-03-31,75.02,75.93,74.11,75.38,1121400.0,STOCK_B_MODERATE
2017-04-03,77.5,79.15,77.38,78.1,4480007.0,STOCK_B_MODERATE
2017-04-04,77.07,77.95,76.76,77.68,4479880.0,STOCK_B_MODERATE
2017-04-05,76.51,76.88,74.84,76.43,2249737.0,STOCK_B_MODERATE
2017-04-06,75.58,76.14,75.3,75.86,2844871.0,STOCK_B_MODERATE
2017-04-07,75.82,76.03,74.87,75.77,4875575.0,STOCK_B_MODERATE
2017-04-10,76.09,77.74,75.56,76.36,2507346.0,STOCK_B_MODERATE
2017-04-11,79.36,80.37,78.96,79.25,1209805.0,STOCK_B_MODERATE
2017-04-12,79.45,79.96,78.36,79.49,3366145.0,STOCK_B_MODERATE
2017-04-13,80.95,81.51,80.35,80.64,2425938.0,STOCK_B_MODERATE
2017-04-14,82.92,83.51,81.33,82.15,1682788.0,STOCK_B_MODERATE
2017-04-17,82.44,83.23,82.09,82.89,1656484.0,STOCK_B_MODERATE
2017-04-18,85.47,86.27,84.56,86.09,4402182.0,STOCK_B_MODERATE
2017-04-19,85.96,86.18,85.01,85.54,318065.0,STOCK_B_MODERATE
2017-04-20,84.67,85.58,83.26,84.5,1442726.0,STOCK_B_MODERATE
2017-04-21,83.48,84.14,81.74,82.46,4131953.0,STOCK_B_MODERATE
2017-04-24,81.37,82.11,81.14,82.04,3148494.0,STOCK_B_MODERATE
2017-04-25,77.97,78.71,77.79,78.61,3498063.0,STOCK_B_MODERATE
2017-04-26,80.13,80.68,79.48,79.61,1407449.0,STOCK_B_MODERATE
2017-04-27,78.51,78.54,77.82,78.52,3931939.0,STOCK_B_MODERATE
2017-04-28,79.66,79.88,79.26,79.55,3691790.0,STOCK_B_MODERATE
2017-05-01,79.81,81.47,79.24,80.14,4697486.0,STOCK_B_MODERATE
2017-05-02,77.99,78.57,77.57,78.24,3368721.0,STOCK_B_MODERATE
2017-05-03,81.73,82.02,80.28,81.55,2606604.0,STOCK_B_MODERATE
2017-05-04,80.5,81.9,80.12,80.32,2554026.0,STOCK_B_MODERATE
2017-05-05,79.04,79.22,78.46,78.98,1941046.0,STOCK_B_MODERATE
2017-05-08,78.88,78.92,78.27,78.35,3668369.0,STOCK_B_MODERATE
2017-05-09,78.86,79.51,78.82,79.11,164988.0,STOCK_B_MODERATE
2017-05-10,77.53,77.93,77.07,77.43,3918473.0,STOCK_B_MODERATE
2017-05-11,78.94,79.03,77.74,78.7,2966037.0,STOCK_B_MODERATE
2017-05-12,78.75,79.33,78.39,78.94,704002.0,STOCK_B_MODERATE
2017-05-15,77.96,79.09,77.62,78.68,3301142.0,STOCK_B_MODERATE
2017-05-16,77.54,77.56,76.84,77.05,4366779.0,STOCK_B_MODERATE
2017-05-17,78.2,78.67,76.94,77.23,4985066.0,STOCK_B_MODERATE
2017-05-18,78.08,78.12,76.24,76.84,3299028.0,STOCK_B_MODERATE
2017-05-19,73.92,74.09,73.72,73.74,3473284.0,STOCK_B_MODERATE
2017-05-22,73.96,74.28,73.71,74.22,1160591.0,STOCK_B_MODERATE
2017-05-23,73.18,73.3,72.33,72.84,1496942.0,STOCK_B_MODERATE
2017-05-24,73.06,73.77,72.15,72.4,1320554.0,STOCK_B_MODERATE
2017-05-25,71.11,71.67,70.9,71.14,4644862.0,STOCK_B_MODERATE
2017-05-26,70.81,70.99,70.24,70.65,4264224.0,STOCK_B_MODERATE
2017-05-29,69.7,70.37,69.54,70.01,2225279.0,STOCK_B_MODERATE
2017-05-30,69.94,70.44,69.1,69.49,4440283.0,STOCK_B_MODERATE
2017-05-31,68.85,68.95,68.51,68.86,4476131.0,STOCK_B_MODERATE
2017-06-01,67.5,68.68,67.04,67.93,1966157.0,STOCK_B_MODERATE
2017-06-02,69.63,70.17,69.19,69.31,3956152.0,STOCK_B_MODERATE
2017-06-05,70.03,70.25,69.53,69.92,3584605.0,STOCK_B_MODERATE
2017-06-06,71.13,71.46,69.92,70.67,241030.0,STOCK_B_MODERATE
2017-06-07,72.42,72.92,72.36,72.52,2948920.0,STOCK_B_MODERATE
2017-06-08,71.93,71.95,71.26,71.73,331930.0,STOCK_B_MODERATE
2017-06-09,72.36,72.87,71.79,72.34,1441699.0,STOCK_B_MODERATE
2017-06-12,71.28,71.82,71.1,71.55,2620317.0,STOCK_B_MODERATE
2017-06-13,69.94,70.34,69.61,70.33,940696.0,STOCK_B_MODERATE
2017-06-14,72.21,73.26,71.84,72.16,1330931.0,STOCK_B_MODERATE
2017-06-15,70.7,71.27,70.41,70.91,1921967.0,STOCK_B_MODERATE
2017-06-16,74.16,74.47,73.26,74.4,1366916.0,STOCK_B_MODERATE
2017-06-19,78.18,78.71,76.82,77.93,631210.0,STOCK_B_MODERATE
2017-06-20,73.9,75.57,73.58,74.55,845776.0,STOCK_B_MODERATE
2017-06-21,76.17,77.08,75.61,75.91,4285158.0,STOCK_B_MODERATE
2017-06-22,74.39,75.23,74.29,74.62,1778589.0,STOCK_B_MODERATE
2017-06-23,76.59,76.81,74.51,75.46,4087920.0,STOCK_B_MODERATE
2017-06-26,76.24,76.61,74.79,75.74,1018486.0,STOCK_B_MODERATE
2017-06-27,72.26,72.92,71.57,71.89,4548152.0,STOCK_B_MODERATE
2017-06-28,72.07,72.62,71.68,72.05,2409771.0,STOCK_B_MODERATE
2017-06-29,73.58,74.0,73.11,73.95,886386.0,STOCK_B_MODERATE
2017-06-30,74.27,75.8,73.59,74.32,1913935.0,STOCK_B_MODERATE
2017-07-03,77.29,78.63,76.59,77.13,843834.0,STOCK_B_MODERATE
2017-07-04,76.48,76.94,76.0,76.03,316375.0,STOCK_B_MODERATE
2017-07-05,79.03,80.62,78.25,78.94,3910068.0,STOCK_B_MODERATE
2017-07-06,78.78,78.97,78.11,78.93,3336650.0,STOCK_B_MODERATE
2017-07-07,76.69,77.65,76.29,76.88,1085929.0,STOCK_B_MODERATE
2017-07-10,77.78,77.87,77.21,77.75,866963.0,STOCK_B_MODERATE
2017-07-11,79.97,80.45,79.53,80.44,4428267.0,STOCK_B_MODERATE
2017-07-12,80.65,80.9,80.11,80.78,3859877.0,STOCK_B_MODERATE
2017-07-13,81.79,82.43,80.18,81.18,3535759.0,STOCK_B_MODERATE
2017-07-14,81.22,81.97,80.6,81.4,3112792.0,STOCK_B_MODERATE
2017-07-17,78.16,78.55,77.68,77.88,1458404.0,STOCK_B_MODERATE
2017-07-18,80.77,81.6,79.79,81.09,2325160.0,STOCK_B_MODERATE
2017-07-19,85.2,85.3,83.86,84.23,2717098.0,STOCK_B_MODERATE
2017-07-20,86.61,86.9,86.44,86.8,3318868.0,STOCK_B_MODERATE
2017-07-21,87.5,87.89,87.42,87.6,1004332.0,STOCK_B_MODERATE
2017-07-24,87.54,88.92,87.42,87.83,4139973.0,STOCK_B_MODERATE
2017-07-25,86.72,87.66,85.2,87.33,4849177.0,STOCK_B_MODERATE
2017-07-26,91.15,91.72,88.67,90.15,1457835.0,STOCK_B_MODERATE
2017-07-27,90.96,92.27,90.8,91.7,2044763.0,STOCK_B_MODERATE
2017-07-28,90.5,90.54,88.59,89.63,3268705.0,STOCK_B_MODERATE
2017-07-31,88.65,89.11,88.32,88.85,3039692.0,STOCK_B_MODERATE
2017-08-01,89.54,89.55,89.23,89.54,8138094.0,STOCK_B_MODERATE
2017-08-02,89.38,89.63,87.16,88.61,802570.0,STOCK_B_MODERATE
2017-08-03,90.04,90.56,89.77,89.91,4815927.0,STOCK_B_MODERATE
2017-08-04,92.72,94.45,91.8,93.6,1862919.0,STOCK_B_MODERATE
2017-08-07,97.5,97.68,97.02,97.42,4853311.0,STOCK_B_MODERATE
2017-08-08,99.21,99.33,98.5,98.84,387426.0,STOCK_B_MODERATE
2017-08-09,96.65,97.92,96.06,97.15,3894739.0,STOCK_B_MODERATE
2017-08-10,98.67,100.77,97.8,99.13,4150853.0,STOCK_B_MODERATE
2017-08-11,96.37,96.82,95.76,96.77,2441441.0,STOCK_B_MODERATE
2017-08-14,95.26,96.32,95.02,95.9,2701598.0,STOCK_B_MODERATE
2017-08-15,94.12,95.7,93.32,94.66,718430.0,STOCK_B_MODERATE
2017-08-16,94.88,94.94,94.21,94.29,2706172.0,STOCK_B_MODERATE
2017-08-17,94.62,95.13,94.47,94.98,1182510.0,STOCK_B_MODERATE
2017-08-18,98.14,99.39,96.17,97.11,2042463.0,STOCK_B_MODERATE
2017-08-21,97.86,98.18,97.55,97.79,1334659.0,STOCK_B_MODERATE
2017-08-22,94.98,94.99,93.93,94.65,2586326.0,STOCK_B_MODERATE
2017-08-23,95.44,96.03,94.77,95.91,4513632.0,STOCK_B_MODERATE
2017-08-24,96.96,97.81,96.14,97.54,3423411.0,STOCK_B_MODERATE
2017-08-25,98.61,99.49,98.14,99.26,3258066.0,STOCK_B_MODERATE
2017-08-28,97.72,99.41,96.54,98.0,2540245.0,STOCK_B_MODERATE
2017-08-29,98.45,99.1,97.65,97.75,687367.0,STOCK_B_MODERATE
2017-08-30,97.25,97.33,96.68,96.96,1739046.0,STOCK_B_MODERATE
2017-08-31,99.5,99.75,98.23,98.73,3038600.0,STOCK_B_MODERATE
2017-09-01,95.19,95.24,93.69,95.12,486229.0,STOCK_B_MODERATE
2017-09-04,93.86,94.75,92.71,94.29,1248083.0,STOCK_B_MODERATE
2017-09-05,97.2,97.91,95.66,96.92,2870625.0,STOCK_B_MODERATE
2017-09-06,96.32,96.44,95.07,96.07,3484477.0,STOCK_B_MODERATE
2017-09-07,98.66,99.58,98.59,98.75,1015667.0,STOCK_B_MODERATE
2017-09-08,100.47,101.19,99.96,100.44,2470539.0,STOCK_B_MODERATE
2017-09-11,97.23,97.32,96.44,96.7,1824685.0,STOCK_B_MODERATE
2017-09-12,96.4,96.53,95.0,95.08,1164421.0,STOCK_B_MODERATE
2017-09-13,97.99,99.26,97.69,98.82,2483512.0,STOCK_B_MODERATE
2017-09-14,95.61,96.32,95.12,95.48,2601459.0,STOCK_B_MODERATE
2017-09-15,93.35,95.23,92.88,94.38,4465275.0,STOCK_B_MODERATE
2017-09-18,95.04,95.39,94.49,94.63,2434821.0,STOCK_B_MODERATE
2017-09-19,96.24,96.92,94.5,95.19,3182657.0,STOCK_B_MODERATE
2017-09-20,98.11,98.81,96.56,98.38,1729818.0,STOCK_B_MODERATE
2017-09-21,96.72,97.14,96.09,96.5,3836860.0,STOCK_B_MODERATE
2017-09-22,96.94,97.54,96.01,96.81,276097.0,STOCK_B_MODERATE
2017-09-25,97.77,99.96,97.74,98.34,4811387.0,STOCK_B_MODERATE
2017-09-26,97.52,98.6,97.31,97.78,6201731.0,STOCK_B_MODERATE
2017-09-27,95.71,96.28,94.69,96.06,1909407.0,STOCK_B_MODERATE
2017-09-28,94.98,95.79,94.07,95.22,2386996.0,STOCK_B_MODERATE
2017-09-29,92.15,93.54,91.55,92.95,4982064.0,STOCK_B_MODERATE
2017-10-02,93.24,93.83,92.46,92.97,4968141.0,STOCK_B_MODERATE
2017-10-03,95.06,95.46,93.45,95.04,4244489.0,STOCK_B_MODERATE
2017-10-04,94.55,94.71,93.91,94.1,3416602.0,STOCK_B_MODERATE
2017-10-05,96.17,96.71,94.44,95.41,2807993.0,STOCK_B_MODERATE
2017-10-06,91.95,93.23,91.43,91.59,2349527.0,STOCK_B_MODERATE
2017-10-09,87.47,88.34,86.8,88.2,1726158.0,STOCK_B_MODERATE
2017-10-10,90.72,90.91,90.02,90.44,274963.0,STOCK_B_MODERATE
2017-10-11,90.85,91.01,89.37,90.16,1857626.0,STOCK_B_MODERATE
2017-10-12,91.95,92.43,90.67,90.97,4622231.0,STOCK_B_MODERATE
2017-10-13,88.65,89.38,87.03,88.29,807016.0,STOCK_B_MODERATE
2017-10-16,86.66,87.0,86.62,86.63,572089.0,STOCK_B_MODERATE
2017-10-17,87.76,90.14,87.54,88.7,3839083.0,STOCK_B_MODERATE
2017-10-18,89.24,90.11,88.49,88.65,1591963.0,STOCK_B_MODERATE
2017-10-19,89.99,91.89,89.5,89.82,538314.0,STOCK_B_MODERATE
2017-10-20,88.99,90.67,88.15,89.89,3941228.0,STOCK_B_MODERATE
2017-10-23,91.37,92.55,90.73,92.03,355757.0,STOCK_B_MODERATE
2017-10-24,90.48,91.21,89.76,91.03,4150937.0,STOCK_B_MODERATE
2017-10-25,87.11,87.21,86.3,86.85,2843059.0,STOCK_B_MODERATE
2017-10-26,84.67,85.27,84.49,85.21,4496373.0,STOCK_B_MODERATE
2017-10-27,86.23,87.29,85.85,86.17,2073879.0,STOCK_B_MODERATE
2017-10-30,86.8,87.23,86.18,86.65,3555514.0,STOCK_B_MODERATE
2017-10-31,86.39,87.01,85.82,86.21,3799554.0,STOCK_B_MODERATE
2017-11-01,88.34,88.45,88.01,88.28,4113485.0,STOCK_B_MODERATE
2017-11-02,86.95,87.63,86.06,87.23,2585681.0,STOCK_B_MODERATE
2017-11-03,85.62,85.94,84.64,85.21,4040573.0,STOCK_B_MODERATE
2017-11-06,86.26,87.82,85.46,86.73,2607584.0,STOCK_B_MODERATE
2017-11-07,85.38,86.57,85.05,85.54,972612.0,STOCK_B_MODERATE
2017-11-08,85.4,87.26,85.01,85.97,1352564.0,STOCK_B_MODERATE
2017-11-09,84.08,84.38,82.9,83.48,4080523.0,STOCK_B_MODERATE
2017-11-10,80.41,81.8,80.11,81.0,4564837.0,STOCK_B_MODERATE
2017-11-13,80.51,81.26,79.6,79.95,3070699.0,STOCK_B_MODERATE
2017-11-14,84.04,84.46,82.96,83.53,2989197.0,STOCK_B_MODERATE
2017-11-15,84.72,85.27,84.16,84.35,1728238.0,STOCK_B_MODERATE
2017-11-16,83.96,85.15,82.9,83.91,866666.0,STOCK_B_MODERATE
2017-11-17,83.34,83.73,83.04,83.25,4630972.0,STOCK_B_MODERATE
2017-11-20,83.35,84.2,83.22,83.67,978290.0,STOCK_B_MODERATE
2017-11-21,82.86,84.06,82.11,83.93,1529670.0,STOCK_B_MODERATE
2017-11-22,85.55,85.6,85.13,85.18,3482532.0,STOCK_B_MODERATE
2017-11-23,89.2,90.24,87.34,88.7,2094415.0,STOCK_B_MODERATE
2017-11-24,88.26,88.73,87.95,88.16,818872.0,STOCK_B_MODERATE
2017-11-27,92.75,93.56,91.85,92.9,1141526.0,STOCK_B_MODERATE
2017-11-28,88.29,89.95,87.95,89.36,3311005.0,STOCK_B_MODERATE
2017-11-29,90.35,90.67,89.45,89.8,1009449.0,STOCK_B_MODERATE
2017-11-30,88.04,89.48,87.5,88.54,3852030.0,STOCK_B_MODERATE
2017-12-01,89.58,89.66,88.4,89.52,2480531.0,STOCK_B_MODERATE
2017-12-04,86.82,87.71,86.72,87.16,1503024.0,STOCK_B_MODERATE
2017-12-05,85.36,86.26,85.25,85.76,2043077.0,STOCK_B_MODERATE
2017-12-06,86.5,87.46,85.69,85.86,3805517.0,STOCK_B_MODERATE
2017-12-07,83.34,83.72,83.23,83.55,2608074.0,STOCK_B_MODERATE
2017-12-08,89.0,89.92,88.61,88.86,3665461.0,STOCK_B_MODERATE
2017-12-11,91.29,91.75,90.64,90.99,1908187.0,STOCK_B_MODERATE
2017-12-12,91.78,92.7,91.58,92.55,3344785.0,STOCK_B_MODERATE
2017-12-13,93.03,94.05,92.94,93.33,231235.0,STOCK_B_MODERATE
2017-12-14,94.39,94.95,93.19,94.34,2203485.0,STOCK_B_MODERATE
2017-12-15,93.9,94.88,93.43,94.12,1961120.0,STOCK_B_MODERATE
2017-12-18,94.32,96.17,93.79,94.65,263306.0,STOCK_B_MODERATE
2017-12-19,93.63,95.5,93.28,94.25,2713340.0,STOCK_B_MODERATE
2017-12-20,92.1,92.87,91.39,92.32,4235781.0,STOCK_B_MODERATE
2017-12-21,91.79,92.31,91.1,92.02,3451932.0,STOCK_B_MODERATE
2017-12-22,94.97,95.82,93.82,94.77,1094330.0,STOCK_B_MODERATE
2017-12-25,96.15,96.94,94.81,95.45,2977970.0,STOCK_B_MODERATE
2017-12-26,99.51,100.03,98.63,98.64,4054982.0,STOCK_B_MODERATE
2017-12-27,102.68,102.7,98.68,100.72,1694385.0,STOCK_B_MODERATE
2017-12-28,106.36,106.81,104.83,105.4,219727.0,STOCK_B_MODERATE
2017-12-29,105.93,106.16,104.86,105.96,195192.0,STOCK_B_MODERATE
2018-01-01,107.28,108.25,105.97,106.4,4194814.0,STOCK_B_MODERATE
2018-01-02,106.64,106.64,104.6,105.59,887071.0,STOCK_B_MODERATE
2018-01-03,108.74,110.06,107.92,108.27,1587013.0,STOCK_B_MODERATE
2018-01-04,106.91,108.23,106.15,107.43,3372199.0,STOCK_B_MODERATE
2018-01-05,109.52,109.88,108.87,108.92,2053897.0,STOCK_B_MODERATE
2018-01-08,105.33,106.43,104.51,105.27,4494588.0,STOCK_B_MODERATE
2018-01-09,102.73,104.93,102.68,104.37,2164905.0,STOCK_B_MODERATE
2018-01-10,107.75,108.93,105.97,107.47,2396016.0,STOCK_B_MODERATE
2018-01-11,109.03,109.52,107.48,108.69,1994579.0,STOCK_B_MODERATE
2018-01-12,111.85,112.31,110.76,111.73,1970039.0,STOCK_B_MODERATE
2018-01-15,110.81,110.9,110.58,110.67,4343563.0,STOCK_B_MODERATE
2018-01-16,110.32,110.79,109.56,110.26,4220381.0,STOCK_B_MODERATE
2018-01-17,106.62,107.72,105.62,106.61,3567122.0,STOCK_B_MODERATE
2018-01-18,107.97,108.78,106.28,106.68,2016026.0,STOCK_B_MODERATE
2018-01-19,107.49,108.76,107.39,108.54,2140643.0,STOCK_B_MODERATE
2018-01-22,108.3,108.44,107.8,108.13,2446955.0,STOCK_B_MODERATE
2018-01-23,108.62,109.3,107.81,108.42,3664221.0,STOCK_B_MODERATE
2018-01-24,106.53,106.81,106.12,106.43,3378630.0,STOCK_B_MODERATE
2018-01-25,105.13,106.26,104.56,104.69,2643729.0,STOCK_B_MODERATE
2018-01-26,105.19,105.19,103.98,104.79,627044.0,STOCK_B_MODERATE
2018-01-29,106.02,106.97,105.78,106.51,16414778.0,STOCK_B_MODERATE
2018-01-30,105.29,107.08,105.0,105.81,2151050.0,STOCK_B_MODERATE
2018-01-31,107.32,109.66,106.51,107.39,382961.0,STOCK_B_MODERATE
2018-02-01,109.68,111.63,109.29,109.97,2985185.0,STOCK_B_MODERATE
2018-02-02,109.53,110.76,108.03,109.0,2168584.0,STOCK_B_MODERATE
2018-02-05,106.1,106.6,105.75,106.54,1403830.0,STOCK_B_MODERATE
2018-02-06,101.59,102.43,101.15,101.81,3777721.0,STOCK_B_MODERATE
2018-02-07,102.35,103.09,101.09,102.38,1689597.0,STOCK_B_MODERATE
2018-02-08,100.95,101.01,99.49,100.95,4386796.0,STOCK_B_MODERATE
2018-02-09,101.61,103.74,99.39,101.19,4538125.0,STOCK_B_MODERATE
2018-02-12,99.03,99.9,97.65,99.9,3755033.0,STOCK_B_MODERATE
2018-02-13,99.3,99.67,98.19,99.46,3832784.0,STOCK_B_MODERATE
2018-02-14,99.58,100.7,99.37,100.29,2603721.0,STOCK_B_MODERATE
2018-02-15,100.18,102.12,98.13,99.62,903384.0,STOCK_B_MODERATE
2018-02-16,101.23,102.22,100.98,101.73,3398505.0,STOCK_B_MODERATE
2018-02-19,100.67,100.86,99.59,100.18,2367115.0,STOCK_B_MODERATE
2018-02-20,98.94,100.22,98.07,98.97,3323095.0,STOCK_B_MODERATE
2018-02-21,98.74,98.77,97.81,98.22,2704983.0,STOCK_B_MODERATE
2018-02-22,99.11,99.94,98.27,99.13,372906.0,STOCK_B_MODERATE
2018-02-23,97.49,98.09,96.97,97.01,2023044.0,STOCK_B_MODERATE
2018-02-26,99.71,100.32,99.3,99.3,3797043.0,STOCK_B_MODERATE
2018-02-27,95.6,97.65,95.03,95.8,2637499.0,STOCK_B_MODERATE
2018-02-28,95.49,95.89,95.34,95.52,4845403.0,STOCK_B_MODERATE
2018-03-01,96.2,97.13,95.82,96.24,3789402.0,STOCK_B_MODERATE
2018-03-02,94.16,94.76,92.72,93.4,1700735.0,STOCK_B_MODERATE
2018-03-05,95.14,95.27,93.56,94.14,2159812.0,STOCK_B_MODERATE
2018-03-06,96.1,96.27,94.11,95.75,203386.0,STOCK_B_MODERATE
2018-03-07,96.39,96.52,95.4,96.26,4629641.0,STOCK_B_MODERATE
2018-03-08,95.78,96.51,95.09,96.19,2840337.0,STOCK_B_MODERATE
2018-03-09,95.57,96.39,95.04,96.07,2464343.0,STOCK_B_MODERATE
2018-03-12,96.12,96.31,95.21,96.09,1540953.0,STOCK_B_MODERATE
2018-03-13,98.73,99.73,97.47,97.98,1946969.0,STOCK_B_MODERATE
2018-03-14,96.48,97.96,95.92,97.52,2972888.0,STOCK_B_MODERATE
2018-03-15,97.17,98.43,95.7,96.62,1232287.0,STOCK_B_MODERATE
2018-03-16,98.84,98.84,97.7,98.36,1556641.0,STOCK_B_MODERATE
2018-03-19,99.88,100.63,99.28,99.58,4115449.0,STOCK_B_MODERATE
2018-03-20,101.52,101.84,100.99,101.74,1123164.0,STOCK_B_MODERATE
2018-03-21,99.25,99.81,97.93,99.49,3713797.0,STOCK_B_MODERATE
2018-03-22,101.4,103.16,100.99,101.77,2701454.0,STOCK_B_MODERATE
2018-03-23,99.72,102.74,99.62,101.48,4303502.0,STOCK_B_MODERATE
2018-03-26,99.8,100.35,98.51,99.66,4454667.0,STOCK_B_MODERATE
2018-03-27,102.25,102.74,99.97,101.25,1861626.0,STOCK_B_MODERATE
2018-03-28,102.19,102.26,101.76,101.99,1486533.0,STOCK_B_MODERATE
2018-03-29,99.31,100.57,98.74,99.84,4784385.0,STOCK_B_MODERATE
2018-03-30,99.43,99.98,98.5,99.43,4259949.0,STOCK_B_MODERATE
2018-04-02,101.68,102.23,99.97,100.76,3826090.0,STOCK_B_MODERATE
2018-04-03,96.6,98.0,96.39,97.25,770237.0,STOCK_B_MODERATE
2018-04-04,97.89,98.39,97.79,98.37,624579.0,STOCK_B_MODERATE
2018-04-05,98.24,98.81,97.37,98.01,2236030.0,STOCK_B_MODERATE
2018-04-06,99.51,99.61,98.91,99.08,2158870.0,STOCK_B_MODERATE
2018-04-09,94.82,96.38,94.43,94.73,2122618.0,STOCK_B_MODERATE
2018-04-10,97.0,97.95,96.77,97.81,1712886.0,STOCK_B_MODERATE
2018-04-11,96.35,97.51,95.53,96.67,12926945.0,STOCK_B_MODERATE
2018-04-12,95.18,95.69,94.6,95.6,3718109.0,STOCK_B_MODERATE
2018-04-13,94.48,95.82,94.03,95.2,3482867.0,STOCK_B_MODERATE
2018-04-16,95.34,96.48,94.47,96.3,2363728.0,STOCK_B_MODERATE
2018-04-17,95.8,96.52,95.28,96.08,4318878.0,STOCK_B_MODERATE
2018-04-18,98.62,100.2,98.34,99.13,3379095.0,STOCK_B_MODERATE
2018-04-19,98.37,99.43,96.89,98.72,4181979.0,STOCK_B_MODERATE
2018-04-20,101.12,102.15,100.67,102.03,4544039.0,STOCK_B_MODERATE
2018-04-23,101.74,102.41,101.32,101.67,1222913.0,STOCK_B_MODERATE
2018-04-24,101.76,101.98,101.06,101.75,1287452.0,STOCK_B_MODERATE
2018-04-25,97.93,99.71,97.31,98.57,869280.0,STOCK_B_MODERATE
2018-04-26,96.76,97.28,96.65,97.04,4817326.0,STOCK_B_MODERATE
2018-04-27,97.33,98.2,96.78,97.67,3449802.0,STOCK_B_MODERATE
2018-04-30,95.66,96.04,94.67,94.89,3883312.0,STOCK_B_MODERATE
2018-05-01,98.34,99.11,97.37,98.15,2328617.0,STOCK_B_MODERATE
2018-05-02,99.1,99.4,98.01,98.64,1555633.0,STOCK_B_MODERATE
2018-05-03,98.54,98.77,97.94,97.99,2979535.0,STOCK_B_MODERATE
2018-05-04,98.45,98.79,96.78,97.87,1764700.0,STOCK_B_MODERATE
2018-05-07,101.47,101.57,101.18,101.21,4401420.0,STOCK_B_MODERATE
2018-05-08,101.28,103.11,100.77,102.85,819646.0,STOCK_B_MODERATE
2018-05-09,99.01,99.1,98.88,99.01,3302073.0,STOCK_B_MODERATE
2018-05-10,98.41,98.86,97.45,98.24,2636405.0,STOCK_B_MODERATE
2018-05-11,99.56,100.66,99.47,100.1,1300780.0,STOCK_B_MODERATE
2018-05-14,99.01,99.65,97.16,98.46,4705113.0,STOCK_B_MODERATE
2018-05-15,99.09,99.49,98.9,99.22,1147743.0,STOCK_B_MODERATE
2018-05-16,94.56,95.34,94.33,94.77,2910920.0,STOCK_B_MODERATE
2018-05-17,94.93,95.86,93.33,93.71,3835410.0,STOCK_B_MODERATE
2018-05-18,93.8,94.1,93.22,93.97,3973228.0,STOCK_B_MODERATE
2018-05-21,95.75,96.16,95.02,95.39,3877826.0,STOCK_B_MODERATE
2018-05-22,95.81,95.93,94.37,94.53,4019875.0,STOCK_B_MODERATE
2018-05-23,96.89,98.08,95.39,96.34,941009.0,STOCK_B_MODERATE
2018-05-24,93.05,93.8,92.6,93.53,1798411.0,STOCK_B_MODERATE
2018-05-25,92.32,93.72,92.09,93.23,1119281.0,STOCK_B_MODERATE
2018-05-28,92.66,94.57,92.23,93.63,1170276.0,STOCK_B_MODERATE
2018-05-29,90.99,92.36,90.52,90.75,3410291.0,STOCK_B_MODERATE
2018-05-30,93.4,93.72,92.69,93.15,2892201.0,STOCK_B_MODERATE
2018-05-31,93.52,93.99,93.19,93.74,755124.0,STOCK_B_MODERATE
2018-06-01,91.85,92.44,91.23,91.72,3909745.0,STOCK_B_MODERATE
2018-06-04,92.71,94.46,92.01,92.79,1847931.0,STOCK_B_MODERATE
2018-06-05,91.25,92.17,90.19,91.3,1228621.0,STOCK_B_MODERATE
2018-06-06,90.93,91.18,90.02,90.16,2956135.0,STOCK_B_MODERATE
2018-06-07,87.42,88.03,87.24,87.74,3377664.0,STOCK_B_MODERATE
2018-06-08,86.61,88.38,86.44,87.16,4157076.0,STOCK_B_MODERATE
2018-06-11,83.53,84.09,82.74,83.38,3760089.0,STOCK_B_MODERATE
2018-06-12,84.82,84.9,83.09,83.79,2062488.0,STOCK_B_MODERATE
2018-06-13,86.51,87.2,85.72,86.94,950322.0,STOCK_B_MODERATE
2018-06-14,86.13,86.88,85.89,86.22,3343944.0,STOCK_B_MODERATE
2018-06-15,82.08,82.83,81.55,82.29,765037.0,STOCK_B_MODERATE
2018-06-18,81.77,81.78,80.99,81.55,4526288.0,STOCK_B_MODERATE
2018-06-19,81.43,81.75,80.87,81.49,1500868.0,STOCK_B_MODERATE
2018-06-20,81.96,82.56,81.41,81.78,4315092.0,STOCK_B_MODERATE
2018-06-21,81.31,81.86,80.64,81.73,574332.0,STOCK_B_MODERATE
2018-06-22,84.19,84.46,82.97,84.26,3624003.0,STOCK_B_MODERATE
2018-06-25,83.15,84.23,82.08,83.99,4710762.0,STOCK_B_MODERATE
2018-06-26,82.34,83.82,81.36,83.38,2702650.0,STOCK_B_MODERATE
2018-06-27,83.82,84.07,83.7,84.01,4153339.0,STOCK_B_MODERATE
2018-06-28,84.93,86.47,84.6,84.81,2056664.0,STOCK_B_MODERATE
2018-06-29,84.11,84.52,84.1,84.5,250527.0,STOCK_B_MODERATE
2018-07-02,84.77,85.06,84.01,84.13,4598551.0,STOCK_B_MODERATE
2018-07-03,82.97,83.67,82.3,83.09,1535934.0,STOCK_B_MODERATE
2018-07-04,84.09,84.47,82.33,84.35,4637164.0,STOCK_B_MODERATE
2018-07-05,82.05,82.82,81.61,81.78,248108.0,STOCK_B_MODERATE
2018-07-06,82.12,82.75,81.86,82.02,3879069.0,STOCK_B_MODERATE
2018-07-09,83.01,84.0,82.67,83.52,3134811.0,STOCK_B_MODERATE
2018-07-10,82.89,84.2,80.84,83.48,1348994.0,STOCK_B_MODERATE
2018-07-11,82.14,82.21,79.28,80.62,2431124.0,STOCK_B_MODERATE
2018-07-12,80.93,81.51,80.06,80.4,2669480.0,STOCK_B_MODERATE
2018-07-13,81.46,82.4,80.57,81.62,313173.0,STOCK_B_MODERATE
2018-07-16,82.39,83.4,81.06,82.04,3194511.0,STOCK_B_MODERATE
2018-07-17,80.43,81.4,79.19,80.31,2088125.0,STOCK_B_MODERATE
2018-07-18,84.95,85.92,83.51,84.03,1471293.0,STOCK_B_MODERATE
2018-07-19,85.75,86.0,85.61,85.64,3363728.0,STOCK_B_MODERATE
2018-07-20,86.14,86.37,85.26,85.95,3933527.0,STOCK_B_MODERATE
2018-07-23,91.82,92.63,90.57,90.77,618728.0,STOCK_B_MODERATE
2018-07-24,89.56,90.49,88.52,90.29,2191660.0,STOCK_B_MODERATE
2018-07-25,88.29,88.71,87.58,87.62,2494912.0,STOCK_B_MODERATE
2018-07-26,86.56,88.27,85.93,87.38,220904.0,STOCK_B_MODERATE
2018-07-27,88.12,88.69,86.21,87.55,3564991.0,STOCK_B_MODERATE
2018-07-30,83.91,85.89,83.73,84.84,3148434.0,STOCK_B_MODERATE
2018-07-31,85.89,86.53,84.91,86.07,1255033.0,STOCK_B_MODERATE
2018-08-01,87.75,88.0,87.17,87.82,130951.0,STOCK_B_MODERATE
2018-08-02,85.54,85.59,84.88,85.37,1632791.0,STOCK_B_MODERATE
2018-08-03,84.36,84.63,84.21,84.31,6927484.0,STOCK_B_MODERATE
2018-08-06,82.12,82.38,81.61,82.29,3088107.0,STOCK_B_MODERATE
2018-08-07,79.2,80.78,78.99,80.19,2265377.0,STOCK_B_MODERATE
2018-08-08,81.68,81.74,80.93,80.95,2896892.0,STOCK_B_MODERATE
2018-08-09,81.0,81.32,80.96,81.14,2543432.0,STOCK_B_MODERATE
2018-08-10,80.89,81.29,80.46,80.83,4301359.0,STOCK_B_MODERATE
2018-08-13,80.87,81.89,80.74,81.38,1463904.0,STOCK_B_MODERATE
2018-08-14,81.21,81.39,80.44,80.79,3278108.0,STOCK_B_MODERATE
2018-08-15,79.17,80.41,78.37,79.79,3109446.0,STOCK_B_MODERATE
2018-08-16,79.09,79.21,78.41,79.2,1459342.0,STOCK_B_MODERATE
2018-08-17,78.38,79.8,78.33,78.85,3175351.0,STOCK_B_MODERATE
2018-08-20,79.13,80.28,78.75,78.92,192942.0,STOCK_B_MODERATE
2018-08-21,79.7,80.52,78.97,79.78,2137211.0,STOCK_B_MODERATE
2018-08-22,78.91,79.48,77.91,78.65,3668026.0,STOCK_B_MODERATE
2018-08-23,78.16,78.61,77.0,78.24,1374196.0,STOCK_B_MODERATE
2018-08-24,76.86,78.75,76.46,77.38,530423.0,STOCK_B_MODERATE
2018-08-27,77.2,77.95,76.36,76.46,2309115.0,STOCK_B_MODERATE
2018-08-28,77.65,78.07,75.94,77.71,3192450.0,STOCK_B_MODERATE
2018-08-29,76.82,78.07,76.44,76.66,4862579.0,STOCK_B_MODERATE
2018-08-30,76.44,76.92,76.21,76.47,2050282.0,STOCK_B_MODERATE
2018-08-31,74.48,75.05,73.72,74.95,1249411.0,STOCK_B_MODERATE
2018-09-03,76.46,76.49,74.9,76.05,3587282.0,STOCK_B_MODERATE
2018-09-04,77.46,77.98,77.09,77.77,4108300.0,STOCK_B_MODERATE
2018-09-05,78.39,78.66,77.63,78.08,4789519.0,STOCK_B_MODERATE
2018-09-06,81.22,81.35,80.26,81.15,513233.0,STOCK_B_MODERATE
2018-09-07,77.93,78.1,77.16,77.77,3108991.0,STOCK_B_MODERATE
2018-09-10,76.4,77.86,75.66,76.74,4837294.0,STOCK_B_MODERATE
2018-09-11,76.77,78.17,76.74,77.79,1596266.0,STOCK_B_MODERATE
2018-09-12,75.53,75.76,75.23,75.41,3433479.0,STOCK_B_MODERATE
2018-09-13,75.09,75.89,74.82,75.2,3845959.0,STOCK_B_MODERATE
2018-09-14,74.88,75.78,74.54,75.36,270768.0,STOCK_B_MODERATE
2018-09-17,74.86,75.26,74.75,75.03,3364956.0,STOCK_B_MODERATE
2018-09-18,75.82,77.43,74.28,75.0,3200611.0,STOCK_B_MODERATE
2018-09-19,76.6,76.72,75.9,76.32,3489482.0,STOCK_B_MODERATE
2018-09-20,78.25,78.42,77.48,78.02,1779944.0,STOCK_B_MODERATE
2018-09-21,75.99,76.91,75.48,75.87,1769177.0,STOCK_B_MODERATE
2018-09-24,73.82,74.61,73.1,73.9,577032.0,STOCK_B_MODERATE
2018-09-25,74.45,75.36,73.61,74.61,3203218.0,STOCK_B_MODERATE
2018-09-26,72.9,73.36,72.54,72.89,2818286.0,STOCK_B_MODERATE
2018-09-27,75.12,75.94,75.03,75.72,4723513.0,STOCK_B_MODERATE
2018-09-28,75.77,75.84,74.94,75.61,4572720.0,STOCK_B_MODERATE
2018-10-01,76.01,76.62,74.79,76.01,266999.0,STOCK_B_MODERATE
2018-10-02,75.75,75.98,75.41,75.78,2828976.0,STOCK_B_MODERATE
2018-10-03,74.92,75.88,74.79,75.27,2266839.0,STOCK_B_MODERATE
2018-10-04,74.73,74.9,73.14,74.21,2077803.0,STOCK_B_MODERATE
2018-10-05,77.24,78.02,76.75,76.76,4909985.0,STOCK_B_MODERATE
2018-10-08,77.81,77.93,77.08,77.37,1864053.0,STOCK_B_MODERATE
2018-10-09,74.42,74.85,73.99,74.29,2728020.0,STOCK_B_MODERATE
2018-10-10,73.22,74.4,73.21,73.39,1530995.0,STOCK_B_MODERATE
2018-10-11,73.98,74.48,73.01,74.22,1348849.0,STOCK_B_MODERATE
2018-10-12,75.18,75.98,74.73,74.88,4138225.0,STOCK_B_MODERATE
2018-10-15,77.33,78.09,76.25,76.77,1558426.0,STOCK_B_MODERATE
2018-10-16,77.13,78.19,76.87,77.23,608975.0,STOCK_B_MODERATE
2018-10-17,76.28,76.95,75.54,76.88,2378308.0,STOCK_B_MODERATE
2018-10-18,76.87,77.48,76.65,76.66,718722.0,STOCK_B_MODERATE
2018-10-19,77.29,78.09,76.72,77.15,3856333.0,STOCK_B_MODERATE
2018-10-22,78.08,78.75,77.13,78.04,2520022.0,STOCK_B_MODERATE
2018-10-23,76.4,77.74,75.99,77.08,1485000.0,STOCK_B_MODERATE
2018-10-24,76.58,77.67,76.05,76.63,2035090.0,STOCK_B_MODERATE
2018-10-25,78.07,78.1,77.37,77.55,2212286.0,STOCK_B_MODERATE
2018-10-26,77.62,78.32,77.52,77.82,4487048.0,STOCK_B_MODERATE
2018-10-29,77.55,78.01,76.91,77.7,460500.0,STOCK_B_MODERATE
2018-10-30,78.92,79.74,77.58,79.05,2922764.0,STOCK_B_MODERATE
2018-10-31,77.96,77.97,77.23,77.93,2438012.0,STOCK_B_MODERATE
2018-11-01,78.45,80.57,78.12,78.91,2344640.0,STOCK_B_MODERATE
2018-11-02,80.53,82.43,79.97,80.89,1971972.0,STOCK_B_MODERATE
2018-11-05,80.88,81.26,80.85,80.93,2635268.0,STOCK_B_MODERATE
2018-11-06,81.37,81.95,80.75,80.83,3914824.0,STOCK_B_MODERATE
2018-11-07,79.76,80.95,79.12,79.17,3996476.0,STOCK_B_MODERATE
2018-11-08,78.52,79.18,78.16,78.64,4170110.0,STOCK_B_MODERATE
2018-11-09,77.01,77.87,76.83,77.65,1647761.0,STOCK_B_MODERATE
2018-11-12,78.61,80.67,76.99,79.24,3567920.0,STOCK_B_MODERATE
2018-11-13,78.73,80.84,78.3,78.88,153582.0,STOCK_B_MODERATE
2018-11-14,77.67,78.88,76.81,78.48,749848.0,STOCK_B_MODERATE
2018-11-15,80.44,80.8,80.14,80.22,581530.0,STOCK_B_MODERATE
2018-11-16,80.5,81.36,79.88,80.15,4493385.0,STOCK_B_MODERATE
2018-11-19,81.32,81.9,81.07,81.08,3020952.0,STOCK_B_MODERATE
2018-11-20,80.36,81.68,80.18,80.54,2538400.0,STOCK_B_MODERATE
2018-11-21,81.05,81.34,80.14,81.22,272309.0,STOCK_B_MODERATE
2018-11-22,81.64,83.28,79.85,80.98,4289083.0,STOCK_B_MODERATE
2018-11-23,83.61,83.68,82.98,83.11,2080404.0,STOCK_B_MODERATE
2018-11-26,83.6,84.09,83.34,83.54,1019198.0,STOCK_B_MODERATE
2018-11-27,81.35,81.77,81.23,81.25,4730057.0,STOCK_B_MODERATE
2018-11-28,80.38,81.09,79.66,80.51,4315356.0,STOCK_B_MODERATE
2018-11-29,78.37,78.97,77.5,78.52,1122245.0,STOCK_B_MODERATE
2018-11-30,78.59,80.4,77.75,79.41,269285.0,STOCK_B_MODERATE
2018-12-03,80.16,80.97,79.89,80.71,4439657.0,STOCK_B_MODERATE
2018-12-04,81.44,82.02,79.76,81.17,3097805.0,STOCK_B_MODERATE
2018-12-05,79.58,81.7,79.39,80.4,3481811.0,STOCK_B_MODERATE
2018-12-06,79.12,79.68,78.32,78.62,1119994.0,STOCK_B_MODERATE
2018-12-07,79.8,79.81,78.23,78.59,3103850.0,STOCK_B_MODERATE
2018-12-10,77.87,78.26,77.11,77.59,4424530.0,STOCK_B_MODERATE
2018-12-11,79.19,79.79,78.92,79.08,1369927.0,STOCK_B_MODERATE
2018-12-12,78.97,79.77,78.31,78.51,4295795.0,STOCK_B_MODERATE
2018-12-13,78.68,79.67,78.16,79.28,2714624.0,STOCK_B_MODERATE
2018-12-14,79.21,79.87,78.2,78.57,1756162.0,STOCK_B_MODERATE
2018-12-17,80.04,80.93,79.53,80.33,2844548.0,STOCK_B_MODERATE
2018-12-18,78.77,79.26,78.33,78.75,3414103.0,STOCK_B_MODERATE
2018-12-19,78.01,78.29,77.85,78.24,683981.0,STOCK_B_MODERATE
2018-12-20,78.85,79.87,78.08,79.19,710243.0,STOCK_B_MODERATE
2018-12-21,81.1,82.27,80.32,81.89,2714733.0,STOCK_B_MODERATE
2018-12-24,79.39,79.95,79.26,79.6,3431612.0,STOCK_B_MODERATE
2018-12-25,77.67,77.73,77.59,77.62,3521914.0,STOCK_B_MODERATE
2018-12-26,78.03,78.63,77.48,78.4,3148733.0,STOCK_B_MODERATE
2018-12-27,80.61,82.35,80.49,80.92,4728048.0,STOCK_B_MODERATE
2018-12-28,82.47,82.49,80.96,82.33,1185179.0,STOCK_B_MODERATE
2018-12-31,82.86,83.95,82.54,83.56,1816042.0,STOCK_B_MODERATE
2019-01-01,81.67,82.08,81.67,81.83,1609231.0,STOCK_B_MODERATE
2019-01-02,82.95,83.29,82.12,82.3,4842435.0,STOCK_B_MODERATE
2019-01-03,82.79,83.42,82.34,83.19,1621529.0,STOCK_B_MODERATE
2019-01-04,84.5,84.75,83.31,83.6,4487799.0,STOCK_B_MODERATE
2019-01-07,83.44,84.75,83.24,84.16,2522138.0,STOCK_B_MODERATE
2019-01-08,84.42,86.16,84.11,85.48,1662789.0,STOCK_B_MODERATE
2019-01-09,81.6,81.69,80.0,81.37,3518876.0,STOCK_B_MODERATE
2019-01-10,78.23,78.34,77.45,78.1,1999839.0,STOCK_B_MODERATE
2019-01-11,77.12,77.66,75.3,76.29,4493731.0,STOCK_B_MODERATE
2019-01-14,75.63,77.3,74.26,76.47,2414935.0,STOCK_B_MODERATE
2019-01-15,75.8,76.13,74.87,75.92,1692129.0,STOCK_B_MODERATE
2019-01-16,73.84,74.27,73.46,73.94,1584021.0,STOCK_B_MODERATE
2019-01-17,77.13,77.68,75.74,76.38,4099253.0,STOCK_B_MODERATE
2019-01-18,76.55,76.85,76.08,76.11,1150107.0,STOCK_B_MODERATE
2019-01-21,76.19,76.53,76.18,76.45,3045667.0,STOCK_B_MODERATE
2019-01-22,78.73,79.26,77.87,77.92,1646348.0,STOCK_B_MODERATE
2019-01-23,80.95,81.69,80.94,81.29,1107899.0,STOCK_B_MODERATE
2019-01-24,81.48,82.19,81.05,81.24,2991204.0,STOCK_B_MODERATE
2019-01-25,81.56,81.9,80.89,81.59,1982273.0,STOCK_B_MODERATE
2019-01-28,79.36,79.77,78.8,79.61,808558.0,STOCK_B_MODERATE
2019-01-29,79.45,79.96,78.97,79.58,512396.0,STOCK_B_MODERATE
2019-01-30,77.53,78.63,77.4,77.62,163581.0,STOCK_B_MODERATE
2019-01-31,76.53,78.21,76.53,76.96,3471363.0,STOCK_B_MODERATE
2019-02-01,77.97,79.18,77.24,78.18,3887940.0,STOCK_B_MODERATE
2019-02-04,79.47,79.76,78.73,78.79,3667642.0,STOCK_B_MODERATE
2019-02-05,80.01,80.58,79.27,80.33,7188483.0,STOCK_B_MODERATE
2019-02-06,80.85,80.86,80.31,80.78,2000576.0,STOCK_B_MODERATE
2019-02-07,83.21,83.39,82.5,82.71,4563551.0,STOCK_B_MODERATE
2019-02-08,80.98,81.19,80.89,81.14,1547607.0,STOCK_B_MODERATE
2019-02-11,83.58,83.68,82.11,83.16,738099.0,STOCK_B_MODERATE
2019-02-12,82.71,82.83,81.6,82.26,4431884.0,STOCK_B_MODERATE
2019-02-13,81.57,82.22,81.09,81.69,459510.0,STOCK_B_MODERATE
2019-02-14,81.76,82.63,80.75,81.23,17671131.0,STOCK_B_MODERATE
2019-02-15,84.77,85.13,84.01,84.25,547422.0,STOCK_B_MODERATE
2019-02-18,83.34,83.56,81.97,83.03,2629636.0,STOCK_B_MODERATE
2019-02-19,84.36,84.49,83.53,83.88,2766777.0,STOCK_B_MODERATE
2019-02-20,84.53,85.84,84.09,84.63,4463279.0,STOCK_B_MODERATE
2019-02-21,85.38,85.53,84.23,84.84,4224921.0,STOCK_B_MODERATE
2019-02-22,84.53,85.2,83.27,83.55,4584894.0,STOCK_B_MODERATE
2019-02-25,81.53,81.8,81.0,81.69,2614499.0,STOCK_B_MODERATE
2019-02-26,80.19,80.88,78.91,79.86,4157875.0,STOCK_B_MODERATE
2019-02-27,81.76,82.16,81.32,81.64,2835332.0,STOCK_B_MODERATE
2019-02-28,79.69,81.03,79.29,80.4,1490075.0,STOCK_B_MODERATE
2019-03-01,79.21,80.39,77.76,78.5,3401377.0,STOCK_B_MODERATE
2019-03-04,79.6,81.09,79.04,80.04,2403045.0,STOCK_B_MODERATE
2019-03-05,82.16,83.99,79.58,81.07,3164720.0,STOCK_B_MODERATE
2019-03-06,80.19,82.31,79.99,81.06,3993638.0,STOCK_B_MODERATE
2019-03-07,80.3,80.6,80.13,80.24,847593.0,STOCK_B_MODERATE
2019-03-08,76.51,76.52,75.18,75.89,2893148.0,STOCK_B_MODERATE
2019-03-11,74.97,75.14,74.14,74.74,892988.0,STOCK_B_MODERATE
2019-03-12,74.54,74.9,73.68,74.52,2271893.0,STOCK_B_MODERATE
2019-03-13,73.3,74.24,72.5,72.94,1247043.0,STOCK_B_MODERATE
2019-03-14,71.7,72.21,71.3,71.41,3044154.0,STOCK_B_MODERATE
2019-03-15,73.79,74.81,73.62,74.37,585081.0,STOCK_B_MODERATE
2019-03-18,70.63,72.17,69.97,71.86,1401722.0,STOCK_B_MODERATE
2019-03-19,72.49,72.97,72.27,72.31,1771619.0,STOCK_B_MODERATE
2019-03-20,71.1,72.32,70.87,71.17,2495198.0,STOCK_B_MODERATE
2019-03-21,71.4,71.48,70.95,71.46,3572385.0,STOCK_B_MODERATE
2019-03-22,70.02,70.6,69.07,69.74,2164654.0,STOCK_B_MODERATE
2019-03-25,72.09,72.33,70.23,71.42,4118618.0,STOCK_B_MODERATE
2019-03-26,71.3,71.62,70.58,70.95,3173557.0,STOCK_B_MODERATE
2019-03-27,72.86,73.89,72.65,73.38,9870096.0,STOCK_B_MODERATE
2019-03-28,75.48,75.91,75.21,75.4,1806128.0,STOCK_B_MODERATE
2019-03-29,74.22,74.88,73.93,74.04,4279436.0,STOCK_B_MODERATE
2019-04-01,72.54,73.15,72.0,72.56,3338688.0,STOCK_B_MODERATE
2019-04-02,70.2,70.82,69.79,70.66,273423.0,STOCK_B_MODERATE
2019-04-03,69.62,70.49,68.7,69.26,4974531.0,STOCK_B_MODERATE
2019-04-04,70.73,71.89,69.79,70.98,3333938.0,STOCK_B_MODERATE
2019-04-05,73.11,73.85,72.97,73.3,3333749.0,STOCK_B_MODERATE
2019-04-08,72.62,72.93,71.1,72.44,1164653.0,STOCK_B_MODERATE
2019-04-09,74.42,75.17,73.09,74.04,790379.0,STOCK_B_MODERATE
2019-04-10,73.78,75.18,73.29,73.98,4863926.0,STOCK_B_MODERATE
2019-04-11,73.74,73.79,73.13,73.59,2929640.0,STOCK_B_MODERATE
2019-04-12,73.44,74.13,73.12,73.38,2667620.0,STOCK_B_MODERATE
2019-04-15,74.94,75.06,74.54,74.56,3087208.0,STOCK_B_MODERATE
2019-04-16,71.14,71.71,70.42,71.58,1780048.0,STOCK_B_MODERATE
2019-04-17,70.51,71.16,70.42,71.07,4266596.0,STOCK_B_MODERATE
2019-04-18,69.88,70.98,69.44,70.21,4182132.0,STOCK_B_MODERATE
2019-04-19,71.34,71.75,70.94,71.38,3553058.0,STOCK_B_MODERATE
2019-04-22,72.4,73.11,71.64,72.47,4634340.0,STOCK_B_MODERATE
2019-04-23,73.42,74.23,72.99,73.97,1520204.0,STOCK_B_MODERATE
2019-04-24,75.4,76.01,74.57,74.95,346708.0,STOCK_B_MODERATE
2019-04-25,74.78,75.72,73.4,75.52,1941853.0,STOCK_B_MODERATE
2019-04-26,73.68,74.93,72.54,74.31,1642585.0,STOCK_B_MODERATE
2019-04-29,74.25,75.54,73.22,74.74,4820667.0,STOCK_B_MODERATE
2019-04-30,74.56,74.59,73.96,74.22,2457092.0,STOCK_B_MODERATE
2019-05-01,73.01,74.85,72.06,73.48,4041452.0,STOCK_B_MODERATE
2019-05-02,70.16,71.16,69.91,70.24,1553205.0,STOCK_B_MODERATE
2019-05-03,71.08,72.1,70.74,71.8,4231258.0,STOCK_B_MODERATE
2019-05-06,70.46,71.2,69.76,70.44,1565510.0,STOCK_B_MODERATE
2019-05-07,69.9,71.38,69.87,70.43,4863252.0,STOCK_B_MODERATE
2019-05-08,73.64,74.47,72.83,73.14,3061084.0,STOCK_B_MODERATE
2019-05-09,74.97,75.11,73.45,74.51,2462089.0,STOCK_B_MODERATE
2019-05-10,74.65,74.98,73.41,73.85,4598667.0,STOCK_B_MODERATE
2019-05-13,77.51,77.78,77.24,77.61,3136511.0,STOCK_B_MODERATE
2019-05-14,78.82,79.45,78.67,79.29,4627090.0,STOCK_B_MODERATE
2019-05-15,77.37,78.78,77.21,78.0,184097.0,STOCK_B_MODERATE
2019-05-16,78.21,78.24,76.73,77.34,2683693.0,STOCK_B_MODERATE
2019-05-17,79.32,79.62,78.07,79.01,1244616.0,STOCK_B_MODERATE
2019-05-20,79.92,80.83,79.59,80.4,4244675.0,STOCK_B_MODERATE
2019-05-21,80.93,82.13,80.9,81.12,3735291.0,STOCK_B_MODERATE
2019-05-22,79.38,79.61,78.73,79.21,3579013.0,STOCK_B_MODERATE
2019-05-23,78.91,79.33,78.24,79.12,3937913.0,STOCK_B_MODERATE
2019-05-24,81.2,81.64,80.44,80.53,3917372.0,STOCK_B_MODERATE
2019-05-27,84.35,85.59,82.45,83.66,189745.0,STOCK_B_MODERATE
2019-05-28,83.16,84.41,82.94,84.0,1225848.0,STOCK_B_MODERATE
2019-05-29,84.49,84.63,82.56,83.73,4749349.0,STOCK_B_MODERATE
2019-05-30,83.81,84.0,82.84,83.43,290085.0,STOCK_B_MODERATE
2019-05-31,83.9,84.74,83.4,84.36,4175764.0,STOCK_B_MODERATE
2019-06-03,81.2,81.99,81.06,81.35,2543693.0,STOCK_B_MODERATE
2019-06-04,80.04,81.01,79.4,80.75,2467304.0,STOCK_B_MODERATE
2019-06-05,80.58,81.09,80.47,80.61,3121166.0,STOCK_B_MODERATE
2019-06-06,80.81,81.31,80.51,81.25,7743798.0,STOCK_B_MODERATE
2019-06-07,80.91,81.6,80.32,81.2,678310.0,STOCK_B_MODERATE
2019-06-10,80.64,80.93,80.33,80.85,2687321.0,STOCK_B_MODERATE
2019-06-11,79.74,80.7,79.01,80.1,4561384.0,STOCK_B_MODERATE
2019-06-12,80.58,80.89,79.46,80.28,164893.0,STOCK_B_MODERATE
2019-06-13,80.31,82.56,79.1,81.18,1194769.0,STOCK_B_MODERATE
2019-06-14,82.23,82.66,80.9,81.87,2450879.0,STOCK_B_MODERATE
2019-06-17,83.61,85.09,83.46,83.55,4149255.0,STOCK_B_MODERATE
2019-06-18,82.64,83.25,82.62,82.91,456515.0,STOCK_B_MODERATE
2019-06-19,83.32,84.01,83.02,83.99,1093212.0,STOCK_B_MODERATE
2019-06-20,80.15,82.09,78.73,81.49,2308478.0,STOCK_B_MODERATE
2019-06-21,81.65,81.89,79.06,81.02,3809997.0,STOCK_B_MODERATE
2019-06-24,82.6,83.77,82.52,83.39,797500.0,STOCK_B_MODERATE
2019-06-25,82.24,82.6,81.84,81.97,2248234.0,STOCK_B_MODERATE
2019-06-26,82.68,83.64,82.2,83.19,4084061.0,STOCK_B_MODERATE
2019-06-27,82.33,83.36,81.17,82.21,633674.0,STOCK_B_MODERATE
2019-06-28,81.74,82.56,81.68,82.49,1182305.0,STOCK_B_MODERATE
2019-07-01,80.22,81.37,79.35,80.01,3030607.0,STOCK_B_MODERATE
2019-07-02,82.26,83.06,82.22,82.9,437700.0,STOCK_B_MODERATE
2019-07-03,85.85,86.28,84.63,85.48,4264097.0,STOCK_B_MODERATE
2019-07-04,84.5,85.37,83.59,84.32,3993115.0,STOCK_B_MODERATE
2019-07-05,81.15,83.36,81.09,82.67,4320925.0,STOCK_B_MODERATE
2019-07-08,79.54,80.47,79.46,80.07,2631065.0,STOCK_B_MODERATE
2019-07-09,81.79,83.23,80.41,80.51,3910153.0,STOCK_B_MODERATE
2019-07-10,81.3,81.44,80.91,80.93,1717586.0,STOCK_B_MODERATE
2019-07-11,82.67,82.93,81.54,81.95,559098.0,STOCK_B_MODERATE
2019-07-12,82.49,83.13,82.26,82.77,4379610.0,STOCK_B_MODERATE
2019-07-15,80.59,81.84,79.86,81.23,4611863.0,STOCK_B_MODERATE
2019-07-16,82.39,83.23,82.25,83.08,3666572.0,STOCK_B_MODERATE
2019-07-17,85.57,85.86,84.54,85.79,1860581.0,STOCK_B_MODERATE
2019-07-18,84.97,86.62,84.79,85.36,108752.0,STOCK_B_MODERATE
2019-07-19,84.52,84.86,84.0,84.46,873711.0,STOCK_B_MODERATE
2019-07-22,83.54,84.43,82.7,84.18,1942441.0,STOCK_B_MODERATE
2019-07-23,83.84,85.32,83.31,83.63,3482461.0,STOCK_B_MODERATE
2019-07-24,84.38,85.23,83.3,85.19,4953496.0,STOCK_B_MODERATE
2019-07-25,86.31,87.14,86.28,86.84,2689559.0,STOCK_B_MODERATE
2019-07-26,88.23,89.33,87.95,88.02,4101362.0,STOCK_B_MODERATE
2019-07-29,88.23,88.45,87.54,87.58,3292519.0,STOCK_B_MODERATE
2019-07-30,88.41,89.2,87.0,87.77,1139599.0,STOCK_B_MODERATE
2019-07-31,89.77,91.0,89.28,89.67,3681406.0,STOCK_B_MODERATE
2019-08-01,91.2,91.4,89.01,90.9,4801655.0,STOCK_B_MODERATE
2019-08-02,90.57,91.71,90.26,91.4,1853997.0,STOCK_B_MODERATE
2019-08-05,92.6,92.98,92.11,92.14,3890991.0,STOCK_B_MODERATE
2019-08-06,94.65,95.98,93.21,94.36,1072240.0,STOCK_B_MODERATE
2019-08-07,93.6,95.96,92.29,93.78,24370967.0,STOCK_B_MODERATE
2019-08-08,92.48,93.05,91.71,91.98,3252021.0,STOCK_B_MODERATE
2019-08-09,91.59,92.83,90.66,91.45,3507195.0,STOCK_B_MODERATE
2019-08-12,95.02,96.49,94.9,95.02,2216807.0,STOCK_B_MODERATE
2019-08-13,93.49,93.91,93.42,93.62,3667193.0,STOCK_B_MODERATE
2019-08-14,95.94,97.03,93.98,96.03,2396696.0,STOCK_B_MODERATE
2019-08-15,94.15,94.64,93.73,94.03,4166128.0,STOCK_B_MODERATE
2019-08-16,92.95,94.35,92.46,94.2,4590499.0,STOCK_B_MODERATE
2019-08-19,95.91,96.44,95.4,95.57,1753866.0,STOCK_B_MODERATE
2019-08-20,95.66,95.92,94.07,94.96,3779947.0,STOCK_B_MODERATE
2019-08-21,93.15,94.03,92.41,93.87,3823422.0,STOCK_B_MODERATE
2019-08-22,94.08,94.94,93.2,94.76,1925470.0,STOCK_B_MODERATE
2019-08-23,92.84,93.45,92.5,92.9,1547844.0,STOCK_B_MODERATE
2019-08-26,95.81,96.49,94.45,95.03,2592057.0,STOCK_B_MODERATE
2019-08-27,93.94,94.03,93.62,94.02,3874498.0,STOCK_B_MODERATE
2019-08-28,94.73,96.16,94.67,95.05,4622187.0,STOCK_B_MODERATE
2019-08-29,93.52,94.79,92.74,94.05,1764761.0,STOCK_B_MODERATE
2019-08-30,95.31,96.26,93.68,93.93,116291.0,STOCK_B_MODERATE
2019-09-02,94.52,94.62,92.97,93.77,1658463.0,STOCK_B_MODERATE
2019-09-03,95.46,96.21,94.14,95.72,649981.0,STOCK_B_MODERATE
2019-09-04,98.25,98.88,96.78,96.96,2457051.0,STOCK_B_MODERATE
2019-09-05,94.99,95.87,93.24,94.83,2615896.0,STOCK_B_MODERATE
2019-09-06,91.33,93.26,90.65,92.2,2665690.0,STOCK_B_MODERATE
2019-09-09,89.58,90.6,88.59,90.13,3298154.0,STOCK_B_MODERATE
2019-09-10,88.69,89.55,88.24,88.71,1324029.0,STOCK_B_MODERATE
2019-09-11,89.72,90.93,89.68,90.67,187872.0,STOCK_B_MODERATE
2019-09-12,90.29,91.16,90.08,91.05,3958123.0,STOCK_B_MODERATE
2019-09-13,93.02,93.78,92.22,93.14,1729539.0,STOCK_B_MODERATE
2019-09-16,91.94,92.85,91.28,91.76,1451577.0,STOCK_B_MODERATE
2019-09-17,91.14,91.98,90.4,91.33,4048268.0,STOCK_B_MODERATE
2019-09-18,91.33,91.61,90.33,90.6,908246.0,STOCK_B_MODERATE
2019-09-19,87.6,88.38,87.35,87.88,3425842.0,STOCK_B_MODERATE
2019-09-20,89.93,90.59,89.37,90.08,1878136.0,STOCK_B_MODERATE
2019-09-23,88.1,89.2,87.71,88.2,2143066.0,STOCK_B_MODERATE
2019-09-24,85.53,86.8,85.18,86.08,4977359.0,STOCK_B_MODERATE
2019-09-25,86.84,87.22,86.22,86.66,4929371.0,STOCK_B_MODERATE
2019-09-26,88.35,89.23,87.15,88.52,2905453.0,STOCK_B_MODERATE
2019-09-27,90.56,90.71,89.04,90.02,494598.0,STOCK_B_MODERATE
2019-09-30,90.23,91.7,90.06,91.02,4161933.0,STOCK_B_MODERATE
2019-10-01,93.6,94.89,93.21,93.87,3686799.0,STOCK_B_MODERATE
2019-10-02,91.88,93.35,91.67,92.82,2784337.0,STOCK_B_MODERATE
2019-10-03,89.05,90.02,87.47,89.78,4875066.0,STOCK_B_MODERATE
2019-10-04,90.59,90.88,89.75,90.84,3967979.0,STOCK_B_MODERATE
2019-10-07,89.78,90.56,89.08,90.27,2377010.0,STOCK_B_MODERATE
2019-10-08,92.02,93.36,90.79,91.48,4490726.0,STOCK_B_MODERATE
2019-10-09,95.79,97.43,94.35,95.06,3646266.0,STOCK_B_MODERATE
2019-10-10,96.73,97.3,96.31,97.18,2057063.0,STOCK_B_MODERATE
2019-10-11,97.81,99.28,96.61,97.92,1272008.0,STOCK_B_MODERATE
2019-10-14,96.95,97.36,96.33,96.92,385205.0,STOCK_B_MODERATE
2019-10-15,99.21,100.17,98.55,99.16,4898706.0,STOCK_B_MODERATE
2019-10-16,101.17,102.01,99.64,101.38,3146604.0,STOCK_B_MODERATE
2019-10-17,104.11,104.34,102.34,103.14,419210.0,STOCK_B_MODERATE
2019-10-18,103.53,105.15,102.55,103.8,3292863.0,STOCK_B_MODERATE
2019-10-21,102.42,102.94,100.64,102.06,2184923.0,STOCK_B_MODERATE
2019-10-22,102.34,104.1,102.25,102.75,4137239.0,STOCK_B_MODERATE
2019-10-23,105.69,105.69,104.72,105.5,4189931.0,STOCK_B_MODERATE
2019-10-24,104.75,105.67,103.64,104.17,4765587.0,STOCK_B_MODERATE
2019-10-25,105.51,105.83,104.81,105.64,2590686.0,STOCK_B_MODERATE
2019-10-28,110.82,111.08,109.18,110.04,581236.0,STOCK_B_MODERATE
2019-10-29,111.51,111.78,111.1,111.7,3723431.0,STOCK_B_MODERATE
2019-10-30,113.36,113.64,112.3,113.24,3380093.0,STOCK_B_MODERATE
2019-10-31,113.88,114.7,112.42,113.81,1699775.0,STOCK_B_MODERATE
2019-11-01,116.45,116.47,115.51,115.71,783464.0,STOCK_B_MODERATE
2019-11-04,122.29,123.06,120.64,123.06,399098.0,STOCK_B_MODERATE
2019-11-05,120.86,122.85,118.87,121.46,4510240.0,STOCK_B_MODERATE
2019-11-06,119.36,120.75,118.4,120.01,1433845.0,STOCK_B_MODERATE
2019-11-07,120.45,121.27,120.09,120.99,4856252.0,STOCK_B_MODERATE
2019-11-08,118.22,120.08,117.3,118.78,3801128.0,STOCK_B_MODERATE
2019-11-11,116.16,117.05,116.13,117.03,2467897.0,STOCK_B_MODERATE
2019-11-12,114.66,115.48,114.44,114.92,319801.0,STOCK_B_MODERATE
2019-11-13,115.67,116.75,115.1,115.12,4095691.0,STOCK_B_MODERATE
2019-11-14,110.76,111.54,110.2,110.59,3279047.0,STOCK_B_MODERATE
2019-11-15,110.39,110.93,107.78,109.19,3243264.0,STOCK_B_MODERATE
2019-11-18,106.28,106.81,105.86,106.79,4439673.0,STOCK_B_MODERATE
2019-11-19,105.14,106.54,104.52,106.0,4118750.0,STOCK_B_MODERATE
2019-11-20,106.47,107.55,105.74,107.07,4343639.0,STOCK_B_MODERATE
2019-11-21,107.7,108.8,106.97,108.13,4889453.0,STOCK_B_MODERATE
2019-11-22,108.28,108.79,107.29,108.42,2236753.0,STOCK_B_MODERATE
2019-11-25,109.72,109.72,108.34,109.69,3408326.0,STOCK_B_MODERATE
2019-11-26,108.63,109.26,108.5,109.11,2471395.0,STOCK_B_MODERATE
2019-11-27,110.49,110.92,108.64,109.01,3655616.0,STOCK_B_MODERATE
2019-11-28,108.25,109.24,107.16,107.42,228465.0,STOCK_B_MODERATE
2019-11-29,107.66,107.92,107.13,107.81,1287617.0,STOCK_B_MODERATE
2019-12-02,106.57,107.28,106.43,107.15,3528600.0,STOCK_B_MODERATE
2019-12-03,103.28,104.71,102.16,103.64,1602580.0,STOCK_B_MODERATE
2019-12-04,104.28,104.34,102.87,103.75,516869.0,STOCK_B_MODERATE
2019-12-05,108.66,108.86,108.25,108.48,1633528.0,STOCK_B_MODERATE
2019-12-06,104.47,105.18,103.23,105.15,2995598.0,STOCK_B_MODERATE
2019-12-09,104.9,106.11,104.28,105.35,128241.0,STOCK_B_MODERATE
2019-12-10,100.99,102.19,100.74,101.64,3599029.0,STOCK_B_MODERATE
2019-12-11,105.18,106.32,103.92,104.87,964402.0,STOCK_B_MODERATE
2019-12-12,109.89,110.7,108.63,108.85,662729.0,STOCK_B_MODERATE
2019-12-13,112.11,112.54,110.24,111.26,529641.0,STOCK_B_MODERATE
2019-12-16,114.28,115.66,112.94,114.63,3901754.0,STOCK_B_MODERATE
2019-12-17,114.49,115.35,112.62,114.29,2395754.0,STOCK_B_MODERATE
2019-12-18,112.12,113.36,110.76,112.77,3407137.0,STOCK_B_MODERATE
2019-12-19,110.02,110.6,109.64,109.77,1553849.0,STOCK_B_MODERATE
2019-12-20,110.09,110.77,109.06,109.7,501078.0,STOCK_B_MODERATE
2019-12-23,110.27,112.2,108.92,111.73,4737949.0,STOCK_B_MODERATE
2019-12-24,112.52,112.89,112.0,112.78,6201728.0,STOCK_B_MODERATE
2019-12-25,111.9,113.14,111.08,112.32,4799166.0,STOCK_B_MODERATE
2019-12-26,115.59,116.22,114.8,116.17,2982991.0,STOCK_B_MODERATE
2019-12-27,112.66,114.91,111.75,113.25,2697321.0,STOCK_B_MODERATE
2019-12-30,112.9,113.21,110.8,111.43,3442426.0,STOCK_B_MODERATE
2019-12-31,113.68,114.53,113.26,113.58,3044891.0,STOCK_B_MODERATE
2020-01-01,108.97,109.65,108.39,109.32,4946737.0,STOCK_B_MODERATE
2020-01-02,106.06,106.87,106.03,106.56,4416190.0,STOCK_B_MODERATE
2020-01-03,106.03,106.35,105.38,106.33,4985965.0,STOCK_B_MODERATE
2020-01-06,107.11,107.98,105.61,107.68,1091130.0,STOCK_B_MODERATE
2020-01-07,109.05,109.35,107.97,109.05,2070334.0,STOCK_B_MODERATE
2020-01-08,110.84,111.8,110.75,111.7,3528361.0,STOCK_B_MODERATE
2020-01-09,112.6,113.19,112.45,112.95,599074.0,STOCK_B_MODERATE
2020-01-10,111.3,112.19,110.0,110.87,1221380.0,STOCK_B_MODERATE
2020-01-13,110.55,110.64,108.27,110.03,3074631.0,STOCK_B_MODERATE
2020-01-14,107.71,109.07,107.52,109.07,532720.0,STOCK_B_MODERATE
2020-01-15,111.31,112.21,110.69,110.9,183667.0,STOCK_B_MODERATE
2020-01-16,112.02,113.86,110.98,112.51,3110599.0,STOCK_B_MODERATE
2020-01-17,112.3,112.38,111.28,111.57,1477423.0,STOCK_B_MODERATE
2020-01-20,107.16,108.63,105.45,107.88,3240078.0,STOCK_B_MODERATE
2020-01-21,108.1,108.33,107.45,108.33,1095539.0,STOCK_B_MODERATE
2020-01-22,105.17,106.38,104.97,105.12,2096971.0,STOCK_B_MODERATE
2020-01-23,103.41,103.95,102.12,102.91,4337981.0,STOCK_B_MODERATE
2020-01-24,103.79,104.77,101.7,103.27,4308760.0,STOCK_B_MODERATE
2020-01-27,103.32,103.85,102.55,103.83,2804539.0,STOCK_B_MODERATE
2020-01-28,101.79,103.04,101.61,102.29,942082.0,STOCK_B_MODERATE
2020-01-29,103.01,103.81,101.16,102.35,2058734.0,STOCK_B_MODERATE
2020-01-30,102.68,103.35,101.86,103.07,1807282.0,STOCK_B_MODERATE
2020-01-31,107.82,108.75,106.02,106.71,2015596.0,STOCK_B_MODERATE
2020-02-03,108.73,109.25,107.3,108.32,2307753.0,STOCK_B_MODERATE
2020-02-04,106.04,107.57,105.85,106.76,3294707.0,STOCK_B_MODERATE
2020-02-05,106.37,108.1,104.71,105.81,584914.0,STOCK_B_MODERATE
2020-02-06,106.67,106.89,106.3,106.49,4343488.0,STOCK_B_MODERATE
2020-02-07,108.17,109.17,107.2,108.27,666835.0,STOCK_B_MODERATE
2020-02-10,108.0,109.51,107.63,108.26,1938951.0,STOCK_B_MODERATE
2020-02-11,108.54,108.57,107.67,108.05,160709.0,STOCK_B_MODERATE
2020-02-12,110.61,111.34,109.94,111.17,3733908.0,STOCK_B_MODERATE
2020-02-13,110.76,112.14,109.67,111.28,4964130.0,STOCK_B_MODERATE
2020-02-14,106.48,107.51,105.12,106.89,1643054.0,STOCK_B_MODERATE
2020-02-17,112.45,113.39,111.4,112.8,4102395.0,STOCK_B_MODERATE
2020-02-18,112.2,112.66,111.55,112.07,2862396.0,STOCK_B_MODERATE
2020-02-19,111.24,112.19,110.67,111.05,3270319.0,STOCK_B_MODERATE
2020-02-20,112.38,112.89,111.45,111.88,1777467.0,STOCK_B_MODERATE
2020-02-21,113.58,114.25,110.5,112.17,3412118.0,STOCK_B_MODERATE
2020-02-24,114.55,115.25,114.04,114.08,424838.0,STOCK_B_MODERATE
2020-02-25,114.02,115.74,112.81,114.33,4852468.0,STOCK_B_MODERATE
2020-02-26,116.02,117.29,115.85,115.89,1217363.0,STOCK_B_MODERATE
2020-02-27,114.13,114.65,113.91,114.14,115182.0,STOCK_B_MODERATE
2020-02-28,108.03,109.65,107.89,108.86,100284.0,STOCK_B_MODERATE
2020-03-02,109.94,110.39,108.97,109.72,408514.0,STOCK_B_MODERATE
2020-03-03,106.71,108.37,106.17,107.47,4251904.0,STOCK_B_MODERATE
2020-03-04,104.25,104.81,103.87,104.13,4742844.0,STOCK_B_MODERATE
2020-03-05,104.3,104.49,104.27,104.48,351567.0,STOCK_B_MODERATE
2020-03-06,103.82,104.85,103.22,104.79,3612211.0,STOCK_B_MODERATE
2020-03-09,106.32,106.93,105.53,105.84,4859713.0,STOCK_B_MODERATE
2020-03-10,108.46,109.33,108.07,108.12,1268600.0,STOCK_B_MODERATE
2020-03-11,108.45,108.5,107.68,107.76,4151523.0,STOCK_B_MODERATE
2020-03-12,103.82,104.54,102.58,104.32,2849344.0,STOCK_B_MODERATE
2020-03-13,105.89,106.39,105.33,105.98,4686037.0,STOCK_B_MODERATE
2020-03-16,107.64,107.85,107.1,107.31,3150119.0,STOCK_B_MODERATE
2020-03-17,106.46,106.95,104.54,105.05,3077636.0,STOCK_B_MODERATE
2020-03-18,109.07,110.19,107.88,109.05,3039481.0,STOCK_B_MODERATE
2020-03-19,107.03,107.68,106.28,107.32,1412384.0,STOCK_B_MODERATE
2020-03-20,109.0,110.04,108.4,109.52,3995188.0,STOCK_B_MODERATE
2020-03-23,112.02,113.28,109.23,111.1,1459814.0,STOCK_B_MODERATE
2020-03-24,109.67,111.0,108.68,108.91,4001418.0,STOCK_B_MODERATE
2020-03-25,107.74,109.34,107.01,107.9,2324226.0,STOCK_B_MODERATE
2020-03-26,109.49,110.12,108.36,109.27,1161461.0,STOCK_B_MODERATE
2020-03-27,112.66,112.67,111.12,111.6,2137980.0,STOCK_B_MODERATE
2020-03-30,110.47,110.59,109.54,110.09,2608351.0,STOCK_B_MODERATE
2020-03-31,108.25,109.66,107.8,108.71,3124653.0,STOCK_B_MODERATE
2020-04-01,105.81,106.1,103.55,105.98,4356470.0,STOCK_B_MODERATE
2020-04-02,108.93,110.85,108.31,108.76,3988987.0,STOCK_B_MODERATE
2020-04-03,112.04,112.29,110.19,110.75,4216704.0,STOCK_B_MODERATE
2020-04-06,109.48,111.58,108.66,110.55,4043332.0,STOCK_B_MODERATE
2020-04-07,108.07,109.57,106.41,107.75,185444.0,STOCK_B_MODERATE
2020-04-08,107.47,107.94,107.06,107.43,1257503.0,STOCK_B_MODERATE
2020-04-09,108.75,109.28,107.44,107.47,4152522.0,STOCK_B_MODERATE
2020-04-10,109.03,110.2,108.1,108.54,2125613.0,STOCK_B_MODERATE
2020-04-13,104.6,104.79,102.55,104.66,3136656.0,STOCK_B_MODERATE
2020-04-14,106.15,106.94,105.8,106.18,3298986.0,STOCK_B_MODERATE
2020-04-15,105.57,105.81,105.09,105.64,2672403.0,STOCK_B_MODERATE
2020-04-16,108.04,108.94,107.66,107.75,4380682.0,STOCK_B_MODERATE
2020-04-17,109.43,109.66,107.93,109.0,2874911.0,STOCK_B_MODERATE
2020-04-20,106.2,107.63,106.0,106.81,4702270.0,STOCK_B_MODERATE
2020-04-21,106.5,107.39,106.23,106.86,2551732.0,STOCK_B_MODERATE
2020-04-22,106.08,106.65,105.81,105.86,1300797.0,STOCK_B_MODERATE
2020-04-23,106.42,106.56,106.12,106.3,1295975.0,STOCK_B_MODERATE
2020-04-24,104.33,104.87,104.21,104.59,303412.0,STOCK_B_MODERATE
2020-04-27,102.46,104.55,101.1,103.67,3781216.0,STOCK_B_MODERATE
2020-04-28,102.17,103.28,100.87,102.7,2506356.0,STOCK_B_MODERATE
2020-04-29,98.82,99.38,98.81,99.04,993437.0,STOCK_B_MODERATE
2020-04-30,99.72,100.0,99.26,99.99,3156015.0,STOCK_B_MODERATE
2020-05-01,104.47,104.56,103.44,103.78,3908571.0,STOCK_B_MODERATE
2020-05-04,102.68,104.17,102.27,102.96,3603629.0,STOCK_B_MODERATE
2020-05-05,103.54,104.27,103.32,103.88,1361418.0,STOCK_B_MODERATE
2020-05-06,103.58,104.11,101.49,103.09,1295550.0,STOCK_B_MODERATE
2020-05-07,98.47,98.83,97.12,98.03,2958293.0,STOCK_B_MODERATE
2020-05-08,95.42,96.59,95.23,96.16,2500436.0,STOCK_B_MODERATE
2020-05-11,99.93,100.01,98.46,99.3,1000575.0,STOCK_B_MODERATE
2020-05-12,104.25,105.26,101.45,103.71,3684684.0,STOCK_B_MODERATE
2020-05-13,103.36,103.84,103.29,103.75,2357740.0,STOCK_B_MODERATE
2020-05-14,101.31,102.19,100.84,102.07,3951356.0,STOCK_B_MODERATE
2020-05-15,104.2,104.88,103.24,103.75,4757377.0,STOCK_B_MODERATE
2020-05-18,101.72,103.53,101.2,101.86,2313802.0,STOCK_B_MODERATE
2020-05-19,102.08,103.54,101.76,102.5,3856051.0,STOCK_B_MODERATE
2020-05-20,102.37,102.79,101.73,102.58,3142569.0,STOCK_B_MODERATE
2020-05-21,100.19,101.73,99.48,101.04,3887140.0,STOCK_B_MODERATE
2020-05-22,102.42,103.21,102.16,102.29,3755268.0,STOCK_B_MODERATE
2020-05-25,102.69,103.14,101.42,102.22,10868812.0,STOCK_B_MODERATE
2020-05-26,105.99,106.4,105.78,105.85,280678.0,STOCK_B_MODERATE
2020-05-27,108.52,110.14,107.54,108.29,1871808.0,STOCK_B_MODERATE
2020-05-28,108.28,108.57,108.02,108.52,1405176.0,STOCK_B_MODERATE
2020-05-29,106.02,106.46,105.63,105.78,1130479.0,STOCK_B_MODERATE
2020-06-01,104.37,105.63,103.34,103.76,4112296.0,STOCK_B_MODERATE
2020-06-02,105.16,106.21,104.85,106.01,114920.0,STOCK_B_MODERATE
2020-06-03,106.91,109.0,106.78,107.77,4423829.0,STOCK_B_MODERATE
2020-06-04,105.49,105.5,104.7,105.4,3127406.0,STOCK_B_MODERATE
2020-06-05,105.43,105.73,103.98,105.57,3241840.0,STOCK_B_MODERATE
2020-06-08,103.42,104.95,102.12,104.01,1526883.0,STOCK_B_MODERATE
2020-06-09,102.23,102.67,101.43,101.69,1427445.0,STOCK_B_MODERATE
2020-06-10,98.45,99.51,97.98,98.27,3540469.0,STOCK_B_MODERATE
2020-06-11,97.73,98.89,97.55,98.05,1941511.0,STOCK_B_MODERATE
2020-06-12,98.76,99.56,96.78,98.0,1058449.0,STOCK_B_MODERATE
2020-06-15,96.72,98.45,96.34,97.27,2527554.0,STOCK_B_MODERATE
2020-06-16,93.76,95.22,93.58,94.89,4672619.0,STOCK_B_MODERATE
2020-06-17,94.73,95.63,93.99,95.47,2545995.0,STOCK_B_MODERATE
2020-06-18,94.11,94.43,93.75,94.43,4635612.0,STOCK_B_MODERATE
2020-06-19,95.84,96.69,95.5,95.77,3370600.0,STOCK_B_MODERATE
2020-06-22,96.54,96.77,96.08,96.24,2113346.0,STOCK_B_MODERATE
2020-06-23,95.04,95.88,94.03,95.42,3252883.0,STOCK_B_MODERATE
2020-06-24,97.57,98.46,96.82,97.19,1415279.0,STOCK_B_MODERATE
2020-06-25,96.08,96.63,95.53,95.79,2869932.0,STOCK_B_MODERATE
2020-06-26,94.08,95.48,93.2,94.5,4772748.0,STOCK_B_MODERATE
2020-06-29,95.66,96.04,93.03,94.66,1686289.0,STOCK_B_MODERATE
2020-06-30,97.01,98.56,95.33,96.1,550712.0,STOCK_B_MODERATE
2020-07-01,95.72,96.29,95.47,95.8,578626.0,STOCK_B_MODERATE
2020-07-02,96.54,98.31,95.43,96.07,4415772.0,STOCK_B_MODERATE
2020-07-03,96.47,97.7,96.26,96.63,1986825.0,STOCK_B_MODERATE
2020-07-06,96.01,96.51,95.61,96.06,3706067.0,STOCK_B_MODERATE
2020-07-07,96.35,96.65,95.79,96.61,4911286.0,STOCK_B_MODERATE
2020-07-08,97.28,98.93,96.12,97.09,4146930.0,STOCK_B_MODERATE
2020-07-09,93.14,94.21,92.19,93.89,2072586.0,STOCK_B_MODERATE
2020-07-10,96.68,96.75,95.52,96.39,4696424.0,STOCK_B_MODERATE
2020-07-13,99.29,99.74,98.66,99.24,2084167.0,STOCK_B_MODERATE
2020-07-14,100.12,101.59,99.52,99.6,745351.0,STOCK_B_MODERATE
2020-07-15,102.39,102.5,101.34,101.72,3334014.0,STOCK_B_MODERATE
2020-07-16,102.24,102.27,102.04,102.08,4636238.0,STOCK_B_MODERATE
2020-07-17,103.95,105.72,103.63,103.77,3429583.0,STOCK_B_MODERATE
2020-07-20,105.53,107.56,104.68,105.92,1017652.0,STOCK_B_MODERATE
2020-07-21,104.22,105.52,103.17,105.14,3465147.0,STOCK_B_MODERATE
2020-07-22,106.41,106.76,105.95,106.21,2009853.0,STOCK_B_MODERATE
2020-07-23,109.91,110.04,108.97,109.23,1812604.0,STOCK_B_MODERATE
2020-07-24,112.2,112.4,110.51,111.71,4131408.0,STOCK_B_MODERATE
2020-07-27,115.04,115.7,114.94,115.25,3092203.0,STOCK_B_MODERATE
2020-07-28,118.04,120.02,117.47,118.72,2164005.0,STOCK_B_MODERATE
2020-07-29,120.21,121.68,119.89,120.28,444915.0,STOCK_B_MODERATE
2020-07-30,118.54,119.2,117.48,118.17,4987308.0,STOCK_B_MODERATE
2020-07-31,119.58,119.97,119.28,119.77,4687786.0,STOCK_B_MODERATE
2020-08-03,122.64,124.2,120.3,122.12,203396.0,STOCK_B_MODERATE
2020-08-04,124.7,125.84,123.64,124.38,4578053.0,STOCK_B_MODERATE
2020-08-05,122.23,123.18,121.73,123.09,3281953.0,STOCK_B_MODERATE
2020-08-06,124.54,126.14,123.45,125.11,2014447.0,STOCK_B_MODERATE
2020-08-07,123.72,124.56,122.18,123.9,4010221.0,STOCK_B_MODERATE
2020-08-10,127.31,128.05,124.32,125.87,3033041.0,STOCK_B_MODERATE
2020-08-11,131.18,132.57,130.51,130.9,2344600.0,STOCK_B_MODERATE
2020-08-12,129.38,131.31,127.58,128.59,1652609.0,STOCK_B_MODERATE
2020-08-13,127.22,128.12,126.93,127.73,775138.0,STOCK_B_MODERATE
2020-08-14,127.24,128.08,125.97,128.07,4285224.0,STOCK_B_MODERATE
2020-08-17,131.39,132.27,131.19,131.55,3952590.0,STOCK_B_MODERATE
2020-08-18,140.69,141.62,138.47,140.34,2866939.0,STOCK_B_MODERATE
2020-08-19,142.2,142.8,139.99,141.88,271845.0,STOCK_B_MODERATE
2020-08-20,142.2,142.45,141.98,142.36,118135.0,STOCK_B_MODERATE
2020-08-21,143.17,143.75,140.44,142.09,4384825.0,STOCK_B_MODERATE
2020-08-24,137.4,139.05,135.74,136.98,2629584.0,STOCK_B_MODERATE
2020-08-25,136.57,138.06,134.89,137.12,820620.0,STOCK_B_MODERATE
2020-08-26,139.7,140.39,137.32,137.68,2224363.0,STOCK_B_MODERATE
2020-08-27,142.25,142.64,140.97,141.61,908503.0,STOCK_B_MODERATE
2020-08-28,135.74,137.04,135.67,135.88,3908899.0,STOCK_B_MODERATE
2020-08-31,135.95,138.58,135.15,135.79,1998885.0,STOCK_B_MODERATE
2020-09-01,136.62,137.84,136.47,136.52,4760695.0,STOCK_B_MODERATE
2020-09-02,131.77,133.29,129.1,133.24,863379.0,STOCK_B_MODERATE
2020-09-03,136.19,136.95,134.91,136.65,2480042.0,STOCK_B_MODERATE
2020-09-04,137.7,138.32,136.0,137.22,1184018.0,STOCK_B_MODERATE
2020-09-07,139.29,140.79,138.52,138.98,3787173.0,STOCK_B_MODERATE
2020-09-08,139.18,139.56,137.38,138.66,366823.0,STOCK_B_MODERATE
2020-09-09,138.08,138.67,135.75,137.83,2404986.0,STOCK_B_MODERATE
2020-09-10,135.2,135.26,130.28,133.46,2658039.0,STOCK_B_MODERATE
2020-09-11,135.21,137.5,133.73,135.43,3455142.0,STOCK_B_MODERATE
2020-09-14,138.11,139.33,137.37,138.33,482997.0,STOCK_B_MODERATE
2020-09-15,139.86,140.41,139.41,140.09,3396446.0,STOCK_B_MODERATE
2020-09-16,137.54,141.19,137.08,137.91,3023366.0,STOCK_B_MODERATE
2020-09-17,138.67,139.13,134.65,136.21,914460.0,STOCK_B_MODERATE
2020-09-18,132.69,133.28,130.24,132.85,3030885.0,STOCK_B_MODERATE
2020-09-21,132.34,133.18,131.65,132.33,4531492.0,STOCK_B_MODERATE
2020-09-22,137.19,138.84,133.54,136.14,1347757.0,STOCK_B_MODERATE
2020-09-23,137.61,138.32,137.52,138.01,2881675.0,STOCK_B_MODERATE
2020-09-24,137.7,138.58,135.46,136.16,2338467.0,STOCK_B_MODERATE
2020-09-25,132.56,134.36,130.15,132.23,4967754.0,STOCK_B_MODERATE
2020-09-28,132.71,133.5,132.23,132.99,4088891.0,STOCK_B_MODERATE
2020-09-29,134.68,135.82,133.86,134.29,1103021.0,STOCK_B_MODERATE
2020-09-30,133.94,134.35,132.98,133.75,2251440.0,STOCK_B_MODERATE
2020-10-01,133.45,134.81,132.26,132.87,3185481.0,STOCK_B_MODERATE
2020-10-02,131.05,132.03,129.55,131.52,4116129.0,STOCK_B_MODERATE
2020-10-05,130.72,133.08,130.52,130.99,4072099.0,STOCK_B_MODERATE
2020-10-06,130.1,130.88,128.11,128.5,3985874.0,STOCK_B_MODERATE
2020-10-07,129.55,129.62,127.58,129.18,3550916.0,STOCK_B_MODERATE
2020-10-08,129.87,131.49,129.17,130.32,599373.0,STOCK_B_MODERATE
2020-10-09,130.84,131.69,129.74,131.07,4042511.0,STOCK_B_MODERATE
2020-10-12,131.87,132.5,130.29,131.46,3642537.0,STOCK_B_MODERATE
2020-10-13,134.35,134.97,133.9,134.95,3065306.0,STOCK_B_MODERATE
2020-10-14,134.88,136.5,133.82,134.29,2332603.0,STOCK_B_MODERATE
2020-10-15,134.66,134.75,133.24,134.41,1508970.0,STOCK_B_MODERATE
2020-10-16,137.87,140.01,136.81,139.23,3875998.0,STOCK_B_MODERATE
2020-10-19,134.75,136.64,133.81,135.36,3238085.0,STOCK_B_MODERATE
2020-10-20,129.97,130.53,129.04,129.96,1183948.0,STOCK_B_MODERATE
2020-10-21,131.05,131.69,129.4,131.34,4857986.0,STOCK_B_MODERATE
2020-10-22,130.92,133.35,129.67,130.84,4967035.0,STOCK_B_MODERATE
2020-10-23,134.99,137.8,134.89,135.91,1193807.0,STOCK_B_MODERATE
2020-10-26,138.01,139.25,135.4,138.61,3096341.0,STOCK_B_MODERATE
2020-10-27,141.57,141.72,138.73,140.79,958935.0,STOCK_B_MODERATE
2020-10-28,142.75,144.42,141.06,143.16,4784377.0,STOCK_B_MODERATE
2020-10-29,139.43,140.42,138.5,140.31,3260525.0,STOCK_B_MODERATE
2020-10-30,140.11,141.01,139.97,140.67,3533453.0,STOCK_B_MODERATE
2020-11-02,146.51,147.64,145.84,146.52,1217978.0,STOCK_B_MODERATE
2020-11-03,143.04,144.49,142.81,142.94,2950909.0,STOCK_B_MODERATE
2020-11-04,142.82,144.58,141.6,142.91,1801315.0,STOCK_B_MODERATE
2020-11-05,139.65,141.76,139.17,140.01,3966860.0,STOCK_B_MODERATE
2020-11-06,142.25,142.67,141.71,141.78,3316757.0,STOCK_B_MODERATE
2020-11-09,144.91,144.93,144.39,144.46,470263.0,STOCK_B_MODERATE
2020-11-10,140.68,142.73,139.68,141.84,4319533.0,STOCK_B_MODERATE
2020-11-11,143.92,144.87,141.89,141.89,1529843.0,STOCK_B_MODERATE
2020-11-12,146.72,149.02,144.56,145.8,1276981.0,STOCK_B_MODERATE
2020-11-13,146.13,146.68,145.56,146.13,3079277.0,STOCK_B_MODERATE
2020-11-16,143.42,144.07,142.64,143.17,748994.0,STOCK_B_MODERATE
2020-11-17,144.7,145.71,143.97,144.54,1460590.0,STOCK_B_MODERATE
2020-11-18,151.35,152.76,150.02,150.28,3737611.0,STOCK_B_MODERATE
2020-11-19,146.0,146.37,145.23,146.21,2182542.0,STOCK_B_MODERATE
2020-11-20,144.5,145.65,142.49,144.99,849374.0,STOCK_B_MODERATE
2020-11-23,144.22,144.82,143.9,144.22,2622200.0,STOCK_B_MODERATE
2020-11-24,144.46,147.34,143.32,145.76,1359381.0,STOCK_B_MODERATE
2020-11-25,143.79,148.77,143.09,146.69,348343.0,STOCK_B_MODERATE
2020-11-26,148.43,149.9,147.6,148.48,3224371.0,STOCK_B_MODERATE
2020-11-27,154.85,156.21,153.99,154.08,3386385.0,STOCK_B_MODERATE
2020-11-30,152.22,154.17,150.21,154.01,1233790.0,STOCK_B_MODERATE
2020-12-01,150.63,152.06,148.27,151.51,3022831.0,STOCK_B_MODERATE
2020-12-02,151.2,154.34,150.73,151.86,344938.0,STOCK_B_MODERATE
2020-12-03,156.91,157.1,155.42,156.51,326030.0,STOCK_B_MODERATE
2020-12-04,157.0,157.49,154.69,156.05,2570216.0,STOCK_B_MODERATE
2020-12-07,158.62,159.5,157.88,158.24,2074123.0,STOCK_B_MODERATE
2020-12-08,158.62,158.83,157.48,158.77,4690453.0,STOCK_B_MODERATE
2020-12-09,158.52,158.58,156.75,158.28,2794005.0,STOCK_B_MODERATE
2020-12-10,157.88,158.82,156.59,157.07,3274438.0,STOCK_B_MODERATE
2020-12-11,160.49,163.15,159.52,160.0,2446665.0,STOCK_B_MODERATE
2020-12-14,157.99,161.91,157.11,158.47,229797.0,STOCK_B_MODERATE
2020-12-15,156.33,159.67,155.82,157.91,4454286.0,STOCK_B_MODERATE
2020-12-16,154.36,155.51,150.63,152.66,4704480.0,STOCK_B_MODERATE
2020-12-17,150.13,152.67,149.94,152.05,471995.0,STOCK_B_MODERATE
2020-12-18,153.1,154.14,150.14,151.54,3749299.0,STOCK_B_MODERATE
2020-12-21,152.01,154.89,151.9,152.0,4638501.0,STOCK_B_MODERATE
2020-12-22,150.97,152.31,150.03,150.41,1909008.0,STOCK_B_MODERATE
2020-12-23,146.96,147.23,146.48,146.53,2341454.0,STOCK_B_MODERATE
2020-12-24,147.88,148.96,146.32,147.58,1993243.0,STOCK_B_MODERATE
2020-12-25,149.72,150.05,149.2,149.24,2643626.0,STOCK_B_MODERATE
2020-12-28,146.55,147.49,145.87,147.18,2772797.0,STOCK_B_MODERATE
2020-12-29,148.24,149.1,146.09,147.85,3301995.0,STOCK_B_MODERATE
2020-12-30,144.92,146.66,143.61,146.45,4984162.0,STOCK_B_MODERATE
2020-12-31,146.78,147.09,143.12,145.87,5958330.0,STOCK_B_MODERATE
2021-01-01,144.68,147.03,143.86,146.22,3706338.0,STOCK_B_MODERATE
2021-01-04,143.93,145.31,142.8,144.56,2506644.0,STOCK_B_MODERATE
2021-01-05,142.11,142.17,140.42,141.59,4236375.0,STOCK_B_MODERATE
2021-01-06,148.43,150.48,146.49,146.94,2552138.0,STOCK_B_MODERATE
2021-01-07,146.91,149.61,144.45,146.4,3106300.0,STOCK_B_MODERATE
2021-01-08,145.11,149.8,143.62,147.0,1386281.0,STOCK_B_MODERATE
2021-01-11,151.04,151.86,149.8,150.79,3633090.0,STOCK_B_MODERATE
2021-01-12,153.57,154.42,152.69,154.1,4872476.0,STOCK_B_MODERATE
2021-01-13,151.14,151.44,150.39,151.08,927632.0,STOCK_B_MODERATE
2021-01-14,151.2,153.52,147.64,149.56,669926.0,STOCK_B_MODERATE
2021-01-15,158.73,159.77,157.21,158.33,3341029.0,STOCK_B_MODERATE
2021-01-18,158.36,159.51,157.77,158.6,3687626.0,STOCK_B_MODERATE
2021-01-19,159.71,165.43,159.6,161.22,1949548.0,STOCK_B_MODERATE
2021-01-20,160.9,163.58,159.21,162.19,2431707.0,STOCK_B_MODERATE
2021-01-21,161.33,162.76,161.12,161.47,1187255.0,STOCK_B_MODERATE
2021-01-22,162.19,162.94,160.76,161.66,8633821.0,STOCK_B_MODERATE
2021-01-25,162.69,163.9,162.0,162.56,4200901.0,STOCK_B_MODERATE
2021-01-26,162.81,163.91,162.28,163.69,3024825.0,STOCK_B_MODERATE
2021-01-27,155.97,157.87,153.5,155.21,3136037.0,STOCK_B_MODERATE
2021-01-28,152.68,154.94,151.44,153.63,3144071.0,STOCK_B_MODERATE
2021-01-29,151.06,151.66,149.03,151.22,4619273.0,STOCK_B_MODERATE
2021-02-01,146.77,147.34,143.67,145.63,1333178.0,STOCK_B_MODERATE
2021-02-02,142.19,143.24,140.68,142.98,4523188.0,STOCK_B_MODERATE
2021-02-03,136.47,137.17,135.07,136.66,1824866.0,STOCK_B_MODERATE
2021-02-04,141.87,141.92,141.28,141.53,310063.0,STOCK_B_MODERATE
2021-02-05,138.37,141.23,135.85,140.11,3664887.0,STOCK_B_MODERATE
2021-02-08,138.79,139.65,137.47,138.68,2690597.0,STOCK_B_MODERATE
2021-02-09,140.88,141.07,140.51,140.73,3409539.0,STOCK_B_MODERATE
2021-02-10,138.53,140.64,137.21,140.04,3801145.0,STOCK_B_MODERATE
2021-02-11,142.06,142.63,140.53,141.86,516946.0,STOCK_B_MODERATE
2021-02-12,139.39,142.0,139.03,140.86,4687281.0,STOCK_B_MODERATE
2021-02-15,141.83,144.56,140.49,140.58,14353053.0,STOCK_B_MODERATE
2021-02-16,139.66,140.22,138.01,139.57,1497182.0,STOCK_B_MODERATE
2021-02-17,140.92,143.79,140.32,141.99,1201829.0,STOCK_B_MODERATE
2021-02-18,138.7,141.62,138.22,140.39,2282706.0,STOCK_B_MODERATE
2021-02-19,134.79,136.07,132.9,133.31,2408073.0,STOCK_B_MODERATE
2021-02-22,133.5,134.18,133.39,133.45,2599690.0,STOCK_B_MODERATE
2021-02-23,137.45,138.34,134.91,136.03,3028299.0,STOCK_B_MODERATE
2021-02-24,132.69,134.27,132.66,134.03,1166335.0,STOCK_B_MODERATE
2021-02-25,131.38,131.81,130.98,131.14,865840.0,STOCK_B_MODERATE
2021-02-26,129.9,132.2,129.29,129.5,4456456.0,STOCK_B_MODERATE
2021-03-01,123.22,123.92,122.03,123.44,3789200.0,STOCK_B_MODERATE
2021-03-02,119.9,121.28,119.14,120.85,4308804.0,STOCK_B_MODERATE
2021-03-03,119.03,119.73,117.49,118.97,2196573.0,STOCK_B_MODERATE
2021-03-04,120.39,120.98,119.88,120.61,1948608.0,STOCK_B_MODERATE
2021-03-05,120.33,121.47,118.29,119.44,2010828.0,STOCK_B_MODERATE
2021-03-08,120.81,122.49,120.32,121.12,1941718.0,STOCK_B_MODERATE
2021-03-09,117.75,118.51,117.73,117.79,4392963.0,STOCK_B_MODERATE
2021-03-10,123.69,124.15,122.7,123.6,845253.0,STOCK_B_MODERATE
2021-03-11,122.5,124.56,120.27,121.41,2369683.0,STOCK_B_MODERATE
2021-03-12,119.29,119.88,117.75,118.84,2413971.0,STOCK_B_MODERATE
2021-03-15,122.44,123.01,121.83,121.93,1328737.0,STOCK_B_MODERATE
2021-03-16,118.26,120.29,116.52,119.17,2718616.0,STOCK_B_MODERATE
2021-03-17,121.27,121.83,117.92,119.79,2644620.0,STOCK_B_MODERATE
2021-03-18,125.5,126.58,125.3,126.53,4192638.0,STOCK_B_MODERATE
2021-03-19,125.24,126.45,123.57,125.15,474102.0,STOCK_B_MODERATE
2021-03-22,119.3,121.09,117.65,120.27,3731507.0,STOCK_B_MODERATE
2021-03-23,121.1,122.74,118.66,120.35,1877571.0,STOCK_B_MODERATE
2021-03-24,118.08,118.69,117.28,118.68,1156591.0,STOCK_B_MODERATE
2021-03-25,115.35,116.88,113.86,116.42,20429403.0,STOCK_B_MODERATE
2021-03-26,117.31,117.7,116.57,117.58,1981669.0,STOCK_B_MODERATE
2021-03-29,120.39,121.33,119.1,119.93,1213694.0,STOCK_B_MODERATE
2021-03-30,121.31,121.81,120.28,120.88,3323414.0,STOCK_B_MODERATE
2021-03-31,120.09,122.03,119.95,121.68,4511025.0,STOCK_B_MODERATE
2021-04-01,116.74,118.02,116.43,117.94,3809602.0,STOCK_B_MODERATE
2021-04-02,116.67,116.81,116.35,116.64,1523425.0,STOCK_B_MODERATE
2021-04-05,119.49,121.63,117.23,118.48,3515724.0,STOCK_B_MODERATE
2021-04-06,116.25,117.19,114.52,115.78,2018465.0,STOCK_B_MODERATE
2021-04-07,115.85,117.89,114.83,116.77,2219783.0,STOCK_B_MODERATE
2021-04-08,113.37,117.03,112.18,114.56,2050510.0,STOCK_B_MODERATE
2021-04-09,116.11,116.82,115.5,116.56,3912929.0,STOCK_B_MODERATE
2021-04-12,113.72,115.04,113.11,114.37,2663783.0,STOCK_B_MODERATE
2021-04-13,116.77,117.18,115.12,116.08,1279816.0,STOCK_B_MODERATE
2021-04-14,118.21,119.8,117.57,117.81,3066546.0,STOCK_B_MODERATE
2021-04-15,116.69,118.1,116.29,117.83,3893858.0,STOCK_B_MODERATE
2021-04-16,117.17,118.62,116.86,117.35,3106599.0,STOCK_B_MODERATE
2021-04-19,114.0,115.23,113.92,114.34,3148473.0,STOCK_B_MODERATE
2021-04-20,110.76,111.8,110.12,111.17,1904477.0,STOCK_B_MODERATE
2021-04-21,116.64,118.33,115.6,115.84,4233857.0,STOCK_B_MODERATE
2021-04-22,114.04,115.6,112.57,113.83,180917.0,STOCK_B_MODERATE
2021-04-23,110.06,111.79,107.47,109.37,1910271.0,STOCK_B_MODERATE
2021-04-26,109.77,109.94,109.34,109.94,4396815.0,STOCK_B_MODERATE
2021-04-27,109.66,110.17,108.21,108.72,4579521.0,STOCK_B_MODERATE
2021-04-28,107.28,109.61,105.23,108.86,1513325.0,STOCK_B_MODERATE
2021-04-29,107.86,109.29,107.7,108.73,2635830.0,STOCK_B_MODERATE
2021-04-30,105.48,106.78,105.05,106.01,2647550.0,STOCK_B_MODERATE
2021-05-03,101.18,102.59,100.24,101.59,2038792.0,STOCK_B_MODERATE
2021-05-04,101.15,101.46,100.98,101.39,4008689.0,STOCK_B_MODERATE
2021-05-05,104.01,104.12,103.41,103.71,4359673.0,STOCK_B_MODERATE
2021-05-06,103.01,104.18,102.6,102.83,817557.0,STOCK_B_MODERATE
2021-05-07,103.76,104.04,102.66,103.21,927972.0,STOCK_B_MODERATE
2021-05-10,104.54,104.88,103.66,104.68,4709462.0,STOCK_B_MODERATE
2021-05-11,102.99,104.15,102.42,103.34,1228537.0,STOCK_B_MODERATE
2021-05-12,101.05,101.83,100.9,101.63,1120308.0,STOCK_B_MODERATE
2021-05-13,100.81,102.58,99.94,100.37,2948534.0,STOCK_B_MODERATE
2021-05-14,102.58,103.05,101.51,102.03,1815813.0,STOCK_B_MODERATE
2021-05-17,103.45,103.9,102.52,102.95,3290312.0,STOCK_B_MODERATE
2021-05-18,102.44,103.78,102.4,103.39,4676789.0,STOCK_B_MODERATE
2021-05-19,100.87,101.06,99.8,100.69,934349.0,STOCK_B_MODERATE
2021-05-20,104.69,105.29,104.23,104.41,2230622.0,STOCK_B_MODERATE
2021-05-21,104.86,105.47,103.16,104.46,2592640.0,STOCK_B_MODERATE
2021-05-24,103.67,103.99,103.38,103.84,4643485.0,STOCK_B_MODERATE
2021-05-25,105.93,105.94,104.54,105.15,3727513.0,STOCK_B_MODERATE
2021-05-26,106.94,107.78,105.49,106.48,2522452.0,STOCK_B_MODERATE
2021-05-27,106.27,106.66,105.8,106.16,3748879.0,STOCK_B_MODERATE
2021-05-28,106.96,108.9,106.61,107.49,4881455.0,STOCK_B_MODERATE
2021-05-31,109.69,112.06,108.64,111.61,2055743.0,STOCK_B_MODERATE
2021-06-01,113.65,114.59,111.89,112.83,2678919.0,STOCK_B_MODERATE
2021-06-02,112.22,113.26,110.8,112.26,4399575.0,STOCK_B_MODERATE
2021-06-03,110.09,110.74,109.55,109.81,23096958.0,STOCK_B_MODERATE
2021-06-04,107.69,108.25,106.62,107.38,4502068.0,STOCK_B_MODERATE
2021-06-07,105.62,106.38,104.71,105.61,4103932.0,STOCK_B_MODERATE
2021-06-08,104.4,105.17,103.19,104.23,348821.0,STOCK_B_MODERATE
2021-06-09,101.17,102.23,100.43,101.57,2438832.0,STOCK_B_MODERATE
2021-06-10,101.74,101.86,100.29,100.91,1816771.0,STOCK_B_MODERATE
2021-06-11,101.68,101.99,99.89,100.53,1999246.0,STOCK_B_MODERATE
2021-06-14,98.86,98.86,97.54,98.36,2706791.0,STOCK_B_MODERATE
2021-06-15,94.5,95.62,93.3,94.91,1707672.0,STOCK_B_MODERATE
2021-06-16,95.41,96.6,95.06,96.58,4482384.0,STOCK_B_MODERATE
2021-06-17,98.64,99.38,97.9,97.94,370793.0,STOCK_B_MODERATE
2021-06-18,97.03,98.1,96.49,97.24,190147.0,STOCK_B_MODERATE
2021-06-21,96.61,97.43,96.3,97.24,3693346.0,STOCK_B_MODERATE
2021-06-22,97.56,98.36,96.24,97.46,1999529.0,STOCK_B_MODERATE
2021-06-23,99.39,100.54,98.18,98.79,2878046.0,STOCK_B_MODERATE
2021-06-24,100.12,100.64,99.2,99.84,605872.0,STOCK_B_MODERATE
2021-06-25,99.82,100.96,99.19,99.5,930689.0,STOCK_B_MODERATE
2021-06-28,99.7,100.49,97.14,98.55,4844985.0,STOCK_B_MODERATE
2021-06-29,97.06,97.18,96.93,96.99,4586706.0,STOCK_B_MODERATE
2021-06-30,97.93,98.4,97.38,97.97,835340.0,STOCK_B_MODERATE
2021-07-01,101.71,102.91,100.5,101.44,1629611.0,STOCK_B_MODERATE
2021-07-02,101.31,102.55,100.92,101.58,4013817.0,STOCK_B_MODERATE
2021-07-05,103.47,104.29,102.92,103.15,4279577.0,STOCK_B_MODERATE
2021-07-06,106.79,107.02,105.18,105.45,3666775.0,STOCK_B_MODERATE
2021-07-07,105.44,106.27,104.74,105.3,2506646.0,STOCK_B_MODERATE
2021-07-08,101.62,102.19,100.5,101.37,4631327.0,STOCK_B_MODERATE
2021-07-09,99.46,100.95,98.48,100.0,571771.0,STOCK_B_MODERATE
2021-07-12,101.21,103.3,100.62,101.99,4855032.0,STOCK_B_MODERATE
2021-07-13,102.07,102.4,101.04,101.59,465005.0,STOCK_B_MODERATE
2021-07-14,102.72,105.41,102.06,103.85,2833605.0,STOCK_B_MODERATE
2021-07-15,102.61,103.48,101.42,102.05,670431.0,STOCK_B_MODERATE
2021-07-16,103.34,104.47,102.79,103.16,4826063.0,STOCK_B_MODERATE
2021-07-19,102.26,102.56,100.81,101.6,2690587.0,STOCK_B_MODERATE
2021-07-20,98.96,100.53,98.53,100.17,2605075.0,STOCK_B_MODERATE
2021-07-21,102.03,102.82,100.98,101.52,1984652.0,STOCK_B_MODERATE
2021-07-22,103.63,103.83,102.21,102.8,2755363.0,STOCK_B_MODERATE
2021-07-23,99.77,100.12,97.57,99.96,1926451.0,STOCK_B_MODERATE
2021-07-26,101.2,101.68,100.2,101.44,346828.0,STOCK_B_MODERATE
2021-07-27,101.23,102.36,101.16,101.63,1111182.0,STOCK_B_MODERATE
2021-07-28,103.59,104.69,102.62,103.03,2377820.0,STOCK_B_MODERATE
2021-07-29,106.17,106.52,104.02,104.61,532407.0,STOCK_B_MODERATE
2021-07-30,105.06,106.96,105.03,105.11,3652875.0,STOCK_B_MODERATE
2021-08-02,107.76,108.47,106.17,107.25,5493734.0,STOCK_B_MODERATE
2021-08-03,106.2,106.47,105.91,106.36,3319542.0,STOCK_B_MODERATE
2021-08-04,107.68,109.61,107.0,108.38,2716434.0,STOCK_B_MODERATE
2021-08-05,103.67,105.03,102.39,103.71,1778272.0,STOCK_B_MODERATE
2021-08-06,103.02,103.45,102.74,103.43,1378938.0,STOCK_B_MODERATE
2021-08-09,101.86,102.29,101.57,102.18,2540412.0,STOCK_B_MODERATE
2021-08-10,101.78,102.44,101.32,102.32,359610.0,STOCK_B_MODERATE
2021-08-11,105.57,105.84,104.59,105.26,188325.0,STOCK_B_MODERATE
2021-08-12,108.73,109.67,107.67,108.21,4041445.0,STOCK_B_MODERATE
2021-08-13,110.3,111.0,109.99,110.47,596292.0,STOCK_B_MODERATE
2021-08-16,112.56,113.18,110.41,110.79,2429792.0,STOCK_B_MODERATE
2021-08-17,106.16,107.04,105.43,106.72,3823210.0,STOCK_B_MODERATE
2021-08-18,106.28,107.79,104.92,107.45,3752572.0,STOCK_B_MODERATE
2021-08-19,107.78,108.76,107.24,108.01,1370876.0,STOCK_B_MODERATE
2021-08-20,106.79,107.29,106.29,106.99,3828718.0,STOCK_B_MODERATE
2021-08-23,105.23,106.1,103.78,105.98,3774865.0,STOCK_B_MODERATE
2021-08-24,110.81,111.73,109.22,109.65,3394515.0,STOCK_B_MODERATE
2021-08-25,112.5,112.61,111.83,112.23,1038088.0,STOCK_B_MODERATE
2021-08-26,111.89,112.78,111.0,111.28,1883245.0,STOCK_B_MODERATE
2021-08-27,112.09,114.15,111.92,113.24,1246998.0,STOCK_B_MODERATE
2021-08-30,115.55,115.76,114.18,114.4,522005.0,STOCK_B_MODERATE
2021-08-31,113.21,114.76,112.96,114.28,4561096.0,STOCK_B_MODERATE
2021-09-01,113.07,114.47,111.76,112.7,3686819.0,STOCK_B_MODERATE
2021-09-02,112.37,113.11,111.8,113.0,2634093.0,STOCK_B_MODERATE
2021-09-03,112.9,112.93,112.54,112.58,957518.0,STOCK_B_MODERATE
2021-09-06,108.51,108.6,107.99,108.41,1109353.0,STOCK_B_MODERATE
2021-09-07,109.2,110.25,107.82,108.36,1442609.0,STOCK_B_MODERATE
2021-09-08,111.89,113.03,111.73,112.03,540752.0,STOCK_B_MODERATE
2021-09-09,108.92,110.75,108.01,109.38,2135493.0,STOCK_B_MODERATE
2021-09-10,110.48,111.19,109.38,110.64,6432385.0,STOCK_B_MODERATE
2021-09-13,111.76,112.71,110.32,112.49,1506956.0,STOCK_B_MODERATE
2021-09-14,111.97,113.02,110.42,111.31,3813534.0,STOCK_B_MODERATE
2021-09-15,112.8,113.45,112.47,112.84,2879534.0,STOCK_B_MODERATE
2021-09-16,118.02,118.54,116.82,117.55,4158077.0,STOCK_B_MODERATE
2021-09-17,119.52,119.85,118.36,118.64,2090814.0,STOCK_B_MODERATE
2021-09-20,118.17,120.58,116.97,119.09,3398065.0,STOCK_B_MODERATE
2021-09-21,119.75,120.06,118.77,119.23,2202993.0,STOCK_B_MODERATE
2021-09-22,121.28,122.26,120.32,121.77,1756240.0,STOCK_B_MODERATE
2021-09-23,122.66,123.65,122.21,122.94,3546758.0,STOCK_B_MODERATE
2021-09-24,124.48,126.25,124.07,124.44,816707.0,STOCK_B_MODERATE
2021-09-27,122.2,123.55,121.95,122.99,4952321.0,STOCK_B_MODERATE
2021-09-28,120.89,122.57,120.7,122.02,860763.0,STOCK_B_MODERATE
2021-09-29,124.16,124.74,123.19,124.28,2403962.0,STOCK_B_MODERATE
2021-09-30,129.88,130.06,129.55,129.93,1935322.0,STOCK_B_MODERATE
2021-10-01,134.08,134.86,132.73,133.28,2491418.0,STOCK_B_MODERATE
2021-10-04,135.14,135.91,134.42,135.5,1239171.0,STOCK_B_MODERATE
2021-10-05,132.65,133.49,132.42,133.47,3623569.0,STOCK_B_MODERATE
2021-10-06,135.06,135.48,133.23,135.08,2563162.0,STOCK_B_MODERATE
2021-10-07,132.81,135.2,132.47,133.61,4168851.0,STOCK_B_MODERATE
2021-10-08,138.18,138.97,136.37,137.15,2802889.0,STOCK_B_MODERATE
2021-10-11,135.83,137.09,134.19,135.95,4286952.0,STOCK_B_MODERATE
2021-10-12,130.71,132.11,129.47,130.3,955647.0,STOCK_B_MODERATE
2021-10-13,136.72,137.65,135.8,137.18,1100731.0,STOCK_B_MODERATE
2021-10-14,138.6,139.84,137.11,138.42,3742377.0,STOCK_B_MODERATE
2021-10-15,138.26,139.48,137.56,138.01,4299545.0,STOCK_B_MODERATE
2021-10-18,139.48,140.12,138.74,139.48,3246047.0,STOCK_B_MODERATE
2021-10-19,135.5,136.08,131.97,134.92,1499578.0,STOCK_B_MODERATE
2021-10-20,134.15,135.61,132.17,134.05,1598278.0,STOCK_B_MODERATE
2021-10-21,131.62,131.66,130.58,131.59,519872.0,STOCK_B_MODERATE
2021-10-22,129.49,131.11,128.82,129.19,2510486.0,STOCK_B_MODERATE
2021-10-25,126.37,127.67,126.21,127.26,3233613.0,STOCK_B_MODERATE
2021-10-26,130.04,130.1,128.46,129.26,3573882.0,STOCK_B_MODERATE
2021-10-27,129.38,130.14,128.93,129.81,4382318.0,STOCK_B_MODERATE
2021-10-28,130.04,130.3,128.1,129.77,1305048.0,STOCK_B_MODERATE
2021-10-29,128.8,129.02,127.25,128.21,4779296.0,STOCK_B_MODERATE
2021-11-01,128.16,128.86,125.12,127.11,1412092.0,STOCK_B_MODERATE
2021-11-02,126.17,126.19,124.81,125.95,843049.0,STOCK_B_MODERATE
2021-11-03,127.57,128.1,126.35,126.85,849666.0,STOCK_B_MODERATE
2021-11-04,128.3,129.24,127.92,128.54,3396972.0,STOCK_B_MODERATE
2021-11-05,129.01,130.61,128.6,128.82,2339834.0,STOCK_B_MODERATE
2021-11-08,128.9,129.83,128.3,128.67,4962668.0,STOCK_B_MODERATE
2021-11-09,131.9,133.48,130.85,130.87,1983198.0,STOCK_B_MODERATE
2021-11-10,134.21,135.1,132.52,133.39,1185805.0,STOCK_B_MODERATE
2021-11-11,133.63,134.53,131.82,132.5,3463910.0,STOCK_B_MODERATE
2021-11-12,132.15,132.2,131.14,131.98,614971.0,STOCK_B_MODERATE
2021-11-15,132.02,135.58,131.7,134.01,3989087.0,STOCK_B_MODERATE
2021-11-16,136.18,139.66,135.21,137.93,3123789.0,STOCK_B_MODERATE
2021-11-17,139.76,140.87,139.18,140.64,3711848.0,STOCK_B_MODERATE
2021-11-18,142.65,142.71,141.73,142.53,637356.0,STOCK_B_MODERATE
2021-11-19,142.19,145.83,141.12,143.76,2923943.0,STOCK_B_MODERATE
2021-11-22,141.06,141.55,140.42,140.75,3177049.0,STOCK_B_MODERATE
2021-11-23,139.63,140.89,138.1,138.38,2417956.0,STOCK_B_MODERATE
2021-11-24,138.3,142.12,137.77,139.05,2817266.0,STOCK_B_MODERATE
2021-11-25,137.66,139.24,137.24,138.28,1813709.0,STOCK_B_MODERATE
2021-11-26,139.69,140.04,139.59,139.68,3091686.0,STOCK_B_MODERATE
2021-11-29,140.63,141.24,139.52,140.93,2526774.0,STOCK_B_MODERATE
2021-11-30,143.82,144.97,141.3,143.58,1739943.0,STOCK_B_MODERATE
2021-12-01,142.1,143.04,140.91,141.03,2349450.0,STOCK_B_MODERATE
2021-12-02,140.9,142.75,140.32,141.74,2464422.0,STOCK_B_MODERATE
2021-12-03,138.23,140.2,137.15,137.22,3280495.0,STOCK_B_MODERATE
2021-12-06,137.46,139.43,135.49,136.37,1733810.0,STOCK_B_MODERATE
2021-12-07,139.19,139.9,138.37,139.22,2740587.0,STOCK_B_MODERATE
2021-12-08,137.85,138.03,135.48,136.7,4259231.0,STOCK_B_MODERATE
2021-12-09,135.1,137.3,134.68,136.31,4712378.0,STOCK_B_MODERATE
2021-12-10,133.58,134.2,133.01,133.28,617657.0,STOCK_B_MODERATE
2021-12-13,132.93,134.53,131.37,134.03,1023423.0,STOCK_B_MODERATE
2021-12-14,139.45,140.15,138.92,139.63,714131.0,STOCK_B_MODERATE
2021-12-15,135.96,136.26,135.66,136.14,2821305.0,STOCK_B_MODERATE
2021-12-16,135.58,135.58,134.03,135.21,2374652.0,STOCK_B_MODERATE
2021-12-17,137.77,137.77,135.22,137.03,2760025.0,STOCK_B_MODERATE
2021-12-20,139.84,140.64,138.23,140.11,1116928.0,STOCK_B_MODERATE
2021-12-21,141.78,143.25,141.23,141.41,3001780.0,STOCK_B_MODERATE
2021-12-22,143.91,144.91,142.61,143.93,737569.0,STOCK_B_MODERATE
2021-12-23,142.07,143.53,140.31,141.59,3312424.0,STOCK_B_MODERATE
2021-12-24,142.3,143.7,142.02,142.21,2638081.0,STOCK_B_MODERATE
2021-12-27,141.61,143.08,140.68,141.59,439417.0,STOCK_B_MODERATE
2021-12-28,141.03,143.15,136.98,139.04,4583859.0,STOCK_B_MODERATE
2021-12-29,138.36,140.23,137.42,138.79,2171874.0,STOCK_B_MODERATE
2021-12-30,136.83,137.07,136.58,136.72,4044280.0,STOCK_B_MODERATE
2021-12-31,132.83,135.39,132.36,133.95,3800604.0,STOCK_B_MODERATE
2022-01-03,134.39,136.08,133.57,134.51,1828330.0,STOCK_B_MODERATE
2022-01-04,138.2,140.07,138.06,139.73,4148363.0,STOCK_B_MODERATE
2022-01-05,138.11,139.58,135.81,136.19,754002.0,STOCK_B_MODERATE
2022-01-06,134.01,135.45,129.98,133.04,3687044.0,STOCK_B_MODERATE
2022-01-07,132.41,135.53,130.94,133.8,3630602.0,STOCK_B_MODERATE
2022-01-10,130.27,130.48,128.57,129.67,3925488.0,STOCK_B_MODERATE
2022-01-11,128.41,129.6,127.16,127.73,2154095.0,STOCK_B_MODERATE
2022-01-12,128.41,129.12,127.48,129.1,4903280.0,STOCK_B_MODERATE
2022-01-13,128.18,128.71,126.25,127.54,238301.0,STOCK_B_MODERATE
2022-01-14,127.13,128.36,126.65,127.54,2103310.0,STOCK_B_MODERATE
2022-01-17,131.09,132.12,130.1,131.77,2959143.0,STOCK_B_MODERATE
2022-01-18,132.92,135.69,130.99,133.43,3062507.0,STOCK_B_MODERATE
2022-01-19,131.15,131.23,128.42,129.75,1810520.0,STOCK_B_MODERATE
2022-01-20,128.56,130.77,128.05,128.26,3784308.0,STOCK_B_MODERATE
2022-01-21,133.83,136.79,131.47,132.79,1955293.0,STOCK_B_MODERATE
2022-01-24,133.24,133.68,131.37,132.61,2716546.0,STOCK_B_MODERATE
2022-01-25,128.84,132.1,128.66,129.15,1794837.0,STOCK_B_MODERATE
2022-01-26,129.4,131.71,128.28,130.51,3525092.0,STOCK_B_MODERATE
2022-01-27,131.45,133.37,130.07,131.95,547527.0,STOCK_B_MODERATE
2022-01-28,136.75,137.26,136.25,136.89,2371416.0,STOCK_B_MODERATE
2022-01-31,137.83,138.28,136.66,138.19,1935886.0,STOCK_B_MODERATE
2022-02-01,139.86,140.75,138.0,140.59,3557609.0,STOCK_B_MODERATE
2022-02-02,143.72,145.03,141.91,144.37,3773056.0,STOCK_B_MODERATE
2022-02-03,139.19,141.15,138.26,139.88,2263221.0,STOCK_B_MODERATE
2022-02-04,139.57,141.19,138.24,139.63,744918.0,STOCK_B_MODERATE
2022-02-07,140.12,140.28,138.93,139.04,3147041.0,STOCK_B_MODERATE
2022-02-08,138.97,140.84,137.7,138.85,3847887.0,STOCK_B_MODERATE
2022-02-09,138.5,139.55,137.31,138.42,3534815.0,STOCK_B_MODERATE
2022-02-10,136.97,138.37,136.26,137.27,3463451.0,STOCK_B_MODERATE
2022-02-11,140.26,141.07,138.58,139.87,2751958.0,STOCK_B_MODERATE
2022-02-14,139.12,139.73,138.43,138.59,18248190.0,STOCK_B_MODERATE
2022-02-15,142.17,142.64,141.25,142.37,4938008.0,STOCK_B_MODERATE
2022-02-16,139.73,139.95,137.85,139.68,3854888.0,STOCK_B_MODERATE
2022-02-17,138.97,139.88,137.45,138.03,4057654.0,STOCK_B_MODERATE
2022-02-18,132.18,133.06,131.84,131.96,3631649.0,STOCK_B_MODERATE
2022-02-21,128.06,128.28,127.95,128.03,1095243.0,STOCK_B_MODERATE
2022-02-22,133.33,133.76,132.76,133.01,2021519.0,STOCK_B_MODERATE
2022-02-23,130.35,130.47,129.34,129.83,2814689.0,STOCK_B_MODERATE
2022-02-24,130.17,130.24,129.68,130.15,185249.0,STOCK_B_MODERATE
2022-02-25,131.57,132.72,131.18,132.0,4341186.0,STOCK_B_MODERATE
2022-02-28,133.08,133.68,132.83,133.18,4351605.0,STOCK_B_MODERATE
2022-03-01,137.87,138.72,134.44,137.0,4467765.0,STOCK_B_MODERATE
2022-03-02,143.82,145.53,142.46,143.59,3995736.0,STOCK_B_MODERATE
2022-03-03,141.48,143.65,140.88,143.02,1528525.0,STOCK_B_MODERATE
2022-03-04,142.94,143.76,140.85,142.23,4515341.0,STOCK_B_MODERATE
2022-03-07,145.05,147.58,143.96,145.3,3008544.0,STOCK_B_MODERATE
2022-03-08,142.95,145.39,142.46,143.44,1861657.0,STOCK_B_MODERATE
2022-03-09,139.58,140.36,138.5,138.73,4962903.0,STOCK_B_MODERATE
2022-03-10,140.44,140.75,139.42,139.68,2993109.0,STOCK_B_MODERATE
2022-03-11,137.59,138.68,137.42,137.86,1153469.0,STOCK_B_MODERATE
2022-03-14,135.44,137.02,133.34,136.62,1319722.0,STOCK_B_MODERATE
2022-03-15,133.43,135.66,132.45,134.92,2390859.0,STOCK_B_MODERATE
2022-03-16,133.85,134.98,131.21,134.29,2536445.0,STOCK_B_MODERATE
2022-03-17,134.59,136.55,134.59,135.08,3536757.0,STOCK_B_MODERATE
2022-03-18,131.38,132.72,130.4,132.6,3622478.0,STOCK_B_MODERATE
2022-03-21,141.82,142.02,139.86,140.67,1755949.0,STOCK_B_MODERATE
2022-03-22,133.79,135.72,133.78,134.26,1559388.0,STOCK_B_MODERATE
2022-03-23,138.68,140.22,136.03,137.91,3394469.0,STOCK_B_MODERATE
2022-03-24,135.71,137.71,135.56,137.12,963459.0,STOCK_B_MODERATE
2022-03-25,134.93,136.38,133.87,135.2,4648970.0,STOCK_B_MODERATE
2022-03-28,134.83,135.37,134.19,134.63,3325724.0,STOCK_B_MODERATE
2022-03-29,137.13,137.78,137.02,137.36,780709.0,STOCK_B_MODERATE
2022-03-30,136.04,137.31,134.66,136.36,4357902.0,STOCK_B_MODERATE
2022-03-31,138.54,139.54,135.64,136.07,3060737.0,STOCK_B_MODERATE
2022-04-01,136.64,136.86,134.97,135.47,2647007.0,STOCK_B_MODERATE
2022-04-04,134.72,137.66,132.58,133.16,587029.0,STOCK_B_MODERATE
2022-04-05,135.63,138.19,134.91,136.17,4611051.0,STOCK_B_MODERATE
2022-04-06,138.74,141.1,136.87,138.03,1090433.0,STOCK_B_MODERATE
2022-04-07,138.19,139.68,137.36,138.66,602853.0,STOCK_B_MODERATE
2022-04-08,142.35,143.33,141.49,141.55,126640.0,STOCK_B_MODERATE
2022-04-11,142.35,145.49,141.38,144.27,2137602.0,STOCK_B_MODERATE
2022-04-12,144.84,146.55,143.62,145.23,3345142.0,STOCK_B_MODERATE
2022-04-13,144.03,144.98,143.89,144.63,4576739.0,STOCK_B_MODERATE
2022-04-14,143.16,145.86,142.58,144.67,3765649.0,STOCK_B_MODERATE
2022-04-15,145.57,147.69,144.93,146.34,3057658.0,STOCK_B_MODERATE
2022-04-18,150.55,153.25,149.37,149.94,1038198.0,STOCK_B_MODERATE
2022-04-19,150.73,150.82,149.87,150.07,3302700.0,STOCK_B_MODERATE
2022-04-20,153.27,153.77,151.1,152.32,1104337.0,STOCK_B_MODERATE
2022-04-21,153.86,155.38,152.82,154.3,1712407.0,STOCK_B_MODERATE
2022-04-22,149.62,149.98,149.42,149.78,1600945.0,STOCK_B_MODERATE
2022-04-25,147.21,147.29,145.88,145.94,2240965.0,STOCK_B_MODERATE
2022-04-26,148.59,150.66,147.17,150.04,2463150.0,STOCK_B_MODERATE
2022-04-27,149.48,151.97,148.07,149.07,1075017.0,STOCK_B_MODERATE
2022-04-28,146.55,146.89,144.45,146.47,1877023.0,STOCK_B_MODERATE
2022-04-29,152.64,153.62,149.54,150.87,4327079.0,STOCK_B_MODERATE
2022-05-02,146.77,146.84,144.85,146.82,1026789.0,STOCK_B_MODERATE
2022-05-03,149.83,151.77,149.32,150.54,2805856.0,STOCK_B_MODERATE
2022-05-04,152.84,152.91,150.96,152.68,1933687.0,STOCK_B_MODERATE
2022-05-05,152.83,154.38,150.0,153.62,2937524.0,STOCK_B_MODERATE
2022-05-06,151.49,153.13,149.23,150.87,3832622.0,STOCK_B_MODERATE
2022-05-09,153.89,155.1,153.24,153.26,1730624.0,STOCK_B_MODERATE
2022-05-10,150.15,151.2,149.52,151.01,4454144.0,STOCK_B_MODERATE
2022-05-11,151.77,153.03,151.6,152.73,2737329.0,STOCK_B_MODERATE
2022-05-12,153.78,154.42,151.69,153.42,4343428.0,STOCK_B_MODERATE
2022-05-13,154.03,154.78,153.57,154.17,627499.0,STOCK_B_MODERATE
2022-05-16,152.13,152.83,148.78,151.34,2813790.0,STOCK_B_MODERATE
2022-05-17,148.04,150.23,145.8,147.44,324549.0,STOCK_B_MODERATE
2022-05-18,147.76,148.55,145.65,146.79,2338173.0,STOCK_B_MODERATE
2022-05-19,149.05,149.13,148.0,148.6,2322955.0,STOCK_B_MODERATE
2022-05-20,147.78,147.83,146.23,147.56,1293484.0,STOCK_B_MODERATE
2022-05-23,142.88,143.57,141.53,143.27,3760681.0,STOCK_B_MODERATE
2022-05-24,144.88,147.1,142.59,144.52,4824430.0,STOCK_B_MODERATE
2022-05-25,145.37,146.72,142.67,144.91,1523163.0,STOCK_B_MODERATE
2022-05-26,143.43,145.4,142.96,145.18,3012193.0,STOCK_B_MODERATE
2022-05-27,144.7,145.8,144.58,145.0,2259776.0,STOCK_B_MODERATE
2022-05-30,142.23,143.1,140.02,141.34,3531463.0,STOCK_B_MODERATE
2022-05-31,140.23,140.79,139.17,139.4,1645853.0,STOCK_B_MODERATE
2022-06-01,140.66,143.11,138.76,139.08,905278.0,STOCK_B_MODERATE
2022-06-02,139.86,142.0,139.75,141.3,1556188.0,STOCK_B_MODERATE
2022-06-03,142.41,143.34,141.98,142.06,181756.0,STOCK_B_MODERATE
2022-06-06,142.65,143.67,142.43,142.64,739447.0,STOCK_B_MODERATE
2022-06-07,149.38,149.4,148.05,148.74,2808956.0,STOCK_B_MODERATE
2022-06-08,149.73,150.46,147.74,149.7,2515683.0,STOCK_B_MODERATE
2022-06-09,147.87,148.78,146.05,147.45,1613715.0,STOCK_B_MODERATE
2022-06-10,147.79,148.66,147.08,148.14,1289013.0,STOCK_B_MODERATE
2022-06-13,140.55,140.97,140.37,140.44,4042891.0,STOCK_B_MODERATE
2022-06-14,141.36,142.91,139.78,140.34,1623360.0,STOCK_B_MODERATE
2022-06-15,138.18,140.41,138.14,139.85,4399470.0,STOCK_B_MODERATE
2022-06-16,135.49,135.57,134.95,135.54,4538307.0,STOCK_B_MODERATE
2022-06-17,130.03,133.06,129.36,131.42,3711999.0,STOCK_B_MODERATE
2022-06-20,134.11,134.47,131.47,133.42,1770652.0,STOCK_B_MODERATE
2022-06-21,131.5,134.67,131.14,132.72,976097.0,STOCK_B_MODERATE
2022-06-22,132.05,133.31,131.16,131.32,758668.0,STOCK_B_MODERATE
2022-06-23,133.84,134.01,132.61,132.91,4697261.0,STOCK_B_MODERATE
2022-06-24,133.14,134.93,131.39,133.71,4043138.0,STOCK_B_MODERATE
2022-06-27,134.84,137.1,134.83,135.81,3157810.0,STOCK_B_MODERATE
2022-06-28,134.59,135.86,134.12,134.29,2546909.0,STOCK_B_MODERATE
2022-06-29,134.57,136.65,134.07,134.7,1551133.0,STOCK_B_MODERATE
2022-06-30,141.16,141.74,139.3,140.34,1957703.0,STOCK_B_MODERATE
2022-07-01,141.58,142.26,140.76,141.58,4766020.0,STOCK_B_MODERATE
2022-07-04,140.67,141.34,140.63,140.76,4235227.0,STOCK_B_MODERATE
2022-07-05,142.88,143.25,141.51,143.07,947074.0,STOCK_B_MODERATE
2022-07-06,144.45,145.09,144.03,145.04,2865371.0,STOCK_B_MODERATE
2022-07-07,150.6,151.0,148.53,150.73,2053835.0,STOCK_B_MODERATE
2022-07-08,148.72,152.29,146.95,150.26,4667213.0,STOCK_B_MODERATE
2022-07-11,151.03,151.77,148.35,151.16,4479812.0,STOCK_B_MODERATE
2022-07-12,156.25,156.92,151.91,153.99,1964968.0,STOCK_B_MODERATE
2022-07-13,154.32,155.47,154.07,155.46,993113.0,STOCK_B_MODERATE
2022-07-14,153.77,155.17,151.3,154.56,877115.0,STOCK_B_MODERATE
2022-07-15,157.87,159.92,157.26,158.63,509634.0,STOCK_B_MODERATE
2022-07-18,153.0,154.05,151.28,152.19,2248832.0,STOCK_B_MODERATE
2022-07-19,153.91,156.24,150.97,152.58,1164373.0,STOCK_B_MODERATE
2022-07-20,154.63,155.27,152.88,153.65,4292164.0,STOCK_B_MODERATE
2022-07-21,148.04,151.76,147.86,149.89,2781695.0,STOCK_B_MODERATE
2022-07-22,151.84,152.63,150.38,151.27,14574088.0,STOCK_B_MODERATE
2022-07-25,151.28,151.35,150.05,150.4,3505556.0,STOCK_B_MODERATE
2022-07-26,148.2,148.79,147.18,148.26,2315884.0,STOCK_B_MODERATE
2022-07-27,146.79,147.78,146.56,147.15,1023143.0,STOCK_B_MODERATE
2022-07-28,152.16,152.55,151.24,152.43,2251692.0,STOCK_B_MODERATE
2022-07-29,154.9,156.39,153.08,154.15,2661332.0,STOCK_B_MODERATE
2022-08-01,148.15,149.06,146.38,147.73,1952622.0,STOCK_B_MODERATE
2022-08-02,149.16,149.22,146.18,149.07,290591.0,STOCK_B_MODERATE
2022-08-03,147.83,150.3,147.52,149.41,3483883.0,STOCK_B_MODERATE
2022-08-04,148.42,149.32,147.42,147.92,1160967.0,STOCK_B_MODERATE
2022-08-05,147.73,148.06,147.05,147.53,1832738.0,STOCK_B_MODERATE
2022-08-08,143.99,145.56,142.14,144.84,4648628.0,STOCK_B_MODERATE
2022-08-09,146.05,147.19,143.24,146.07,4947439.0,STOCK_B_MODERATE
2022-08-10,144.89,145.26,144.22,144.5,3131796.0,STOCK_B_MODERATE
2022-08-11,141.73,145.21,141.35,143.75,1570618.0,STOCK_B_MODERATE
2022-08-12,141.18,141.22,140.17,140.86,694169.0,STOCK_B_MODERATE
2022-08-15,145.4,147.47,142.83,145.11,3262889.0,STOCK_B_MODERATE
2022-08-16,139.18,141.07,137.92,138.16,2924220.0,STOCK_B_MODERATE
2022-08-17,137.68,137.76,136.42,137.33,3945338.0,STOCK_B_MODERATE
2022-08-18,129.43,132.1,128.6,128.98,4375215.0,STOCK_B_MODERATE
2022-08-19,129.55,130.44,129.5,129.65,3070818.0,STOCK_B_MODERATE
2022-08-22,126.82,128.54,125.51,126.86,2989644.0,STOCK_B_MODERATE
2022-08-23,127.2,128.21,125.39,127.91,395445.0,STOCK_B_MODERATE
2022-08-24,125.31,126.56,124.53,126.06,1799403.0,STOCK_B_MODERATE
2022-08-25,130.77,132.1,130.46,130.89,609669.0,STOCK_B_MODERATE
2022-08-26,134.57,135.49,133.74,135.09,2151925.0,STOCK_B_MODERATE
2022-08-29,132.75,133.59,131.31,133.06,675199.0,STOCK_B_MODERATE
2022-08-30,136.66,137.63,135.47,136.47,2386918.0,STOCK_B_MODERATE
2022-08-31,137.82,139.03,137.58,138.18,2659524.0,STOCK_B_MODERATE
2022-09-01,139.65,139.82,136.72,138.98,1424484.0,STOCK_B_MODERATE
2022-09-02,136.64,137.15,136.3,136.53,4285085.0,STOCK_B_MODERATE
2022-09-05,136.7,137.4,134.13,135.85,751678.0,STOCK_B_MODERATE
2022-09-06,134.99,137.55,133.83,136.9,1053008.0,STOCK_B_MODERATE
2022-09-07,140.86,141.41,139.56,140.31,1942630.0,STOCK_B_MODERATE
2022-09-08,139.32,139.53,136.78,137.86,1959685.0,STOCK_B_MODERATE
2022-09-09,137.8,140.89,136.58,138.52,1475587.0,STOCK_B_MODERATE
2022-09-12,133.55,134.98,132.48,134.7,341527.0,STOCK_B_MODERATE
2022-09-13,137.28,137.41,135.82,136.98,3733882.0,STOCK_B_MODERATE
2022-09-14,137.91,139.57,137.43,138.42,4189057.0,STOCK_B_MODERATE
2022-09-15,139.95,140.88,139.04,139.46,4566942.0,STOCK_B_MODERATE
2022-09-16,138.58,140.62,138.34,140.5,3309635.0,STOCK_B_MODERATE
2022-09-19,139.22,139.36,138.86,139.04,3413790.0,STOCK_B_MODERATE
2022-09-20,140.49,142.23,139.19,140.61,3500344.0,STOCK_B_MODERATE
2022-09-21,142.4,143.2,139.58,141.64,3490141.0,STOCK_B_MODERATE
2022-09-22,139.87,140.46,138.98,140.41,2054741.0,STOCK_B_MODERATE
2022-09-23,137.78,139.62,136.95,138.77,879960.0,STOCK_B_MODERATE
2022-09-26,142.11,142.13,141.64,141.81,4963730.0,STOCK_B_MODERATE
2022-09-27,140.17,140.56,139.6,140.39,4357453.0,STOCK_B_MODERATE
2022-09-28,141.71,142.86,140.73,142.17,168884.0,STOCK_B_MODERATE
2022-09-29,140.41,140.72,139.03,140.33,4021718.0,STOCK_B_MODERATE
2022-09-30,139.59,141.66,136.76,138.67,2238251.0,STOCK_B_MODERATE
2022-10-03,141.87,142.97,139.47,140.6,1981414.0,STOCK_B_MODERATE
2022-10-04,146.94,148.71,144.87,146.12,4560090.0,STOCK_B_MODERATE
2022-10-05,146.57,148.05,145.8,146.87,1192535.0,STOCK_B_MODERATE
2022-10-06,147.93,148.42,146.13,146.96,1461255.0,STOCK_B_MODERATE
2022-10-07,150.05,150.09,147.2,149.09,9225148.0,STOCK_B_MODERATE
2022-10-10,145.88,146.95,145.26,146.72,670861.0,STOCK_B_MODERATE
2022-10-11,146.48,147.4,145.71,147.38,1323255.0,STOCK_B_MODERATE
2022-10-12,146.48,148.16,145.87,146.03,1848357.0,STOCK_B_MODERATE
2022-10-13,141.15,142.27,140.8,141.86,1158626.0,STOCK_B_MODERATE
2022-10-14,147.39,147.49,144.54,146.74,4191711.0,STOCK_B_MODERATE
2022-10-17,143.74,146.27,141.78,145.85,2787941.0,STOCK_B_MODERATE
2022-10-18,142.81,144.22,141.31,143.96,930264.0,STOCK_B_MODERATE
2022-10-19,142.33,143.48,140.57,142.94,1133746.0,STOCK_B_MODERATE
2022-10-20,140.95,141.56,139.23,140.25,4237554.0,STOCK_B_MODERATE
2022-10-21,139.34,141.02,138.73,139.48,586382.0,STOCK_B_MODERATE
2022-10-24,132.49,133.85,130.94,131.88,3446219.0,STOCK_B_MODERATE
2022-10-25,133.28,135.46,130.83,132.69,1563287.0,STOCK_B_MODERATE
2022-10-26,128.78,129.22,127.34,128.34,1936234.0,STOCK_B_MODERATE
2022-10-27,122.51,124.47,120.79,123.39,2370657.0,STOCK_B_MODERATE
2022-10-28,127.05,127.31,126.07,126.58,19332529.0,STOCK_B_MODERATE
2022-10-31,128.52,129.71,126.12,128.28,2454761.0,STOCK_B_MODERATE
2022-11-01,125.76,126.27,124.81,124.98,1061874.0,STOCK_B_MODERATE
2022-11-02,127.37,129.04,126.12,127.9,3397247.0,STOCK_B_MODERATE
2022-11-03,128.71,129.73,128.57,129.14,3611109.0,STOCK_B_MODERATE
2022-11-04,126.94,129.62,126.24,128.91,2488469.0,STOCK_B_MODERATE
2022-11-07,129.96,131.53,128.54,128.63,671713.0,STOCK_B_MODERATE
2022-11-08,125.45,126.71,124.7,126.18,1883930.0,STOCK_B_MODERATE
2022-11-09,125.67,126.02,125.04,125.14,2403771.0,STOCK_B_MODERATE
2022-11-10,131.67,132.19,130.34,130.82,3801795.0,STOCK_B_MODERATE
2022-11-11,130.16,131.79,129.67,130.59,569128.0,STOCK_B_MODERATE
2022-11-14,128.82,129.8,127.19,128.77,3916593.0,STOCK_B_MODERATE
2022-11-15,130.07,131.25,129.66,130.17,1099381.0,STOCK_B_MODERATE
2022-11-16,130.78,131.38,129.92,130.88,2419855.0,STOCK_B_MODERATE
2022-11-17,128.55,130.34,128.19,128.27,4124977.0,STOCK_B_MODERATE
2022-11-18,127.17,127.57,126.92,127.36,3239538.0,STOCK_B_MODERATE
2022-11-21,124.12,124.9,123.76,124.49,3940703.0,STOCK_B_MODERATE
2022-11-22,129.92,130.58,128.55,129.07,674340.0,STOCK_B_MODERATE
2022-11-23,129.53,131.52,128.18,130.51,2910214.0,STOCK_B_MODERATE
2022-11-24,128.0,128.65,126.3,127.95,3483861.0,STOCK_B_MODERATE
2022-11-25,127.47,128.04,126.63,128.03,2092382.0,STOCK_B_MODERATE
2022-11-28,131.55,131.98,131.01,131.93,4307787.0,STOCK_B_MODERATE
2022-11-29,133.4,133.62,132.65,132.78,1164515.0,STOCK_B_MODERATE
2022-11-30,133.34,134.94,132.83,132.91,212500.0,STOCK_B_MODERATE
2022-12-01,133.73,133.91,133.05,133.82,475464.0,STOCK_B_MODERATE
2022-12-02,129.57,132.42,128.55,131.11,2595814.0,STOCK_B_MODERATE
2022-12-05,132.5,134.97,131.37,132.55,702798.0,STOCK_B_MODERATE
2022-12-06,128.36,130.58,127.88,129.32,806555.0,STOCK_B_MODERATE
2022-12-07,130.43,131.02,127.13,130.37,3815601.0,STOCK_B_MODERATE
2022-12-08,133.72,135.19,132.81,134.18,3430884.0,STOCK_B_MODERATE
2022-12-09,132.41,134.25,131.35,133.88,2855390.0,STOCK_B_MODERATE
2022-12-12,135.33,136.06,135.03,135.54,4634129.0,STOCK_B_MODERATE
2022-12-13,134.15,135.32,133.32,133.87,1929998.0,STOCK_B_MODERATE
2022-12-14,137.05,137.74,134.48,134.99,4212648.0,STOCK_B_MODERATE
2022-12-15,130.84,134.02,130.71,132.37,1831042.0,STOCK_B_MODERATE
2022-12-16,126.93,127.66,125.66,125.78,1748594.0,STOCK_B_MODERATE
2022-12-19,125.76,127.67,124.24,126.22,22357579.0,STOCK_B_MODERATE
2022-12-20,128.35,130.09,127.0,127.88,4555499.0,STOCK_B_MODERATE
2022-12-21,127.38,127.51,125.89,127.08,1710604.0,STOCK_B_MODERATE
2022-12-22,124.78,126.35,124.77,125.35,22978236.0,STOCK_B_MODERATE
2022-12-23,126.11,126.6,123.97,125.13,2684798.0,STOCK_B_MODERATE
2022-12-26,126.22,128.29,125.78,126.36,413696.0,STOCK_B_MODERATE
2022-12-27,129.57,131.28,129.39,130.21,2668380.0,STOCK_B_MODERATE
2022-12-28,132.38,134.08,132.21,132.67,732159.0,STOCK_B_MODERATE
2022-12-29,133.33,134.86,133.15,134.43,3580066.0,STOCK_B_MODERATE
2022-12-30,132.78,133.27,132.05,132.32,1529996.0,STOCK_B_MODERATE
2023-01-02,130.62,131.1,130.5,130.76,3020564.0,STOCK_B_MODERATE
2023-01-03,123.62,124.52,122.27,124.27,2814978.0,STOCK_B_MODERATE
2023-01-04,124.48,125.56,123.75,123.93,4084210.0,STOCK_B_MODERATE
2023-01-05,124.05,124.79,121.79,124.51,1137610.0,STOCK_B_MODERATE
2023-01-06,130.0,130.49,128.86,128.9,1879371.0,STOCK_B_MODERATE
2023-01-09,121.59,121.75,120.82,121.36,4762578.0,STOCK_B_MODERATE
2023-01-10,119.72,121.66,119.01,120.57,4278913.0,STOCK_B_MODERATE
2023-01-11,116.72,119.04,116.53,117.19,3893798.0,STOCK_B_MODERATE
2023-01-12,116.68,117.41,114.92,116.93,3248281.0,STOCK_B_MODERATE
2023-01-13,115.45,115.71,114.62,115.25,3093007.0,STOCK_B_MODERATE
2023-01-16,119.15,121.07,118.7,120.56,1099908.0,STOCK_B_MODERATE
2023-01-17,124.38,124.81,123.05,123.87,4830779.0,STOCK_B_MODERATE
2023-01-18,124.61,124.62,123.78,124.42,2260072.0,STOCK_B_MODERATE
2023-01-19,124.6,125.42,123.72,124.77,3739938.0,STOCK_B_MODERATE
2023-01-20,117.29,120.09,115.64,119.01,3889194.0,STOCK_B_MODERATE
2023-01-23,118.4,119.9,117.46,119.12,4725268.0,STOCK_B_MODERATE
2023-01-24,119.09,119.48,116.78,118.17,3020136.0,STOCK_B_MODERATE
2023-01-25,119.27,121.06,119.11,119.89,2538192.0,STOCK_B_MODERATE
2023-01-26,118.25,118.93,117.47,118.19,2260124.0,STOCK_B_MODERATE
2023-01-27,115.21,116.21,115.08,115.63,3332851.0,STOCK_B_MODERATE
2023-01-30,119.16,120.19,118.17,118.31,1284841.0,STOCK_B_MODERATE
2023-01-31,117.09,117.36,116.52,116.76,4075843.0,STOCK_B_MODERATE
2023-02-01,116.68,117.52,116.49,117.33,2879459.0,STOCK_B_MODERATE
2023-02-02,118.07,119.2,116.24,118.78,116674.0,STOCK_B_MODERATE
2023-02-03,123.51,123.66,123.23,123.48,3239128.0,STOCK_B_MODERATE
2023-02-06,123.73,124.28,123.55,123.66,255772.0,STOCK_B_MODERATE
2023-02-07,123.55,124.81,123.1,124.42,2289426.0,STOCK_B_MODERATE
2023-02-08,126.52,127.62,125.51,126.82,541057.0,STOCK_B_MODERATE
2023-02-09,129.95,130.0,129.42,129.97,4238409.0,STOCK_B_MODERATE
2023-02-10,127.66,128.81,126.97,127.66,2890244.0,STOCK_B_MODERATE
2023-02-13,129.18,129.66,127.98,128.13,3635617.0,STOCK_B_MODERATE
2023-02-14,131.66,132.94,130.26,131.85,4971843.0,STOCK_B_MODERATE
2023-02-15,127.6,128.44,125.76,128.02,549067.0,STOCK_B_MODERATE
2023-02-16,131.44,131.83,128.91,129.65,2681098.0,STOCK_B_MODERATE
2023-02-17,119.9,121.3,119.81,120.98,312292.0,STOCK_B_MODERATE
2023-02-20,121.07,122.16,118.88,120.91,290230.0,STOCK_B_MODERATE
2023-02-21,120.14,120.57,119.38,119.7,3544218.0,STOCK_B_MODERATE
2023-02-22,119.65,121.77,119.26,121.02,3499940.0,STOCK_B_MODERATE
2023-02-23,121.37,121.88,120.72,121.71,414016.0,STOCK_B_MODERATE
2023-02-24,121.12,122.77,120.5,121.59,2768254.0,STOCK_B_MODERATE
2023-02-27,124.7,124.73,123.75,123.93,2163613.0,STOCK_B_MODERATE
2023-02-28,122.2,124.09,121.95,122.51,4545597.0,STOCK_B_MODERATE
2023-03-01,119.82,120.97,119.14,119.97,1878392.0,STOCK_B_MODERATE
2023-03-02,115.45,116.25,114.7,116.02,3331743.0,STOCK_B_MODERATE
2023-03-03,115.49,116.55,115.13,116.32,2258970.0,STOCK_B_MODERATE
2023-03-06,121.85,122.07,119.8,121.45,3957925.0,STOCK_B_MODERATE
2023-03-07,122.48,124.16,121.89,123.14,3928737.0,STOCK_B_MODERATE
2023-03-08,123.23,123.92,122.14,123.62,4444006.0,STOCK_B_MODERATE
2023-03-09,118.24,118.9,118.16,118.62,4272288.0,STOCK_B_MODERATE
2023-03-10,120.78,121.59,119.42,121.22,4359455.0,STOCK_B_MODERATE
2023-03-13,124.24,125.25,123.15,124.78,2443168.0,STOCK_B_MODERATE
2023-03-14,123.12,123.88,122.72,123.43,3333024.0,STOCK_B_MODERATE
2023-03-15,121.63,121.77,120.53,120.69,3994687.0,STOCK_B_MODERATE
2023-03-16,117.94,118.4,115.5,117.05,119448.0,STOCK_B_MODERATE
2023-03-17,113.31,113.78,111.84,113.39,4015743.0,STOCK_B_MODERATE
2023-03-20,114.89,115.74,113.9,114.09,243248.0,STOCK_B_MODERATE
2023-03-21,116.4,117.34,115.26,116.29,115202.0,STOCK_B_MODERATE
2023-03-22,117.37,117.68,116.87,117.14,2173751.0,STOCK_B_MODERATE
2023-03-23,120.25,121.7,119.88,120.9,1120915.0,STOCK_B_MODERATE
2023-03-24,120.99,121.42,120.83,120.89,4855100.0,STOCK_B_MODERATE
2023-03-27,119.65,120.19,119.55,120.13,3190816.0,STOCK_B_MODERATE
2023-03-28,119.29,120.49,116.78,119.36,3699065.0,STOCK_B_MODERATE
2023-03-29,119.55,120.46,118.97,119.18,534268.0,STOCK_B_MODERATE
2023-03-30,124.61,124.68,124.4,124.51,14114524.0,STOCK_B_MODERATE
2023-03-31,126.18,126.83,125.13,126.08,582200.0,STOCK_B_MODERATE
2023-04-03,127.87,130.21,127.1,128.15,1114033.0,STOCK_B_MODERATE
2023-04-04,131.21,132.68,130.05,132.23,1739316.0,STOCK_B_MODERATE
2023-04-05,130.59,130.61,129.61,130.25,4073209.0,STOCK_B_MODERATE
2023-04-06,137.15,137.46,133.46,136.36,2869680.0,STOCK_B_MODERATE
2023-04-07,134.64,135.9,132.66,133.84,1785666.0,STOCK_B_MODERATE
2023-04-10,135.76,136.02,135.68,136.0,2011435.0,STOCK_B_MODERATE
2023-04-11,140.23,140.55,140.02,140.13,1810115.0,STOCK_B_MODERATE
2023-04-12,139.97,140.95,139.11,140.8,4713866.0,STOCK_B_MODERATE
2023-04-13,141.62,143.93,141.51,142.51,3310684.0,STOCK_B_MODERATE
2023-04-14,142.23,142.24,141.46,141.49,3372472.0,STOCK_B_MODERATE
2023-04-17,141.18,141.65,137.97,140.25,4067583.0,STOCK_B_MODERATE
2023-04-18,140.7,142.58,140.3,140.96,3326346.0,STOCK_B_MODERATE
2023-04-19,138.85,140.83,138.15,140.21,4676678.0,STOCK_B_MODERATE
2023-04-20,140.87,141.0,137.87,140.04,2566988.0,STOCK_B_MODERATE
2023-04-21,141.21,142.15,139.48,140.94,1671736.0,STOCK_B_MODERATE
2023-04-24,143.68,144.29,141.31,142.88,4785047.0,STOCK_B_MODERATE
2023-04-25,143.33,144.39,141.3,143.44,4104242.0,STOCK_B_MODERATE
2023-04-26,140.04,140.96,138.3,140.29,180275.0,STOCK_B_MODERATE
2023-04-27,139.9,141.3,139.57,140.04,4031432.0,STOCK_B_MODERATE
2023-04-28,137.96,138.28,137.93,138.17,1086545.0,STOCK_B_MODERATE
2023-05-01,139.53,140.25,139.04,139.08,4838785.0,STOCK_B_MODERATE
2023-05-02,141.36,142.15,140.81,141.09,2819721.0,STOCK_B_MODERATE
2023-05-03,143.13,143.52,141.92,142.56,2464188.0,STOCK_B_MODERATE
2023-05-04,142.68,143.88,142.32,143.11,1649260.0,STOCK_B_MODERATE
2023-05-05,143.53,147.68,143.18,144.43,4837594.0,STOCK_B_MODERATE
2023-05-08,143.43,144.66,142.65,142.66,1447956.0,STOCK_B_MODERATE
2023-05-09,145.59,148.21,145.22,147.31,2645344.0,STOCK_B_MODERATE
2023-05-10,150.48,150.9,149.14,150.8,2638121.0,STOCK_B_MODERATE
2023-05-11,149.25,149.47,145.55,148.68,1319004.0,STOCK_B_MODERATE
2023-05-12,148.2,148.95,146.57,148.34,4384050.0,STOCK_B_MODERATE
2023-05-15,149.17,150.76,148.92,149.77,962293.0,STOCK_B_MODERATE
2023-05-16,151.01,151.76,150.34,151.15,3693839.0,STOCK_B_MODERATE
2023-05-17,151.67,152.35,150.94,151.29,530990.0,STOCK_B_MODERATE
2023-05-18,146.52,149.17,145.83,148.0,3143159.0,STOCK_B_MODERATE
2023-05-19,151.19,153.04,149.25,151.16,3402151.0,STOCK_B_MODERATE
2023-05-22,153.13,154.7,151.21,152.73,398978.0,STOCK_B_MODERATE
2023-05-23,152.35,152.38,151.93,151.94,1750884.0,STOCK_B_MODERATE
2023-05-24,150.61,151.44,150.52,150.89,1945566.0,STOCK_B_MODERATE
2023-05-25,146.8,148.83,144.77,147.97,3795916.0,STOCK_B_MODERATE
2023-05-26,142.3,144.46,141.76,143.28,3164913.0,STOCK_B_MODERATE
2023-05-29,143.71,146.11,143.51,143.6,841091.0,STOCK_B_MODERATE
2023-05-30,149.49,150.04,146.69,148.18,18117345.0,STOCK_B_MODERATE
2023-05-31,151.07,151.59,149.49,151.14,4416796.0,STOCK_B_MODERATE
2023-06-01,152.86,154.29,150.96,151.92,1381879.0,STOCK_B_MODERATE
2023-06-02,154.32,157.12,152.43,154.96,4166496.0,STOCK_B_MODERATE
2023-06-05,154.73,155.49,154.71,155.08,4558387.0,STOCK_B_MODERATE
2023-06-06,149.71,151.84,149.47,150.64,1943459.0,STOCK_B_MODERATE
2023-06-07,145.38,147.31,143.45,144.71,1777049.0,STOCK_B_MODERATE
2023-06-08,147.69,147.92,145.91,147.91,3379480.0,STOCK_B_MODERATE
2023-06-09,145.61,146.95,144.39,144.83,4474724.0,STOCK_B_MODERATE
2023-06-12,146.24,148.89,145.77,147.22,1933662.0,STOCK_B_MODERATE
2023-06-13,148.83,150.48,146.88,147.03,1638914.0,STOCK_B_MODERATE
2023-06-14,148.03,149.62,146.76,148.44,4264195.0,STOCK_B_MODERATE
2023-06-15,148.82,148.83,146.04,148.35,3907569.0,STOCK_B_MODERATE
2023-06-16,152.84,153.42,151.75,153.18,3914455.0,STOCK_B_MODERATE
2023-06-19,154.52,154.66,153.64,153.77,2969819.0,STOCK_B_MODERATE
2023-06-20,153.24,154.05,152.46,153.01,2948175.0,STOCK_B_MODERATE
2023-06-21,155.28,156.88,154.84,155.84,2799808.0,STOCK_B_MODERATE
2023-06-22,157.88,159.99,155.35,159.49,1488188.0,STOCK_B_MODERATE
2023-06-23,162.15,162.61,159.57,160.6,3883512.0,STOCK_B_MODERATE
2023-06-26,157.98,159.54,157.64,158.94,1935205.0,STOCK_B_MODERATE
2023-06-27,154.5,154.64,149.49,152.76,8102175.0,STOCK_B_MODERATE
2023-06-28,154.89,155.13,152.79,154.17,2879019.0,STOCK_B_MODERATE
2023-06-29,153.92,156.49,151.97,152.62,2970756.0,STOCK_B_MODERATE
2023-06-30,151.9,152.21,151.05,151.51,4708128.0,STOCK_B_MODERATE
2023-07-03,152.03,153.21,151.92,152.96,4949973.0,STOCK_B_MODERATE
2023-07-04,153.96,155.96,153.47,154.39,2411321.0,STOCK_B_MODERATE
2023-07-05,160.09,161.68,159.21,160.37,3102628.0,STOCK_B_MODERATE
2023-07-06,159.86,160.74,157.77,160.31,3179616.0,STOCK_B_MODERATE
2023-07-07,156.26,157.12,154.6,156.71,1059376.0,STOCK_B_MODERATE
2023-07-10,159.11,160.33,158.35,159.6,1646893.0,STOCK_B_MODERATE
2023-07-11,167.4,167.5,164.35,164.83,2686515.0,STOCK_B_MODERATE
2023-07-12,166.76,166.81,164.35,165.61,3304467.0,STOCK_B_MODERATE
2023-07-13,159.79,159.94,159.2,159.83,783527.0,STOCK_B_MODERATE
2023-07-14,155.8,157.95,155.32,156.76,642724.0,STOCK_B_MODERATE
2023-07-17,157.73,158.12,155.93,157.99,3671662.0,STOCK_B_MODERATE
2023-07-18,164.52,167.19,163.55,164.62,1158581.0,STOCK_B_MODERATE
2023-07-19,168.86,169.46,166.99,167.62,4082611.0,STOCK_B_MODERATE
2023-07-20,170.51,172.67,169.93,171.01,1564108.0,STOCK_B_MODERATE
2023-07-21,171.7,172.43,171.34,172.15,3086747.0,STOCK_B_MODERATE
2023-07-24,166.23,168.71,163.94,165.04,3131677.0,STOCK_B_MODERATE
2023-07-25,165.9,167.33,165.34,165.85,1277560.0,STOCK_B_MODERATE
2023-07-26,166.05,166.11,164.22,164.87,4900481.0,STOCK_B_MODERATE
2023-07-27,159.02,160.02,158.31,158.87,3374719.0,STOCK_B_MODERATE
2023-07-28,160.61,161.05,159.14,160.45,1245212.0,STOCK_B_MODERATE
2023-07-31,162.05,162.39,161.64,161.66,3502566.0,STOCK_B_MODERATE
2023-08-01,162.02,162.91,160.55,160.95,317964.0,STOCK_B_MODERATE
2023-08-02,161.16,161.55,159.43,161.24,3092740.0,STOCK_B_MODERATE
2023-08-03,165.61,165.78,164.29,164.45,1924488.0,STOCK_B_MODERATE
2023-08-04,158.47,159.97,156.08,159.0,1112373.0,STOCK_B_MODERATE
2023-08-07,158.83,158.99,158.32,158.72,2952904.0,STOCK_B_MODERATE
2023-08-08,154.06,157.29,153.63,154.89,3537143.0,STOCK_B_MODERATE
2023-08-09,157.9,159.85,156.54,156.75,2001202.0,STOCK_B_MODERATE
2023-08-10,150.01,152.56,148.16,150.82,3670308.0,STOCK_B_MODERATE
2023-08-11,152.08,152.42,150.46,152.14,13650243.0,STOCK_B_MODERATE
2023-08-14,151.7,153.01,150.97,151.27,2357373.0,STOCK_B_MODERATE
2023-08-15,150.03,150.33,147.83,149.5,1583008.0,STOCK_B_MODERATE
2023-08-16,152.34,153.4,150.83,152.07,2821111.0,STOCK_B_MODERATE
2023-08-17,156.66,159.2,152.11,155.84,4266825.0,STOCK_B_MODERATE
2023-08-18,160.38,161.06,158.56,159.02,2366914.0,STOCK_B_MODERATE
2023-08-21,158.01,159.84,155.99,159.09,3436497.0,STOCK_B_MODERATE
2023-08-22,166.12,167.35,165.09,165.54,4637824.0,STOCK_B_MODERATE
2023-08-23,164.99,166.86,164.16,164.68,1836550.0,STOCK_B_MODERATE
2023-08-24,167.15,170.24,166.94,167.56,3323714.0,STOCK_B_MODERATE
2023-08-25,167.18,167.24,166.34,167.05,4781255.0,STOCK_B_MODERATE
2023-08-28,161.14,163.75,160.23,162.6,2591964.0,STOCK_B_MODERATE
2023-08-29,162.36,164.26,162.17,163.9,1461766.0,STOCK_B_MODERATE
2023-08-30,163.01,165.32,161.88,162.46,111106.0,STOCK_B_MODERATE
2023-08-31,163.95,164.66,163.54,164.1,3532947.0,STOCK_B_MODERATE
2023-09-01,168.75,170.35,168.09,168.67,2455544.0,STOCK_B_MODERATE
2023-09-04,171.0,174.46,169.87,172.43,2193310.0,STOCK_B_MODERATE
2023-09-05,177.5,177.84,173.96,176.23,953044.0,STOCK_B_MODERATE
2023-09-06,183.11,183.75,179.44,182.61,856366.0,STOCK_B_MODERATE
2023-09-07,179.71,182.39,177.99,180.55,2720562.0,STOCK_B_MODERATE
2023-09-08,177.81,180.82,176.82,178.81,2927353.0,STOCK_B_MODERATE
2023-09-11,181.31,184.74,179.6,182.94,3700589.0,STOCK_B_MODERATE
2023-09-12,186.05,186.95,185.23,186.14,1303293.0,STOCK_B_MODERATE
2023-09-13,183.35,185.75,179.53,183.6,15903165.0,STOCK_B_MODERATE
2023-09-14,179.21,182.06,175.86,180.71,4222167.0,STOCK_B_MODERATE
2023-09-15,180.59,181.36,179.9,181.23,1316834.0,STOCK_B_MODERATE
2023-09-18,188.48,188.87,186.42,187.01,2409892.0,STOCK_B_MODERATE
2023-09-19,181.62,185.19,180.57,183.6,4634715.0,STOCK_B_MODERATE
2023-09-20,181.23,182.15,178.82,181.18,3676684.0,STOCK_B_MODERATE
2023-09-21,178.52,179.01,178.31,178.92,676665.0,STOCK_B_MODERATE
2023-09-22,172.72,174.27,171.8,172.15,600652.0,STOCK_B_MODERATE
2023-09-25,175.06,177.44,173.98,177.15,2950097.0,STOCK_B_MODERATE
2023-09-26,179.66,181.5,178.33,180.21,1248828.0,STOCK_B_MODERATE
2023-09-27,177.87,179.08,176.64,177.18,615640.0,STOCK_B_MODERATE
2023-09-28,180.28,181.84,176.72,178.58,4217252.0,STOCK_B_MODERATE
2023-09-29,180.37,181.38,179.47,180.76,3655367.0,STOCK_B_MODERATE
2023-10-02,179.67,181.56,179.02,180.93,2829694.0,STOCK_B_MODERATE
2023-10-03,176.44,176.72,176.18,176.36,3671479.0,STOCK_B_MODERATE
2023-10-04,180.43,183.46,179.21,181.66,2371573.0,STOCK_B_MODERATE
2023-10-05,182.67,186.04,180.82,181.42,2211870.0,STOCK_B_MODERATE
2023-10-06,186.02,188.93,181.84,185.47,822400.0,STOCK_B_MODERATE
2023-10-09,180.19,182.84,179.7,180.92,4605271.0,STOCK_B_MODERATE
2023-10-10,174.54,174.84,173.8,173.89,4620884.0,STOCK_B_MODERATE
2023-10-11,175.06,177.77,174.12,177.39,4053677.0,STOCK_B_MODERATE
2023-10-12,170.97,174.23,169.53,171.84,2026433.0,STOCK_B_MODERATE
2023-10-13,173.11,173.7,172.35,172.54,4663115.0,STOCK_B_MODERATE
2023-10-16,169.04,172.59,168.04,169.48,3226201.0,STOCK_B_MODERATE
2023-10-17,170.9,174.71,170.73,171.05,558611.0,STOCK_B_MODERATE
2023-10-18,168.5,169.43,166.02,166.69,737912.0,STOCK_B_MODERATE
2023-10-19,168.57,168.83,168.22,168.63,619761.0,STOCK_B_MODERATE
2023-10-20,177.11,177.45,175.87,176.55,978566.0,STOCK_B_MODERATE
2023-10-23,175.27,178.2,174.84,176.64,1324202.0,STOCK_B_MODERATE
2023-10-24,181.82,183.11,181.7,181.73,3731499.0,STOCK_B_MODERATE
2023-10-25,189.06,189.42,184.18,187.39,132132.0,STOCK_B_MODERATE
2023-10-26,185.64,187.51,183.6,185.88,1354238.0,STOCK_B_MODERATE
2023-10-27,188.81,191.6,187.43,188.71,1322098.0,STOCK_B_MODERATE
2023-10-30,187.76,191.69,186.53,188.02,4071834.0,STOCK_B_MODERATE
2023-10-31,185.82,186.89,185.61,186.59,1589243.0,STOCK_B_MODERATE
2023-11-01,189.4,190.26,189.23,189.33,1292360.0,STOCK_B_MODERATE
2023-11-02,192.11,192.96,188.81,190.42,4459246.0,STOCK_B_MODERATE
2023-11-03,192.37,194.07,192.01,192.87,4430996.0,STOCK_B_MODERATE
2023-11-06,192.33,193.31,191.39,191.61,2550671.0,STOCK_B_MODERATE
2023-11-07,194.2,194.66,191.08,193.64,732162.0,STOCK_B_MODERATE
2023-11-08,199.35,200.78,195.74,197.55,4302385.0,STOCK_B_MODERATE
2023-11-09,197.47,198.78,194.77,198.27,1535497.0,STOCK_B_MODERATE
2023-11-10,198.66,201.57,195.44,200.98,600769.0,STOCK_B_MODERATE
2023-11-13,194.96,196.38,190.38,193.09,1948990.0,STOCK_B_MODERATE
2023-11-14,195.64,195.69,193.95,194.82,469840.0,STOCK_B_MODERATE
2023-11-15,185.44,187.3,185.19,185.39,4281094.0,STOCK_B_MODERATE
2023-11-16,183.07,184.03,179.5,183.01,2479855.0,STOCK_B_MODERATE
2023-11-17,184.5,186.64,181.94,183.84,4559303.0,STOCK_B_MODERATE
2023-11-20,182.79,183.99,181.92,182.61,1666161.0,STOCK_B_MODERATE
2023-11-21,179.24,181.05,176.8,177.77,1422033.0,STOCK_B_MODERATE
2023-11-22,179.46,181.05,178.58,179.45,347225.0,STOCK_B_MODERATE
2023-11-23,182.6,185.04,181.11,183.27,270423.0,STOCK_B_MODERATE
2023-11-24,181.99,183.86,180.71,181.65,470864.0,STOCK_B_MODERATE
2023-11-27,185.04,186.42,181.8,184.3,3650447.0,STOCK_B_MODERATE
2023-11-28,188.08,190.74,188.04,190.28,3967570.0,STOCK_B_MODERATE
2023-11-29,187.22,189.59,186.6,187.98,4814419.0,STOCK_B_MODERATE
2023-11-30,184.3,187.1,184.27,185.13,364925.0,STOCK_B_MODERATE
2023-12-01,191.95,192.14,190.59,191.85,2055704.0,STOCK_B_MODERATE
2023-12-04,197.48,197.89,197.11,197.75,2643109.0,STOCK_B_MODERATE
2023-12-05,202.73,204.39,199.32,200.5,1652576.0,STOCK_B_MODERATE
2023-12-06,193.83,197.08,193.68,193.97,1831214.0,STOCK_B_MODERATE
2023-12-07,201.99,203.94,201.82,203.16,243848.0,STOCK_B_MODERATE
2023-12-08,202.33,205.62,202.13,203.57,3359521.0,STOCK_B_MODERATE
2023-12-11,206.8,208.23,204.13,206.57,3397139.0,STOCK_B_MODERATE
2023-12-12,207.12,208.2,206.46,206.47,2526540.0,STOCK_B_MODERATE
2023-12-13,206.04,206.95,204.85,205.14,246775.0,STOCK_B_MODERATE
2023-12-14,200.39,202.2,198.1,199.47,1554817.0,STOCK_B_MODERATE
2023-12-15,195.02,196.97,193.64,194.94,478195.0,STOCK_B_MODERATE
2023-12-18,191.36,192.34,190.93,191.78,4993415.0,STOCK_B_MODERATE
2023-12-19,189.62,191.02,188.05,188.77,3600222.0,STOCK_B_MODERATE
2023-12-20,183.49,184.95,182.23,183.77,1157299.0,STOCK_B_MODERATE
2023-12-21,184.09,186.18,182.8,182.84,1070977.0,STOCK_B_MODERATE
2023-12-22,186.96,188.83,182.49,186.01,4889487.0,STOCK_B_MODERATE
2023-12-25,183.51,186.21,182.01,184.99,2550403.0,STOCK_B_MODERATE
2023-12-26,184.04,187.27,183.2,185.17,889645.0,STOCK_B_MODERATE
2023-12-27,191.91,194.73,191.44,191.65,2728791.0,STOCK_B_MODERATE
2023-12-28,183.12,183.28,181.55,182.26,2575167.0,STOCK_B_MODERATE
2023-12-29,183.34,184.51,181.71,183.24,4229047.0,STOCK_B_MODERATE
2024-01-01,186.08,186.67,185.1,186.47,1383784.0,STOCK_B_MODERATE
2024-01-02,187.69,188.66,186.72,187.05,922485.0,STOCK_B_MODERATE
2024-01-03,179.23,180.39,178.49,179.46,10293275.0,STOCK_B_MODERATE
2024-01-04,176.0,178.77,175.56,176.74,1967336.0,STOCK_B_MODERATE
2024-01-05,177.72,179.07,176.82,177.23,1004785.0,STOCK_B_MODERATE
2024-01-08,175.89,177.71,173.16,175.46,11005637.0,STOCK_B_MODERATE
2024-01-09,176.68,177.58,176.07,177.07,2724976.0,STOCK_B_MODERATE
2024-01-10,177.05,177.07,174.5,175.66,14636657.0,STOCK_B_MODERATE
2024-01-11,170.45,172.45,168.2,171.87,4443188.0,STOCK_B_MODERATE
2024-01-12,169.14,169.85,167.36,169.21,1585905.0,STOCK_B_MODERATE
2024-01-15,165.22,166.77,164.96,165.06,4443959.0,STOCK_B_MODERATE
2024-01-16,163.82,167.33,162.39,164.65,4638959.0,STOCK_B_MODERATE
2024-01-17,166.51,167.38,165.69,167.02,4880314.0,STOCK_B_MODERATE
2024-01-18,166.43,167.53,165.8,165.9,1017881.0,STOCK_B_MODERATE
2024-01-19,167.28,169.53,165.87,167.17,4552753.0,STOCK_B_MODERATE
2024-01-22,165.58,167.4,165.43,165.46,4612845.0,STOCK_B_MODERATE
2024-01-23,165.48,167.01,163.71,165.67,407394.0,STOCK_B_MODERATE
2024-01-24,164.93,166.43,164.59,165.98,669202.0,STOCK_B_MODERATE
2024-01-25,160.85,162.55,160.03,160.39,2075254.0,STOCK_B_MODERATE
2024-01-26,163.99,164.97,162.78,163.62,2160356.0,STOCK_B_MODERATE
2024-01-29,166.75,169.73,166.65,167.9,1846055.0,STOCK_B_MODERATE
2024-01-30,164.24,166.61,163.17,165.23,4639224.0,STOCK_B_MODERATE
2024-01-31,163.63,164.1,161.1,163.04,2951872.0,STOCK_B_MODERATE
2024-02-01,160.25,162.55,158.76,161.61,4572706.0,STOCK_B_MODERATE
2024-02-02,158.41,158.65,155.74,157.0,1909748.0,STOCK_B_MODERATE
2024-02-05,154.43,154.94,153.25,153.61,3514515.0,STOCK_B_MODERATE
2024-02-06,150.54,153.05,148.82,152.02,2470675.0,STOCK_B_MODERATE
2024-02-07,147.46,147.83,146.11,147.13,4553172.0,STOCK_B_MODERATE
2024-02-08,144.93,146.23,142.49,144.48,4630192.0,STOCK_B_MODERATE
2024-02-09,145.78,150.19,144.21,147.02,4502182.0,STOCK_B_MODERATE
2024-02-12,147.03,148.17,145.79,146.24,3925324.0,STOCK_B_MODERATE
2024-02-13,143.43,145.21,141.94,144.37,4549395.0,STOCK_B_MODERATE
2024-02-14,142.95,143.98,142.69,143.73,876888.0,STOCK_B_MODERATE
2024-02-15,149.85,150.28,146.47,148.39,1258495.0,STOCK_B_MODERATE
2024-02-16,150.45,151.63,149.31,150.57,4257357.0,STOCK_B_MODERATE
2024-02-19,145.93,148.82,144.18,145.42,14871659.0,STOCK_B_MODERATE
2024-02-20,145.91,147.02,145.33,146.43,3117658.0,STOCK_B_MODERATE
2024-02-21,147.44,148.05,146.81,147.38,496424.0,STOCK_B_MODERATE
2024-02-22,143.39,145.35,142.09,142.85,4156026.0,STOCK_B_MODERATE
2024-02-23,144.92,146.78,144.83,145.84,637047.0,STOCK_B_MODERATE
2024-02-26,146.81,147.53,145.45,145.6,1819561.0,STOCK_B_MODERATE
2024-02-27,144.19,144.62,141.87,142.38,1315503.0,STOCK_B_MODERATE
2024-02-28,141.9,143.79,141.46,142.11,3673380.0,STOCK_B_MODERATE
2024-02-29,138.79,142.09,137.06,138.55,2704355.0,STOCK_B_MODERATE
2024-03-01,141.23,141.47,139.6,140.13,4053868.0,STOCK_B_MODERATE
2024-03-04,139.49,140.57,137.13,138.64,4398135.0,STOCK_B_MODERATE
2024-03-05,136.14,136.6,133.56,136.52,1037249.0,STOCK_B_MODERATE
2024-03-06,134.85,135.05,133.63,134.25,2245484.0,STOCK_B_MODERATE
2024-03-07,133.25,134.67,132.8,134.65,1069358.0,STOCK_B_MODERATE
2024-03-08,136.31,137.11,135.04,135.33,3422625.0,STOCK_B_MODERATE
2024-03-11,132.21,132.98,131.36,132.84,3966615.0,STOCK_B_MODERATE
2024-03-12,127.08,127.98,126.85,126.95,2119404.0,STOCK_B_MODERATE
2024-03-13,126.53,126.9,123.73,125.1,1406884.0,STOCK_B_MODERATE
2024-03-14,124.59,124.67,122.63,124.02,3639728.0,STOCK_B_MODERATE
2024-03-15,125.62,125.98,123.87,124.38,2078193.0,STOCK_B_MODERATE
2024-03-18,123.0,123.79,120.84,123.56,3576941.0,STOCK_B_MODERATE
2024-03-19,123.41,125.68,122.71,124.09,4613308.0,STOCK_B_MODERATE
2024-03-20,126.17,127.28,125.33,126.43,695220.0,STOCK_B_MODERATE
2024-03-21,124.74,124.87,124.26,124.68,878830.0,STOCK_B_MODERATE
2024-03-22,125.38,125.52,121.2,123.64,1973777.0,STOCK_B_MODERATE
2024-03-25,122.23,122.51,120.94,122.43,2729025.0,STOCK_B_MODERATE
2024-03-26,121.15,121.64,118.91,120.98,1358100.0,STOCK_B_MODERATE
2024-03-27,122.67,122.79,120.68,121.76,4160165.0,STOCK_B_MODERATE
2024-03-28,121.49,122.93,121.01,122.51,334537.0,STOCK_B_MODERATE
2024-03-29,125.91,126.93,125.69,126.26,2229155.0,STOCK_B_MODERATE
2024-04-01,125.98,128.94,124.05,127.53,3043979.0,STOCK_B_MODERATE
2024-04-02,126.66,127.53,126.23,127.16,2144699.0,STOCK_B_MODERATE
2024-04-03,123.45,124.58,122.42,123.66,191175.0,STOCK_B_MODERATE
2024-04-04,127.66,127.87,126.21,126.36,4609814.0,STOCK_B_MODERATE
2024-04-05,125.28,126.68,124.21,125.46,2293332.0,STOCK_B_MODERATE
2024-04-08,125.16,128.55,124.95,125.55,4621769.0,STOCK_B_MODERATE
2024-04-09,130.2,133.21,130.03,131.91,830617.0,STOCK_B_MODERATE
2024-04-10,130.85,133.07,130.77,130.99,1000381.0,STOCK_B_MODERATE
2024-04-11,133.14,134.2,132.25,132.57,4313558.0,STOCK_B_MODERATE
2024-04-12,132.31,132.53,129.87,131.89,1702890.0,STOCK_B_MODERATE
2024-04-15,134.01,136.03,133.95,134.59,263726.0,STOCK_B_MODERATE
2024-04-16,138.26,139.48,133.91,136.35,2505738.0,STOCK_B_MODERATE
2024-04-17,137.59,139.5,137.23,139.28,2208276.0,STOCK_B_MODERATE
2024-04-18,136.28,137.49,134.87,136.17,4985814.0,STOCK_B_MODERATE
2024-04-19,138.23,139.18,136.95,137.57,392754.0,STOCK_B_MODERATE
2024-04-22,137.71,139.11,137.07,138.33,208686.0,STOCK_B_MODERATE
2024-04-23,139.3,140.48,138.59,139.7,4767049.0,STOCK_B_MODERATE
2024-04-24,134.72,135.67,134.66,135.26,3492772.0,STOCK_B_MODERATE
2024-04-25,135.44,138.76,135.07,135.81,598726.0,STOCK_B_MODERATE
2024-04-26,137.01,138.38,134.7,136.65,713817.0,STOCK_B_MODERATE
2024-04-29,140.07,141.14,138.08,138.89,253551.0,STOCK_B_MODERATE
2024-04-30,143.1,144.04,141.15,141.77,19378759.0,STOCK_B_MODERATE
2024-05-01,139.55,139.57,138.3,138.86,733104.0,STOCK_B_MODERATE
2024-05-02,134.61,135.47,133.4,134.61,3538201.0,STOCK_B_MODERATE
2024-05-03,139.78,140.54,139.22,139.59,3281629.0,STOCK_B_MODERATE
2024-05-06,139.79,140.07,135.81,137.74,4519012.0,STOCK_B_MODERATE
2024-05-07,141.4,141.99,138.77,141.45,4724668.0,STOCK_B_MODERATE
2024-05-08,145.55,147.09,143.06,145.74,4899764.0,STOCK_B_MODERATE
2024-05-09,148.35,149.28,146.03,148.36,256450.0,STOCK_B_MODERATE
2024-05-10,152.44,154.21,150.71,152.05,3873358.0,STOCK_B_MODERATE
2024-05-13,151.29,151.38,149.89,151.34,3809372.0,STOCK_B_MODERATE
2024-05-14,152.44,153.2,150.94,151.78,4988721.0,STOCK_B_MODERATE
2024-05-15,154.43,154.88,152.75,154.31,4519350.0,STOCK_B_MODERATE
2024-05-16,151.91,152.95,150.37,152.71,2738962.0,STOCK_B_MODERATE
2024-05-17,149.36,151.11,148.18,150.57,2990197.0,STOCK_B_MODERATE
2024-05-20,149.77,150.96,148.97,149.45,4533978.0,STOCK_B_MODERATE
2024-05-21,143.56,144.76,143.22,144.04,4815139.0,STOCK_B_MODERATE
2024-05-22,147.37,148.44,144.54,145.93,4168395.0,STOCK_B_MODERATE
2024-05-23,145.67,147.0,144.24,145.8,4500177.0,STOCK_B_MODERATE
2024-05-24,150.17,151.55,149.44,150.31,3576385.0,STOCK_B_MODERATE
2024-05-27,152.31,152.77,150.78,151.7,4836458.0,STOCK_B_MODERATE
2024-05-28,157.39,159.15,156.46,156.99,1397849.0,STOCK_B_MODERATE
2024-05-29,159.16,162.2,157.8,160.2,4436333.0,STOCK_B_MODERATE
2024-05-30,160.81,162.53,160.19,161.98,1465267.0,STOCK_B_MODERATE
2024-05-31,165.47,166.76,162.67,166.15,1399673.0,STOCK_B_MODERATE
2024-06-03,161.31,163.13,161.17,161.82,323816.0,STOCK_B_MODERATE
2024-06-04,164.87,168.24,163.27,165.32,1195085.0,STOCK_B_MODERATE
2024-06-05,164.88,165.29,162.96,165.24,4414222.0,STOCK_B_MODERATE
2024-06-06,160.12,162.76,158.75,161.57,1557802.0,STOCK_B_MODERATE
2024-06-07,156.8,157.98,155.64,157.85,1638369.0,STOCK_B_MODERATE
2024-06-10,160.4,162.15,159.83,160.55,2317589.0,STOCK_B_MODERATE
2024-06-11,160.53,162.69,160.18,161.44,2966037.0,STOCK_B_MODERATE
2024-06-12,159.91,160.1,158.61,160.06,4598544.0,STOCK_B_MODERATE
2024-06-13,154.07,154.57,152.48,153.17,188767.0,STOCK_B_MODERATE
2024-06-14,153.15,154.86,152.51,153.02,3399329.0,STOCK_B_MODERATE
2024-06-17,153.88,155.19,152.6,154.73,1133572.0,STOCK_B_MODERATE
2024-06-18,153.72,156.23,151.32,151.46,3428050.0,STOCK_B_MODERATE
2024-06-19,149.19,150.4,146.57,149.75,3377474.0,STOCK_B_MODERATE
2024-06-20,146.52,147.38,146.25,146.9,2949626.0,STOCK_B_MODERATE
2024-06-21,150.07,151.31,148.41,150.14,1161181.0,STOCK_B_MODERATE
2024-06-24,149.44,150.3,148.72,150.27,4471960.0,STOCK_B_MODERATE
2024-06-25,149.43,150.84,148.22,149.1,2436129.0,STOCK_B_MODERATE
2024-06-26,146.97,147.02,144.6,145.74,1561116.0,STOCK_B_MODERATE
2024-06-27,150.69,151.69,149.05,151.2,3212342.0,STOCK_B_MODERATE
2024-06-28,149.11,149.52,147.59,149.27,3164779.0,STOCK_B_MODERATE
2024-07-01,151.99,152.39,150.24,151.91,780161.0,STOCK_B_MODERATE
2024-07-02,152.54,155.07,151.26,154.95,3303077.0,STOCK_B_MODERATE
2024-07-03,153.33,154.12,151.04,154.04,3962692.0,STOCK_B_MODERATE
2024-07-04,156.26,156.67,155.81,155.98,4160067.0,STOCK_B_MODERATE
2024-07-05,155.61,157.79,154.91,155.94,4154718.0,STOCK_B_MODERATE
2024-07-08,151.89,155.33,151.42,153.14,4574630.0,STOCK_B_MODERATE
2024-07-09,150.44,152.32,150.06,150.78,988187.0,STOCK_B_MODERATE
2024-07-10,149.37,150.84,148.58,150.5,2484651.0,STOCK_B_MODERATE
2024-07-11,155.35,156.23,153.29,154.23,1980438.0,STOCK_B_MODERATE
2024-07-12,152.62,153.64,150.81,153.27,2976812.0,STOCK_B_MODERATE
2024-07-15,154.15,154.45,153.12,153.72,3236755.0,STOCK_B_MODERATE
2024-07-16,156.22,157.44,154.16,156.66,4663245.0,STOCK_B_MODERATE
2024-07-17,160.2,162.16,159.72,160.13,5090883.0,STOCK_B_MODERATE
2024-07-18,157.1,158.1,155.34,156.34,1719526.0,STOCK_B_MODERATE
2024-07-19,164.55,165.05,163.93,164.84,4096800.0,STOCK_B_MODERATE
2024-07-22,168.79,169.58,165.9,168.2,3451025.0,STOCK_B_MODERATE
2024-07-23,166.47,167.83,165.75,167.26,3777939.0,STOCK_B_MODERATE
2024-07-24,168.9,169.71,168.62,168.75,1287458.0,STOCK_B_MODERATE
2024-07-25,174.51,176.31,172.29,173.46,2957534.0,STOCK_B_MODERATE
2024-07-26,171.25,171.54,169.78,171.0,2744598.0,STOCK_B_MODERATE
2024-07-29,170.35,170.5,168.72,170.26,4496177.0,STOCK_B_MODERATE
2024-07-30,166.77,168.83,166.55,168.49,1688058.0,STOCK_B_MODERATE
2024-07-31,164.57,167.34,162.11,163.9,3814405.0,STOCK_B_MODERATE
2024-08-01,165.76,167.03,161.89,162.78,2017211.0,STOCK_B_MODERATE
2024-08-02,162.89,162.95,161.07,162.18,3122394.0,STOCK_B_MODERATE
2024-08-05,158.71,160.99,158.06,158.43,2616068.0,STOCK_B_MODERATE
2024-08-06,159.26,161.76,158.21,158.26,2642721.0,STOCK_B_MODERATE
2024-08-07,159.53,160.83,158.2,158.61,2078993.0,STOCK_B_MODERATE
2024-08-08,158.39,160.57,156.86,157.62,2268896.0,STOCK_B_MODERATE
2024-08-09,160.03,160.2,158.76,159.73,2498010.0,STOCK_B_MODERATE
2024-08-12,154.93,157.97,153.19,156.16,252057.0,STOCK_B_MODERATE
2024-08-13,158.33,159.26,157.43,157.91,3884112.0,STOCK_B_MODERATE
2024-08-14,147.45,149.04,145.94,147.22,987351.0,STOCK_B_MODERATE
2024-08-15,154.7,155.15,153.26,153.83,579492.0,STOCK_B_MODERATE
2024-08-16,154.01,155.63,153.83,153.9,4925301.0,STOCK_B_MODERATE
2024-08-19,151.66,153.03,151.62,152.38,4341482.0,STOCK_B_MODERATE
2024-08-20,154.45,154.54,154.1,154.34,2196447.0,STOCK_B_MODERATE
2024-08-21,152.95,155.49,152.67,153.91,2981015.0,STOCK_B_MODERATE
2024-08-22,152.7,153.37,151.99,153.27,3762256.0,STOCK_B_MODERATE
2024-08-23,154.17,154.38,152.75,153.27,3295822.0,STOCK_B_MODERATE
2024-08-26,152.6,155.24,150.48,155.19,3345869.0,STOCK_B_MODERATE
2024-08-27,151.66,151.8,151.2,151.7,4900717.0,STOCK_B_MODERATE
2024-08-28,153.63,155.59,151.78,153.98,451171.0,STOCK_B_MODERATE
2024-08-29,153.09,155.52,151.65,152.66,3870725.0,STOCK_B_MODERATE
2024-08-30,156.42,158.24,152.5,154.52,3770575.0,STOCK_B_MODERATE
2024-09-02,152.46,153.37,150.41,151.94,1543101.0,STOCK_B_MODERATE
2024-09-03,149.17,149.75,148.43,148.57,3954437.0,STOCK_B_MODERATE
2024-09-04,148.95,149.84,147.46,148.28,4710867.0,STOCK_B_MODERATE
2024-09-05,143.76,145.15,141.54,145.15,1161181.0,STOCK_B_MODERATE
2024-09-06,144.21,144.3,142.99,143.42,3013948.0,STOCK_B_MODERATE
2024-09-09,145.91,147.34,145.01,145.73,3134575.0,STOCK_B_MODERATE
2024-09-10,146.97,147.91,146.55,147.88,1930537.0,STOCK_B_MODERATE
2024-09-11,148.21,148.9,143.69,146.23,1971599.0,STOCK_B_MODERATE
2024-09-12,145.63,146.56,145.42,145.56,787611.0,STOCK_B_MODERATE
2024-09-13,145.55,148.31,145.4,146.79,3485565.0,STOCK_B_MODERATE
2024-09-16,144.17,145.2,143.95,144.52,2423590.0,STOCK_B_MODERATE
2024-09-17,139.61,141.35,138.17,139.63,4499853.0,STOCK_B_MODERATE
2024-09-18,137.65,137.95,135.95,136.85,2101996.0,STOCK_B_MODERATE
2024-09-19,139.58,139.88,138.25,139.82,4351395.0,STOCK_B_MODERATE
2024-09-20,145.21,146.5,144.08,144.61,1341381.0,STOCK_B_MODERATE
2024-09-23,145.1,146.92,144.04,145.79,1900699.0,STOCK_B_MODERATE
2024-09-24,142.18,142.99,141.48,142.09,3606643.0,STOCK_B_MODERATE
2024-09-25,142.84,143.27,142.54,143.16,1503198.0,STOCK_B_MODERATE
2024-09-26,142.66,144.75,142.13,144.38,155917.0,STOCK_B_MODERATE
2024-09-27,146.49,147.76,145.07,145.74,502574.0,STOCK_B_MODERATE
2024-09-30,150.04,150.91,147.99,150.9,4816825.0,STOCK_B_MODERATE
2024-10-01,153.04,156.53,152.61,154.21,4564752.0,STOCK_B_MODERATE
2024-10-02,158.63,162.06,157.86,158.25,3857669.0,STOCK_B_MODERATE
2024-10-03,156.55,158.07,154.84,156.19,3958873.0,STOCK_B_MODERATE
2024-10-04,155.69,156.1,152.76,155.38,4017197.0,STOCK_B_MODERATE
2024-10-07,155.78,158.24,155.08,155.61,3409507.0,STOCK_B_MODERATE
2024-10-08,159.26,159.68,155.45,158.31,1491971.0,STOCK_B_MODERATE
2024-10-09,156.76,159.61,156.04,158.39,2899129.0,STOCK_B_MODERATE
2024-10-10,161.12,161.73,159.07,160.88,229484.0,STOCK_B_MODERATE
2024-10-11,165.05,166.41,163.24,164.39,1679243.0,STOCK_B_MODERATE
2024-10-14,163.34,167.1,162.29,165.87,4989428.0,STOCK_B_MODERATE
2024-10-15,172.08,172.97,172.01,172.24,558575.0,STOCK_B_MODERATE
2024-10-16,170.39,172.95,168.62,171.68,1203236.0,STOCK_B_MODERATE
2024-10-17,173.27,176.16,172.31,174.26,2170859.0,STOCK_B_MODERATE
2024-10-18,171.27,173.03,170.07,171.62,4004962.0,STOCK_B_MODERATE
2024-10-21,172.4,173.93,171.13,171.88,3152769.0,STOCK_B_MODERATE
2024-10-22,176.44,179.74,173.66,175.02,2828046.0,STOCK_B_MODERATE
2024-10-23,178.81,182.89,178.14,180.92,2308869.0,STOCK_B_MODERATE
2024-10-24,179.51,183.95,179.26,182.08,3337093.0,STOCK_B_MODERATE
2024-10-25,189.09,189.5,185.74,187.12,1830275.0,STOCK_B_MODERATE
2024-10-28,193.33,194.62,190.25,194.06,4731528.0,STOCK_B_MODERATE
2024-10-29,194.08,194.8,192.21,194.28,4096710.0,STOCK_B_MODERATE
2024-10-30,200.7,201.49,198.1,199.5,312084.0,STOCK_B_MODERATE
2024-10-31,206.54,207.06,205.4,205.73,2693662.0,STOCK_B_MODERATE
2024-11-01,203.79,206.94,203.4,205.17,2284580.0,STOCK_B_MODERATE
2024-11-04,208.5,208.8,206.26,208.55,14837480.0,STOCK_B_MODERATE
2024-11-05,201.16,201.71,199.73,201.15,538420.0,STOCK_B_MODERATE
2024-11-06,193.73,193.92,193.08,193.51,1823063.0,STOCK_B_MODERATE
2024-11-07,189.92,192.34,187.28,189.03,4952590.0,STOCK_B_MODERATE
2024-11-08,189.29,193.62,188.08,190.37,2569052.0,STOCK_B_MODERATE
2024-11-11,193.72,195.55,188.71,193.18,4320242.0,STOCK_B_MODERATE
2024-11-12,184.31,187.57,184.3,186.4,1554862.0,STOCK_B_MODERATE
2024-11-13,184.28,185.75,183.18,185.68,1146719.0,STOCK_B_MODERATE
2024-11-14,185.64,186.26,182.33,185.23,4753317.0,STOCK_B_MODERATE
2024-11-15,182.23,182.33,179.45,180.69,1695438.0,STOCK_B_MODERATE
2024-11-18,180.45,180.96,177.63,179.62,1965381.0,STOCK_B_MODERATE
2024-11-19,182.18,185.3,181.9,183.39,802762.0,STOCK_B_MODERATE
2024-11-20,184.36,185.92,183.17,183.53,761812.0,STOCK_B_MODERATE
2024-11-21,187.27,188.57,183.68,187.3,4647165.0,STOCK_B_MODERATE
2024-11-22,192.04,193.11,189.58,190.52,4962584.0,STOCK_B_MODERATE
2024-11-25,192.56,193.07,192.08,192.86,3866613.0,STOCK_B_MODERATE
2024-11-26,193.6,193.79,191.19,192.56,1509293.0,STOCK_B_MODERATE
2024-11-27,190.39,194.25,189.02,193.95,2505084.0,STOCK_B_MODERATE
2024-11-28,189.72,191.97,188.52,190.07,3379560.0,STOCK_B_MODERATE
2024-11-29,194.73,196.04,193.93,194.98,548751.0,STOCK_B_MODERATE
2024-12-02,201.11,202.99,200.9,202.23,3931983.0,STOCK_B_MODERATE
2024-12-03,195.26,198.53,194.29,197.38,384854.0,STOCK_B_MODERATE
2024-12-04,193.33,194.2,191.31,193.03,4059583.0,STOCK_B_MODERATE
2024-12-05,192.65,195.89,191.02,193.04,781724.0,STOCK_B_MODERATE
2024-12-06,189.44,190.12,184.88,188.16,1911636.0,STOCK_B_MODERATE
2024-12-09,188.7,192.42,188.47,190.41,2801705.0,STOCK_B_MODERATE
2024-12-10,186.42,187.96,183.63,185.76,2055542.0,STOCK_B_MODERATE
2024-12-11,192.39,197.43,191.99,194.55,2847841.0,STOCK_B_MODERATE
2024-12-12,200.48,204.96,199.56,202.28,1710835.0,STOCK_B_MODERATE
2024-12-13,206.94,207.23,201.55,205.28,1746607.0,STOCK_B_MODERATE
2024-12-16,202.33,204.23,200.54,203.4,1538636.0,STOCK_B_MODERATE
2024-12-17,207.5,208.95,207.19,208.47,2236721.0,STOCK_B_MODERATE
2024-12-18,205.96,207.33,203.95,206.9,1403079.0,STOCK_B_MODERATE
2024-12-19,206.17,208.06,201.46,203.16,1370200.0,STOCK_B_MODERATE
2024-12-20,194.8,197.59,193.96,195.25,4889033.0,STOCK_B_MODERATE
2024-12-23,191.92,193.09,190.67,191.94,2608853.0,STOCK_B_MODERATE
2024-12-24,199.9,201.75,196.72,198.0,3844009.0,STOCK_B_MODERATE
2024-12-25,201.1,208.79,198.31,203.95,3690208.0,STOCK_B_MODERATE
2024-12-26,205.35,207.33,202.33,206.55,2797476.0,STOCK_B_MODERATE
2024-12-27,206.35,206.94,205.12,206.58,1745534.0,STOCK_B_MODERATE
2024-12-30,202.37,203.47,198.95,200.58,2613411.0,STOCK_B_MODERATE
2024-12-31,199.79,200.32,197.76,198.26,2383369.0,STOCK_B_MODERATE
2025-01-01,197.37,199.55,195.57,196.37,816855.0,STOCK_B_MODERATE
