date,open,high,low,close,volume,is_anomaly,Ticker
2026-09-25,415.0,420.9,410.0,416.62,765739,False,LUCK
2026-09-24,424.35,425.0,414.41,415.44,652148,False,LUCK
2026-09-23,425.5,428.92,424.0,424.34,707585,False,LUCK
2026-09-22,423.94,425.0,419.5,423.79,977071,False,LUCK
2026-09-21,416.55,424.0,415.98,421.72,1007436,False,LUCK
2026-09-18,406.7,417.48,406.7,416.0,924336,False,LUCK
2026-09-17,408.92,409.97,400.75,406.95,777729,False,LUCK
2026-09-16,413.47,416.0,408.0,408.92,570464,False,LUCK
2026-09-15,416.5,416.5,408.52,413.87,781195,False,LUCK
2026-09-14,414.65,414.65,404.0,406.18,975763,False,LUCK
2026-09-11,407.0,420.0,398.51,416.68,1935380,False,LUCK
2026-09-10,415.36,416.0,404.99,408.03,1821165,False,LUCK
2026-09-09,420.0,421.9,414.0,415.36,682943,False,LUCK
2026-09-08,429.0,429.9,417.9,419.69,1367015,False,LUCK
2026-09-07,434.0,434.0,427.5,428.47,443733,False,LUCK
2026-09-04,432.0,437.0,429.26,433.12,374133,False,LUCK
2026-09-03,429.56,434.48,428.2,431.32,862809,False,LUCK
2026-09-02,431.3,431.3,427.47,428.07,1486364,False,LUCK
2026-09-01,439.0,439.0,431.5,433.39,803170,False,LUCK
2026-08-31,442.0,443.5,435.95,437.33,1079351,False,LUCK
2026-08-28,440.9,444.0,438.5,442.05,984191,False,LUCK
2026-08-27,444.25,447.9,439.0,440.9,1675292,False,LUCK
2026-08-25,442.0,444.0,436.3,442.69,1473601,False,LUCK
2026-08-24,441.16,445.0,437.0,440.03,1046999,False,LUCK
2026-08-21,437.2,441.5,434.0,440.41,581614,False,LUCK
2026-08-20,440.9,442.45,435.11,436.66,492042,False,LUCK
2026-08-19,439.3,443.21,435.0,437.2,981329,False,LUCK
2026-08-18,443.4,444.0,438.0,439.3,1250095,False,LUCK
2026-08-17,448.01,449.4,442.0,443.37,753981,False,LUCK
2026-08-13,447.88,450.0,445.0,446.61,696125,False,LUCK
2026-08-12,445.7,450.12,443.0,446.47,1099611,False,LUCK
2026-08-11,454.3,454.3,443.99,445.11,1441981,False,LUCK
2026-08-10,462.8,462.8,452.99,454.36,2057991,False,LUCK
2026-08-07,457.5,462.0,453.0,458.75,1949072,False,LUCK
2026-08-06,453.91,460.5,453.91,458.63,1931851,False,LUCK
2026-08-05,454.39,456.78,450.12,451.97,2675868,False,LUCK
2026-08-04,450.0,451.99,442.5,443.4,1031670,False,LUCK
2026-08-03,450.0,454.99,446.01,449.08,1884947,False,LUCK
2026-07-31,441.11,445.25,440.0,440.91,769454,False,LUCK
2026-07-30,445.7,445.7,435.4,437.91,1458139,False,LUCK
2026-07-29,450.16,453.0,443.0,445.76,1291410,False,LUCK
2026-07-28,461.0,462.0,452.01,455.04,4407482,False,LUCK
2026-07-27,450.0,460.0,445.25,456.6,4395892,False,LUCK
2026-07-24,431.0,443.0,427.96,433.01,2056126,False,LUCK
2026-07-23,444.7,447.4,432.0,434.29,1046583,False,LUCK
2026-07-22,449.0,455.0,439.5,445.15,955502,False,LUCK
2026-07-21,449.0,462.39,449.0,450.0,1550022,False,LUCK
2026-07-20,441.0,448.4,436.72,446.42,1685018,False,LUCK
2026-07-17,453.0,456.49,444.14,445.63,1489663,False,LUCK
2026-07-16,444.5,453.48,444.5,451.2,1390663,False,LUCK
2026-07-15,439.5,448.75,439.0,442.45,1226889,False,LUCK
2026-07-14,455.0,456.9,437.0,438.68,2616052,False,LUCK
2026-07-13,463.0,465.0,457.0,459.46,1271920,False,LUCK
2026-07-10,470.0,474.9,466.99,468.58,1064007,False,LUCK
2026-07-09,462.0,470.0,461.01,466.59,2018665,False,LUCK
2026-07-08,477.0,479.94,456.0,464.99,5648437,False,LUCK
2026-07-07,489.0,490.5,480.01,481.39,1452331,False,LUCK
2026-07-06,482.89,490.8,482.0,488.66,2184221,False,LUCK
2026-07-03,481.05,484.9,476.0,480.12,1155247,False,LUCK
2026-07-02,474.9,484.9,474.9,480.03,3253073,False,LUCK
2026-07-01,470.0,474.92,469.29,472.38,2038908,False,LUCK
2026-06-30,462.1,471.5,462.1,469.52,1320094,False,LUCK
2026-06-29,467.75,467.75,460.5,461.84,902422,False,LUCK
2026-06-24,458.02,469.0,458.02,467.75,1991650,False,LUCK
2026-06-23,460.01,462.9,455.0,457.47,1694484,False,LUCK
2026-06-22,465.11,467.9,457.5,459.06,1538353,False,LUCK
2026-06-19,471.0,472.99,459.0,462.98,2737636,False,LUCK
2026-06-18,472.0,477.0,469.99,471.57,2098556,False,LUCK
2026-06-17,470.0,475.0,464.16,470.61,3055536,False,LUCK
2026-06-16,472.5,475.9,463.63,469.82,4277608,False,LUCK
2026-06-15,470.0,472.4,460.9,469.36,6516394,False,LUCK
2026-06-12,438.88,454.01,436.52,449.11,5436081,False,LUCK
2026-06-11,427.0,434.9,422.0,433.09,3275763,False,LUCK
2026-06-10,431.0,435.0,427.0,429.35,1587252,False,LUCK
2026-06-09,432.99,438.0,431.0,432.15,3790348,False,LUCK
2026-06-08,426.0,429.9,423.5,426.49,1162090,False,LUCK
2026-06-05,435.6,437.67,430.2,431.5,850824,False,LUCK
2026-06-04,434.95,436.36,430.0,434.4,937132,False,LUCK
2026-06-03,435.0,435.0,427.0,429.83,1560670,False,LUCK
2026-06-02,437.14,441.5,432.0,435.67,1596078,False,LUCK
2026-06-01,451.9,452.15,434.0,437.14,2214263,False,LUCK
2026-05-29,440.0,454.5,437.8,453.43,4073832,False,LUCK
2026-05-25,435.0,438.5,430.0,436.77,1913466,False,LUCK
2026-05-22,430.48,431.5,420.16,422.13,1107759,False,LUCK
2026-05-21,418.0,434.0,418.0,426.82,4012991,False,LUCK
2026-05-20,410.01,412.25,405.01,410.88,3983677,False,LUCK
2026-05-19,408.11,415.49,406.11,407.89,628912,False,LUCK
2026-05-18,413.15,414.99,405.0,406.51,949984,False,LUCK
2026-05-15,429.0,429.0,416.0,417.75,1174717,False,LUCK
2026-05-14,422.36,429.9,421.0,422.8,531442,False,LUCK
2026-05-13,428.02,431.4,421.0,422.36,767836,False,LUCK
2026-05-12,436.13,440.0,427.0,428.3,708151,False,LUCK
2026-05-11,440.26,441.4,435.0,436.13,1302881,False,LUCK
2026-05-08,442.0,448.97,438.0,445.73,1727932,False,LUCK
2026-05-07,445.25,457.0,436.0,449.6,3840933,False,LUCK
2026-05-06,420.1,444.0,418.11,439.61,5101180,False,LUCK
2026-05-05,405.0,411.9,405.0,409.1,964827,False,LUCK
2026-05-04,411.0,425.0,406.81,411.18,1757797,False,LUCK
2026-04-30,413.94,413.94,400.51,407.99,2247520,False,LUCK
2026-04-29,418.01,425.9,410.5,418.41,1767142,False,LUCK
2026-04-28,417.99,421.0,415.0,418.64,881743,False,LUCK
2026-04-27,430.0,434.0,420.0,422.88,990168,False,LUCK
2026-04-24,422.27,435.0,415.0,430.25,1386253,False,LUCK
2026-04-23,430.0,433.99,420.55,425.8,1051797,False,LUCK
2026-04-22,441.0,442.97,429.05,431.12,1376109,False,LUCK
2026-04-21,448.0,448.0,438.5,441.02,1632822,False,LUCK
2026-04-20,445.0,445.0,430.1,440.86,3733292,False,LUCK
2026-04-17,438.01,451.95,437.01,449.37,3389829,False,LUCK
2026-04-16,439.99,444.0,430.15,435.5,2920671,False,LUCK
2026-04-15,455.0,458.44,433.99,435.77,5435632,False,LUCK
2026-04-14,425.0,438.0,420.0,434.36,4056475,False,LUCK
2026-04-13,415.0,425.0,407.0,410.06,3601011,False,LUCK
2026-04-10,431.11,447.8,431.11,435.76,3957795,False,LUCK
2026-04-09,439.8,439.8,402.0,429.97,7125029,False,LUCK
2026-04-08,420.33,420.33,420.33,420.33,858501,False,LUCK
2026-04-07,372.0,385.0,370.0,382.12,2395447,False,LUCK
2026-04-06,370.5,382.56,361.36,379.26,3261316,False,LUCK
2026-04-03,370.0,377.0,369.0,371.17,1461592,False,LUCK
2026-04-02,376.0,383.44,370.0,378.75,2852587,False,LUCK
2026-04-01,368.0,392.55,368.0,389.58,6249051,False,LUCK
2026-03-31,355.0,364.0,350.52,356.86,1986599,False,LUCK
2026-03-30,362.3,364.0,339.0,345.09,2657018,False,LUCK
2026-03-27,366.15,373.0,360.0,362.3,1987580,False,LUCK
2026-03-26,383.97,383.97,363.0,366.56,3312882,False,LUCK
2026-03-25,370.23,389.25,368.11,384.99,4696288,False,LUCK
2026-03-24,379.68,379.68,358.0,365.22,4346775,False,LUCK
2026-03-19,350.03,358.52,344.0,354.85,2716650,False,LUCK
2026-03-18,349.99,363.5,343.97,356.53,2708443,False,LUCK
2026-03-17,345.0,354.98,341.0,346.79,2681764,False,LUCK
2026-03-16,358.4,359.0,341.5,342.91,2232849,False,LUCK
2026-03-13,365.0,367.65,350.0,358.85,1885853,False,LUCK
2026-03-12,375.1,377.96,365.0,366.5,1772781,False,LUCK
2026-03-11,385.0,390.0,375.1,379.02,1669709,False,LUCK
2026-03-10,376.0,379.47,371.0,379.41,1965393,False,LUCK
2026-03-09,344.74,359.99,344.74,344.97,3897451,False,LUCK
2026-03-06,397.99,398.0,381.99,383.04,2031009,False,LUCK
2026-03-05,392.95,400.5,390.0,398.83,3782703,False,LUCK
2026-03-04,398.0,398.0,389.0,390.6,1650846,False,LUCK
2026-03-03,387.0,405.0,381.27,398.55,4351762,False,LUCK
2026-03-02,379.96,410.2,379.96,381.27,7253805,False,LUCK
2026-02-27,420.0,435.0,410.2,422.18,1338120,False,LUCK
2026-02-26,415.0,430.5,408.0,424.06,2515007,False,LUCK
2026-02-25,423.24,428.3,410.55,414.58,1153268,False,LUCK
2026-02-24,415.0,431.02,405.0,422.22,2981168,False,LUCK
2026-02-23,434.99,435.0,397.0,407.97,3536711,False,LUCK
2026-02-20,435.8,441.97,424.01,436.5,1735381,False,LUCK
2026-02-19,453.9,453.9,432.6,435.72,1299232,False,LUCK
2026-02-18,449.0,457.5,445.5,454.25,4594770,False,LUCK
2026-02-17,449.06,457.0,441.0,445.65,2541525,False,LUCK
2026-02-16,461.02,462.0,442.0,449.06,5941873,False,LUCK
2026-02-13,472.0,472.0,454.01,460.86,4047882,False,LUCK
2026-02-12,477.0,482.5,467.06,472.88,2375010,False,LUCK
2026-02-11,466.0,484.0,466.0,477.53,4625558,False,LUCK
2026-02-10,459.99,470.0,453.01,465.95,1816434,False,LUCK
2026-02-09,472.0,473.85,455.76,457.49,2459358,False,LUCK
2026-02-06,477.0,478.0,466.5,468.65,1405871,False,LUCK
2026-02-04,477.0,481.75,475.0,476.66,2918769,False,LUCK
2026-02-03,479.27,481.5,475.01,476.06,1482328,False,LUCK
2026-02-02,483.5,486.82,473.5,475.91,1361788,False,LUCK
2026-01-30,467.9,489.5,465.0,482.13,2341538,False,LUCK
2026-01-29,480.0,483.5,462.51,465.43,1801771,False,LUCK
2026-01-28,478.0,485.0,475.01,478.07,1043937,False,LUCK
2026-01-27,485.0,485.0,475.1,477.24,1724656,False,LUCK
2026-01-26,492.0,499.0,480.06,486.26,1521757,False,LUCK
2026-01-23,494.98,497.0,485.01,491.94,945441,False,LUCK
2026-01-22,491.99,497.2,490.1,495.17,788835,False,LUCK
2026-01-21,498.49,499.79,490.0,492.35,1161563,False,LUCK
2026-01-20,501.0,502.96,495.0,496.37,1004690,False,LUCK
2026-01-19,497.99,501.25,494.16,500.15,1057520,False,LUCK
2026-01-16,488.1,500.12,488.1,493.86,1495746,False,LUCK
2026-01-15,490.02,495.0,485.0,487.58,818902,False,LUCK
2026-01-14,500.26,502.0,487.11,490.0,1683329,False,LUCK
2026-01-13,494.2,506.0,488.0,500.09,1677757,False,LUCK
2026-01-12,498.3,499.97,490.0,491.18,1108288,False,LUCK
2026-01-09,507.0,508.27,492.0,498.3,1889315,False,LUCK
2026-01-08,514.49,516.88,504.55,507.84,2146131,False,LUCK
2026-01-07,508.8,515.23,506.01,512.15,2461854,False,LUCK
2026-01-06,490.5,514.0,489.0,508.8,6692054,False,LUCK
2026-01-05,478.5,498.99,478.5,488.36,3367840,False,LUCK
2026-01-02,483.99,486.65,472.0,478.44,1492540,False,LUCK
2026-01-01,476.01,492.0,476.01,481.02,1560281,False,LUCK
2025-12-31,492.0,492.0,470.0,474.96,3110153,False,LUCK
2025-12-30,487.0,492.0,486.1,487.24,1120108,False,LUCK
2025-12-29,489.89,495.0,484.8,486.74,941680,False,LUCK
2025-12-26,491.89,497.8,485.0,486.36,1277190,False,LUCK
2025-12-24,495.01,502.0,487.96,490.42,1659599,False,LUCK
2025-12-23,510.0,520.0,505.1,509.2,1265993,False,LUCK
2025-12-22,498.99,529.5,495.0,512.7,3865992,False,LUCK
2025-12-19,485.67,503.04,485.67,499.04,2918362,False,LUCK
2025-12-18,479.11,495.03,477.0,485.49,1456032,False,LUCK
2025-12-17,488.8,490.5,471.2,476.63,1401564,False,LUCK
2025-12-16,491.98,500.0,487.5,488.3,1138092,False,LUCK
2025-12-15,490.0,496.0,487.02,488.6,697626,False,LUCK
2025-12-12,487.24,492.77,481.0,488.82,761289,False,LUCK
2025-12-11,495.0,496.0,484.52,487.24,1026336,False,LUCK
2025-12-10,485.92,504.0,485.27,497.28,2634361,False,LUCK
2025-12-09,479.45,488.7,473.49,485.92,1639272,False,LUCK
2025-12-08,475.0,477.98,471.5,476.06,755301,False,LUCK
2025-12-05,478.0,478.0,468.01,475.6,1475173,False,LUCK
2025-12-04,469.0,472.98,465.0,471.44,568533,False,LUCK
2025-12-03,480.0,480.0,466.0,471.13,973670,False,LUCK
2025-12-02,468.99,481.4,463.25,476.71,4149100,False,LUCK
2025-12-01,464.0,469.0,455.0,465.35,2448671,False,LUCK
2025-11-28,453.5,460.48,452.0,458.24,1906835,False,LUCK
2025-11-27,438.07,457.0,438.0,451.58,1937982,False,LUCK
2025-11-26,427.5,440.0,423.5,436.7,1197282,False,LUCK
2025-11-25,428.1,433.45,423.0,430.53,606817,False,LUCK
2025-11-24,428.01,431.0,421.87,426.98,984016,False,LUCK
2025-11-21,431.0,435.0,426.5,428.42,838510,False,LUCK
2025-11-20,430.0,432.89,426.1,429.78,644548,False,LUCK
2025-11-19,430.24,434.5,426.91,428.08,911237,False,LUCK
2025-11-18,435.99,436.0,425.0,430.24,1244144,False,LUCK
2025-11-17,445.1,447.9,431.0,432.63,1116466,False,LUCK
2025-11-14,448.11,450.89,441.51,442.41,997259,False,LUCK
2025-11-13,425.01,449.0,425.01,445.9,2584227,False,LUCK
2025-11-12,430.0,434.0,422.0,424.34,1132424,False,LUCK
2025-11-11,441.0,443.99,430.0,430.62,1365386,False,LUCK
2025-11-10,441.99,446.5,439.0,441.42,708042,False,LUCK
2025-11-07,440.0,445.0,432.55,439.84,682624,False,LUCK
2025-11-06,443.95,444.84,427.99,439.66,1702646,False,LUCK
2025-11-05,455.85,455.85,440.01,442.02,1120641,False,LUCK
2025-11-04,460.0,462.05,449.82,454.76,718536,False,LUCK
2025-11-03,465.0,465.48,458.0,459.92,709293,False,LUCK
2025-10-31,450.0,462.0,450.0,459.87,754891,False,LUCK
2025-10-30,442.0,452.85,442.0,445.93,1121777,False,LUCK
2025-10-29,452.51,458.0,440.0,442.28,736919,False,LUCK
2025-10-28,455.0,464.9,450.51,452.64,1406545,False,LUCK
2025-10-27,452.32,452.32,443.8,445.2,388945,False,LUCK
2025-10-24,451.78,455.0,443.02,452.32,510119,False,LUCK
2025-10-23,457.99,460.0,450.0,451.78,635349,False,LUCK
2025-10-22,462.3,463.75,457.11,459.85,861474,False,LUCK
2025-10-21,463.01,465.0,458.01,462.41,718850,False,LUCK
2025-10-20,465.0,467.5,456.0,462.45,666061,False,LUCK
2025-10-17,457.0,463.0,451.12,459.89,986837,False,LUCK
2025-10-16,458.35,465.95,452.1,454.59,1593384,False,LUCK
2025-10-15,468.0,470.01,454.05,458.55,1873814,False,LUCK
2025-10-14,440.0,472.0,440.0,467.16,1942602,False,LUCK
2025-10-13,441.0,450.0,425.0,431.38,2567586,False,LUCK
2025-10-10,450.0,460.0,443.0,448.34,1114027,False,LUCK
2025-10-09,445.11,463.49,445.11,450.88,1481644,False,LUCK
2025-10-08,457.0,459.99,440.0,443.95,2592217,False,LUCK
2025-10-07,475.77,475.77,455.0,456.11,1488722,False,LUCK
2025-10-06,472.5,474.0,467.0,470.65,827392,False,LUCK
2025-10-03,475.0,479.79,473.01,474.12,837163,False,LUCK
2025-10-02,479.0,484.99,470.1,472.14,1566426,False,LUCK
2025-10-01,478.89,483.0,469.55,479.07,996089,False,LUCK
2025-09-30,467.25,478.0,463.1,475.89,1588041,False,LUCK
2025-09-29,473.98,473.98,466.0,467.1,847609,False,LUCK
2025-09-26,465.0,474.0,460.75,470.56,2136072,False,LUCK
2025-09-25,475.05,477.6,460.0,464.62,1187814,False,LUCK
2025-09-24,476.7,481.0,473.0,474.83,578674,False,LUCK
2025-09-23,485.0,486.0,475.05,476.24,879952,False,LUCK
2025-09-22,489.47,491.98,481.01,482.4,874264,False,LUCK
2025-09-19,485.99,494.5,480.55,487.99,1361634,False,LUCK
2025-09-18,481.0,486.0,480.56,484.45,1319613,False,LUCK
2025-09-17,478.8,487.5,477.0,480.56,2244163,False,LUCK
2025-09-16,479.9,481.0,475.0,477.52,1586736,False,LUCK
2025-09-15,474.17,479.05,470.0,476.59,2177425,False,LUCK
2025-09-12,481.0,483.0,471.5,474.17,1666181,False,LUCK
2025-09-11,483.5,486.99,478.0,480.64,1919069,False,LUCK
2025-09-10,475.6,486.0,474.0,483.21,1838689,False,LUCK
2025-09-09,477.9,485.97,472.5,481.01,3637777,False,LUCK
2025-09-08,469.0,481.0,469.0,478.57,3073083,False,LUCK
2025-09-05,454.9,482.0,454.1,466.18,6159407,False,LUCK
2025-09-04,443.17,456.0,443.1,452.91,2993412,False,LUCK
2025-09-03,441.26,450.0,441.26,443.17,2159612,False,LUCK
2025-09-02,448.0,448.0,438.0,440.72,2089897,False,LUCK
2025-09-01,429.2,449.2,428.01,445.55,4086384,False,LUCK
2025-08-29,420.0,435.0,419.25,427.42,2963919,False,LUCK
2025-08-28,415.0,423.5,414.63,418.26,1560131,False,LUCK
2025-08-27,418.0,419.5,413.8,414.63,787919,False,LUCK
2025-08-26,413.7,422.98,411.0,415.44,907341,False,LUCK
2025-08-25,418.01,420.0,411.0,413.58,696364,False,LUCK
2025-08-22,419.91,424.5,415.5,417.08,1247451,False,LUCK
2025-08-21,425.0,428.95,409.0,419.91,3096060,False,LUCK
2025-08-20,430.0,432.45,423.01,424.62,2577062,False,LUCK
2025-08-19,412.0,430.0,412.0,425.98,3914791,False,LUCK
2025-08-18,395.0,413.5,394.6,411.02,3728197,False,LUCK
2025-08-15,387.45,399.75,383.0,394.34,3300897,False,LUCK
2025-08-13,380.11,387.0,379.01,385.42,1860408,False,LUCK
2025-08-12,378.97,381.25,376.51,378.4,1139433,False,LUCK
2025-08-11,374.0,382.4,372.0,375.88,1875675,False,LUCK
2025-08-08,380.0,386.9,370.2,374.73,1639040,False,LUCK
2025-08-07,381.01,384.4,376.2,382.29,2162742,False,LUCK
2025-08-06,377.5,382.51,375.16,380.83,3126789,False,LUCK
2025-08-05,372.11,377.85,371.99,374.94,3163979,False,LUCK
2025-08-04,364.97,374.0,363.51,372.11,2876974,False,LUCK
2025-08-01,358.0,362.1,355.0,359.91,1168697,False,LUCK
2025-07-31,358.0,362.35,352.5,356.95,855949,False,LUCK
2025-07-30,363.99,364.99,351.0,356.43,1928440,False,LUCK
2025-07-29,370.0,374.89,357.81,361.88,4317828,False,LUCK
2025-07-28,361.89,373.24,361.74,369.3,3333943,False,LUCK
2025-07-25,353.2,360.0,352.01,358.54,931294,False,LUCK
2025-07-24,357.02,359.45,353.0,353.49,688855,False,LUCK
2025-07-23,358.0,360.0,355.5,356.77,771597,False,LUCK
2025-07-22,358.0,361.0,355.61,357.08,1121102,False,LUCK
2025-07-21,358.5,365.0,356.0,357.73,987508,False,LUCK
2025-07-18,358.51,374.85,354.72,358.71,5228348,False,LUCK
2025-07-17,350.95,359.1,349.0,358.3,2044005,False,LUCK
2025-07-16,350.0,351.1,345.0,349.62,867656,False,LUCK
2025-07-15,354.0,356.0,349.0,349.87,1176731,False,LUCK
2025-07-14,353.0,355.8,350.75,353.19,1083505,False,LUCK
2025-07-11,354.44,359.9,351.5,351.98,1637078,False,LUCK
2025-07-10,354.0,354.25,350.0,353.38,1390682,False,LUCK
2025-07-09,356.49,357.0,350.25,352.42,1014954,False,LUCK
2025-07-08,358.0,359.63,352.07,355.03,1740065,False,LUCK
2025-07-07,354.99,358.0,352.0,356.59,1531676,False,LUCK
2025-07-04,352.99,354.5,350.0,353.08,962543,False,LUCK
2025-07-03,349.97,355.5,348.07,349.66,1500526,False,LUCK
2025-07-02,350.0,353.9,348.0,348.8,989113,False,LUCK
2025-07-01,357.0,357.0,347.98,349.76,2143278,False,LUCK
2025-06-30,357.1,359.0,353.01,355.24,1632314,False,LUCK
2025-06-27,342.6,365.0,341.28,355.89,6413957,False,LUCK
2025-06-26,347.75,351.0,340.39,341.28,1506811,False,LUCK
2025-06-25,348.0,349.5,345.0,347.74,1642530,False,LUCK
2025-06-24,335.5,347.95,331.11,346.42,4684225,False,LUCK
2025-06-23,320.2,326.89,315.0,316.66,1695746,False,LUCK
2025-06-20,327.88,332.9,326.0,329.93,761312,False,LUCK
2025-06-19,331.5,337.01,325.0,328.45,2994913,False,LUCK
2025-06-18,336.0,336.5,328.7,331.53,2056615,False,LUCK
2025-06-17,341.01,344.0,334.0,335.23,1633824,False,LUCK
2025-06-16,345.72,351.99,339.96,340.85,2370083,False,LUCK
2025-06-13,348.0,351.0,341.5,345.72,3402914,False,LUCK
2025-06-12,355.0,374.0,352.01,356.0,9603356,False,LUCK
2025-06-11,345.0,354.0,340.11,352.13,5565026,False,LUCK
2025-06-10,343.0,343.01,334.85,335.48,1141529,False,LUCK
2025-06-05,345.61,347.5,340.62,342.06,816940,False,LUCK
2025-06-04,343.0,348.1,341.5,345.61,3330662,False,LUCK
2025-06-03,335.0,343.5,334.0,339.26,2955173,False,LUCK
2025-06-02,336.05,339.85,330.0,331.77,984536,False,LUCK
2025-05-30,335.44,338.0,333.5,335.62,827975,False,LUCK
2025-05-29,325.97,339.9,324.75,333.38,2756891,False,LUCK
2025-05-27,325.01,329.79,319.5,324.23,2294998,False,LUCK
2025-05-26,321.01,327.82,321.01,322.88,495875,False,LUCK
2025-05-23,326.96,330.49,320.05,324.82,917946,False,LUCK
2025-05-22,335.51,336.88,323.52,324.99,1883910,False,LUCK
2025-05-21,336.99,338.09,333.6,335.39,1037102,False,LUCK
2025-05-20,339.0,346.0,332.82,337.17,1331099,False,LUCK
2025-05-19,345.0,347.0,335.1,338.15,1389149,False,LUCK
2025-05-16,349.0,349.0,341.5,342.37,1051595,False,LUCK
2025-05-15,351.1,354.0,343.0,347.49,2643581,False,LUCK
2025-05-14,364.95,364.95,343.0,351.1,5816281,False,LUCK
2025-05-13,351.0,354.99,337.8,351.19,6259987,False,LUCK
2025-05-12,337.78,337.78,337.78,337.78,876832,False,LUCK
2025-05-09,295.0,309.0,280.15,307.07,3642443,False,LUCK
2025-05-08,306.11,317.95,274.43,287.68,7396858,False,LUCK
2025-05-07,300.01,318.44,296.0,304.92,7169114,False,LUCK
2025-05-06,339.31,339.31,320.0,323.31,2354625,False,LUCK
2025-05-05,337.0,340.0,328.0,335.01,3188998,False,LUCK
2025-05-02,336.1,342.0,333.0,336.8,4552166,False,LUCK
2025-04-30,340.0,343.94,325.0,327.29,5286939,False,LUCK
2025-04-29,358.0,363.98,335.0,349.16,7838604,False,LUCK
2025-04-28,365.0,383.25,355.13,358.88,9953480,False,LUCK
2025-04-18,1748.8,1796.0,1738.0,1751.45,1109330,False,LUCK
2025-04-17,1732.0,1759.9,1727.0,1738.3,447747,False,LUCK
2025-04-16,1720.0,1771.0,1710.0,1725.54,756955,False,LUCK
2025-04-15,1700.0,1747.0,1675.0,1716.23,1150692,False,LUCK
2025-04-14,1615.5,1699.0,1605.1,1689.59,1028009,False,LUCK
2025-04-11,1590.0,1614.0,1578.0,1602.95,456102,False,LUCK
2025-04-10,1603.0,1626.0,1580.01,1601.83,796980,False,LUCK
2025-04-09,1580.0,1580.0,1541.0,1560.98,605409,False,LUCK
2025-04-08,1500.01,1621.8,1494.0,1574.15,2063508,False,LUCK
2025-04-07,1490.0,1500.0,1412.0,1476.06,586054,False,LUCK
2025-04-04,1515.0,1529.95,1497.0,1501.41,311559,False,LUCK
2025-04-03,1490.0,1529.89,1486.01,1516.26,292519,False,LUCK
2025-03-27,1486.01,1518.0,1480.2,1496.6,265302,False,LUCK
2025-03-26,1510.0,1515.0,1480.0,1491.28,212439,False,LUCK
2025-03-25,1496.0,1507.25,1473.0,1497.87,153127,False,LUCK
2025-03-24,1538.0,1542.0,1489.0,1496.45,242494,False,LUCK
2025-03-21,1551.1,1560.0,1520.05,1527.79,166226,False,LUCK
2025-03-20,1547.99,1570.0,1540.2,1549.49,554306,False,LUCK
2025-03-19,1515.0,1545.0,1490.0,1534.62,578664,False,LUCK
2025-03-18,1500.0,1525.0,1492.55,1516.8,524935,False,LUCK
2025-03-17,1469.99,1499.0,1465.0,1492.99,415549,False,LUCK
2025-03-14,1490.0,1490.0,1455.6,1464.11,420086,False,LUCK
2025-03-13,1434.0,1484.0,1434.0,1471.33,441742,False,LUCK
2025-03-12,1442.0,1444.0,1428.0,1430.9,83982,False,LUCK
2025-03-11,1448.0,1450.0,1432.0,1438.29,131405,False,LUCK
2025-03-10,1450.0,1463.0,1440.0,1448.49,129248,False,LUCK
2025-03-07,1439.99,1457.88,1434.0,1448.95,323720,False,LUCK
2025-03-06,1437.1,1450.0,1432.75,1434.93,178135,False,LUCK
2025-03-05,1433.0,1460.0,1429.0,1434.31,284831,False,LUCK
2025-03-04,1413.01,1439.9,1413.01,1428.76,194218,False,LUCK
2025-03-03,1415.25,1434.0,1409.0,1412.72,161766,False,LUCK
2025-02-28,1444.9,1444.9,1406.1,1424.16,187308,False,LUCK
2025-02-27,1467.0,1469.89,1433.0,1436.93,159380,False,LUCK
2025-02-26,1458.0,1475.98,1450.0,1459.93,249738,False,LUCK
2025-02-25,1460.0,1480.0,1440.0,1456.28,421255,False,LUCK
2025-02-24,1401.0,1471.99,1371.1,1449.37,1462920,False,LUCK
2025-02-21,1535.51,1535.51,1405.0,1422.52,2132716,False,LUCK
2025-02-20,1400.0,1450.0,1380.0,1395.92,645471,False,LUCK
2025-02-19,1467.9,1474.0,1392.0,1402.17,535671,False,LUCK
2025-02-18,1410.0,1491.0,1381.02,1459.65,694511,False,LUCK
2025-02-17,1367.0,1441.0,1360.0,1404.3,1017829,False,LUCK
2025-02-14,1366.37,1366.37,1345.0,1366.37,536482,False,LUCK
2025-02-13,1215.0,1250.0,1211.0,1242.15,1673924,False,LUCK
2025-02-12,1218.59,1220.0,1206.9,1208.09,172098,False,LUCK
2025-02-11,1214.28,1228.0,1210.0,1218.59,249830,False,LUCK
2025-02-10,1211.0,1215.0,1190.2,1209.1,109996,False,LUCK
2025-02-07,1188.1,1215.0,1188.1,1209.34,83026,False,LUCK
2025-02-06,1195.0,1200.0,1175.0,1194.54,483790,False,LUCK
2025-02-04,1210.0,1217.99,1185.0,1195.75,342632,False,LUCK
2025-02-03,1184.0,1240.0,1178.21,1199.47,718482,False,LUCK
2025-01-31,1150.0,1210.02,1140.0,1180.84,1070641,False,LUCK
2025-01-30,1070.0,1119.0,1070.0,1113.72,594472,False,LUCK
2025-01-29,1086.0,1095.0,1073.1,1076.15,127451,False,LUCK
2025-01-28,1107.0,1118.99,1077.0,1084.82,355994,False,LUCK
2025-01-27,1110.0,1119.0,1091.0,1098.66,102444,False,LUCK
2025-01-24,1110.0,1130.0,1105.6,1109.15,117687,False,LUCK
2025-01-23,1109.99,1113.99,1098.75,1106.83,50224,False,LUCK
2025-01-22,1110.0,1119.0,1087.87,1097.44,150327,False,LUCK
2025-01-21,1132.0,1139.0,1098.0,1101.48,82978,False,LUCK
2025-01-20,1145.0,1145.0,1130.0,1132.96,84935,False,LUCK
2025-01-17,1098.0,1134.99,1090.4,1128.3,267300,False,LUCK
2025-01-16,1111.0,1111.0,1091.02,1099.15,87074,False,LUCK
2025-01-15,1105.1,1129.0,1099.0,1110.64,97947,False,LUCK
2025-01-14,1114.5,1124.0,1094.11,1116.52,150508,False,LUCK
2025-01-13,1096.03,1120.0,1096.03,1104.0,103194,False,LUCK
2025-01-10,1100.0,1124.7,1078.6,1094.74,215238,False,LUCK
2025-01-09,1137.0,1147.0,1091.94,1102.26,174588,False,LUCK
2025-01-08,1150.01,1172.0,1130.0,1134.54,178703,False,LUCK
2025-01-07,1151.0,1155.9,1098.0,1150.95,274356,False,LUCK
2025-01-06,1158.9,1165.98,1125.0,1148.2,183759,False,LUCK
2025-01-03,1219.0,1219.0,1101.01,1147.69,487084,False,LUCK
2025-01-02,1200.0,1230.0,1155.0,1192.45,362258,False,LUCK
2025-01-01,1114.85,1191.15,1099.0,1187.66,481170,False,LUCK
2024-12-31,1115.0,1140.0,1091.25,1100.49,363139,False,LUCK
2024-12-30,1080.0,1110.5,1055.0,1098.95,192193,False,LUCK
2024-12-27,1070.0,1088.0,1066.0,1071.2,171856,False,LUCK
2024-12-26,1116.1,1120.0,1060.0,1064.0,292070,False,LUCK
2024-12-24,1132.0,1152.0,1110.0,1115.79,143904,False,LUCK
2024-12-23,1125.0,1134.98,1051.0,1132.13,179862,False,LUCK
2024-12-20,1084.0,1120.99,1073.0,1107.43,281707,False,LUCK
2024-12-19,1125.0,1177.0,1050.0,1084.18,542495,False,LUCK
2024-12-18,1191.0,1198.0,1112.67,1135.69,296068,False,LUCK
2024-12-17,1225.0,1249.98,1175.0,1182.58,433497,False,LUCK
2024-12-16,1260.0,1270.0,1220.01,1238.84,559581,False,LUCK
2024-12-13,1225.0,1271.0,1215.05,1257.41,332665,False,LUCK
2024-12-12,1229.0,1260.0,1204.0,1225.08,594520,False,LUCK
2024-12-11,1210.0,1255.0,1205.0,1218.53,255483,False,LUCK
2024-12-10,1194.99,1283.84,1157.0,1202.54,1022643,False,LUCK
2024-12-09,1120.11,1218.97,1103.0,1167.13,288292,False,LUCK
2024-12-06,1120.01,1141.0,1100.0,1114.66,266819,False,LUCK
2024-12-05,1067.02,1121.0,1051.46,1118.88,488098,False,LUCK
2024-12-04,1058.19,1072.0,1045.0,1067.02,284601,False,LUCK
2024-12-03,1041.13,1061.9,1040.0,1058.19,405612,False,LUCK
2024-12-02,1025.0,1054.0,1019.55,1040.1,176187,False,LUCK
2024-11-29,1019.0,1031.4,1014.0,1019.55,63387,False,LUCK
2024-11-28,998.0,1030.0,995.0,1019.67,215710,False,LUCK
2024-11-27,960.0,1040.0,959.9,995.71,486464,False,LUCK
2024-11-26,998.77,998.77,925.0,948.07,576284,False,LUCK
2024-11-25,1027.0,1039.98,990.0,998.78,157170,False,LUCK
2024-11-22,1039.87,1050.16,1025.0,1026.89,300360,False,LUCK
2024-11-21,1010.2,1043.75,1010.2,1041.17,68353,False,LUCK
2024-11-20,1041.0,1055.0,1022.02,1027.94,448085,False,LUCK
2024-11-19,1010.16,1059.29,1010.16,1046.03,36753,False,LUCK
2024-11-18,1045.0,1060.0,1037.5,1058.29,357919,False,LUCK
2024-11-15,1044.99,1047.99,1027.0,1045.14,174331,False,LUCK
2024-11-14,1030.0,1047.0,1020.22,1041.31,328131,False,LUCK
2024-11-13,993.37,1023.0,989.0,1018.35,326372,False,LUCK
2024-11-12,996.0,1004.98,988.0,989.71,150508,False,LUCK
2024-11-11,1009.97,1016.0,986.0,993.73,170978,False,LUCK
2024-11-08,1019.99,1019.99,1000.0,1001.93,65897,False,LUCK
2024-11-07,1020.0,1030.0,1005.0,1016.11,121116,False,LUCK
2024-11-06,996.95,1018.0,986.0,1001.62,440970,False,LUCK
2024-11-05,973.9,993.0,963.0,986.76,413402,False,LUCK
2024-11-04,922.0,970.95,922.0,958.67,364382,False,LUCK
2024-11-01,886.99,938.96,879.0,922.41,289426,False,LUCK
2024-10-31,904.7,908.0,878.0,883.2,238326,False,LUCK
2024-10-30,921.0,928.9,890.01,900.73,199515,False,LUCK
2024-10-29,910.0,940.0,910.0,918.73,289848,False,LUCK
2024-10-28,915.0,944.99,902.0,916.06,277842,False,LUCK
2024-10-25,906.99,920.9,897.0,909.38,554860,False,LUCK
2024-10-24,863.64,892.0,863.6,890.04,398823,False,LUCK
2024-10-23,871.99,880.0,851.0,863.6,210643,False,LUCK
2024-10-22,847.0,873.0,840.0,866.53,235108,False,LUCK
2024-10-21,842.7,846.85,838.1,844.47,39577,False,LUCK
2024-10-18,844.9,846.99,833.0,837.74,50103,False,LUCK
2024-10-17,845.0,855.0,838.0,840.62,51916,False,LUCK
2024-10-16,847.0,853.96,839.2,840.54,74381,False,LUCK
2024-10-15,845.01,851.86,835.6,844.18,231507,False,LUCK
2024-10-14,845.99,850.5,830.65,844.58,381088,False,LUCK
2024-10-11,876.69,876.7,827.0,845.12,980211,False,LUCK
2024-10-10,889.0,889.11,871.0,873.79,398049,False,LUCK
2024-10-09,911.7,915.0,884.5,889.37,208110,False,LUCK
2024-10-08,926.0,935.0,896.0,904.84,666169,False,LUCK
2024-10-07,933.0,941.0,922.11,925.79,183827,False,LUCK
2024-10-04,905.84,944.0,900.0,932.24,835312,False,LUCK
2024-10-03,898.47,906.0,890.0,900.91,884628,False,LUCK
2024-10-02,898.93,898.93,871.11,895.11,320925,False,LUCK
2024-10-01,886.0,900.0,884.0,889.42,274590,False,LUCK
2024-09-30,899.9,899.9,880.0,884.04,265961,False,LUCK
2024-09-27,890.0,899.5,883.16,895.87,178960,False,LUCK
2024-09-26,900.0,902.89,885.1,890.82,257603,False,LUCK
2024-09-25,898.95,899.0,876.89,896.19,225962,False,LUCK
2024-09-24,893.99,893.99,875.0,885.14,239434,False,LUCK
2024-09-23,887.0,895.0,880.5,887.16,70106,False,LUCK
2024-09-20,879.49,900.2,860.7,891.26,796606,False,LUCK
2024-09-19,856.99,883.8,855.0,866.5,218039,False,LUCK
2024-09-18,847.0,860.02,847.0,855.44,128004,False,LUCK
2024-09-16,855.79,856.0,841.15,845.85,90724,False,LUCK
2024-09-13,867.88,872.0,850.06,851.68,219058,False,LUCK
2024-09-12,864.74,881.48,850.0,855.64,274866,False,LUCK
2024-09-11,885.2,888.0,871.02,878.98,289411,False,LUCK
2024-09-10,845.45,888.99,845.45,876.06,179821,False,LUCK
2024-09-09,848.0,860.0,841.04,853.52,32658,False,LUCK
2024-09-06,844.92,849.0,839.01,842.68,36093,False,LUCK
2024-09-05,845.0,845.0,832.7,841.42,52801,False,LUCK
2024-09-04,834.98,844.98,825.1,841.91,126252,False,LUCK
2024-09-03,830.0,830.0,821.01,827.44,13039,False,LUCK
2024-09-02,839.99,839.99,826.55,827.63,19952,False,LUCK
2024-08-30,830.0,835.0,828.51,829.78,19073,False,LUCK
2024-08-29,830.0,836.55,829.0,829.69,14635,False,LUCK
2024-08-28,830.0,834.8,827.0,830.1,40694,False,LUCK
2024-08-27,847.99,847.99,833.0,834.49,30752,False,LUCK
2024-08-26,850.0,857.0,838.03,839.96,24791,False,LUCK
2024-08-23,856.0,864.0,847.0,849.96,29739,False,LUCK
2024-08-22,856.97,864.99,850.01,861.81,56525,False,LUCK
2024-08-21,852.0,854.8,845.2,849.87,31554,False,LUCK
2024-08-20,855.55,856.0,839.01,849.52,38419,False,LUCK
2024-08-19,865.0,869.89,850.6,853.02,40874,False,LUCK
2024-08-16,850.0,875.89,850.0,864.76,53771,False,LUCK
2024-08-15,855.02,872.68,844.1,848.1,52423,False,LUCK
2024-08-13,861.0,871.0,851.2,868.44,47690,False,LUCK
2024-08-12,880.02,890.0,858.01,860.61,75059,False,LUCK
2024-08-09,880.0,885.5,870.0,879.46,188461,False,LUCK
2024-08-08,862.0,872.0,862.0,869.82,104008,False,LUCK
2024-08-07,848.0,864.0,848.0,856.47,80785,False,LUCK
2024-08-06,868.0,879.0,851.28,855.42,75301,False,LUCK
2024-08-05,899.98,900.0,861.2,869.69,77775,False,LUCK
2024-08-02,880.0,890.0,872.02,886.1,75702,False,LUCK
2024-08-01,889.77,889.77,852.26,880.74,108380,False,LUCK
2024-07-31,902.99,902.99,862.1,871.0,99298,False,LUCK
2024-07-30,907.0,909.79,894.07,895.34,48696,False,LUCK
2024-07-29,896.0,914.0,896.0,902.65,71928,False,LUCK
2024-07-26,904.0,909.9,891.1,900.72,112225,False,LUCK
2024-07-25,902.0,914.0,899.95,903.38,38839,False,LUCK
2024-07-24,908.99,914.88,901.0,912.61,35821,False,LUCK
2024-07-23,914.5,915.94,896.01,907.65,130416,False,LUCK
2024-07-22,921.0,927.7,899.9,909.67,146243,False,LUCK
2024-07-19,929.0,937.0,920.0,927.7,120286,False,LUCK
2024-07-18,925.0,930.0,920.13,927.63,46238,False,LUCK
2024-07-15,911.7,930.0,908.0,924.48,172639,False,LUCK
2024-07-12,901.82,909.9,890.11,903.24,65700,False,LUCK
2024-07-11,918.4,918.4,905.53,906.39,49481,False,LUCK
2024-07-10,920.8,929.87,908.2,910.45,70321,False,LUCK
2024-07-09,934.99,938.75,920.0,923.88,92486,False,LUCK
2024-07-08,916.0,937.99,916.0,928.17,171837,False,LUCK
2024-07-05,931.0,931.0,912.0,919.07,124806,False,LUCK
2024-07-04,912.99,939.0,912.0,926.13,383353,False,LUCK
2024-07-03,908.84,917.0,900.11,913.17,103739,False,LUCK
2024-07-02,900.0,909.88,900.0,901.65,194171,False,LUCK
2024-07-01,906.0,912.0,895.0,898.99,341903,False,LUCK
2024-06-28,910.0,911.4,895.01,906.73,81042,False,LUCK
2024-06-27,902.99,914.5,900.0,902.98,111105,False,LUCK
2024-06-26,904.4,913.45,900.0,901.99,133057,False,LUCK
2024-06-25,900.0,913.39,889.99,904.39,455950,False,LUCK
2024-06-24,905.51,917.41,897.0,900.35,130452,False,LUCK
2024-06-21,957.93,957.94,914.95,917.42,247404,False,LUCK
2024-06-20,950.15,966.0,950.0,951.05,165345,False,LUCK
2024-06-14,975.0,975.0,941.0,946.44,100018,False,LUCK
2024-06-13,899.7,961.99,892.04,957.25,1082726,False,LUCK
2024-06-12,901.99,906.9,888.0,890.52,251016,False,LUCK
2024-06-11,909.97,914.0,890.0,896.44,268849,False,LUCK
2024-06-10,921.0,921.01,899.0,902.27,298509,False,LUCK
2024-06-07,914.99,917.75,893.0,910.89,221783,False,LUCK
2024-06-06,909.79,922.98,907.0,915.06,273011,False,LUCK
2024-06-05,912.88,917.0,905.0,909.81,245445,False,LUCK
2024-06-04,902.0,919.0,895.04,908.78,588112,False,LUCK
2024-06-03,901.99,909.0,885.0,901.38,262561,False,LUCK
2024-05-31,897.97,902.8,892.0,898.85,193496,False,LUCK
2024-05-30,893.0,907.5,881.06,897.97,598327,False,LUCK
2024-05-29,890.0,893.0,881.16,886.48,235912,False,LUCK
2024-05-27,891.8,898.0,887.0,887.96,109209,False,LUCK
2024-05-24,873.0,901.0,871.79,890.48,241438,False,LUCK
2024-05-23,876.99,879.98,870.05,872.43,42404,False,LUCK
2024-05-22,865.75,884.9,865.75,875.89,274529,False,LUCK
2024-05-21,884.08,888.88,875.0,882.1,193024,False,LUCK
2024-05-20,889.9,899.0,870.6,884.08,264729,False,LUCK
2024-05-17,894.0,903.0,881.1,886.68,139452,False,LUCK
2024-05-16,893.98,902.0,887.01,891.94,221413,False,LUCK
2024-05-15,880.0,913.0,880.0,893.06,443988,False,LUCK
2024-05-14,870.0,882.0,869.0,879.57,311745,False,LUCK
2024-05-13,864.0,887.0,860.0,866.72,445005,False,LUCK
2024-05-10,844.0,874.0,841.0,862.23,560989,False,LUCK
2024-05-09,848.0,848.0,830.3,836.11,263201,False,LUCK
2024-05-08,857.99,858.79,840.21,842.11,54435,False,LUCK
2024-05-07,860.0,870.0,850.0,853.69,182509,False,LUCK
2024-05-06,855.0,864.9,850.0,860.0,274088,False,LUCK
2024-05-03,839.79,852.0,837.01,848.81,256691,False,LUCK
2024-05-02,838.1,855.0,832.05,836.73,447573,False,LUCK
2024-04-30,839.99,858.0,834.5,837.65,252683,False,LUCK
2024-04-29,867.5,870.7,842.0,846.67,128096,False,LUCK
2024-04-26,847.49,866.0,841.0,863.76,221777,False,LUCK
2024-04-25,843.0,873.97,843.0,847.51,232047,False,LUCK
2024-04-24,825.0,875.0,825.0,859.9,659963,False,LUCK
2024-04-23,806.0,834.9,806.0,826.19,383432,False,LUCK
2024-04-22,788.5,814.0,788.5,806.26,187168,False,LUCK
2024-04-19,797.0,797.0,787.0,788.52,53963,False,LUCK
2024-04-18,805.77,805.77,786.15,791.77,146719,False,LUCK
2024-04-17,800.03,809.0,797.3,804.15,134742,False,LUCK
2024-04-16,800.0,812.0,795.5,800.03,256560,False,LUCK
2024-04-15,789.55,804.0,788.85,799.62,138491,False,LUCK
2024-04-09,800.0,811.0,794.34,796.58,108312,False,LUCK
2024-04-08,792.0,801.0,783.04,799.64,116878,False,LUCK
2024-04-04,801.3,804.99,786.5,791.08,110907,False,LUCK
2024-04-03,762.0,799.95,757.01,798.66,316381,False,LUCK
2024-04-02,759.99,764.7,751.52,762.19,62737,False,LUCK
2024-04-01,756.1,772.0,753.32,756.65,74041,False,LUCK
2024-03-29,770.0,778.98,760.01,764.98,54348,False,LUCK
2024-03-28,761.0,772.1,761.0,769.71,89014,False,LUCK
2024-03-27,752.05,763.0,752.05,760.38,55438,False,LUCK
2024-03-26,749.4,754.0,743.0,750.82,46839,False,LUCK
2024-03-25,752.99,752.99,735.15,740.08,119932,False,LUCK
2024-03-22,756.9,761.99,745.04,747.35,47870,False,LUCK
2024-03-21,767.0,767.19,745.02,751.07,272994,False,LUCK
2024-03-20,769.0,769.77,757.86,762.3,47462,False,LUCK
2024-03-19,768.88,768.88,759.07,762.9,104882,False,LUCK
2024-03-18,774.74,778.89,757.86,761.75,83479,False,LUCK
2024-03-15,769.0,779.85,761.01,775.1,358248,False,LUCK
2024-03-14,710.53,769.0,710.53,765.1,165575,False,LUCK
2024-03-13,763.99,763.99,753.0,754.95,93099,False,LUCK
2024-03-12,768.99,768.99,755.0,758.71,143115,False,LUCK
2024-03-11,764.0,774.0,756.01,763.06,388908,False,LUCK
2024-03-08,752.89,769.0,752.0,757.98,93203,False,LUCK
2024-03-07,764.88,764.88,748.02,752.89,204927,False,LUCK
2024-03-06,765.0,768.0,757.06,758.78,100091,False,LUCK
2024-03-05,768.0,772.0,756.02,763.74,167621,False,LUCK
2024-03-04,756.0,764.99,748.72,763.88,181396,False,LUCK
2024-03-01,755.0,758.0,744.02,747.07,170588,False,LUCK
2024-02-29,755.0,780.0,749.0,752.38,268473,False,LUCK
2024-02-28,733.0,769.87,733.0,760.88,288583,False,LUCK
2024-02-27,733.0,743.5,730.0,736.35,224226,False,LUCK
2024-02-26,729.0,760.0,729.0,733.63,352438,False,LUCK
2024-02-23,720.0,741.0,710.0,728.56,413445,False,LUCK
2024-02-22,730.0,730.0,714.0,716.38,152491,False,LUCK
2024-02-21,705.01,728.0,705.01,725.72,182507,False,LUCK
2024-02-20,713.0,716.95,697.01,699.89,129391,False,LUCK
2024-02-19,704.0,718.0,693.8,710.62,139861,False,LUCK
2024-02-16,725.0,725.0,700.03,703.45,183662,False,LUCK
2024-02-15,738.0,738.87,720.01,723.24,142380,False,LUCK
2024-02-14,729.0,741.98,727.66,730.33,123083,False,LUCK
2024-02-13,710.5,727.9,698.0,722.71,499121,False,LUCK
2024-02-12,745.0,746.49,710.35,721.87,317638,False,LUCK
2024-02-09,746.1,754.0,720.0,747.01,310675,False,LUCK
2024-02-07,754.94,758.0,750.0,755.32,155916,False,LUCK
2024-02-06,743.1,751.0,741.5,749.49,213471,False,LUCK
2024-02-02,734.0,746.0,723.0,741.45,251072,False,LUCK
2024-02-01,741.0,746.67,717.0,727.13,341664,False,LUCK
2024-01-31,734.0,767.0,726.0,733.97,125804,False,LUCK
2024-01-30,744.98,745.0,730.1,733.26,283673,False,LUCK
2024-01-29,743.79,748.0,739.07,740.46,340467,False,LUCK
2024-01-26,752.1,760.89,741.0,743.72,334711,False,LUCK
2024-01-25,752.2,761.98,747.0,749.67,244876,False,LUCK
2024-01-24,742.9,764.85,740.02,750.17,405717,False,LUCK
2024-01-23,753.0,753.0,737.05,741.32,422233,False,LUCK
2024-01-22,756.99,756.99,745.5,750.65,56211,False,LUCK
2024-01-19,757.0,760.0,745.0,749.47,113375,False,LUCK
2024-01-18,769.4,769.4,745.0,751.13,165509,False,LUCK
2024-01-17,775.0,778.86,760.0,762.97,146828,False,LUCK
2024-01-16,780.0,784.0,770.01,772.46,122914,False,LUCK
2024-01-15,793.0,795.11,777.3,779.92,277798,False,LUCK
2024-01-12,790.0,804.9,784.0,788.06,578034,False,LUCK
2024-01-11,781.0,796.0,781.0,789.85,271791,False,LUCK
2024-01-10,789.8,791.47,777.0,780.77,124079,False,LUCK
2024-01-09,792.0,796.0,782.0,784.94,84690,False,LUCK
2024-01-08,786.0,794.0,784.98,786.81,241393,False,LUCK
2024-01-05,797.0,800.0,786.5,789.75,135389,False,LUCK
2024-01-04,806.5,806.94,788.5,794.39,464841,False,LUCK
2024-01-03,802.0,811.87,794.0,803.44,454598,False,LUCK
2024-01-02,812.99,817.97,795.13,800.12,367894,False,LUCK
2024-01-01,790.11,813.0,790.11,810.68,336708,False,LUCK
2026-09-25,316.32,318.5,315.0,316.24,1603995,False,OGDC
2026-09-24,319.53,320.91,315.4,316.23,1961861,False,OGDC
2026-09-23,318.9,320.3,318.63,319.53,1712061,False,OGDC
2026-09-22,317.8,319.1,316.0,318.41,1143864,False,OGDC
2026-09-21,319.0,319.9,317.0,317.49,1591013,False,OGDC
2026-09-18,317.0,320.5,315.91,318.06,2977934,False,OGDC
2026-09-17,315.7,317.5,312.2,316.2,2246109,False,OGDC
2026-09-16,314.0,315.97,313.66,314.14,2470185,False,OGDC
2026-09-15,317.0,319.0,314.0,314.87,1499010,False,OGDC
2026-09-14,319.5,323.0,312.96,315.13,3315903,False,OGDC
2026-09-11,314.5,322.97,311.4,320.83,2941107,False,OGDC
2026-09-10,322.0,322.0,314.7,315.92,2261016,False,OGDC
2026-09-09,321.3,324.47,320.01,322.18,1800494,False,OGDC
2026-09-08,321.0,322.5,318.23,321.04,2759204,False,OGDC
2026-09-07,328.44,328.7,320.25,320.66,2979650,False,OGDC
2026-09-04,327.0,334.1,327.0,328.8,8517799,False,OGDC
2026-09-03,331.7,331.7,325.85,327.02,2136582,False,OGDC
2026-09-02,330.5,330.55,327.7,328.44,2363824,False,OGDC
2026-09-01,330.0,334.98,329.51,331.69,6607093,False,OGDC
2026-08-31,325.5,329.99,323.1,328.7,2824524,False,OGDC
2026-08-28,323.87,327.5,322.1,325.2,1821529,False,OGDC
2026-08-27,328.0,330.97,323.0,323.88,2768188,False,OGDC
2026-08-25,332.89,333.43,326.9,327.43,2999058,False,OGDC
2026-08-24,327.0,335.0,327.0,331.09,8635533,False,OGDC
2026-08-21,320.02,328.5,317.0,325.82,7375968,False,OGDC
2026-08-20,315.1,323.5,315.1,319.46,8218835,False,OGDC
2026-08-19,316.1,319.75,313.21,314.34,4560170,False,OGDC
2026-08-18,319.8,320.0,314.0,314.95,3650167,False,OGDC
2026-08-17,319.8,324.74,318.5,321.3,5793309,False,OGDC
2026-08-13,319.95,321.5,318.0,318.48,2172684,False,OGDC
2026-08-12,320.99,321.5,318.34,318.92,2423007,False,OGDC
2026-08-11,322.99,325.47,319.05,320.29,3269899,False,OGDC
2026-08-10,320.12,324.71,320.01,323.78,6152531,False,OGDC
2026-08-07,318.95,320.0,317.0,319.19,3666665,False,OGDC
2026-08-06,317.5,319.5,316.35,318.49,3879780,False,OGDC
2026-08-05,319.24,319.45,314.8,316.3,3514890,False,OGDC
2026-08-04,320.1,320.38,313.07,314.11,3036213,False,OGDC
2026-08-03,319.9,320.5,317.0,319.09,3576712,False,OGDC
2026-07-31,316.1,316.85,313.5,314.04,1187278,False,OGDC
2026-07-30,316.1,318.0,312.0,314.0,1574164,False,OGDC
2026-07-29,320.0,320.0,316.7,317.05,1456028,False,OGDC
2026-07-28,325.9,326.9,320.16,321.0,3219717,False,OGDC
2026-07-27,317.9,324.45,316.52,323.45,4480053,False,OGDC
2026-07-24,311.95,314.0,309.5,310.38,2732279,False,OGDC
2026-07-23,317.04,319.0,310.65,311.95,2457711,False,OGDC
2026-07-22,315.84,319.0,313.0,316.29,2417421,False,OGDC
2026-07-21,318.8,322.3,307.5,315.84,3571634,False,OGDC
2026-07-20,315.68,320.0,313.1,318.22,3036334,False,OGDC
2026-07-17,323.65,325.9,316.0,317.94,5019751,False,OGDC
2026-07-16,322.0,325.25,321.51,323.36,4242702,False,OGDC
2026-07-15,321.0,324.88,320.1,320.99,3078168,False,OGDC
2026-07-14,330.2,331.1,318.07,319.5,8454967,False,OGDC
2026-07-13,331.63,335.0,330.0,331.59,4341766,False,OGDC
2026-07-10,334.9,338.4,333.0,334.13,3076684,False,OGDC
2026-07-09,334.0,337.4,332.0,333.55,2768250,False,OGDC
2026-07-08,341.44,342.75,334.0,335.45,5915924,False,OGDC
2026-07-07,348.72,348.72,342.01,343.32,3205255,False,OGDC
2026-07-06,345.99,352.0,345.99,348.72,6263980,False,OGDC
2026-07-03,340.0,348.4,338.0,345.43,9309173,False,OGDC
2026-07-02,336.55,339.79,335.51,339.1,5806078,False,OGDC
2026-07-01,335.0,337.3,333.0,334.91,3716723,False,OGDC
2026-06-30,335.8,339.7,332.81,334.87,4510910,False,OGDC
2026-06-29,340.0,340.5,333.51,335.2,2691219,False,OGDC
2026-06-24,338.25,340.75,337.0,339.96,3779720,False,OGDC
2026-06-23,335.4,340.6,335.25,338.17,9873720,False,OGDC
2026-06-22,334.0,334.75,330.99,334.25,11154880,False,OGDC
2026-06-19,339.0,339.49,329.0,331.28,9526189,False,OGDC
2026-06-18,335.0,337.96,333.6,337.2,7936728,False,OGDC
2026-06-17,328.9,335.0,325.8,334.04,9568482,False,OGDC
2026-06-16,326.5,329.9,324.0,327.64,5305472,False,OGDC
2026-06-15,325.0,325.65,319.6,324.63,5774424,False,OGDC
2026-06-12,319.95,321.22,317.01,317.99,3228564,False,OGDC
2026-06-11,315.65,318.0,314.01,316.2,2336208,False,OGDC
2026-06-10,317.01,320.75,316.0,316.68,1366369,False,OGDC
2026-06-09,321.0,322.45,319.4,319.63,2778242,False,OGDC
2026-06-08,318.0,320.0,314.1,318.07,2805226,False,OGDC
2026-06-05,325.0,326.39,319.75,320.31,2032744,False,OGDC
2026-06-04,321.51,325.2,321.0,324.56,2362888,False,OGDC
2026-06-03,320.0,323.25,319.0,319.96,2339418,False,OGDC
2026-06-02,320.25,324.51,319.99,320.58,2144427,False,OGDC
2026-06-01,330.0,330.0,319.05,320.33,3947944,False,OGDC
2026-05-29,330.0,331.9,321.0,330.33,3972556,False,OGDC
2026-05-25,328.0,330.9,326.7,330.05,4384086,False,OGDC
2026-05-22,326.8,327.6,321.0,323.51,2072490,False,OGDC
2026-05-21,322.0,326.8,322.0,325.82,5129543,False,OGDC
2026-05-20,317.7,319.9,315.5,318.53,3194694,False,OGDC
2026-05-19,312.0,318.39,312.0,316.7,4685426,False,OGDC
2026-05-18,319.98,319.98,309.15,310.37,4951514,False,OGDC
2026-05-15,326.0,326.0,318.5,321.75,3609510,False,OGDC
2026-05-14,326.0,328.0,322.72,323.72,2021160,False,OGDC
2026-05-13,327.99,328.9,324.32,325.41,1706584,False,OGDC
2026-05-12,325.14,331.6,325.14,326.32,4800902,False,OGDC
2026-05-11,324.8,328.0,321.0,327.22,3452488,False,OGDC
2026-05-08,330.11,332.2,328.15,329.68,4956910,False,OGDC
2026-05-07,328.59,334.9,325.0,333.72,10178258,False,OGDC
2026-05-06,319.98,333.88,318.0,328.39,18183260,False,OGDC
2026-05-05,302.03,312.89,301.25,311.42,3893802,False,OGDC
2026-05-04,307.9,312.85,304.2,306.75,4889986,False,OGDC
2026-04-30,304.63,307.89,297.02,303.17,5863557,False,OGDC
2026-04-29,319.0,320.45,307.94,309.99,3739485,False,OGDC
2026-04-28,316.66,320.45,316.1,318.45,2871347,False,OGDC
2026-04-27,323.9,325.88,318.01,319.11,3282147,False,OGDC
2026-04-24,316.01,328.9,313.1,325.9,4675630,False,OGDC
2026-04-23,320.0,321.2,315.84,319.34,2642398,False,OGDC
2026-04-22,323.0,326.0,319.25,321.11,4410952,False,OGDC
2026-04-21,327.9,329.0,321.11,324.21,5230868,False,OGDC
2026-04-20,321.0,331.0,316.1,326.65,14265811,False,OGDC
2026-04-17,315.0,329.4,315.0,324.72,13430014,False,OGDC
2026-04-16,314.0,319.7,312.01,314.71,12057181,False,OGDC
2026-04-15,309.74,309.8,302.4,304.12,7810723,False,OGDC
2026-04-14,298.0,300.8,297.6,299.63,3863235,False,OGDC
2026-04-13,292.99,302.1,292.0,293.48,10001847,False,OGDC
2026-04-10,298.99,302.68,295.7,299.89,8632671,False,OGDC
2026-04-09,302.87,302.9,290.01,297.7,6061644,False,OGDC
2026-04-08,302.87,302.87,291.56,302.87,12924433,False,OGDC
2026-04-07,272.89,276.75,271.01,275.34,3550872,False,OGDC
2026-04-06,270.0,276.48,266.5,275.38,5675692,False,OGDC
2026-04-03,270.0,277.4,266.21,270.59,4511446,False,OGDC
2026-04-02,272.99,273.49,267.0,271.47,3345653,False,OGDC
2026-04-01,278.44,284.89,276.0,279.08,7654898,False,OGDC
2026-03-31,264.0,276.5,260.0,270.64,4137241,False,OGDC
2026-03-30,265.0,272.0,250.0,263.5,6622456,False,OGDC
2026-03-27,270.0,271.75,262.75,265.62,8371102,False,OGDC
2026-03-26,279.99,281.5,272.3,274.13,5013789,False,OGDC
2026-03-25,278.0,283.98,277.5,281.64,5683663,False,OGDC
2026-03-24,285.0,289.3,275.0,276.5,5293284,False,OGDC
2026-03-19,275.01,279.88,270.05,276.61,3024632,False,OGDC
2026-03-18,264.0,281.99,262.01,279.75,5135452,False,OGDC
2026-03-17,264.0,268.0,256.6,262.64,3046604,False,OGDC
2026-03-16,272.99,275.5,259.52,261.86,2405108,False,OGDC
2026-03-13,272.8,276.65,269.0,273.09,2915016,False,OGDC
2026-03-12,283.4,285.5,273.65,274.81,4562205,False,OGDC
2026-03-11,289.95,291.1,281.5,283.27,3783886,False,OGDC
2026-03-10,290.0,297.9,281.01,288.6,7435962,False,OGDC
2026-03-09,267.0,275.4,253.26,272.48,6816293,False,OGDC
2026-03-06,284.0,285.98,273.5,275.79,5937936,False,OGDC
2026-03-05,266.0,288.55,266.0,285.28,8152076,False,OGDC
2026-03-04,261.95,265.48,256.25,263.56,5847854,False,OGDC
2026-03-03,255.5,266.0,250.02,260.35,7420387,False,OGDC
2026-03-02,255.12,274.0,255.12,255.12,11960980,False,OGDC
2026-02-27,286.0,287.7,282.0,283.47,2213776,False,OGDC
2026-02-26,282.1,290.0,277.51,287.0,4356222,False,OGDC
2026-02-25,286.0,287.95,280.01,282.01,2199117,False,OGDC
2026-02-24,285.01,292.01,278.98,285.57,7318099,False,OGDC
2026-02-23,289.88,294.4,282.5,284.85,4989065,False,OGDC
2026-02-20,285.12,292.99,280.5,290.41,3597651,False,OGDC
2026-02-19,298.89,298.89,279.5,283.67,4478464,False,OGDC
2026-02-18,295.56,299.98,291.5,297.49,5125937,False,OGDC
2026-02-17,287.0,295.4,284.37,293.6,6856284,False,OGDC
2026-02-16,295.0,296.35,281.51,285.41,14889577,False,OGDC
2026-02-13,297.01,298.42,289.5,294.74,14028465,False,OGDC
2026-02-12,307.9,307.9,294.6,300.47,8206049,False,OGDC
2026-02-11,309.51,311.9,305.0,306.32,2094636,False,OGDC
2026-02-10,310.99,312.5,307.0,308.05,2692709,False,OGDC
2026-02-09,325.0,325.0,306.21,310.07,12789231,False,OGDC
2026-02-06,329.0,329.0,315.8,321.18,6350781,False,OGDC
2026-02-04,329.02,331.0,326.0,328.8,1776495,False,OGDC
2026-02-03,328.97,332.5,327.0,329.02,4327179,False,OGDC
2026-02-02,323.79,330.98,320.26,328.97,5477804,False,OGDC
2026-01-30,325.0,329.5,318.6,323.93,6707829,False,OGDC
2026-01-29,335.01,336.0,320.16,321.81,10913390,False,OGDC
2026-01-28,332.51,336.2,331.6,333.56,6689440,False,OGDC
2026-01-27,326.0,333.0,323.0,330.12,7151106,False,OGDC
2026-01-26,329.0,332.5,325.0,327.47,4356688,False,OGDC
2026-01-23,332.55,335.0,325.0,327.85,4976997,False,OGDC
2026-01-22,330.0,334.0,328.65,332.49,3159287,False,OGDC
2026-01-21,334.1,336.6,330.0,331.26,8140937,False,OGDC
2026-01-20,333.5,334.89,328.0,333.9,7151890,False,OGDC
2026-01-19,333.7,337.1,326.0,328.98,10054787,False,OGDC
2026-01-16,309.5,331.8,309.2,329.0,19786109,False,OGDC
2026-01-15,305.4,311.0,302.32,308.2,8786131,False,OGDC
2026-01-14,294.58,304.8,294.58,303.25,18156180,False,OGDC
2026-01-13,289.88,295.01,288.45,294.58,6373967,False,OGDC
2026-01-12,290.99,293.0,289.3,289.88,3816285,False,OGDC
2026-01-09,296.1,296.13,290.15,293.11,5148026,False,OGDC
2026-01-08,297.26,301.9,294.0,296.11,11611994,False,OGDC
2026-01-07,293.44,298.5,290.0,295.87,19916990,False,OGDC
2026-01-06,295.39,295.98,290.5,293.45,6362211,False,OGDC
2026-01-05,294.6,301.99,293.75,295.48,8886146,False,OGDC
2026-01-02,288.99,299.5,288.5,294.24,11018046,False,OGDC
2026-01-01,282.0,288.85,281.2,287.82,9986645,False,OGDC
2025-12-31,280.89,283.94,279.0,281.09,5922492,False,OGDC
2025-12-30,273.98,281.8,273.5,280.71,8989260,False,OGDC
2025-12-29,271.25,274.49,270.39,273.57,4284099,False,OGDC
2025-12-26,267.46,271.0,267.25,270.4,3327082,False,OGDC
2025-12-24,265.0,268.68,265.0,267.46,1480848,False,OGDC
2025-12-23,267.0,267.5,264.5,264.84,1167274,False,OGDC
2025-12-22,268.5,269.0,266.0,266.87,1694899,False,OGDC
2025-12-19,270.0,271.7,267.38,267.99,1865442,False,OGDC
2025-12-18,272.0,272.0,268.75,269.29,2905022,False,OGDC
2025-12-17,275.49,275.98,270.0,271.33,3611817,False,OGDC
2025-12-16,279.49,280.49,274.5,275.6,3972935,False,OGDC
2025-12-15,279.89,280.8,276.82,278.67,6874422,False,OGDC
2025-12-12,273.35,275.99,271.25,275.11,4322752,False,OGDC
2025-12-11,277.9,279.1,272.35,272.83,8803915,False,OGDC
2025-12-10,273.5,273.75,269.8,270.21,2999715,False,OGDC
2025-12-09,275.99,276.95,271.26,272.4,4113847,False,OGDC
2025-12-08,274.65,278.2,273.5,274.36,5498405,False,OGDC
2025-12-05,273.87,276.0,271.25,274.58,6618109,False,OGDC
2025-12-04,270.9,271.99,266.4,270.67,1963792,False,OGDC
2025-12-03,270.6,270.6,264.91,269.34,2663321,False,OGDC
2025-12-02,272.7,273.5,266.66,267.39,4110677,False,OGDC
2025-12-01,265.3,271.9,262.0,271.07,7542463,False,OGDC
2025-11-28,261.0,266.0,261.0,265.21,9011505,False,OGDC
2025-11-27,254.34,261.1,253.15,260.28,5914351,False,OGDC
2025-11-26,249.64,255.5,246.0,253.62,4156348,False,OGDC
2025-11-25,251.0,252.2,248.05,249.4,1553282,False,OGDC
2025-11-24,253.0,254.0,249.15,250.79,2702952,False,OGDC
2025-11-21,253.11,258.3,253.11,254.04,4400338,False,OGDC
2025-11-20,253.9,256.74,253.02,255.4,4669196,False,OGDC
2025-11-19,246.89,253.9,245.42,251.29,4970266,False,OGDC
2025-11-18,247.79,247.79,243.9,245.42,1739620,False,OGDC
2025-11-17,248.48,250.7,245.48,246.34,2961628,False,OGDC
2025-11-14,244.15,249.0,243.25,247.42,3338222,False,OGDC
2025-11-13,241.25,243.88,240.7,243.15,2374235,False,OGDC
2025-11-12,243.02,246.47,238.2,240.15,5763232,False,OGDC
2025-11-11,252.97,252.97,242.42,243.21,5846351,False,OGDC
2025-11-10,250.19,253.99,246.45,252.65,6790953,False,OGDC
2025-11-07,244.7,247.5,242.0,246.04,3216235,False,OGDC
2025-11-06,251.97,252.0,247.37,248.3,3476731,False,OGDC
2025-11-05,255.06,255.99,249.25,250.87,3461296,False,OGDC
2025-11-04,257.0,257.32,252.3,254.16,3054725,False,OGDC
2025-11-03,259.0,259.9,256.9,257.32,3411960,False,OGDC
2025-10-31,255.0,259.6,255.0,256.67,2722444,False,OGDC
2025-10-30,260.0,260.0,253.06,253.8,2426497,False,OGDC
2025-10-29,258.8,260.2,255.0,256.58,4014759,False,OGDC
2025-10-28,260.76,262.65,255.0,255.89,1391665,False,OGDC
2025-10-27,264.1,265.1,260.0,260.76,3529130,False,OGDC
2025-10-24,266.8,270.39,263.7,264.27,2779419,False,OGDC
2025-10-23,265.0,272.55,265.0,266.32,3981547,False,OGDC
2025-10-22,264.51,273.31,262.61,266.92,8802862,False,OGDC
2025-10-21,260.0,268.0,260.0,264.63,6000969,False,OGDC
2025-10-20,260.01,265.2,256.95,263.9,5683753,False,OGDC
2025-10-17,259.95,262.3,257.1,258.21,6474476,False,OGDC
2025-10-16,260.0,262.8,257.5,258.88,4526045,False,OGDC
2025-10-15,267.4,267.4,258.8,260.64,4519704,False,OGDC
2025-10-14,255.99,265.1,254.11,264.23,7818648,False,OGDC
2025-10-13,261.0,261.9,250.0,252.84,7675950,False,OGDC
2025-10-10,266.0,267.99,262.3,263.97,3026904,False,OGDC
2025-10-09,269.0,272.3,266.9,267.53,3055646,False,OGDC
2025-10-08,272.0,273.4,269.0,269.56,2531613,False,OGDC
2025-10-07,275.0,276.25,270.9,271.34,4306794,False,OGDC
2025-10-06,277.0,277.0,270.5,274.49,3715447,False,OGDC
2025-10-03,278.5,280.79,277.0,277.92,3023187,False,OGDC
2025-10-02,277.49,279.99,275.55,278.41,3122091,False,OGDC
2025-10-01,278.0,280.5,275.9,276.69,6107600,False,OGDC
2025-09-30,282.7,284.8,276.12,277.23,9770262,False,OGDC
2025-09-29,282.0,282.0,278.06,281.5,4922860,False,OGDC
2025-09-26,278.0,282.2,277.88,280.53,7867269,False,OGDC
2025-09-25,282.86,284.7,276.2,277.88,10971601,False,OGDC
2025-09-24,285.8,287.74,281.45,282.86,13702496,False,OGDC
2025-09-23,282.5,288.0,281.0,282.71,16354969,False,OGDC
2025-09-22,278.0,284.1,277.94,280.64,9754396,False,OGDC
2025-09-19,273.0,290.0,272.5,277.26,21409448,False,OGDC
2025-09-18,274.4,274.4,271.0,272.12,4160324,False,OGDC
2025-09-17,273.5,274.15,270.0,270.4,5140674,False,OGDC
2025-09-16,269.0,273.11,268.5,272.19,3910471,False,OGDC
2025-09-15,268.98,271.25,267.5,268.52,2587458,False,OGDC
2025-09-12,270.74,271.2,267.0,267.58,3159599,False,OGDC
2025-09-11,274.0,274.8,270.3,270.74,2301602,False,OGDC
2025-09-10,272.99,275.5,271.25,272.92,3937900,False,OGDC
2025-09-09,275.5,277.39,271.0,273.15,4430136,False,OGDC
2025-09-08,274.97,276.9,273.0,275.0,7208664,False,OGDC
2025-09-05,270.7,274.8,268.55,272.98,11586114,False,OGDC
2025-09-04,272.5,273.74,269.06,270.39,6155542,False,OGDC
2025-09-03,270.0,275.5,268.2,273.1,8356395,False,OGDC
2025-09-02,271.97,272.78,268.0,269.32,6923779,False,OGDC
2025-09-01,264.31,272.0,264.2,270.35,10452246,False,OGDC
2025-08-29,261.4,271.25,260.0,264.36,14512990,False,OGDC
2025-08-28,260.53,262.0,259.9,261.24,2197621,False,OGDC
2025-08-27,261.0,261.99,259.02,260.33,2744110,False,OGDC
2025-08-26,263.94,264.7,259.5,260.42,4337958,False,OGDC
2025-08-25,262.55,264.25,260.23,260.97,2541898,False,OGDC
2025-08-22,262.0,268.7,261.2,263.13,12454594,False,OGDC
2025-08-21,259.01,262.15,255.55,260.97,9475709,False,OGDC
2025-08-20,260.0,261.0,257.0,258.27,5294589,False,OGDC
2025-08-19,263.97,264.38,259.0,259.71,7628890,False,OGDC
2025-08-18,263.01,264.9,258.66,263.57,8838838,False,OGDC
2025-08-15,270.0,271.65,261.01,262.58,8770183,False,OGDC
2025-08-13,272.0,274.0,268.18,269.5,11217565,False,OGDC
2025-08-12,278.5,279.35,269.4,271.54,15701553,False,OGDC
2025-08-11,269.96,278.5,267.46,277.09,12017894,False,OGDC
2025-08-08,267.2,276.99,267.2,270.48,19939697,False,OGDC
2025-08-07,263.02,269.88,263.0,267.08,16976236,False,OGDC
2025-08-06,259.77,263.4,257.65,262.24,8985338,False,OGDC
2025-08-05,260.0,264.5,256.0,259.14,12663423,False,OGDC
2025-08-04,265.0,269.0,259.12,260.22,17823555,False,OGDC
2025-08-01,233.45,256.31,231.01,255.67,37045030,False,OGDC
2025-07-31,228.0,238.0,228.0,233.01,24206621,False,OGDC
2025-07-30,223.4,226.0,223.4,224.78,1481340,False,OGDC
2025-07-29,226.99,227.48,222.05,224.04,1827872,False,OGDC
2025-07-28,227.1,229.1,223.51,227.13,9303039,False,OGDC
2025-07-25,225.33,226.98,224.23,225.91,2022116,False,OGDC
2025-07-24,227.0,228.7,225.0,225.33,1876360,False,OGDC
2025-07-23,228.4,231.0,225.52,226.23,4488616,False,OGDC
2025-07-22,222.0,229.0,221.01,226.63,6603594,False,OGDC
2025-07-21,223.28,223.99,220.99,221.18,2493261,False,OGDC
2025-07-18,226.0,228.1,223.0,223.28,2838810,False,OGDC
2025-07-17,224.8,227.98,224.1,225.18,3409629,False,OGDC
2025-07-16,223.8,226.0,222.85,224.37,2358869,False,OGDC
2025-07-15,227.5,228.0,224.0,224.43,2301456,False,OGDC
2025-07-14,228.84,229.2,226.0,227.11,2390029,False,OGDC
2025-07-11,227.05,229.01,226.1,227.89,2758043,False,OGDC
2025-07-10,228.02,228.09,225.8,226.62,2904599,False,OGDC
2025-07-09,228.99,230.0,225.06,228.02,7174231,False,OGDC
2025-07-08,229.5,231.55,227.51,229.24,4163815,False,OGDC
2025-07-07,227.28,230.0,226.51,229.14,3418591,False,OGDC
2025-07-04,229.67,230.0,226.52,227.28,2458630,False,OGDC
2025-07-03,224.13,230.0,224.0,229.09,9420347,False,OGDC
2025-07-02,222.45,223.99,221.31,222.92,4662816,False,OGDC
2025-07-01,220.3,223.0,218.99,221.57,4591432,False,OGDC
2025-06-30,224.0,224.0,220.0,220.56,4322821,False,OGDC
2025-06-27,217.5,226.0,216.75,221.19,9560957,False,OGDC
2025-06-26,218.0,222.49,216.11,217.29,6966647,False,OGDC
2025-06-25,218.39,219.01,216.1,217.85,6810842,False,OGDC
2025-06-24,216.0,220.3,211.0,218.01,9161337,False,OGDC
2025-06-23,210.0,210.5,202.0,203.86,4604885,False,OGDC
2025-06-20,211.0,215.0,210.11,212.25,2708653,False,OGDC
2025-06-19,213.55,216.01,209.85,210.68,4400385,False,OGDC
2025-06-18,214.26,214.26,210.5,211.17,3680503,False,OGDC
2025-06-17,213.0,215.45,212.0,214.26,5626262,False,OGDC
2025-06-16,209.4,214.4,209.4,213.05,4640665,False,OGDC
2025-06-13,211.0,212.2,208.23,208.86,5201407,False,OGDC
2025-06-12,217.0,218.99,211.26,212.05,8617378,False,OGDC
2025-06-11,212.65,216.45,212.1,215.31,8783176,False,OGDC
2025-06-10,210.0,211.39,209.0,210.32,1191479,False,OGDC
2025-06-05,211.89,212.5,209.5,209.95,2233027,False,OGDC
2025-06-04,209.15,213.13,208.95,211.89,4379550,False,OGDC
2025-06-03,208.0,210.0,207.25,209.15,1909426,False,OGDC
2025-06-02,211.38,213.5,206.5,207.98,3666183,False,OGDC
2025-05-30,209.1,210.1,207.5,209.49,1912843,False,OGDC
2025-05-29,210.47,211.15,208.8,209.17,2255894,False,OGDC
2025-05-27,209.25,210.9,208.0,209.41,4443220,False,OGDC
2025-05-26,213.0,213.8,207.15,208.95,3432433,False,OGDC
2025-05-23,212.8,213.7,210.6,212.37,1694126,False,OGDC
2025-05-22,213.74,216.5,210.45,211.9,5090695,False,OGDC
2025-05-21,210.3,214.5,209.5,213.74,4447556,False,OGDC
2025-05-20,210.98,212.0,209.5,209.7,1452810,False,OGDC
2025-05-19,213.0,213.51,209.4,211.7,4668009,False,OGDC
2025-05-16,214.89,214.89,211.0,211.5,2618444,False,OGDC
2025-05-15,213.05,215.9,211.35,213.73,6853346,False,OGDC
2025-05-14,217.9,217.9,211.5,212.67,9743491,False,OGDC
2025-05-13,209.0,219.99,203.5,218.66,30912153,False,OGDC
2025-05-12,203.01,203.01,202.9,203.01,3446509,False,OGDC
2025-05-09,179.99,185.75,174.26,184.55,9341157,False,OGDC
2025-05-08,197.77,200.48,176.97,179.39,10630815,False,OGDC
2025-05-07,190.11,201.99,190.11,196.63,8425414,False,OGDC
2025-05-06,200.9,207.9,200.02,202.93,5936784,False,OGDC
2025-05-05,204.0,204.0,199.51,200.22,1963019,False,OGDC
2025-05-02,203.0,204.48,202.25,203.25,2120764,False,OGDC
2025-04-30,207.0,207.0,197.1,200.38,5330775,False,OGDC
2025-04-29,206.12,209.0,204.0,207.81,2656000,False,OGDC
2025-04-28,212.37,213.55,207.5,208.0,1711531,False,OGDC
2025-04-25,212.0,213.7,207.21,212.37,4086778,False,OGDC
2025-04-24,211.8,214.0,210.0,211.69,3503471,False,OGDC
2025-04-23,213.28,217.15,211.05,214.36,5146592,False,OGDC
2025-04-22,212.49,214.99,211.5,213.28,2071864,False,OGDC
2025-04-21,213.9,215.0,211.52,212.23,2898447,False,OGDC
2025-04-18,216.7,216.7,212.5,212.88,1714126,False,OGDC
2025-04-17,212.9,214.69,211.01,214.08,1864871,False,OGDC
2025-04-16,216.0,217.0,210.1,211.7,3196077,False,OGDC
2025-04-15,212.9,216.8,211.56,214.32,5788920,False,OGDC
2025-04-14,213.5,215.0,210.45,212.02,2030494,False,OGDC
2025-04-11,214.75,214.75,211.75,212.16,2693355,False,OGDC
2025-04-10,217.0,219.0,214.0,214.75,5634924,False,OGDC
2025-04-09,212.0,213.8,205.0,208.52,5505908,False,OGDC
2025-04-08,215.99,218.15,214.05,214.89,6186423,False,OGDC
2025-04-07,224.0,224.0,204.09,213.07,11609437,False,OGDC
2025-04-04,235.0,235.7,226.01,226.77,4442709,False,OGDC
2025-04-03,232.89,236.0,230.02,234.68,3179307,False,OGDC
2025-03-27,233.44,233.99,230.4,232.73,2613031,False,OGDC
2025-03-26,233.01,235.0,228.25,232.75,8944307,False,OGDC
2025-03-25,218.26,225.0,215.2,224.19,6130175,False,OGDC
2025-03-24,228.0,228.0,216.3,218.17,3951500,False,OGDC
2025-03-21,226.8,229.15,226.5,227.35,3217231,False,OGDC
2025-03-20,226.1,229.74,225.6,226.81,4915163,False,OGDC
2025-03-19,223.5,226.98,221.5,225.48,4159013,False,OGDC
2025-03-18,223.45,226.49,221.98,223.06,5498200,False,OGDC
2025-03-17,218.0,223.4,218.0,221.38,4231096,False,OGDC
2025-03-14,218.9,219.9,217.9,218.59,1589442,False,OGDC
2025-03-13,217.24,219.8,216.75,218.28,3103443,False,OGDC
2025-03-12,219.94,221.8,216.1,217.24,4562038,False,OGDC
2025-03-11,214.5,220.0,210.8,218.82,8137145,False,OGDC
2025-03-10,216.75,219.9,213.01,214.77,6097137,False,OGDC
2025-03-07,223.57,228.0,222.75,223.84,8869795,False,OGDC
2025-03-06,212.9,224.0,211.62,222.58,18047822,False,OGDC
2025-03-05,213.49,214.75,212.55,212.91,2303682,False,OGDC
2025-03-04,211.5,213.5,211.5,213.32,1628189,False,OGDC
2025-03-03,212.65,214.0,211.22,211.76,1565677,False,OGDC
2025-02-28,213.0,214.75,211.55,212.59,5000445,False,OGDC
2025-02-27,208.2,214.15,208.2,212.11,4496538,False,OGDC
2025-02-26,212.9,214.0,208.11,208.88,2763837,False,OGDC
2025-02-25,211.67,218.0,211.67,213.33,8383991,False,OGDC
2025-02-24,202.51,211.75,201.0,210.37,6338246,False,OGDC
2025-02-21,205.1,205.51,202.0,202.75,825161,False,OGDC
2025-02-20,204.8,208.5,204.0,204.81,3826377,False,OGDC
2025-02-19,206.55,207.5,203.45,204.8,1317290,False,OGDC
2025-02-18,200.9,206.27,199.0,205.74,2120629,False,OGDC
2025-02-17,202.85,202.85,199.0,199.44,939284,False,OGDC
2025-02-14,206.44,208.0,201.0,201.86,1333952,False,OGDC
2025-02-13,209.1,212.6,205.85,206.43,2869697,False,OGDC
2025-02-12,208.19,210.37,206.01,209.1,2897545,False,OGDC
2025-02-11,202.19,210.11,201.52,208.19,7363546,False,OGDC
2025-02-10,198.5,202.89,196.4,200.97,2117785,False,OGDC
2025-02-07,196.5,199.99,195.52,198.51,2347359,False,OGDC
2025-02-06,200.01,200.7,192.15,195.44,6279265,False,OGDC
2025-02-04,203.0,204.3,198.5,199.88,2904113,False,OGDC
2025-02-03,209.0,209.0,202.05,202.69,1832312,False,OGDC
2025-01-31,207.0,210.9,205.65,206.51,3987393,False,OGDC
2025-01-30,204.0,208.0,203.0,206.87,4297134,False,OGDC
2025-01-29,204.0,205.97,201.1,203.24,3818978,False,OGDC
2025-01-28,208.5,208.5,201.23,203.6,5222551,False,OGDC
2025-01-27,213.0,213.55,208.9,209.11,2895036,False,OGDC
2025-01-24,214.75,216.5,211.8,212.43,2141455,False,OGDC
2025-01-23,214.0,218.0,212.5,213.91,3076058,False,OGDC
2025-01-22,218.0,219.0,213.0,213.99,3247822,False,OGDC
2025-01-21,222.1,225.25,217.01,218.23,3403901,False,OGDC
2025-01-20,223.0,225.85,222.01,222.54,3836160,False,OGDC
2025-01-17,218.0,223.3,216.75,221.91,4628837,False,OGDC
2025-01-16,222.49,222.5,218.01,218.75,2698464,False,OGDC
2025-01-15,222.99,226.23,219.4,221.77,5707634,False,OGDC
2025-01-14,225.88,225.88,221.0,222.15,3374101,False,OGDC
2025-01-13,227.2,228.75,222.2,224.91,7647826,False,OGDC
2025-01-10,212.4,230.0,209.09,224.96,10277964,False,OGDC
2025-01-09,213.5,216.9,208.11,213.03,5564192,False,OGDC
2025-01-08,220.0,223.0,211.5,212.95,4029719,False,OGDC
2025-01-07,213.56,219.49,205.8,218.38,6978698,False,OGDC
2025-01-06,223.99,224.89,210.1,213.56,6175293,False,OGDC
2025-01-03,224.25,224.25,218.01,222.08,3513730,False,OGDC
2025-01-02,229.15,231.25,222.1,223.26,5672947,False,OGDC
2025-01-01,225.6,230.0,223.01,228.61,5273070,False,OGDC
2024-12-31,234.99,234.99,226.02,227.26,8597991,False,OGDC
2024-12-30,223.45,227.2,222.3,225.46,5797617,False,OGDC
2024-12-27,218.0,225.4,216.55,221.1,5769967,False,OGDC
2024-12-26,232.0,232.0,217.5,219.42,9133140,False,OGDC
2024-12-24,233.9,255.4,227.0,230.13,23055594,False,OGDC
2024-12-23,216.99,234.0,215.49,232.59,14962519,False,OGDC
2024-12-20,210.0,216.49,206.51,214.67,6057125,False,OGDC
2024-12-19,221.9,224.0,209.0,211.17,14172158,False,OGDC
2024-12-18,228.0,233.0,217.0,220.76,13982326,False,OGDC
2024-12-17,235.4,235.99,216.75,222.66,9567963,False,OGDC
2024-12-16,225.25,235.5,225.25,233.29,12688572,False,OGDC
2024-12-13,214.12,225.0,213.0,222.95,17022257,False,OGDC
2024-12-12,206.41,214.99,206.41,213.41,20627002,False,OGDC
2024-12-11,194.0,206.9,193.7,204.85,17784563,False,OGDC
2024-12-10,198.0,198.4,190.35,193.76,5333706,False,OGDC
2024-12-09,194.86,199.27,193.0,197.07,6763850,False,OGDC
2024-12-06,198.2,198.9,194.01,194.78,3278432,False,OGDC
2024-12-05,193.5,198.2,192.3,197.41,8146703,False,OGDC
2024-12-04,192.1,193.8,190.5,192.93,4666041,False,OGDC
2024-12-03,191.5,193.25,188.7,191.87,6046821,False,OGDC
2024-12-02,195.25,202.89,190.2,191.76,19610982,False,OGDC
2024-11-29,194.0,197.75,190.75,195.25,7945611,False,OGDC
2024-11-28,188.89,194.85,188.8,193.62,11210333,False,OGDC
2024-11-27,190.0,190.55,184.0,188.29,7510180,False,OGDC
2024-11-26,192.0,192.0,177.75,179.53,8464314,False,OGDC
2024-11-25,194.01,195.5,192.0,192.82,4085788,False,OGDC
2024-11-22,198.96,203.25,193.6,194.69,8790620,False,OGDC
2024-11-21,194.99,201.5,193.7,199.66,9205022,False,OGDC
2024-11-20,195.98,198.8,193.0,194.94,6023711,False,OGDC
2024-11-19,194.5,196.5,194.1,195.47,2645343,False,OGDC
2024-11-18,194.0,195.9,191.45,194.1,3202280,False,OGDC
2024-11-15,194.7,198.0,193.3,194.18,6608871,False,OGDC
2024-11-14,191.0,196.61,191.0,194.87,8132920,False,OGDC
2024-11-13,194.69,195.89,188.96,190.1,6479629,False,OGDC
2024-11-12,199.5,199.5,193.2,194.69,6020079,False,OGDC
2024-11-11,191.8,199.5,191.8,197.64,10975597,False,OGDC
2024-11-08,183.05,193.5,181.5,191.41,10745580,False,OGDC
2024-11-07,178.52,184.1,178.52,183.22,7976658,False,OGDC
2024-11-06,182.1,182.5,177.9,178.54,8019798,False,OGDC
2024-11-05,180.45,185.8,180.15,183.31,10140999,False,OGDC
2024-11-04,181.49,182.5,176.51,180.64,9465022,False,OGDC
2024-11-01,171.99,181.0,170.11,179.49,14105623,False,OGDC
2024-10-31,174.05,175.0,170.53,172.13,4569439,False,OGDC
2024-10-30,176.28,181.15,172.5,173.91,9305622,False,OGDC
2024-10-29,175.0,176.0,172.89,175.28,4841297,False,OGDC
2024-10-28,176.5,180.1,174.0,174.48,7324646,False,OGDC
2024-10-25,177.1,182.8,173.0,175.6,22422781,False,OGDC
2024-10-24,169.48,177.75,169.2,175.32,10907595,False,OGDC
2024-10-23,167.4,169.8,166.06,169.14,4641922,False,OGDC
2024-10-22,166.5,169.42,166.5,166.97,3315231,False,OGDC
2024-10-21,165.5,167.55,165.5,166.87,2235332,False,OGDC
2024-10-18,168.54,168.54,164.5,165.68,2317889,False,OGDC
2024-10-17,170.0,171.25,167.51,168.0,2499500,False,OGDC
2024-10-16,167.0,170.85,167.0,169.56,6089810,False,OGDC
2024-10-15,167.0,171.25,164.0,170.35,4933844,False,OGDC
2024-10-14,169.99,170.0,166.8,167.06,3004782,False,OGDC
2024-10-11,171.0,175.1,168.21,170.0,5637289,False,OGDC
2024-10-10,169.5,173.25,168.0,170.46,8150018,False,OGDC
2024-10-09,172.0,174.54,168.95,169.84,7201707,False,OGDC
2024-10-08,169.1,174.54,168.5,172.14,16675823,False,OGDC
2024-10-07,154.99,169.8,154.6,166.92,20721547,False,OGDC
2024-10-04,150.0,155.8,149.02,155.05,11575579,False,OGDC
2024-10-03,148.45,150.0,147.9,149.54,5346618,False,OGDC
2024-10-02,145.2,148.45,144.71,147.76,5426787,False,OGDC
2024-10-01,143.8,146.75,142.71,146.05,5724789,False,OGDC
2024-09-30,144.46,144.6,142.5,143.43,2600225,False,OGDC
2024-09-27,143.75,144.59,142.8,143.85,3487462,False,OGDC
2024-09-26,145.5,146.2,142.95,143.56,9855544,False,OGDC
2024-09-25,139.8,144.85,139.06,144.28,12712592,False,OGDC
2024-09-24,139.44,140.2,136.8,139.78,7695595,False,OGDC
2024-09-23,141.98,144.0,137.2,138.61,23080653,False,OGDC
2024-09-20,145.99,146.39,140.3,141.29,29408063,False,OGDC
2024-09-19,142.95,148.0,142.05,145.86,11439004,False,OGDC
2024-09-18,141.4,143.44,140.75,142.27,4283261,False,OGDC
2024-09-16,142.0,144.5,140.45,141.03,6930981,False,OGDC
2024-09-13,140.11,144.4,139.41,142.04,14126352,False,OGDC
2024-09-12,137.06,139.5,137.0,138.52,5114698,False,OGDC
2024-09-11,136.0,137.83,134.6,137.06,4187698,False,OGDC
2024-09-10,136.44,136.74,135.0,136.07,1678777,False,OGDC
2024-09-09,137.3,138.7,136.0,136.36,2074252,False,OGDC
2024-09-06,137.25,137.89,136.5,136.74,1320815,False,OGDC
2024-09-05,137.69,138.65,136.45,137.2,3485543,False,OGDC
2024-09-04,134.6,138.7,134.6,137.71,12999171,False,OGDC
2024-09-03,133.5,134.7,133.5,134.05,1144426,False,OGDC
2024-09-02,133.25,136.0,132.16,133.15,3098055,False,OGDC
2024-08-30,133.05,134.4,132.6,132.9,1303913,False,OGDC
2024-08-29,132.53,133.47,131.92,132.86,1144541,False,OGDC
2024-08-28,133.56,133.56,132.5,132.62,781528,False,OGDC
2024-08-27,135.51,136.47,132.91,133.1,3196959,False,OGDC
2024-08-26,135.89,136.0,134.0,134.58,1162536,False,OGDC
2024-08-23,135.02,136.3,134.3,135.03,2543680,False,OGDC
2024-08-22,134.6,136.85,134.01,134.94,4247613,False,OGDC
2024-08-21,134.0,134.98,133.0,134.07,2916406,False,OGDC
2024-08-20,132.25,133.24,131.51,132.85,942044,False,OGDC
2024-08-19,132.75,133.65,131.6,131.83,1729436,False,OGDC
2024-08-16,132.51,133.35,131.1,131.32,2117011,False,OGDC
2024-08-15,134.4,135.75,132.0,132.26,4156156,False,OGDC
2024-08-13,133.54,135.0,132.78,133.85,2670708,False,OGDC
2024-08-12,135.0,137.1,133.1,133.54,4634802,False,OGDC
2024-08-09,140.4,141.11,135.2,135.82,8579756,False,OGDC
2024-08-08,129.7,139.98,129.0,138.55,24259389,False,OGDC
2024-08-07,130.0,131.2,128.85,129.14,2213452,False,OGDC
2024-08-06,131.0,132.0,129.05,129.68,2302149,False,OGDC
2024-08-05,131.49,134.7,128.85,129.25,6768020,False,OGDC
2024-08-02,129.21,131.5,128.51,130.49,1236400,False,OGDC
2024-08-01,129.96,130.24,128.05,128.48,952493,False,OGDC
2024-07-31,131.79,132.15,129.05,129.23,1132394,False,OGDC
2024-07-30,133.5,134.42,130.52,131.66,3516742,False,OGDC
2024-07-29,129.04,134.69,129.04,132.69,5897164,False,OGDC
2024-07-26,131.3,132.6,128.29,129.04,3538925,False,OGDC
2024-07-25,132.0,132.47,130.7,131.3,1138719,False,OGDC
2024-07-24,132.2,132.88,131.3,131.85,1291235,False,OGDC
2024-07-23,130.0,132.2,129.99,131.87,2329756,False,OGDC
2024-07-22,133.75,133.75,129.0,129.74,3758064,False,OGDC
2024-07-19,137.25,137.65,133.3,134.01,5116199,False,OGDC
2024-07-18,133.25,137.48,132.7,136.73,8532750,False,OGDC
2024-07-15,133.0,134.8,132.13,132.73,3879184,False,OGDC
2024-07-12,133.0,133.15,129.05,130.83,3416381,False,OGDC
2024-07-11,133.0,134.79,132.5,132.66,3392575,False,OGDC
2024-07-10,134.51,134.88,131.95,133.13,3920835,False,OGDC
2024-07-09,134.25,135.39,133.9,134.2,3303402,False,OGDC
2024-07-08,133.8,134.5,132.5,133.56,3066480,False,OGDC
2024-07-05,135.0,135.48,132.5,132.95,5330385,False,OGDC
2024-07-04,137.4,138.64,134.6,135.27,4895636,False,OGDC
2024-07-03,136.0,139.2,136.0,136.75,7030126,False,OGDC
2024-07-02,136.01,137.3,135.25,135.74,4774175,False,OGDC
2024-07-01,135.0,137.37,134.25,135.53,8319346,False,OGDC
2024-06-28,137.0,137.38,134.9,135.37,4871292,False,OGDC
2024-06-27,135.99,138.0,135.0,137.17,16928743,False,OGDC
2024-06-26,129.0,138.4,127.27,135.34,27462390,False,OGDC
2024-06-25,131.9,131.9,128.76,129.05,3198079,False,OGDC
2024-06-24,134.0,134.7,131.01,131.64,4313719,False,OGDC
2024-06-21,135.8,135.8,132.65,133.75,4950071,False,OGDC
2024-06-20,131.7,135.25,131.65,134.36,8402049,False,OGDC
2024-06-14,131.99,133.95,130.5,131.21,11098685,False,OGDC
2024-06-13,122.0,129.25,121.4,129.25,17606435,False,OGDC
2024-06-12,118.5,120.35,118.5,119.12,4617127,False,OGDC
2024-06-11,123.0,123.0,118.31,118.82,5615593,False,OGDC
2024-06-10,123.78,123.85,120.26,121.22,3376152,False,OGDC
2024-06-07,124.99,124.99,120.36,123.78,6549772,False,OGDC
2024-06-06,126.64,128.6,124.5,125.14,4733764,False,OGDC
2024-06-05,129.5,129.9,126.45,126.69,3736797,False,OGDC
2024-06-04,132.52,132.8,128.85,129.51,5736630,False,OGDC
2024-06-03,133.99,134.0,131.9,132.17,3160346,False,OGDC
2024-05-31,132.8,134.25,131.7,133.47,5355724,False,OGDC
2024-05-30,133.5,133.5,131.0,132.12,6987345,False,OGDC
2024-05-29,136.96,136.96,131.5,132.6,9766932,False,OGDC
2024-05-27,139.5,139.5,136.7,136.98,2712134,False,OGDC
2024-05-24,141.0,141.1,138.8,139.16,5798540,False,OGDC
2024-05-23,136.02,140.45,135.51,139.56,15108766,False,OGDC
2024-05-22,135.0,137.69,134.75,135.86,4399729,False,OGDC
2024-05-21,136.02,137.1,134.8,135.29,2288452,False,OGDC
2024-05-20,138.25,138.25,135.65,136.14,3681647,False,OGDC
2024-05-17,138.0,139.19,137.0,138.09,2602794,False,OGDC
2024-05-16,139.8,140.29,137.71,137.98,3342683,False,OGDC
2024-05-15,140.0,142.0,138.7,139.32,13245266,False,OGDC
2024-05-14,135.6,140.1,134.75,139.41,18217177,False,OGDC
2024-05-13,133.99,137.33,132.7,134.82,8980112,False,OGDC
2024-05-10,134.1,135.99,133.5,133.91,3471449,False,OGDC
2024-05-09,133.21,134.75,132.79,133.46,2595611,False,OGDC
2024-05-08,133.0,135.1,133.0,133.66,10021600,False,OGDC
2024-05-07,136.4,136.8,134.3,134.84,6653585,False,OGDC
2024-05-06,139.1,140.5,136.35,136.97,11672431,False,OGDC
2024-05-03,133.25,139.5,132.01,138.34,16078368,False,OGDC
2024-05-02,133.62,135.25,131.63,132.5,7309709,False,OGDC
2024-04-30,134.11,137.85,133.01,133.57,13576160,False,OGDC
2024-04-29,137.9,138.3,133.92,134.22,5410125,False,OGDC
2024-04-26,137.35,139.4,135.36,137.15,7239643,False,OGDC
2024-04-25,135.0,137.5,133.25,136.49,8800644,False,OGDC
2024-04-24,134.0,135.6,133.79,134.36,4954424,False,OGDC
2024-04-23,135.8,135.87,133.5,134.19,3461267,False,OGDC
2024-04-22,134.0,138.0,132.2,135.69,12878056,False,OGDC
2024-04-19,132.56,135.39,131.15,133.84,8418350,False,OGDC
2024-04-18,131.8,133.8,129.79,131.58,7638371,False,OGDC
2024-04-17,132.97,132.97,131.0,131.24,4282994,False,OGDC
2024-04-16,134.05,136.6,133.03,133.4,10709918,False,OGDC
2024-04-15,129.99,134.7,127.4,133.07,15716557,False,OGDC
2024-04-09,128.5,129.9,127.0,128.2,4868813,False,OGDC
2024-04-08,126.45,129.4,126.45,128.15,5865538,False,OGDC
2024-04-04,125.6,128.99,125.02,125.3,7916927,False,OGDC
2024-04-03,119.5,123.0,118.76,122.15,5586893,False,OGDC
2024-04-02,120.0,120.0,118.25,119.08,2001159,False,OGDC
2024-04-01,121.4,122.4,119.0,119.77,1842893,False,OGDC
2024-03-29,123.02,123.5,121.2,121.65,2792424,False,OGDC
2024-03-28,122.8,123.7,121.85,122.81,4201030,False,OGDC
2024-03-27,123.21,123.73,122.21,122.67,4512518,False,OGDC
2024-03-26,121.6,124.39,121.16,122.39,20903604,False,OGDC
2024-03-25,121.9,124.78,120.7,121.41,16003292,False,OGDC
2024-03-22,119.8,119.85,117.26,117.99,3524802,False,OGDC
2024-03-21,122.03,123.0,119.2,120.16,4601392,False,OGDC
2024-03-20,123.12,124.85,121.11,122.11,5328271,False,OGDC
2024-03-19,123.0,124.99,122.03,123.07,4296717,False,OGDC
2024-03-18,124.05,125.4,122.71,123.33,3153698,False,OGDC
2024-03-15,128.15,128.97,123.0,123.69,8016182,False,OGDC
2024-03-14,122.52,127.5,122.52,126.8,3554520,False,OGDC
2024-03-13,124.65,125.0,120.51,121.54,4044182,False,OGDC
2024-03-12,128.05,128.49,123.0,123.59,4054404,False,OGDC
2024-03-11,130.0,130.35,127.5,127.87,4226173,False,OGDC
2024-03-08,130.0,130.8,128.5,129.11,6231759,False,OGDC
2024-03-07,128.0,131.9,127.85,131.35,9797618,False,OGDC
2024-03-06,127.11,131.65,127.11,128.64,11204196,False,OGDC
2024-03-05,133.49,133.49,127.25,127.98,10469000,False,OGDC
2024-03-04,125.0,132.58,124.3,132.17,20945917,False,OGDC
2024-03-01,125.34,125.79,122.99,123.33,4787226,False,OGDC
2024-02-29,123.25,127.86,123.25,125.12,10849918,False,OGDC
2024-02-28,120.0,124.71,120.0,123.17,6716014,False,OGDC
2024-02-27,125.44,125.55,120.25,121.07,10000500,False,OGDC
2024-02-26,125.89,129.75,124.01,125.01,14939405,False,OGDC
2024-02-23,116.0,125.44,116.0,125.21,16618638,False,OGDC
2024-02-22,117.5,118.4,115.51,116.69,5780199,False,OGDC
2024-02-21,116.99,118.44,114.5,117.2,6512111,False,OGDC
2024-02-20,116.51,118.74,112.1,113.01,10492785,False,OGDC
2024-02-19,104.5,116.02,104.5,115.53,12158845,False,OGDC
2024-02-16,112.8,116.2,105.72,107.93,20693864,False,OGDC
2024-02-15,123.5,123.9,113.15,114.11,12066082,False,OGDC
2024-02-14,125.52,128.0,117.0,122.01,32231367,False,OGDC
2024-02-13,124.14,126.49,124.14,124.18,14952555,False,OGDC
2024-02-12,140.0,141.0,134.2,134.2,14939483,False,OGDC
2024-02-09,146.0,148.3,139.37,145.08,18933926,False,OGDC
2024-02-07,156.0,157.4,150.1,150.67,24951384,False,OGDC
2024-02-06,150.15,158.59,150.15,155.57,23123662,False,OGDC
2024-02-02,145.1,149.5,141.3,147.6,13579691,False,OGDC
2024-02-01,135.89,145.1,134.7,144.26,16985527,False,OGDC
2024-01-31,135.9,138.5,134.65,135.28,6014807,False,OGDC
2024-01-30,137.97,140.0,130.05,134.28,17143209,False,OGDC
2024-01-29,140.5,140.79,136.5,137.61,7102542,False,OGDC
2024-01-26,135.01,143.2,133.88,141.37,31070396,False,OGDC
2024-01-25,143.88,148.85,134.93,135.31,49679574,False,OGDC
2024-01-24,136.0,146.74,134.8,145.87,33646470,False,OGDC
2024-01-23,134.94,138.9,127.2,136.5,52947125,False,OGDC
2024-01-22,124.5,133.53,124.5,133.53,16631096,False,OGDC
2024-01-19,124.9,125.98,123.2,124.21,2989138,False,OGDC
2024-01-18,125.9,125.9,122.5,124.21,6663481,False,OGDC
2024-01-17,125.0,128.52,123.55,126.39,10097639,False,OGDC
2024-01-16,129.23,129.87,126.01,126.42,9848693,False,OGDC
2024-01-15,128.6,133.8,128.51,130.29,18594025,False,OGDC
2024-01-12,128.5,129.5,125.9,127.53,16501298,False,OGDC
2024-01-11,123.5,128.45,122.9,127.06,11335960,False,OGDC
2024-01-10,122.75,126.7,122.0,122.67,18027804,False,OGDC
2024-01-09,124.44,125.0,121.81,122.51,4622420,False,OGDC
2024-01-08,125.21,125.8,123.05,123.38,2819259,False,OGDC
2024-01-05,125.6,127.35,121.0,125.04,7662088,False,OGDC
2024-01-04,128.0,128.4,123.95,125.61,7826527,False,OGDC
2024-01-03,124.0,128.1,122.2,127.39,17714428,False,OGDC
2024-01-02,124.0,126.7,121.51,122.92,24573372,False,OGDC
2024-01-01,113.0,120.88,113.0,120.88,10262639,False,OGDC
2026-09-25,231.51,233.65,230.11,231.68,2329352,False,PPL
2026-09-24,232.83,236.5,230.55,231.45,5117134,False,PPL
2026-09-23,232.38,233.49,231.26,232.83,2745218,False,PPL
2026-09-22,228.02,231.89,226.5,230.51,2269462,False,PPL
2026-09-21,230.01,231.5,228.0,228.39,2647012,False,PPL
2026-09-18,227.0,233.03,226.8,228.8,6304169,False,PPL
2026-09-17,219.97,227.4,219.62,225.51,7316874,False,PPL
2026-09-16,219.88,222.19,217.45,218.03,2705448,False,PPL
2026-09-15,222.03,224.48,219.5,219.9,2767366,False,PPL
2026-09-14,216.7,223.0,214.0,219.9,7875159,False,PPL
2026-09-11,209.98,219.99,207.21,218.86,5134684,False,PPL
2026-09-10,219.43,219.99,211.8,213.2,4439705,False,PPL
2026-09-09,222.98,222.98,219.4,219.91,2711846,False,PPL
2026-09-08,222.01,225.3,218.4,221.37,3955208,False,PPL
2026-09-07,227.29,228.99,222.01,223.23,3189585,False,PPL
2026-09-04,225.4,230.0,222.8,227.29,8889783,False,PPL
2026-09-03,228.3,228.7,224.75,225.4,3195494,False,PPL
2026-09-02,229.94,230.4,226.0,226.97,3893896,False,PPL
2026-09-01,236.0,237.0,231.9,232.24,4190546,False,PPL
2026-08-31,237.0,239.06,233.91,234.5,4201228,False,PPL
2026-08-28,237.0,240.0,236.0,237.08,3877076,False,PPL
2026-08-27,244.26,245.44,236.8,237.63,5198412,False,PPL
2026-08-25,246.75,247.7,242.63,243.52,5718456,False,PPL
2026-08-24,242.02,250.0,242.0,245.66,22019239,False,PPL
2026-08-21,239.26,241.75,235.01,240.66,8164123,False,PPL
2026-08-20,237.5,242.5,234.0,237.89,9734100,False,PPL
2026-08-19,237.0,243.5,235.05,236.47,16431717,False,PPL
2026-08-18,238.9,239.3,232.0,233.06,9673687,False,PPL
2026-08-17,232.0,240.49,231.35,239.04,11007486,False,PPL
2026-08-13,230.0,234.22,228.03,230.62,6914770,False,PPL
2026-08-12,229.0,232.0,228.25,229.45,5112653,False,PPL
2026-08-11,229.47,234.2,227.01,228.84,9506790,False,PPL
2026-08-10,222.11,230.3,221.56,229.47,10002045,False,PPL
2026-08-07,220.99,223.7,220.1,221.55,2856468,False,PPL
2026-08-06,222.11,223.51,220.11,222.48,3599898,False,PPL
2026-08-05,222.0,222.5,218.9,220.69,4632006,False,PPL
2026-08-04,222.0,222.48,217.45,217.72,2408478,False,PPL
2026-08-03,221.01,222.98,219.4,221.32,3444650,False,PPL
2026-07-31,217.0,217.93,215.65,216.21,1577478,False,PPL
2026-07-30,216.15,218.75,214.0,215.15,2728296,False,PPL
2026-07-29,221.0,221.0,217.65,218.15,1919874,False,PPL
2026-07-28,227.45,227.45,222.0,222.84,2745021,False,PPL
2026-07-27,219.88,225.9,216.3,224.67,5306901,False,PPL
2026-07-24,212.0,214.2,209.26,211.1,3154181,False,PPL
2026-07-23,216.0,219.0,212.0,212.66,3517317,False,PPL
2026-07-22,219.0,220.0,214.88,216.84,3369470,False,PPL
2026-07-21,221.75,224.4,218.75,219.78,3427492,False,PPL
2026-07-20,217.69,222.15,217.03,220.17,4642510,False,PPL
2026-07-17,225.0,226.44,219.0,219.74,3798604,False,PPL
2026-07-16,224.9,227.0,223.25,224.73,3034738,False,PPL
2026-07-15,225.47,227.3,222.58,224.2,3649538,False,PPL
2026-07-14,228.0,230.0,221.8,222.58,7341810,False,PPL
2026-07-13,232.73,235.45,226.5,232.42,3092517,False,PPL
2026-07-10,237.9,239.71,235.11,236.55,2565649,False,PPL
2026-07-09,236.0,240.15,234.6,235.62,4486245,False,PPL
2026-07-08,243.51,245.7,235.8,238.78,8295083,False,PPL
2026-07-07,253.0,253.49,246.1,246.82,4786860,False,PPL
2026-07-06,250.9,254.49,250.11,252.66,5278713,False,PPL
2026-07-03,245.33,249.99,245.01,248.71,7703756,False,PPL
2026-07-02,245.98,247.45,244.0,245.95,4322680,False,PPL
2026-07-01,243.89,245.0,241.8,243.74,3456873,False,PPL
2026-06-30,245.75,249.0,241.0,242.62,6671079,False,PPL
2026-06-29,247.98,249.9,243.0,244.49,3454522,False,PPL
2026-06-24,245.05,248.7,244.36,247.98,4102051,False,PPL
2026-06-23,243.97,246.5,242.55,244.32,4863762,False,PPL
2026-06-22,244.01,244.98,240.9,242.63,7075385,False,PPL
2026-06-19,250.49,252.0,240.16,241.94,12036538,False,PPL
2026-06-18,246.3,251.5,246.3,249.06,9554594,False,PPL
2026-06-17,241.0,247.1,239.5,245.58,12349535,False,PPL
2026-06-16,233.8,240.45,231.13,238.89,9142364,False,PPL
2026-06-15,233.9,233.9,226.7,232.78,8153501,False,PPL
2026-06-12,226.99,228.25,224.0,225.84,3398384,False,PPL
2026-06-11,224.88,224.88,221.8,222.67,2987442,False,PPL
2026-06-10,223.51,226.0,223.51,224.06,998269,False,PPL
2026-06-09,228.01,228.95,224.9,225.3,2489049,False,PPL
2026-06-08,227.0,227.0,224.0,224.82,2229616,False,PPL
2026-06-05,233.5,234.09,228.01,228.73,2750296,False,PPL
2026-06-04,229.0,233.88,228.5,232.78,4811743,False,PPL
2026-06-03,228.5,231.03,226.9,228.18,2425779,False,PPL
2026-06-02,227.98,234.9,227.51,230.37,3918931,False,PPL
2026-06-01,238.0,238.05,227.0,228.11,4205488,False,PPL
2026-05-29,240.68,241.45,236.62,237.53,3702125,False,PPL
2026-05-25,239.99,242.0,238.5,240.73,4808099,False,PPL
2026-05-22,235.0,236.89,232.56,235.26,4777183,False,PPL
2026-05-21,231.88,234.94,230.0,234.11,6167890,False,PPL
2026-05-20,223.0,227.9,222.24,226.79,2916477,False,PPL
2026-05-19,220.1,223.69,219.25,222.26,3496553,False,PPL
2026-05-18,224.01,225.99,217.35,217.9,3074000,False,PPL
2026-05-15,227.55,229.0,222.0,227.37,3198271,False,PPL
2026-05-14,230.0,232.1,226.8,227.54,2171756,False,PPL
2026-05-13,228.0,231.88,228.0,229.94,2519223,False,PPL
2026-05-12,231.8,235.78,228.5,229.84,6200930,False,PPL
2026-05-11,228.95,232.5,227.0,231.84,3278202,False,PPL
2026-05-08,230.5,233.69,228.51,229.93,5009796,False,PPL
2026-05-07,233.73,237.09,230.3,234.88,7070913,False,PPL
2026-05-06,222.0,237.38,222.0,232.72,17196634,False,PPL
2026-05-05,208.0,218.0,205.51,215.97,6318068,False,PPL
2026-05-04,210.89,216.4,207.0,209.17,6457740,False,PPL
2026-04-30,215.9,216.0,202.1,206.64,7936437,False,PPL
2026-04-29,226.0,227.89,216.5,217.89,5253360,False,PPL
2026-04-28,226.0,228.45,225.0,225.47,2827974,False,PPL
2026-04-27,230.5,234.95,227.5,228.59,3699011,False,PPL
2026-04-24,225.97,234.2,223.01,232.0,4898935,False,PPL
2026-04-23,233.4,233.5,226.51,228.23,2782143,False,PPL
2026-04-22,238.0,239.65,233.15,234.04,4634600,False,PPL
2026-04-21,242.01,243.45,238.0,239.56,6228671,False,PPL
2026-04-20,235.0,246.88,232.0,239.77,15032761,False,PPL
2026-04-17,230.25,241.8,227.5,238.43,13606643,False,PPL
2026-04-16,225.1,231.0,225.07,228.28,11449484,False,PPL
2026-04-15,226.9,226.9,221.06,221.97,6856960,False,PPL
2026-04-14,219.0,220.48,218.0,218.7,3366537,False,PPL
2026-04-13,220.0,221.9,213.0,214.47,5881650,False,PPL
2026-04-10,225.0,227.0,222.65,224.47,6554328,False,PPL
2026-04-09,225.98,226.45,221.0,224.09,8698610,False,PPL
2026-04-08,227.83,227.83,221.0,227.83,10190331,False,PPL
2026-04-07,204.94,208.4,203.6,207.12,4851678,False,PPL
2026-04-06,201.09,209.25,199.5,207.65,8689659,False,PPL
2026-04-03,196.0,207.25,196.0,201.08,6832475,False,PPL
2026-04-02,203.99,204.0,198.02,201.21,4639788,False,PPL
2026-04-01,205.0,213.05,204.25,209.51,12063067,False,PPL
2026-03-31,197.0,203.5,195.11,198.18,6638718,False,PPL
2026-03-30,202.99,203.0,186.9,196.68,12435449,False,PPL
2026-03-27,207.98,209.35,201.12,204.68,9022230,False,PPL
2026-03-26,219.0,219.35,209.0,210.88,5094295,False,PPL
2026-03-25,217.0,222.0,216.8,220.45,7654744,False,PPL
2026-03-24,220.0,221.0,213.54,214.76,5723725,False,PPL
2026-03-19,216.49,216.49,210.5,213.83,5061334,False,PPL
2026-03-18,208.0,221.5,205.5,219.37,6977036,False,PPL
2026-03-17,204.0,207.33,200.1,206.57,3162497,False,PPL
2026-03-16,210.11,211.8,200.71,202.25,2014102,False,PPL
2026-03-13,209.48,212.0,206.2,209.5,2830883,False,PPL
2026-03-12,210.0,216.47,208.0,210.62,3524255,False,PPL
2026-03-11,224.87,224.87,213.06,214.74,4188514,False,PPL
2026-03-10,219.8,224.5,215.1,220.36,7999142,False,PPL
2026-03-09,213.5,213.5,194.06,204.77,12834557,False,PPL
2026-03-06,218.59,219.5,210.51,214.75,8520034,False,PPL
2026-03-05,205.07,222.0,205.0,218.4,14694443,False,PPL
2026-03-04,199.0,205.5,196.1,204.21,21869075,False,PPL
2026-03-03,195.0,205.0,191.11,199.56,12292894,False,PPL
2026-03-02,195.08,211.0,195.08,195.08,13764333,False,PPL
2026-02-27,217.95,220.99,214.55,216.75,4604802,False,PPL
2026-02-26,211.0,221.0,206.11,220.08,9738299,False,PPL
2026-02-25,220.6,221.5,212.0,213.51,4912692,False,PPL
2026-02-24,221.24,226.0,218.0,219.59,8211875,False,PPL
2026-02-23,228.87,233.25,219.8,221.25,4854882,False,PPL
2026-02-20,224.9,231.0,224.5,229.02,6429530,False,PPL
2026-02-19,237.0,237.0,220.0,223.74,7692389,False,PPL
2026-02-18,236.5,238.9,231.15,236.86,27579038,False,PPL
2026-02-17,232.51,237.6,230.01,234.94,8118106,False,PPL
2026-02-16,237.0,241.0,228.1,231.09,11761441,False,PPL
2026-02-13,234.0,238.0,228.97,236.27,12912392,False,PPL
2026-02-12,248.0,249.0,232.2,237.17,16498955,False,PPL
2026-02-11,252.7,254.74,246.97,248.39,2785382,False,PPL
2026-02-10,256.0,256.99,251.01,252.68,4729945,False,PPL
2026-02-09,265.56,265.56,247.2,253.84,17062278,False,PPL
2026-02-06,276.5,276.5,259.9,261.47,20337428,False,PPL
2026-02-04,277.01,279.33,273.65,275.26,2504197,False,PPL
2026-02-03,280.4,282.12,276.5,277.26,4693208,False,PPL
2026-02-02,275.15,282.0,273.8,279.32,5553735,False,PPL
2026-01-30,273.11,284.6,273.03,277.34,9291919,False,PPL
2026-01-29,282.0,284.2,270.5,272.15,13530951,False,PPL
2026-01-28,275.77,283.64,275.0,281.52,9438281,False,PPL
2026-01-27,268.5,276.0,266.05,273.56,8393339,False,PPL
2026-01-26,270.99,273.85,268.0,269.85,4548230,False,PPL
2026-01-23,275.2,276.01,269.25,271.97,4778757,False,PPL
2026-01-22,274.46,279.0,270.7,275.15,8394693,False,PPL
2026-01-21,271.5,278.39,271.3,273.74,14591993,False,PPL
2026-01-20,269.79,272.6,262.2,271.18,10697889,False,PPL
2026-01-19,266.5,269.99,263.01,264.75,10539970,False,PPL
2026-01-16,251.51,266.0,251.1,264.76,24058939,False,PPL
2026-01-15,247.5,253.9,244.0,249.88,14984930,False,PPL
2026-01-14,240.8,247.0,239.12,245.17,22568863,False,PPL
2026-01-13,238.0,241.23,234.25,240.06,10712254,False,PPL
2026-01-12,238.29,240.75,236.2,237.02,3857799,False,PPL
2026-01-09,242.7,244.0,238.5,240.29,7815863,False,PPL
2026-01-08,249.0,249.4,241.0,242.07,10772067,False,PPL
2026-01-07,240.8,250.48,240.8,246.55,16964989,False,PPL
2026-01-06,243.96,243.97,236.76,240.32,18835697,False,PPL
2026-01-05,244.4,252.5,240.01,243.12,12948732,False,PPL
2026-01-02,236.7,248.5,235.79,243.97,13641163,False,PPL
2026-01-01,235.55,239.7,235.1,236.73,7236560,False,PPL
2025-12-31,235.48,238.87,233.15,235.55,9144559,False,PPL
2025-12-30,230.79,235.62,229.61,234.76,9807967,False,PPL
2025-12-29,228.9,230.55,225.75,229.73,9686284,False,PPL
2025-12-26,221.02,228.4,220.5,227.36,9526463,False,PPL
2025-12-24,218.7,222.0,217.6,221.02,4271097,False,PPL
2025-12-23,219.05,219.49,215.7,217.17,3101795,False,PPL
2025-12-22,219.51,220.8,217.72,218.46,2314369,False,PPL
2025-12-19,221.5,224.0,218.01,219.33,5985255,False,PPL
2025-12-18,222.0,222.75,219.25,220.81,4695257,False,PPL
2025-12-17,224.99,225.75,220.9,221.4,6261232,False,PPL
2025-12-16,231.0,232.1,223.41,224.15,7154475,False,PPL
2025-12-15,224.01,230.79,224.01,228.98,18843356,False,PPL
2025-12-12,219.45,222.0,215.67,220.27,10127468,False,PPL
2025-12-11,220.0,220.0,215.81,217.04,7201014,False,PPL
2025-12-10,218.88,219.49,214.7,215.39,4677200,False,PPL
2025-12-09,221.5,222.0,217.8,218.73,6840762,False,PPL
2025-12-08,220.0,223.0,219.0,219.43,11858492,False,PPL
2025-12-05,213.48,218.9,211.0,217.34,19146182,False,PPL
2025-12-04,208.11,211.99,206.57,210.63,4984118,False,PPL
2025-12-03,209.0,209.99,206.0,209.14,8112515,False,PPL
2025-12-02,213.51,213.51,207.76,208.24,11028041,False,PPL
2025-12-01,212.0,215.5,208.05,213.17,18633041,False,PPL
2025-11-28,207.3,212.4,206.51,210.52,17027874,False,PPL
2025-11-27,199.85,207.0,199.02,205.42,12244212,False,PPL
2025-11-26,196.97,200.5,193.5,198.54,7589002,False,PPL
2025-11-25,200.0,200.24,196.5,197.12,2999769,False,PPL
2025-11-24,200.21,202.95,198.58,199.21,4937856,False,PPL
2025-11-21,202.99,205.25,200.4,201.54,6926256,False,PPL
2025-11-20,203.99,206.4,202.1,204.57,17861876,False,PPL
2025-11-19,194.25,203.45,192.0,201.02,21542517,False,PPL
2025-11-18,194.55,195.75,192.7,193.39,3701196,False,PPL
2025-11-17,195.0,198.3,193.4,194.6,10648032,False,PPL
2025-11-14,189.3,196.25,188.94,193.05,16062359,False,PPL
2025-11-13,188.5,189.95,186.88,188.94,3832066,False,PPL
2025-11-12,184.99,191.45,184.54,186.62,10397642,False,PPL
2025-11-11,190.48,190.5,183.0,183.66,7404040,False,PPL
2025-11-10,187.0,190.88,185.15,189.59,5776950,False,PPL
2025-11-07,183.55,187.25,183.04,186.19,2832884,False,PPL
2025-11-06,185.74,186.0,182.24,183.16,2613582,False,PPL
2025-11-05,187.67,189.0,183.0,184.54,3768039,False,PPL
2025-11-04,187.24,187.24,182.81,185.01,4273787,False,PPL
2025-11-03,189.0,191.0,186.9,187.24,5430158,False,PPL
2025-10-31,184.51,189.0,184.51,187.61,6491016,False,PPL
2025-10-30,187.03,187.7,181.5,182.92,5004185,False,PPL
2025-10-29,186.98,189.49,184.1,186.07,7181993,False,PPL
2025-10-28,191.45,193.0,186.0,186.88,4150514,False,PPL
2025-10-27,194.95,195.5,190.66,191.18,4779337,False,PPL
2025-10-24,195.05,198.6,193.65,195.09,9531929,False,PPL
2025-10-23,196.0,199.89,193.55,194.47,10901523,False,PPL
2025-10-22,188.68,198.98,187.0,194.73,19304493,False,PPL
2025-10-21,187.4,191.2,186.02,188.68,9705378,False,PPL
2025-10-20,183.05,187.0,182.6,185.46,5670242,False,PPL
2025-10-17,184.91,185.6,181.8,182.3,4784202,False,PPL
2025-10-16,185.25,188.1,183.6,186.12,6743646,False,PPL
2025-10-15,190.0,192.88,183.7,184.65,13517917,False,PPL
2025-10-14,183.48,189.5,182.7,188.39,11748831,False,PPL
2025-10-13,187.0,187.45,178.9,180.19,17452681,False,PPL
2025-10-10,193.12,193.5,189.0,189.89,6248787,False,PPL
2025-10-09,196.0,199.0,192.9,193.8,4742778,False,PPL
2025-10-08,197.43,201.75,195.0,195.64,6934556,False,PPL
2025-10-07,203.1,203.47,196.56,197.43,7937403,False,PPL
2025-10-06,201.9,203.35,197.03,202.72,5939913,False,PPL
2025-10-03,203.9,206.0,202.0,202.41,3969859,False,PPL
2025-10-02,205.0,206.48,202.4,203.44,5626743,False,PPL
2025-10-01,208.0,209.99,203.01,204.69,6827405,False,PPL
2025-09-30,208.17,211.75,206.75,207.58,9116953,False,PPL
2025-09-29,209.7,209.88,206.12,208.17,6828048,False,PPL
2025-09-26,205.0,212.35,202.51,208.82,17782680,False,PPL
2025-09-25,202.92,206.0,200.01,203.31,19064352,False,PPL
2025-09-24,195.41,205.3,194.2,200.52,38578188,False,PPL
2025-09-23,193.51,199.45,191.25,192.19,20927521,False,PPL
2025-09-22,191.0,193.9,189.5,192.75,11690566,False,PPL
2025-09-19,192.49,197.8,189.72,191.09,19520155,False,PPL
2025-09-18,193.49,193.49,190.0,191.74,7603706,False,PPL
2025-09-17,193.26,193.9,188.76,189.42,8463293,False,PPL
2025-09-16,190.5,192.74,189.6,192.0,5336128,False,PPL
2025-09-15,189.35,191.99,188.0,189.95,3542898,False,PPL
2025-09-12,192.01,192.5,188.0,189.31,5890943,False,PPL
2025-09-11,197.0,197.99,190.52,191.16,8635840,False,PPL
2025-09-10,191.53,199.8,191.5,196.06,27646279,False,PPL
2025-09-09,192.45,193.99,188.6,192.58,14851437,False,PPL
2025-09-08,189.89,191.51,187.9,190.51,12940376,False,PPL
2025-09-05,181.25,189.4,181.25,186.74,18214692,False,PPL
2025-09-04,181.0,182.99,180.23,180.89,5574117,False,PPL
2025-09-03,179.0,183.5,178.0,180.88,11055445,False,PPL
2025-09-02,180.5,181.0,178.25,178.56,4553947,False,PPL
2025-09-01,177.51,179.88,175.9,179.12,6553568,False,PPL
2025-08-29,178.49,181.98,176.5,177.31,8173971,False,PPL
2025-08-28,177.15,178.52,176.12,177.54,2453372,False,PPL
2025-08-27,179.0,179.0,175.8,176.67,4235219,False,PPL
2025-08-26,180.0,180.45,178.49,178.66,2939273,False,PPL
2025-08-25,180.5,181.0,178.12,178.52,2517419,False,PPL
2025-08-22,181.2,183.1,179.5,180.24,7565917,False,PPL
2025-08-21,181.01,183.85,176.01,180.13,12255013,False,PPL
2025-08-20,180.84,183.28,179.9,180.79,4564827,False,PPL
2025-08-19,183.88,183.99,180.11,180.84,5597497,False,PPL
2025-08-18,179.44,184.09,177.61,183.5,8167684,False,PPL
2025-08-15,182.99,184.4,178.1,179.44,5161306,False,PPL
2025-08-13,186.99,186.99,182.1,183.34,14261626,False,PPL
2025-08-12,190.25,190.9,185.5,187.3,16539375,False,PPL
2025-08-11,188.0,190.87,185.05,189.9,14489018,False,PPL
2025-08-08,190.9,193.49,186.51,188.23,21967632,False,PPL
2025-08-07,181.4,191.78,180.3,189.74,33121252,False,PPL
2025-08-06,178.75,181.64,176.6,180.33,9327089,False,PPL
2025-08-05,179.02,179.95,176.5,177.69,8099690,False,PPL
2025-08-04,185.0,186.3,179.0,179.97,15436821,False,PPL
2025-08-01,170.97,186.79,168.0,181.78,43041726,False,PPL
2025-07-31,170.0,173.5,168.11,169.81,21087934,False,PPL
2025-07-30,166.0,166.7,164.5,165.44,1888950,False,PPL
2025-07-29,168.49,168.9,165.25,165.8,1823166,False,PPL
2025-07-28,170.0,170.51,167.55,168.28,4612077,False,PPL
2025-07-25,166.03,168.18,165.21,167.31,3075713,False,PPL
2025-07-24,168.3,170.9,165.8,166.37,3923893,False,PPL
2025-07-23,168.5,172.26,167.5,168.15,6596758,False,PPL
2025-07-22,163.5,169.99,163.5,167.7,11239223,False,PPL
2025-07-21,163.01,164.5,161.13,163.1,2758846,False,PPL
2025-07-18,164.51,165.55,162.65,163.05,2846193,False,PPL
2025-07-17,164.44,167.24,162.75,163.96,9099762,False,PPL
2025-07-16,165.4,166.3,162.45,163.47,4372638,False,PPL
2025-07-15,168.76,169.81,165.0,165.47,4005017,False,PPL
2025-07-14,170.15,170.75,168.15,168.76,2441870,False,PPL
2025-07-11,169.99,171.5,169.6,169.94,3020038,False,PPL
2025-07-10,170.92,171.6,169.1,169.95,2249403,False,PPL
2025-07-09,172.67,173.6,170.0,170.92,2994146,False,PPL
2025-07-08,174.05,174.95,171.75,172.67,5419141,False,PPL
2025-07-07,172.07,174.0,171.11,173.5,3859123,False,PPL
2025-07-04,175.7,176.3,171.64,172.35,3850794,False,PPL
2025-07-03,173.89,175.8,172.75,175.09,11545075,False,PPL
2025-07-02,170.9,172.85,169.5,172.07,8211705,False,PPL
2025-07-01,170.15,171.9,168.6,169.86,3008775,False,PPL
2025-06-30,173.7,174.0,169.0,170.17,4616753,False,PPL
2025-06-27,168.11,175.9,167.55,171.2,11415124,False,PPL
2025-06-26,166.75,170.55,166.6,167.96,8561198,False,PPL
2025-06-25,167.25,169.3,165.99,166.64,4810323,False,PPL
2025-06-24,163.9,168.66,161.0,167.24,9849420,False,PPL
2025-06-23,161.0,162.35,151.3,153.33,5839530,False,PPL
2025-06-20,163.0,165.6,162.3,163.63,2457753,False,PPL
2025-06-19,167.9,167.9,161.4,162.42,3866933,False,PPL
2025-06-18,167.99,167.99,162.8,163.44,3761801,False,PPL
2025-06-17,166.9,168.8,165.65,167.42,4270851,False,PPL
2025-06-16,167.11,169.39,166.8,167.23,2302616,False,PPL
2025-06-13,168.0,171.0,166.1,167.09,4703098,False,PPL
2025-06-12,174.51,177.3,170.0,170.99,7250066,False,PPL
2025-06-11,168.0,177.0,168.0,174.37,14506340,False,PPL
2025-06-10,167.9,167.9,165.0,165.47,2153047,False,PPL
2025-06-05,168.48,168.8,166.0,166.55,1899901,False,PPL
2025-06-04,166.3,170.0,165.5,168.4,5665764,False,PPL
2025-06-03,163.5,166.15,163.0,165.33,2923919,False,PPL
2025-06-02,167.75,171.2,161.45,163.39,7625394,False,PPL
2025-05-30,168.26,168.89,166.0,166.35,3378953,False,PPL
2025-05-29,168.51,170.5,167.25,168.09,3075288,False,PPL
2025-05-27,166.9,169.0,165.26,167.46,4091914,False,PPL
2025-05-26,167.53,168.94,163.65,165.81,5383521,False,PPL
2025-05-23,170.07,171.45,166.6,169.04,2998829,False,PPL
2025-05-22,176.0,176.79,169.25,170.33,5966198,False,PPL
2025-05-21,173.8,175.98,172.25,175.29,3768908,False,PPL
2025-05-20,176.0,177.0,172.21,173.05,3476404,False,PPL
2025-05-19,174.4,177.99,172.6,175.75,8304279,False,PPL
2025-05-16,174.0,175.5,171.5,172.39,4626039,False,PPL
2025-05-15,170.0,178.0,170.0,173.25,16962449,False,PPL
2025-05-14,169.99,172.3,166.75,169.91,11785256,False,PPL
2025-05-13,160.0,168.03,158.01,168.03,19195618,False,PPL
2025-05-12,152.75,152.75,152.75,152.75,750845,False,PPL
2025-05-09,132.0,140.0,128.56,138.86,9179993,False,PPL
2025-05-08,147.1,149.25,130.75,131.91,12205184,False,PPL
2025-05-07,141.0,150.0,141.0,145.28,8361342,False,PPL
2025-05-06,149.75,154.95,148.5,151.8,7329525,False,PPL
2025-05-05,148.5,150.95,147.0,148.48,3143530,False,PPL
2025-05-02,151.9,153.02,149.15,150.83,4500222,False,PPL
2025-04-30,153.5,154.0,147.5,148.6,7166892,False,PPL
2025-04-29,160.25,161.5,154.0,157.1,5810849,False,PPL
2025-04-28,166.0,166.48,159.1,160.25,2025805,False,PPL
2025-04-25,167.0,168.0,159.0,164.05,6004748,False,PPL
2025-04-24,168.9,168.9,166.0,166.4,3762973,False,PPL
2025-04-23,171.0,172.49,168.75,169.82,3967268,False,PPL
2025-04-22,171.01,172.3,170.0,170.66,1728318,False,PPL
2025-04-21,171.0,172.0,169.5,170.81,2099090,False,PPL
2025-04-18,172.9,173.65,169.11,170.9,4135709,False,PPL
2025-04-17,169.68,171.99,169.1,171.74,3149647,False,PPL
2025-04-16,174.75,175.0,168.55,169.68,7933219,False,PPL
2025-04-15,171.5,174.85,170.5,172.71,6856730,False,PPL
2025-04-14,171.49,173.44,168.53,171.28,3761906,False,PPL
2025-04-11,173.88,173.88,168.4,169.6,4250714,False,PPL
2025-04-10,175.5,177.9,172.79,173.87,4253979,False,PPL
2025-04-09,173.8,173.9,164.11,168.77,5789175,False,PPL
2025-04-08,177.4,178.49,173.0,174.22,4802064,False,PPL
2025-04-07,184.0,184.0,167.33,174.79,8401012,False,PPL
2025-04-04,193.0,193.25,185.2,185.92,4523518,False,PPL
2025-04-03,189.87,192.49,188.05,191.8,4796657,False,PPL
2025-03-27,193.7,193.7,190.3,191.48,4400671,False,PPL
2025-03-26,194.0,194.4,185.63,193.3,15934134,False,PPL
2025-03-25,183.5,187.5,181.25,185.48,4550121,False,PPL
2025-03-24,191.38,192.38,183.25,184.5,4209721,False,PPL
2025-03-21,192.7,193.6,190.1,191.38,2607697,False,PPL
2025-03-20,191.88,193.8,190.1,192.27,7669794,False,PPL
2025-03-19,187.1,190.43,185.5,189.65,4237123,False,PPL
2025-03-18,186.0,190.0,185.6,187.05,7168874,False,PPL
2025-03-17,185.79,185.95,182.85,184.09,3753006,False,PPL
2025-03-14,186.0,186.15,182.1,183.08,2371832,False,PPL
2025-03-13,183.87,185.99,183.3,184.62,4259010,False,PPL
2025-03-12,186.5,188.5,183.01,184.23,7291302,False,PPL
2025-03-11,180.0,188.29,177.26,186.67,10010242,False,PPL
2025-03-10,183.48,185.2,180.2,181.48,4219714,False,PPL
2025-03-07,185.0,191.9,185.0,186.63,12810997,False,PPL
2025-03-06,171.48,184.99,170.9,183.99,16644912,False,PPL
2025-03-05,173.24,173.98,170.7,171.11,1151122,False,PPL
2025-03-04,171.0,173.5,171.0,172.75,1523997,False,PPL
2025-03-03,174.99,174.99,170.5,170.87,2127865,False,PPL
2025-02-28,174.98,175.99,171.0,173.29,4593938,False,PPL
2025-02-27,173.0,176.7,172.5,175.0,4966204,False,PPL
2025-02-26,176.2,177.0,172.01,172.86,2027867,False,PPL
2025-02-25,180.0,183.95,175.62,176.76,7935178,False,PPL
2025-02-24,171.0,180.0,169.6,178.06,5965581,False,PPL
2025-02-21,175.0,175.84,171.91,172.21,837321,False,PPL
2025-02-20,173.85,178.0,172.48,174.44,4254300,False,PPL
2025-02-19,175.55,176.5,171.99,173.65,1544507,False,PPL
2025-02-18,171.95,175.0,170.22,174.61,2556136,False,PPL
2025-02-17,173.62,175.2,170.02,170.54,1743077,False,PPL
2025-02-14,179.0,180.4,172.91,173.46,2861448,False,PPL
2025-02-13,183.9,186.0,177.1,178.84,4419469,False,PPL
2025-02-12,180.8,185.0,178.5,183.73,5241599,False,PPL
2025-02-11,174.4,182.75,172.7,180.41,9793093,False,PPL
2025-02-10,167.99,173.45,166.6,171.88,2574660,False,PPL
2025-02-07,167.49,169.94,166.8,168.09,4674257,False,PPL
2025-02-06,173.0,173.0,165.5,167.89,9081125,False,PPL
2025-02-04,176.0,177.1,170.65,172.28,2091906,False,PPL
2025-02-03,180.0,180.0,174.68,175.05,2275255,False,PPL
2025-01-31,180.0,182.5,178.0,178.91,3454910,False,PPL
2025-01-30,174.99,179.8,174.55,178.56,3565880,False,PPL
2025-01-29,174.0,176.1,170.5,174.25,3428136,False,PPL
2025-01-28,179.0,179.0,172.32,173.91,4648597,False,PPL
2025-01-27,182.99,183.1,177.0,177.92,3981139,False,PPL
2025-01-24,182.51,185.1,181.0,181.46,2228994,False,PPL
2025-01-23,183.0,185.5,181.03,182.35,3426908,False,PPL
2025-01-22,186.22,186.95,181.51,182.19,8082496,False,PPL
2025-01-21,190.35,190.7,184.0,185.93,2702438,False,PPL
2025-01-20,192.0,193.05,188.0,188.76,3295799,False,PPL
2025-01-17,187.9,192.0,185.5,190.6,5910869,False,PPL
2025-01-16,192.0,192.0,186.5,187.12,3562635,False,PPL
2025-01-15,193.0,195.0,189.6,190.86,5255518,False,PPL
2025-01-14,195.0,195.1,191.8,192.73,3315257,False,PPL
2025-01-13,197.0,198.99,191.95,194.3,5825285,False,PPL
2025-01-10,182.0,196.1,181.0,193.09,8800365,False,PPL
2025-01-09,183.0,187.0,180.5,183.57,5428776,False,PPL
2025-01-08,189.0,193.49,182.0,183.03,7135842,False,PPL
2025-01-07,191.5,191.9,180.0,189.03,15090927,False,PPL
2025-01-06,193.5,196.5,188.0,189.6,7124777,False,PPL
2025-01-03,198.24,198.25,190.01,193.01,4660650,False,PPL
2025-01-02,204.0,204.25,196.98,198.24,4894624,False,PPL
2025-01-01,202.0,206.5,199.0,203.13,5401092,False,PPL
2024-12-31,213.97,213.97,202.0,203.55,8660922,False,PPL
2024-12-30,194.0,199.5,193.9,198.96,4663184,False,PPL
2024-12-27,192.0,197.79,189.0,191.53,3963604,False,PPL
2024-12-26,200.35,201.6,188.5,191.66,6617599,False,PPL
2024-12-24,205.01,216.5,198.04,200.35,18478097,False,PPL
2024-12-23,194.0,205.38,193.2,203.34,12654689,False,PPL
2024-12-20,189.0,196.0,182.0,193.08,6581109,False,PPL
2024-12-19,196.76,200.5,186.5,190.32,12958658,False,PPL
2024-12-18,209.01,214.9,195.51,197.88,14054714,False,PPL
2024-12-17,211.7,215.2,202.5,205.85,7373271,False,PPL
2024-12-16,204.45,214.98,203.0,211.4,14037093,False,PPL
2024-12-13,203.0,204.89,195.0,201.45,13532441,False,PPL
2024-12-12,186.0,203.0,186.0,199.93,11138351,False,PPL
2024-12-11,174.8,187.47,174.8,185.41,14203556,False,PPL
2024-12-10,178.0,178.8,171.26,174.07,5471951,False,PPL
2024-12-09,174.57,179.1,172.25,176.26,8308524,False,PPL
2024-12-06,177.51,179.2,173.25,174.57,5483212,False,PPL
2024-12-05,169.99,177.7,167.25,175.5,12211804,False,PPL
2024-12-04,167.5,169.65,164.52,167.38,5335254,False,PPL
2024-12-03,167.0,168.85,162.9,166.56,4872039,False,PPL
2024-12-02,169.63,173.9,164.67,167.17,11429845,False,PPL
2024-11-29,164.25,170.97,161.25,168.02,11595055,False,PPL
2024-11-28,154.99,165.0,154.11,163.85,13297913,False,PPL
2024-11-27,150.01,153.95,149.0,152.67,4313776,False,PPL
2024-11-26,154.0,154.0,141.9,143.7,6980152,False,PPL
2024-11-25,156.0,156.0,152.5,154.07,2359325,False,PPL
2024-11-22,158.5,162.39,154.66,155.45,6522334,False,PPL
2024-11-21,155.9,159.85,154.0,157.92,5519695,False,PPL
2024-11-20,156.0,160.3,154.0,155.77,8034314,False,PPL
2024-11-19,154.74,157.5,153.8,155.82,4297229,False,PPL
2024-11-18,153.0,155.0,152.5,153.79,1819912,False,PPL
2024-11-15,152.5,155.89,151.03,152.68,4726511,False,PPL
2024-11-14,150.7,154.98,150.5,152.53,7079954,False,PPL
2024-11-13,151.5,152.95,149.15,150.06,3662335,False,PPL
2024-11-12,154.85,155.0,150.01,151.17,4370095,False,PPL
2024-11-11,150.9,155.5,150.45,154.16,10241549,False,PPL
2024-11-08,147.25,151.6,145.65,150.07,8609273,False,PPL
2024-11-07,147.25,149.0,145.15,147.62,6540226,False,PPL
2024-11-06,145.98,147.95,144.9,145.84,5906750,False,PPL
2024-11-05,149.1,149.24,144.3,147.09,7607170,False,PPL
2024-11-04,153.5,156.49,144.26,147.77,21689618,False,PPL
2024-11-01,142.25,153.4,140.5,151.9,21652690,False,PPL
2024-10-31,143.0,144.4,140.03,141.53,8653799,False,PPL
2024-10-30,140.97,146.3,140.8,143.0,15770976,False,PPL
2024-10-29,139.44,141.0,135.75,139.27,12415812,False,PPL
2024-10-28,136.44,144.21,136.22,138.51,11457053,False,PPL
2024-10-25,134.7,143.0,134.39,136.17,16490623,False,PPL
2024-10-24,131.5,136.5,131.5,133.37,7642857,False,PPL
2024-10-23,130.2,131.7,128.12,130.95,3130622,False,PPL
2024-10-22,129.5,131.81,129.5,130.17,2965363,False,PPL
2024-10-21,127.25,130.1,127.25,129.5,2433398,False,PPL
2024-10-18,131.45,131.7,127.5,128.65,3741919,False,PPL
2024-10-17,134.0,134.5,130.4,131.3,3455452,False,PPL
2024-10-16,129.0,134.0,129.0,133.05,9575211,False,PPL
2024-10-15,131.0,132.9,129.0,131.06,7285568,False,PPL
2024-10-14,131.5,133.0,129.5,130.47,3407579,False,PPL
2024-10-11,132.51,136.5,130.49,131.74,7589810,False,PPL
2024-10-10,126.06,134.65,124.9,132.25,23209702,False,PPL
2024-10-09,128.0,131.32,125.0,126.27,10469232,False,PPL
2024-10-08,126.7,130.5,126.7,128.12,21544867,False,PPL
2024-10-07,118.43,127.9,117.01,126.69,40779930,False,PPL
2024-10-04,111.0,119.55,111.0,118.6,21636537,False,PPL
2024-10-03,108.9,112.72,108.9,111.46,5753536,False,PPL
2024-10-02,108.49,109.75,107.5,108.89,2279840,False,PPL
2024-10-01,107.0,109.1,106.4,108.59,3126778,False,PPL
2024-09-30,107.7,108.0,106.4,106.82,1370058,False,PPL
2024-09-27,108.11,109.0,107.05,107.6,1512540,False,PPL
2024-09-26,110.1,110.74,107.41,107.78,3651625,False,PPL
2024-09-25,108.49,109.61,107.7,108.77,3972481,False,PPL
2024-09-24,110.46,110.59,106.8,107.99,4806350,False,PPL
2024-09-23,112.9,112.99,109.5,109.92,3329304,False,PPL
2024-09-20,116.9,117.45,110.15,113.24,15667189,False,PPL
2024-09-19,114.55,117.0,114.55,116.32,4523091,False,PPL
2024-09-18,114.51,115.01,114.01,114.51,1396232,False,PPL
2024-09-16,114.06,115.3,113.78,114.5,892091,False,PPL
2024-09-13,115.98,116.01,114.05,114.59,2868404,False,PPL
2024-09-12,112.94,113.9,112.5,113.41,1355776,False,PPL
2024-09-11,113.05,113.4,112.28,112.6,604730,False,PPL
2024-09-10,112.74,113.5,111.6,112.52,1356688,False,PPL
2024-09-09,113.5,114.0,112.01,112.3,523388,False,PPL
2024-09-06,113.2,113.35,112.01,112.44,511489,False,PPL
2024-09-05,113.1,113.63,112.3,113.01,1573922,False,PPL
2024-09-04,112.7,114.25,112.5,113.06,3432563,False,PPL
2024-09-03,111.55,112.55,111.45,112.18,872874,False,PPL
2024-09-02,111.1,113.25,111.0,111.5,2692949,False,PPL
2024-08-30,112.01,112.3,110.5,110.61,2002963,False,PPL
2024-08-29,112.47,112.6,111.61,111.82,986713,False,PPL
2024-08-28,113.4,113.48,111.7,111.87,871232,False,PPL
2024-08-27,113.5,115.2,111.95,112.12,2668306,False,PPL
2024-08-26,113.0,113.6,112.2,112.48,728553,False,PPL
2024-08-23,113.79,113.8,112.4,112.56,1185722,False,PPL
2024-08-22,112.9,114.4,112.5,112.97,1403197,False,PPL
2024-08-21,112.12,113.75,112.05,112.61,1213981,False,PPL
2024-08-20,111.51,112.85,111.21,112.49,526606,False,PPL
2024-08-19,112.01,113.1,111.11,111.94,845466,False,PPL
2024-08-16,112.5,113.34,111.01,111.11,783081,False,PPL
2024-08-15,112.43,113.28,112.0,112.4,902512,False,PPL
2024-08-13,112.42,113.29,111.5,111.9,1207129,False,PPL
2024-08-12,114.48,114.6,112.0,112.42,2429323,False,PPL
2024-08-09,115.44,115.9,113.01,113.92,4215892,False,PPL
2024-08-08,111.01,116.5,110.1,114.13,11665371,False,PPL
2024-08-07,112.2,112.99,110.25,110.64,2268140,False,PPL
2024-08-06,113.5,113.98,111.35,111.64,2473585,False,PPL
2024-08-05,113.8,117.4,110.8,111.58,7874158,False,PPL
2024-08-02,110.99,113.5,110.99,112.54,1012424,False,PPL
2024-08-01,112.39,112.39,110.13,110.71,1036491,False,PPL
2024-07-31,114.15,114.15,111.4,112.02,742400,False,PPL
2024-07-30,115.39,115.8,113.03,113.4,2010746,False,PPL
2024-07-29,113.37,116.49,113.0,114.04,3549943,False,PPL
2024-07-26,114.01,114.94,112.9,113.09,1722480,False,PPL
2024-07-25,115.99,116.6,114.4,114.77,919987,False,PPL
2024-07-24,116.3,116.8,115.26,115.7,1203909,False,PPL
2024-07-23,114.55,116.6,113.5,115.62,2345579,False,PPL
2024-07-22,117.18,117.57,114.0,114.5,3513210,False,PPL
2024-07-19,122.45,122.99,116.5,117.44,8630861,False,PPL
2024-07-18,120.46,122.89,120.03,122.36,4234149,False,PPL
2024-07-15,121.0,122.5,119.74,120.46,3728718,False,PPL
2024-07-12,119.89,120.49,116.0,118.69,2242184,False,PPL
2024-07-11,120.5,121.75,119.0,119.32,2412092,False,PPL
2024-07-10,123.15,123.5,119.6,120.82,2447648,False,PPL
2024-07-09,124.2,125.2,123.0,123.42,2742062,False,PPL
2024-07-08,122.4,124.7,121.4,123.79,2781992,False,PPL
2024-07-05,123.51,123.51,121.8,122.3,2425734,False,PPL
2024-07-04,125.0,125.9,122.8,123.26,4973280,False,PPL
2024-07-03,124.49,126.2,123.7,124.72,8358809,False,PPL
2024-07-02,121.0,125.22,121.0,123.75,10150735,False,PPL
2024-07-01,117.15,122.95,116.8,120.85,10582603,False,PPL
2024-06-28,117.5,118.75,116.62,117.11,1931469,False,PPL
2024-06-27,118.5,119.75,116.8,117.43,2463246,False,PPL
2024-06-26,116.97,119.65,115.7,118.44,11103476,False,PPL
2024-06-25,118.7,118.7,116.6,116.81,2854288,False,PPL
2024-06-24,119.67,120.47,118.11,118.31,3460930,False,PPL
2024-06-21,120.01,121.45,118.5,119.59,8520848,False,PPL
2024-06-20,120.25,120.7,117.5,119.22,7357322,False,PPL
2024-06-14,122.69,123.14,119.45,119.76,4235086,False,PPL
2024-06-13,116.51,123.13,116.12,122.85,15368916,False,PPL
2024-06-12,110.73,114.9,110.73,114.18,2299537,False,PPL
2024-06-11,113.47,113.67,109.73,111.82,3862308,False,PPL
2024-06-10,114.04,114.5,111.99,112.42,2982274,False,PPL
2024-06-07,116.85,116.85,113.4,114.42,7471203,False,PPL
2024-06-06,116.46,119.75,116.0,116.92,4436045,False,PPL
2024-06-05,117.51,117.77,116.01,116.31,2249474,False,PPL
2024-06-04,119.5,120.2,117.05,117.31,2818949,False,PPL
2024-06-03,120.25,120.44,117.75,119.35,6029798,False,PPL
2024-05-31,120.0,121.5,119.5,119.94,3446860,False,PPL
2024-05-30,118.49,120.0,117.2,119.42,5658625,False,PPL
2024-05-29,121.68,121.68,117.35,118.02,9507056,False,PPL
2024-05-27,124.02,124.2,120.85,121.23,4209486,False,PPL
2024-05-24,122.75,125.4,122.75,123.58,11784831,False,PPL
2024-05-23,122.13,123.2,121.3,122.28,4918689,False,PPL
2024-05-22,123.1,123.61,120.6,121.75,4054311,False,PPL
2024-05-21,122.51,124.1,122.1,122.73,3379929,False,PPL
2024-05-20,122.8,123.5,121.36,122.29,5249792,False,PPL
2024-05-17,122.9,124.8,122.62,123.5,4354540,False,PPL
2024-05-16,123.49,124.37,122.52,122.76,3814356,False,PPL
2024-05-15,126.01,126.49,122.7,123.06,9494603,False,PPL
2024-05-14,125.0,125.9,123.6,125.44,9789767,False,PPL
2024-05-13,122.5,126.7,121.45,124.27,12230801,False,PPL
2024-05-10,122.7,124.25,121.3,122.46,6754573,False,PPL
2024-05-09,122.26,122.74,120.55,121.51,5570014,False,PPL
2024-05-08,121.12,124.6,121.12,122.28,9279853,False,PPL
2024-05-07,125.0,125.75,121.75,122.12,11836660,False,PPL
2024-05-06,127.01,128.4,124.35,125.31,14348667,False,PPL
2024-05-03,117.8,125.35,117.1,124.33,26658354,False,PPL
2024-05-02,115.15,118.5,114.7,116.6,9249140,False,PPL
2024-04-30,112.26,119.25,111.21,114.91,23164949,False,PPL
2024-04-29,114.3,115.0,112.0,112.05,6241486,False,PPL
2024-04-26,113.81,115.2,113.0,114.05,5499839,False,PPL
2024-04-25,113.0,114.56,112.5,113.74,4801098,False,PPL
2024-04-24,113.48,114.35,113.02,113.33,4022391,False,PPL
2024-04-23,113.91,114.39,112.5,112.98,2784134,False,PPL
2024-04-22,114.0,115.15,112.8,113.4,7042817,False,PPL
2024-04-19,113.0,114.9,112.0,113.38,4931904,False,PPL
2024-04-18,112.52,114.01,111.52,112.61,4250356,False,PPL
2024-04-17,113.4,113.79,112.1,112.54,3641708,False,PPL
2024-04-16,114.25,116.9,113.51,113.99,9086389,False,PPL
2024-04-15,114.24,114.98,110.5,114.33,9377687,False,PPL
2024-04-09,112.72,114.24,111.5,112.66,3825764,False,PPL
2024-04-08,111.99,114.0,111.2,112.61,5332113,False,PPL
2024-04-04,114.83,114.83,108.7,110.17,21170581,False,PPL
2024-04-03,105.0,108.55,104.0,108.07,4928965,False,PPL
2024-04-02,105.98,105.98,103.6,104.53,1009245,False,PPL
2024-04-01,106.55,107.1,105.15,105.61,1168218,False,PPL
2024-03-29,107.75,108.7,105.8,106.15,1914920,False,PPL
2024-03-28,106.0,107.75,105.8,107.17,2576572,False,PPL
2024-03-27,107.88,107.9,105.51,105.79,2464631,False,PPL
2024-03-26,108.5,108.85,106.7,107.37,1672934,False,PPL
2024-03-25,109.0,110.8,106.0,107.78,4571263,False,PPL
2024-03-22,106.75,106.75,105.35,106.02,1112732,False,PPL
2024-03-21,109.7,110.0,106.1,106.62,2352350,False,PPL
2024-03-20,111.99,112.25,108.5,108.95,4202005,False,PPL
2024-03-19,111.0,112.4,110.11,111.09,1761518,False,PPL
2024-03-18,112.06,113.0,110.5,110.93,1545056,False,PPL
2024-03-15,114.88,114.88,111.01,111.62,2016604,False,PPL
2024-03-14,110.0,113.45,109.5,112.97,2631669,False,PPL
2024-03-13,111.0,112.3,107.02,108.52,3482193,False,PPL
2024-03-12,115.05,115.5,110.5,111.06,3232318,False,PPL
2024-03-11,116.0,116.0,114.25,114.62,2142642,False,PPL
2024-03-08,116.0,116.4,114.7,114.93,3220960,False,PPL
2024-03-07,114.05,115.98,113.52,115.3,4384060,False,PPL
2024-03-06,113.81,117.0,113.81,114.35,7916062,False,PPL
2024-03-05,118.0,118.99,113.3,114.2,6853016,False,PPL
2024-03-04,114.5,120.9,114.5,119.87,13808772,False,PPL
2024-03-01,113.87,114.0,112.01,113.07,4632027,False,PPL
2024-02-29,109.8,114.97,109.2,113.48,15985508,False,PPL
2024-02-28,107.0,109.44,106.24,108.34,6243665,False,PPL
2024-02-27,107.99,108.98,106.29,106.68,4562482,False,PPL
2024-02-26,109.11,111.6,107.4,108.21,11066294,False,PPL
2024-02-23,104.3,110.15,103.81,109.07,15411890,False,PPL
2024-02-22,105.5,105.98,103.5,104.26,3415808,False,PPL
2024-02-21,105.0,106.88,103.52,105.32,5836954,False,PPL
2024-02-20,103.99,106.38,101.45,102.39,7218710,False,PPL
2024-02-19,94.6,105.34,94.0,104.54,11550721,False,PPL
2024-02-16,100.1,103.5,95.6,98.23,11953769,False,PPL
2024-02-15,109.0,109.35,100.7,102.45,9737543,False,PPL
2024-02-14,105.0,108.18,104.01,107.37,15505464,False,PPL
2024-02-13,99.92,105.15,99.92,101.27,18646972,False,PPL
2024-02-12,112.0,113.0,108.02,108.02,12883624,False,PPL
2024-02-09,118.99,118.99,112.17,116.78,17861036,False,PPL
2024-02-07,120.99,122.69,119.5,121.27,14223153,False,PPL
2024-02-06,115.94,121.36,115.0,120.36,19900893,False,PPL
2024-02-02,116.49,117.38,112.01,114.34,18483443,False,PPL
2024-02-01,114.0,117.25,109.75,115.8,19781910,False,PPL
2024-01-31,115.88,116.89,113.7,114.05,5252850,False,PPL
2024-01-30,113.68,119.97,108.01,113.89,18157957,False,PPL
2024-01-29,117.89,117.89,113.01,113.68,7641946,False,PPL
2024-01-26,117.01,121.75,116.51,118.3,20139069,False,PPL
2024-01-25,126.7,126.8,118.12,118.28,27378044,False,PPL
2024-01-24,126.9,130.9,124.51,127.7,34477717,False,PPL
2024-01-23,131.01,131.24,125.02,126.67,27788195,False,PPL
2024-01-22,122.4,131.45,122.4,131.01,23338496,False,PPL
2024-01-19,123.6,124.88,120.51,122.28,6414455,False,PPL
2024-01-18,123.5,124.24,119.15,122.14,11124990,False,PPL
2024-01-17,126.0,128.7,121.41,123.63,16519053,False,PPL
2024-01-16,131.5,131.5,125.75,126.65,10704013,False,PPL
2024-01-15,135.38,137.4,130.75,132.12,12654467,False,PPL
2024-01-12,134.02,137.9,132.2,133.79,24740483,False,PPL
2024-01-11,127.4,135.9,126.5,132.63,19125010,False,PPL
2024-01-10,125.2,130.99,124.88,126.63,15931102,False,PPL
2024-01-09,127.1,127.5,124.75,125.41,7418243,False,PPL
2024-01-08,126.9,128.23,124.5,125.08,4561042,False,PPL
2024-01-05,127.98,129.99,122.5,127.43,11228730,False,PPL
2024-01-04,129.9,129.96,125.5,128.23,11891649,False,PPL
2024-01-03,127.0,130.74,125.11,129.59,24928592,False,PPL
2024-01-02,127.5,131.5,125.11,126.01,34951008,False,PPL
2024-01-01,117.01,123.66,116.5,123.66,7405974,False,PPL
2025-01-03,481.99,496.0,474.01,485.38,4496408,False,ENGRO
2025-01-02,452.0,484.0,451.51,478.3,3602326,False,ENGRO
2025-01-01,448.9,455.0,444.5,451.15,1299509,False,ENGRO
2024-12-31,460.11,461.0,443.0,445.28,1374271,False,ENGRO
2024-12-30,430.0,459.0,426.0,451.9,2569139,False,ENGRO
2024-12-27,424.5,438.0,421.05,425.66,1468616,False,ENGRO
2024-12-26,431.0,434.98,422.0,425.72,921301,False,ENGRO
2024-12-24,440.0,446.74,425.02,427.89,2593690,False,ENGRO
2024-12-23,408.99,435.67,405.02,435.67,3890190,False,ENGRO
2024-12-20,386.0,399.9,385.0,396.06,858656,False,ENGRO
2024-12-19,405.0,409.05,385.0,387.89,1950867,False,ENGRO
2024-12-18,423.01,433.0,405.25,409.03,1551187,False,ENGRO
2024-12-17,426.0,435.0,411.01,422.11,1736942,False,ENGRO
2024-12-16,432.0,434.0,424.01,425.88,995329,False,ENGRO
2024-12-13,444.51,444.51,425.01,431.37,1298995,False,ENGRO
2024-12-12,419.0,447.45,418.0,439.17,3271966,False,ENGRO
2024-12-11,415.01,426.5,413.31,418.23,1298734,False,ENGRO
2024-12-10,422.0,433.98,395.0,410.2,3177358,False,ENGRO
2024-12-09,408.0,429.44,406.0,418.42,3521896,False,ENGRO
2024-12-06,380.0,410.0,380.0,407.54,5622094,False,ENGRO
2024-12-05,378.0,379.99,371.0,373.3,1799473,False,ENGRO
2024-12-04,381.01,383.0,370.14,377.81,1090966,False,ENGRO
2024-12-03,362.49,390.96,360.01,380.07,3237133,False,ENGRO
2024-12-02,339.0,369.0,333.0,358.09,3072536,False,ENGRO
2024-11-29,329.37,338.0,324.5,335.88,1465597,False,ENGRO
2024-11-28,325.51,331.99,323.66,327.23,895631,False,ENGRO
2024-11-27,325.0,329.7,320.9,324.3,1261440,False,ENGRO
2024-11-26,330.51,332.71,315.0,319.2,1015101,False,ENGRO
2024-11-25,337.76,339.8,330.0,332.71,948333,False,ENGRO
2024-11-22,334.0,344.5,328.15,337.76,3619712,False,ENGRO
2024-11-21,320.05,344.74,318.5,333.24,3335376,False,ENGRO
2024-11-20,321.1,322.4,317.0,320.04,745569,False,ENGRO
2024-11-19,323.0,323.0,320.0,320.44,2166313,False,ENGRO
2024-11-18,322.0,324.5,320.0,322.72,408822,False,ENGRO
2024-11-15,323.0,323.0,320.0,320.95,311115,False,ENGRO
2024-11-14,320.01,326.77,320.0,320.46,851419,False,ENGRO
2024-11-13,318.25,323.52,316.0,319.93,2042978,False,ENGRO
2024-11-12,321.0,321.63,314.0,314.99,638317,False,ENGRO
2024-11-11,325.15,330.0,320.0,321.63,526436,False,ENGRO
2024-11-08,324.0,332.39,323.23,324.92,974831,False,ENGRO
2024-11-07,309.0,326.0,309.0,323.21,3360384,False,ENGRO
2024-11-06,314.0,316.0,312.0,314.04,686136,False,ENGRO
2024-11-05,316.0,316.25,311.0,313.78,628513,False,ENGRO
2024-11-04,306.4,313.0,305.0,311.81,1550344,False,ENGRO
2024-11-01,300.0,306.0,298.0,304.58,702276,False,ENGRO
2024-10-31,310.51,311.95,297.8,299.38,1940669,False,ENGRO
2024-10-30,314.5,316.95,309.77,310.54,944997,False,ENGRO
2024-10-29,314.34,315.49,310.5,313.64,3009489,False,ENGRO
2024-10-28,317.0,323.5,313.51,315.34,1004377,False,ENGRO
2024-10-25,316.96,324.33,314.01,316.89,673737,False,ENGRO
2024-10-24,313.97,319.19,312.65,316.03,305102,False,ENGRO
2024-10-23,316.0,317.0,311.0,312.27,299951,False,ENGRO
2024-10-22,311.97,317.0,310.04,315.34,329486,False,ENGRO
2024-10-21,308.27,312.51,308.27,310.66,136629,False,ENGRO
2024-10-18,309.5,311.9,307.55,308.17,229598,False,ENGRO
2024-10-17,312.89,313.0,309.85,310.07,207276,False,ENGRO
2024-10-16,314.0,315.95,310.8,312.06,235796,False,ENGRO
2024-10-15,316.9,319.0,313.17,313.84,519912,False,ENGRO
2024-10-14,321.0,323.0,316.1,317.13,2595359,False,ENGRO
2024-10-11,322.84,323.73,320.4,320.73,107190,False,ENGRO
2024-10-10,323.0,325.0,320.0,321.87,1244761,False,ENGRO
2024-10-09,325.55,327.98,320.05,323.81,586680,False,ENGRO
2024-10-08,325.0,327.5,324.0,325.66,670233,False,ENGRO
2024-10-07,314.98,324.9,310.0,322.55,1863494,False,ENGRO
2024-10-04,312.5,314.5,311.0,313.41,552022,False,ENGRO
2024-10-03,310.89,314.25,309.12,311.81,308926,False,ENGRO
2024-10-02,304.0,310.0,302.01,308.71,544603,False,ENGRO
2024-10-01,302.11,305.0,302.11,304.13,2552323,False,ENGRO
2024-09-30,310.01,311.0,302.78,303.72,386413,False,ENGRO
2024-09-27,318.5,318.5,307.02,309.18,453855,False,ENGRO
2024-09-26,319.0,320.45,313.92,314.39,430917,False,ENGRO
2024-09-25,318.0,319.09,313.0,317.01,760724,False,ENGRO
2024-09-24,318.15,321.99,316.0,317.33,586709,False,ENGRO
2024-09-23,321.0,322.0,315.1,320.3,626961,False,ENGRO
2024-09-20,319.5,323.0,317.91,320.92,1870674,False,ENGRO
2024-09-19,317.5,323.0,315.8,318.92,990994,False,ENGRO
2024-09-18,317.9,318.1,313.75,315.75,327095,False,ENGRO
2024-09-16,317.58,319.4,314.81,315.09,124734,False,ENGRO
2024-09-13,323.0,323.0,316.0,317.57,185441,False,ENGRO
2024-09-12,319.0,319.0,315.02,317.79,176080,False,ENGRO
2024-09-11,318.13,319.99,315.16,316.83,52643,False,ENGRO
2024-09-10,317.45,325.0,315.0,318.74,301504,False,ENGRO
2024-09-09,320.0,321.95,314.9,316.78,205934,False,ENGRO
2024-09-06,322.0,323.0,319.0,319.9,152037,False,ENGRO
2024-09-05,320.01,324.99,317.0,322.28,154141,False,ENGRO
2024-09-04,317.9,322.0,317.0,319.99,137763,False,ENGRO
2024-09-03,318.0,318.95,315.1,316.66,47866,False,ENGRO
2024-09-02,323.1,323.1,315.0,316.92,183396,False,ENGRO
2024-08-30,330.0,337.7,328.5,330.19,684961,False,ENGRO
2024-08-29,317.25,330.5,317.25,329.98,668844,False,ENGRO
2024-08-28,311.83,318.2,311.83,317.21,316791,False,ENGRO
2024-08-27,321.0,321.0,311.0,311.83,210636,False,ENGRO
2024-08-26,325.99,327.87,317.9,319.36,216758,False,ENGRO
2024-08-23,329.0,329.4,324.8,325.02,235057,False,ENGRO
2024-08-22,332.0,334.0,327.5,328.44,230906,False,ENGRO
2024-08-21,332.5,334.99,331.0,332.67,717723,False,ENGRO
2024-08-20,332.5,333.0,328.51,332.52,355942,False,ENGRO
2024-08-19,333.0,334.0,328.5,332.5,357612,False,ENGRO
2024-08-16,333.1,334.0,330.0,332.57,382184,False,ENGRO
2024-08-15,332.0,337.0,331.0,333.09,112687,False,ENGRO
2024-08-13,331.0,332.96,330.0,332.04,59291,False,ENGRO
2024-08-12,335.02,338.0,329.99,331.52,87136,False,ENGRO
2024-08-09,333.01,338.0,333.01,336.0,107417,False,ENGRO
2024-08-08,332.0,335.92,332.0,333.7,55640,False,ENGRO
2024-08-07,333.33,338.5,333.33,335.19,180795,False,ENGRO
2024-08-06,330.0,333.75,327.1,332.91,379824,False,ENGRO
2024-08-05,332.0,332.0,328.92,329.48,154363,False,ENGRO
2024-08-02,329.11,333.0,329.11,332.19,51779,False,ENGRO
2024-08-01,330.02,332.45,329.0,330.82,97376,False,ENGRO
2024-07-31,326.99,333.5,326.1,331.78,315092,False,ENGRO
2024-07-30,330.0,330.95,328.99,329.88,221434,False,ENGRO
2024-07-29,326.01,332.5,326.01,327.89,304169,False,ENGRO
2024-07-26,330.0,333.0,329.0,329.9,185186,False,ENGRO
2024-07-25,335.0,337.0,330.0,330.42,285598,False,ENGRO
2024-07-24,336.0,337.25,332.2,334.93,151563,False,ENGRO
2024-07-23,330.0,336.01,329.5,332.23,241655,False,ENGRO
2024-07-22,335.0,339.75,328.0,329.38,360490,False,ENGRO
2024-07-19,348.95,349.4,338.11,340.75,473413,False,ENGRO
2024-07-18,335.0,350.0,334.6,348.66,828421,False,ENGRO
2024-07-15,331.33,336.0,330.15,334.58,739891,False,ENGRO
2024-07-12,325.0,327.0,321.9,326.03,149778,False,ENGRO
2024-07-11,327.0,327.0,323.36,325.96,96615,False,ENGRO
2024-07-10,328.99,329.47,325.0,325.16,220517,False,ENGRO
2024-07-09,328.0,329.5,326.0,327.09,190989,False,ENGRO
2024-07-08,328.0,329.8,326.26,327.09,56393,False,ENGRO
2024-07-05,330.31,332.5,325.0,327.79,332743,False,ENGRO
2024-07-04,331.25,333.45,328.99,330.31,315784,False,ENGRO
2024-07-03,332.9,333.35,330.0,330.89,290312,False,ENGRO
2024-07-02,329.16,333.5,329.16,330.26,991298,False,ENGRO
2024-07-01,334.0,335.5,328.5,329.15,251278,False,ENGRO
2024-06-28,331.1,334.9,331.1,332.71,156302,False,ENGRO
2024-06-27,338.0,339.99,331.5,332.11,151427,False,ENGRO
2024-06-26,336.12,341.9,336.07,337.12,265174,False,ENGRO
2024-06-25,331.89,337.99,331.85,336.84,359452,False,ENGRO
2024-06-24,331.15,335.12,328.51,329.91,497287,False,ENGRO
2024-06-21,339.81,341.5,328.11,330.79,413567,False,ENGRO
2024-06-20,330.0,341.96,330.0,337.48,221355,False,ENGRO
2024-06-14,335.88,340.5,330.0,334.46,283340,False,ENGRO
2024-06-13,323.0,334.98,323.0,331.39,571874,False,ENGRO
2024-06-12,322.0,325.0,317.5,322.87,258913,False,ENGRO
2024-06-11,325.99,325.99,316.01,319.7,403643,False,ENGRO
2024-06-10,328.5,328.5,321.0,324.07,124360,False,ENGRO
2024-06-07,327.0,332.0,317.2,326.08,262081,False,ENGRO
2024-06-06,324.52,330.5,324.52,327.78,132107,False,ENGRO
2024-06-05,327.82,330.5,323.33,326.43,244000,False,ENGRO
2024-06-04,332.98,333.99,326.9,327.82,315903,False,ENGRO
2024-06-03,335.49,337.99,330.9,332.05,255656,False,ENGRO
2024-05-31,327.75,340.0,327.66,336.15,563402,False,ENGRO
2024-05-30,333.99,333.99,326.75,327.66,387926,False,ENGRO
2024-05-29,336.9,338.7,330.0,331.5,668285,False,ENGRO
2024-05-27,340.99,340.99,335.8,336.69,411150,False,ENGRO
2024-05-24,339.4,343.9,336.1,338.71,266168,False,ENGRO
2024-05-23,340.0,340.0,336.0,337.77,165590,False,ENGRO
2024-05-22,343.79,345.98,336.0,339.44,213276,False,ENGRO
2024-05-21,346.0,347.7,342.1,344.34,195994,False,ENGRO
2024-05-20,352.9,353.9,340.66,344.4,241655,False,ENGRO
2024-05-17,349.98,355.0,349.5,351.17,186892,False,ENGRO
2024-05-16,353.0,353.25,349.2,349.84,232263,False,ENGRO
2024-05-15,355.0,359.01,349.85,350.89,414895,False,ENGRO
2024-05-14,352.5,358.0,348.06,354.31,276702,False,ENGRO
2024-05-13,348.99,355.0,347.15,352.19,305468,False,ENGRO
2024-05-10,355.31,356.85,332.2,347.15,325431,False,ENGRO
2024-05-09,363.9,364.4,352.0,355.07,569681,False,ENGRO
2024-05-08,361.7,366.0,359.81,361.9,451349,False,ENGRO
2024-05-07,365.0,367.0,359.5,360.08,677883,False,ENGRO
2024-05-06,366.3,375.9,366.3,372.41,1174284,False,ENGRO
2024-05-03,365.0,366.25,363.0,365.27,394045,False,ENGRO
2024-05-02,370.0,371.25,362.8,363.47,625600,False,ENGRO
2024-04-30,370.85,370.85,367.06,369.01,362760,False,ENGRO
2024-04-29,374.9,377.9,367.0,368.24,1403090,False,ENGRO
2024-04-26,362.72,372.9,361.01,369.1,1057509,False,ENGRO
2024-04-25,364.01,369.99,361.01,362.72,467124,False,ENGRO
2024-04-24,363.0,368.64,363.0,364.98,487717,False,ENGRO
2024-04-23,364.01,367.5,361.0,364.38,455207,False,ENGRO
2024-04-22,363.0,366.1,363.0,364.51,297759,False,ENGRO
2024-04-19,362.0,366.35,360.0,365.31,399148,False,ENGRO
2024-04-18,363.7,365.9,354.5,360.23,522011,False,ENGRO
2024-04-17,364.37,367.99,356.0,359.23,279398,False,ENGRO
2024-04-16,366.0,372.0,361.96,364.37,537878,False,ENGRO
2024-04-15,371.0,372.0,361.0,365.67,438274,False,ENGRO
2024-04-09,377.5,378.88,369.0,371.93,322213,False,ENGRO
2024-04-08,376.5,379.75,374.01,376.85,350236,False,ENGRO
2024-04-04,378.0,387.99,370.1,378.01,1028955,False,ENGRO
2024-04-03,358.3,381.1,358.3,374.89,691686,False,ENGRO
2024-04-02,359.0,360.9,356.01,357.43,77672,False,ENGRO
2024-04-01,359.25,361.99,354.67,359.55,134655,False,ENGRO
2024-03-29,353.9,361.0,349.05,359.28,301008,False,ENGRO
2024-03-28,348.99,362.99,348.0,354.06,449220,False,ENGRO
2024-03-27,344.0,348.5,343.01,347.56,192726,False,ENGRO
2024-03-26,339.5,344.39,335.5,342.93,185309,False,ENGRO
2024-03-25,339.0,344.5,339.0,340.33,165710,False,ENGRO
2024-03-22,338.02,342.45,338.02,340.13,394483,False,ENGRO
2024-03-21,343.0,343.49,337.5,339.46,345109,False,ENGRO
2024-03-20,338.0,341.0,336.0,339.85,1477744,False,ENGRO
2024-03-19,336.0,337.94,332.02,337.15,260574,False,ENGRO
2024-03-18,335.7,338.0,332.0,334.02,200236,False,ENGRO
2024-03-15,335.0,335.0,332.5,333.22,160536,False,ENGRO
2024-03-14,335.0,335.99,332.0,334.78,203345,False,ENGRO
2024-03-13,335.98,339.0,331.0,334.17,263066,False,ENGRO
2024-03-12,339.51,341.8,333.0,334.64,168367,False,ENGRO
2024-03-11,343.98,344.0,338.0,339.51,345799,False,ENGRO
2024-03-08,341.0,352.95,341.0,342.69,1615015,False,ENGRO
2024-03-07,343.3,346.4,336.01,341.12,668692,False,ENGRO
2024-03-06,351.22,354.0,343.5,344.49,590006,False,ENGRO
2024-03-05,351.0,358.97,346.1,350.06,611066,False,ENGRO
2024-03-04,350.0,360.25,348.11,350.58,1626507,False,ENGRO
2024-03-01,324.0,347.74,323.03,347.74,1314196,False,ENGRO
2024-02-29,320.0,327.5,320.0,323.48,585865,False,ENGRO
2024-02-28,319.2,320.99,318.0,319.36,203722,False,ENGRO
2024-02-27,318.0,324.01,315.01,317.4,439495,False,ENGRO
2024-02-26,308.1,320.0,306.0,315.74,910136,False,ENGRO
2024-02-23,313.8,316.0,308.0,313.81,422905,False,ENGRO
2024-02-22,314.99,314.99,311.0,313.8,151684,False,ENGRO
2024-02-21,315.0,315.89,309.0,313.31,149320,False,ENGRO
2024-02-20,310.62,315.5,310.0,310.87,190394,False,ENGRO
2024-02-19,307.0,312.5,300.52,310.41,319277,False,ENGRO
2024-02-16,309.0,315.5,305.0,305.88,437465,False,ENGRO
2024-02-15,317.0,318.99,307.5,309.62,343153,False,ENGRO
2024-02-14,310.18,317.99,310.18,316.71,549907,False,ENGRO
2024-02-13,309.99,311.89,303.1,308.97,474039,False,ENGRO
2024-02-12,316.2,316.2,308.11,310.14,417799,False,ENGRO
2024-02-09,320.0,320.0,307.02,316.16,413554,False,ENGRO
2024-02-07,325.9,326.89,322.01,323.82,263134,False,ENGRO
2024-02-06,323.0,325.5,319.01,323.07,258606,False,ENGRO
2024-02-02,319.15,325.0,319.15,323.07,414517,False,ENGRO
2024-02-01,316.99,322.72,316.05,321.8,367389,False,ENGRO
2024-01-31,315.0,318.9,314.99,317.66,226952,False,ENGRO
2024-01-30,322.67,323.5,311.0,313.41,1104177,False,ENGRO
2024-01-29,327.05,329.7,320.1,322.67,506294,False,ENGRO
2024-01-26,332.03,333.5,328.01,329.07,656175,False,ENGRO
2024-01-25,325.0,334.4,325.0,332.41,3959018,False,ENGRO
2024-01-24,326.16,328.0,324.5,325.85,660605,False,ENGRO
2024-01-23,322.75,327.4,321.0,325.98,732014,False,ENGRO
2024-01-22,324.01,325.0,320.35,322.73,374040,False,ENGRO
2024-01-19,316.0,328.0,316.0,323.52,927204,False,ENGRO
2024-01-18,317.0,318.8,311.0,318.16,1113839,False,ENGRO
2024-01-17,307.7,317.75,306.01,316.16,2822558,False,ENGRO
2024-01-16,311.73,311.73,305.7,306.35,291600,False,ENGRO
2024-01-15,311.9,313.0,309.0,309.99,269017,False,ENGRO
2024-01-12,312.0,314.88,309.05,310.8,1046365,False,ENGRO
2024-01-11,312.99,313.99,309.05,309.69,1009273,False,ENGRO
2024-01-10,320.47,321.5,312.05,313.55,502738,False,ENGRO
2024-01-09,316.0,323.5,316.0,319.09,1056209,False,ENGRO
2024-01-08,299.99,316.45,299.99,314.88,2091918,False,ENGRO
2024-01-05,299.02,299.98,294.93,296.11,287334,False,ENGRO
2024-01-04,299.0,303.99,298.0,300.28,1091669,False,ENGRO
2024-01-03,296.9,300.8,294.4,296.8,280908,False,ENGRO
2024-01-02,302.0,303.0,295.0,295.84,403982,False,ENGRO
2024-01-01,295.02,301.9,295.02,299.33,345186,False,ENGRO
2026-09-25,203.75,204.0,201.3,201.97,1442727,False,HUBC
2026-09-24,205.5,205.7,201.86,202.59,1353413,False,HUBC
2026-09-23,205.9,206.05,204.0,205.56,1329641,False,HUBC
2026-09-22,204.01,205.1,203.26,204.51,1247563,False,HUBC
2026-09-21,205.0,206.66,203.05,203.52,1143816,False,HUBC
2026-09-18,203.0,204.99,202.5,203.8,1397362,False,HUBC
2026-09-17,203.03,203.99,200.65,202.57,1351246,False,HUBC
2026-09-16,202.99,203.5,201.0,202.25,1080063,False,HUBC
2026-09-15,202.05,205.0,202.05,202.71,1445702,False,HUBC
2026-09-14,203.0,204.0,200.93,201.87,1584845,False,HUBC
2026-09-11,200.02,205.0,200.01,203.76,2889348,False,HUBC
2026-09-10,207.0,208.0,202.0,202.29,2015593,False,HUBC
2026-09-09,206.01,208.69,205.5,206.05,1860548,False,HUBC
2026-09-08,206.5,207.5,202.0,205.93,1996231,False,HUBC
2026-09-07,206.3,207.65,205.89,206.28,969370,False,HUBC
2026-09-04,206.7,207.95,205.66,207.44,902169,False,HUBC
2026-09-03,207.52,208.75,205.5,206.71,1333511,False,HUBC
2026-09-02,207.51,209.9,207.0,207.41,2011476,False,HUBC
2026-09-01,209.69,210.45,208.98,209.45,1373046,False,HUBC
2026-08-31,210.71,211.49,209.0,209.67,2360932,False,HUBC
2026-08-28,211.0,212.95,210.4,210.76,2244981,False,HUBC
2026-08-27,208.9,214.0,208.0,210.71,9105654,False,HUBC
2026-08-25,207.75,208.45,206.5,207.28,1385549,False,HUBC
2026-08-24,209.0,209.5,206.26,207.56,3016161,False,HUBC
2026-08-21,205.0,208.7,199.99,206.96,8087814,False,HUBC
2026-08-20,207.55,209.5,203.9,204.41,4032519,False,HUBC
2026-08-19,208.0,210.5,206.0,206.92,3426206,False,HUBC
2026-08-18,211.78,211.78,207.07,207.89,4673581,False,HUBC
2026-08-17,213.6,214.3,211.5,211.85,2724616,False,HUBC
2026-08-13,214.0,214.94,212.4,212.96,2100925,False,HUBC
2026-08-12,212.5,216.38,212.5,213.36,9484913,False,HUBC
2026-08-11,212.0,214.4,209.0,211.43,13259636,False,HUBC
2026-08-10,226.0,227.9,212.5,213.42,30960851,False,HUBC
2026-08-07,222.98,226.39,221.55,225.64,5035147,False,HUBC
2026-08-06,223.0,224.0,222.53,223.58,2169426,False,HUBC
2026-08-05,220.8,222.99,220.2,221.52,2905566,False,HUBC
2026-08-04,221.0,221.0,218.05,218.48,1221884,False,HUBC
2026-08-03,221.0,221.5,219.01,219.89,3069009,False,HUBC
2026-07-31,217.8,219.36,216.51,217.12,942884,False,HUBC
2026-07-30,218.0,219.2,216.5,217.22,2041608,False,HUBC
2026-07-29,222.05,222.05,218.8,219.33,1670307,False,HUBC
2026-07-28,225.88,226.3,222.5,223.01,2574581,False,HUBC
2026-07-27,219.89,225.0,219.0,224.39,6642856,False,HUBC
2026-07-24,214.1,215.49,211.98,213.97,2604852,False,HUBC
2026-07-23,217.0,218.9,213.89,214.18,2350959,False,HUBC
2026-07-22,219.38,219.88,216.11,217.08,1838524,False,HUBC
2026-07-21,221.01,223.35,219.0,219.38,1746495,False,HUBC
2026-07-20,216.0,219.88,215.11,218.94,1993485,False,HUBC
2026-07-17,221.0,224.5,217.3,218.11,3865020,False,HUBC
2026-07-16,218.5,221.9,217.6,221.53,3687903,False,HUBC
2026-07-15,216.12,220.9,216.12,217.52,1876385,False,HUBC
2026-07-14,220.12,221.89,215.26,216.43,5244923,False,HUBC
2026-07-13,224.51,225.5,222.02,222.78,2457720,False,HUBC
2026-07-10,229.0,229.65,226.1,227.05,1671414,False,HUBC
2026-07-09,224.4,228.6,224.4,226.93,2504096,False,HUBC
2026-07-08,230.0,232.51,223.13,227.41,7063718,False,HUBC
2026-07-07,236.0,236.6,233.0,233.44,1848387,False,HUBC
2026-07-06,234.0,236.8,234.0,235.65,3740322,False,HUBC
2026-07-03,233.55,234.0,231.8,233.61,2328480,False,HUBC
2026-07-02,233.99,235.9,231.5,232.55,4097518,False,HUBC
2026-07-01,234.94,235.7,232.25,233.14,2962891,False,HUBC
2026-06-30,228.99,235.0,228.05,233.45,5812755,False,HUBC
2026-06-29,231.5,232.75,226.96,227.45,3825028,False,HUBC
2026-06-24,232.63,233.0,230.49,231.41,3198012,False,HUBC
2026-06-23,232.97,234.24,231.1,231.81,3438583,False,HUBC
2026-06-22,234.49,234.9,228.8,231.98,4049122,False,HUBC
2026-06-19,234.49,238.75,230.4,231.3,13325239,False,HUBC
2026-06-18,226.95,234.3,226.95,233.45,9542272,False,HUBC
2026-06-17,231.1,232.85,225.11,226.35,10435153,False,HUBC
2026-06-16,229.0,235.0,227.0,230.11,7678902,False,HUBC
2026-06-15,228.0,230.89,225.0,228.76,10737010,False,HUBC
2026-06-12,214.95,222.0,214.48,219.59,5743151,False,HUBC
2026-06-11,212.0,215.9,212.0,212.48,1491851,False,HUBC
2026-06-10,214.0,214.7,213.0,213.46,1060969,False,HUBC
2026-06-09,213.3,215.4,213.3,214.95,1176116,False,HUBC
2026-06-08,211.51,213.0,210.6,211.85,1420530,False,HUBC
2026-06-05,215.97,217.5,213.5,214.12,2263682,False,HUBC
2026-06-04,214.3,216.0,214.25,215.4,1185541,False,HUBC
2026-06-03,215.0,217.4,213.45,214.38,1537009,False,HUBC
2026-06-02,215.0,217.1,215.0,215.95,1255341,False,HUBC
2026-06-01,220.9,220.9,214.5,214.95,3331075,False,HUBC
2026-05-29,218.0,222.0,217.5,221.26,3968035,False,HUBC
2026-05-25,218.85,221.0,215.91,219.5,3362653,False,HUBC
2026-05-22,217.0,218.49,214.74,215.42,2866128,False,HUBC
2026-05-21,211.12,216.98,211.12,215.99,5649761,False,HUBC
2026-05-20,207.01,210.0,206.63,209.68,3104740,False,HUBC
2026-05-19,205.9,207.47,205.01,206.62,2717629,False,HUBC
2026-05-18,209.0,209.0,203.86,204.29,2500108,False,HUBC
2026-05-15,210.74,211.3,208.89,209.82,2814950,False,HUBC
2026-05-14,212.4,213.55,210.1,210.75,1992449,False,HUBC
2026-05-13,213.2,215.95,210.8,211.43,1661164,False,HUBC
2026-05-12,215.0,216.47,213.0,213.81,1320599,False,HUBC
2026-05-11,216.01,216.39,214.0,215.49,861027,False,HUBC
2026-05-08,216.0,218.24,215.0,216.53,2336464,False,HUBC
2026-05-07,221.49,221.75,215.6,217.62,5452878,False,HUBC
2026-05-06,216.92,221.99,216.0,220.57,6402549,False,HUBC
2026-05-05,216.75,216.89,212.51,214.43,3237624,False,HUBC
2026-05-04,222.51,226.0,221.8,222.79,3573076,False,HUBC
2026-04-30,220.5,221.85,216.3,220.49,4421406,False,HUBC
2026-04-29,225.0,226.0,222.22,222.92,2104863,False,HUBC
2026-04-28,224.0,226.0,223.75,224.5,3475920,False,HUBC
2026-04-27,227.0,227.47,225.0,225.49,2463577,False,HUBC
2026-04-24,226.0,228.25,223.3,227.47,3819748,False,HUBC
2026-04-23,227.88,229.5,224.21,226.43,3327782,False,HUBC
2026-04-22,224.0,230.8,220.25,228.0,10044486,False,HUBC
2026-04-21,226.0,227.4,223.0,224.37,3302340,False,HUBC
2026-04-20,227.1,229.97,219.51,224.99,7241128,False,HUBC
2026-04-17,227.89,232.5,226.0,230.49,7131310,False,HUBC
2026-04-16,223.0,228.74,223.0,226.15,8861351,False,HUBC
2026-04-15,217.99,224.75,216.11,221.29,11148884,False,HUBC
2026-04-14,209.5,214.3,209.5,212.94,4673994,False,HUBC
2026-04-13,208.0,210.98,205.26,206.5,4407238,False,HUBC
2026-04-10,214.89,216.9,213.5,214.15,4891533,False,HUBC
2026-04-09,217.0,217.0,210.6,213.66,6991700,False,HUBC
2026-04-08,218.57,218.57,213.1,218.57,11591956,False,HUBC
2026-04-07,198.5,199.54,195.1,198.7,3921445,False,HUBC
2026-04-06,196.5,201.0,192.4,198.42,4338807,False,HUBC
2026-04-03,192.51,198.5,192.5,195.21,2261899,False,HUBC
2026-04-02,197.0,197.4,191.0,195.69,3118514,False,HUBC
2026-04-01,201.99,205.88,199.8,201.57,7465461,False,HUBC
2026-03-31,195.5,199.4,194.0,196.47,3203661,False,HUBC
2026-03-30,196.02,196.7,188.66,194.35,4708778,False,HUBC
2026-03-27,198.0,201.18,195.28,196.94,3152694,False,HUBC
2026-03-26,205.0,205.0,196.8,197.55,5087772,False,HUBC
2026-03-25,200.26,207.25,198.66,205.31,6405863,False,HUBC
2026-03-24,201.0,203.98,196.02,197.75,5118368,False,HUBC
2026-03-19,194.99,197.98,190.25,195.18,3520641,False,HUBC
2026-03-18,193.2,198.49,192.0,197.13,2908602,False,HUBC
2026-03-17,192.49,192.9,188.99,192.52,3487803,False,HUBC
2026-03-16,195.1,197.9,187.1,188.38,5978964,False,HUBC
2026-03-13,198.01,200.25,193.47,197.98,3548637,False,HUBC
2026-03-12,202.0,203.9,198.98,199.59,4897401,False,HUBC
2026-03-11,207.13,209.95,203.5,204.7,2687429,False,HUBC
2026-03-10,204.0,208.04,198.0,207.13,4797445,False,HUBC
2026-03-09,195.0,195.0,186.6,189.13,9293459,False,HUBC
2026-03-06,214.0,214.0,206.11,207.33,3346350,False,HUBC
2026-03-05,206.0,220.0,205.11,218.89,7989535,False,HUBC
2026-03-04,206.5,207.45,202.5,204.28,4047230,False,HUBC
2026-03-03,200.1,208.8,200.1,206.96,7040337,False,HUBC
2026-03-02,198.11,211.0,198.11,198.35,11241219,False,HUBC
2026-02-27,220.0,225.0,218.01,220.12,3882697,False,HUBC
2026-02-26,210.21,223.4,207.17,220.84,8530019,False,HUBC
2026-02-25,213.0,216.25,208.99,210.15,3240960,False,HUBC
2026-02-24,214.4,216.0,206.5,211.06,8917386,False,HUBC
2026-02-23,219.5,222.35,212.0,214.24,2845904,False,HUBC
2026-02-20,220.01,222.0,217.56,219.98,2967464,False,HUBC
2026-02-19,226.5,227.0,218.0,219.46,5245724,False,HUBC
2026-02-18,217.51,226.49,217.51,225.84,5772707,False,HUBC
2026-02-17,218.0,219.0,214.15,216.63,3400722,False,HUBC
2026-02-16,223.05,223.1,214.98,216.73,5798215,False,HUBC
2026-02-13,223.5,224.6,220.48,222.05,4190941,False,HUBC
2026-02-12,228.0,228.6,222.0,223.46,3388229,False,HUBC
2026-02-11,227.0,229.5,225.51,227.77,2858785,False,HUBC
2026-02-10,225.4,227.5,225.0,225.89,2068039,False,HUBC
2026-02-09,230.0,231.5,222.9,224.97,5475323,False,HUBC
2026-02-06,234.0,234.58,226.5,228.87,6801184,False,HUBC
2026-02-04,234.55,235.2,232.0,234.58,4577886,False,HUBC
2026-02-03,233.3,237.0,233.3,234.5,7011546,False,HUBC
2026-02-02,231.39,234.0,228.51,233.3,3653761,False,HUBC
2026-01-30,230.05,234.4,228.01,230.46,5751467,False,HUBC
2026-01-29,234.52,235.8,226.0,228.48,8539743,False,HUBC
2026-01-28,237.0,240.0,234.5,234.98,5766627,False,HUBC
2026-01-27,239.99,242.01,236.15,237.0,5866312,False,HUBC
2026-01-26,246.0,249.99,240.11,241.98,13434392,False,HUBC
2026-01-23,240.0,247.0,239.5,244.21,20584154,False,HUBC
2026-01-22,236.49,240.0,234.51,239.4,5741068,False,HUBC
2026-01-21,236.5,243.5,234.3,236.09,15682035,False,HUBC
2026-01-20,238.8,239.99,235.7,236.05,4222553,False,HUBC
2026-01-19,235.0,239.65,234.25,237.97,9224724,False,HUBC
2026-01-16,226.0,232.4,222.01,231.8,10919899,False,HUBC
2026-01-15,226.0,227.55,222.02,224.7,3740936,False,HUBC
2026-01-14,232.0,232.0,225.11,225.97,16807336,False,HUBC
2026-01-13,230.1,231.2,226.0,229.6,4710327,False,HUBC
2026-01-12,232.9,232.9,228.99,229.7,4177557,False,HUBC
2026-01-09,238.7,238.7,232.1,233.03,6293900,False,HUBC
2026-01-08,239.5,242.9,236.0,237.84,13422844,False,HUBC
2026-01-07,230.4,241.9,230.4,238.8,27096625,False,HUBC
2026-01-06,228.85,230.6,226.5,229.24,6391178,False,HUBC
2026-01-05,226.0,231.0,226.0,227.96,16544920,False,HUBC
2026-01-02,223.0,227.75,222.4,225.63,11338039,False,HUBC
2026-01-01,222.0,223.55,221.0,222.03,3618825,False,HUBC
2025-12-31,223.51,224.14,220.94,221.38,3427132,False,HUBC
2025-12-30,221.75,223.5,221.05,222.87,3500513,False,HUBC
2025-12-29,221.26,221.97,220.02,220.72,3072249,False,HUBC
2025-12-26,219.68,221.5,219.0,220.83,4346657,False,HUBC
2025-12-24,221.01,221.05,219.01,219.68,1544333,False,HUBC
2025-12-23,219.55,221.31,219.4,220.08,1857244,False,HUBC
2025-12-22,221.0,222.51,219.0,219.55,3210136,False,HUBC
2025-12-19,221.85,222.89,220.05,220.56,2060174,False,HUBC
2025-12-18,222.1,223.0,220.1,220.98,3030142,False,HUBC
2025-12-17,222.56,223.39,220.0,221.93,4294847,False,HUBC
2025-12-16,223.99,224.65,222.0,222.51,2686311,False,HUBC
2025-12-15,224.6,225.0,222.0,222.74,4138821,False,HUBC
2025-12-12,222.23,224.98,222.0,224.57,2895568,False,HUBC
2025-12-11,226.36,226.36,221.45,222.23,4140027,False,HUBC
2025-12-10,227.05,228.8,223.5,224.28,5919568,False,HUBC
2025-12-09,226.0,227.44,223.01,226.5,7608666,False,HUBC
2025-12-08,223.0,224.47,222.3,223.97,3238467,False,HUBC
2025-12-05,224.4,225.0,222.1,223.51,7225838,False,HUBC
2025-12-04,223.5,223.59,220.5,222.41,5888354,False,HUBC
2025-12-03,226.0,226.0,222.11,222.58,46640632,False,HUBC
2025-12-02,231.99,232.0,225.05,225.98,7319764,False,HUBC
2025-12-01,223.9,230.7,221.51,229.47,16542706,False,HUBC
2025-11-28,219.98,223.38,219.2,221.44,10780954,False,HUBC
2025-11-27,216.98,218.5,215.01,217.92,3662836,False,HUBC
2025-11-26,215.2,217.7,212.5,216.94,3830560,False,HUBC
2025-11-25,217.4,217.4,214.0,215.16,2344567,False,HUBC
2025-11-24,216.0,217.5,214.05,216.37,3114490,False,HUBC
2025-11-21,218.9,219.2,215.5,215.93,5465494,False,HUBC
2025-11-20,213.88,216.9,211.9,215.89,6514607,False,HUBC
2025-11-19,211.01,213.85,210.2,212.27,2199092,False,HUBC
2025-11-18,212.2,212.3,210.1,210.93,2059493,False,HUBC
2025-11-17,214.79,215.88,211.0,212.1,3429810,False,HUBC
2025-11-14,210.7,215.99,210.0,213.91,5321622,False,HUBC
2025-11-13,208.02,212.25,208.02,210.95,5109337,False,HUBC
2025-11-12,209.7,211.5,206.99,207.99,4058689,False,HUBC
2025-11-11,216.07,216.07,208.88,209.74,5213497,False,HUBC
2025-11-10,215.5,216.5,214.56,216.08,3596652,False,HUBC
2025-11-07,217.8,220.5,216.51,219.0,5713620,False,HUBC
2025-11-06,217.0,218.0,214.8,217.81,3715255,False,HUBC
2025-11-05,217.49,218.58,215.55,216.96,3818652,False,HUBC
2025-11-04,220.48,221.45,216.76,217.65,9278182,False,HUBC
2025-11-03,218.49,222.15,217.32,220.49,9005266,False,HUBC
2025-10-31,217.05,220.49,216.5,217.24,10492479,False,HUBC
2025-10-30,206.7,219.5,206.7,214.5,15067659,False,HUBC
2025-10-29,209.72,210.0,206.05,206.7,3590941,False,HUBC
2025-10-28,212.0,214.3,207.75,208.13,4168029,False,HUBC
2025-10-27,212.0,214.89,210.88,212.77,2723440,False,HUBC
2025-10-24,214.65,216.65,212.61,213.18,2758176,False,HUBC
2025-10-23,217.21,218.99,213.5,214.65,2566981,False,HUBC
2025-10-22,220.21,221.5,217.0,218.21,2929612,False,HUBC
2025-10-21,220.87,222.4,219.71,220.19,3924197,False,HUBC
2025-10-20,220.0,221.89,218.6,220.87,4699570,False,HUBC
2025-10-17,219.98,220.5,216.75,218.01,3290867,False,HUBC
2025-10-16,219.85,223.0,215.65,219.14,9811724,False,HUBC
2025-10-15,218.1,224.0,215.8,218.04,12435639,False,HUBC
2025-10-14,209.0,218.8,209.0,217.52,11267572,False,HUBC
2025-10-13,210.0,210.45,200.16,205.65,16419448,False,HUBC
2025-10-10,212.01,214.5,208.6,211.17,8718045,False,HUBC
2025-10-09,214.0,217.35,210.0,211.42,9833405,False,HUBC
2025-10-08,214.97,219.9,207.5,213.68,31575533,False,HUBC
2025-10-07,224.5,224.5,213.95,214.97,12656800,False,HUBC
2025-10-06,229.0,229.0,219.1,223.35,12836272,False,HUBC
2025-10-03,235.0,240.11,232.0,236.85,42729858,False,HUBC
2025-10-02,235.09,236.0,230.34,233.29,5181576,False,HUBC
2025-10-01,240.0,242.8,234.0,234.89,13042153,False,HUBC
2025-09-30,235.65,244.9,235.65,239.31,9564049,False,HUBC
2025-09-29,233.0,236.5,229.51,235.62,7352753,False,HUBC
2025-09-26,232.0,237.6,231.1,232.82,10596659,False,HUBC
2025-09-25,217.0,231.85,216.11,229.36,16719868,False,HUBC
2025-09-24,210.75,217.9,210.11,215.69,10789343,False,HUBC
2025-09-23,211.5,212.2,207.8,209.92,6055556,False,HUBC
2025-09-22,208.48,214.69,207.0,210.53,9778586,False,HUBC
2025-09-19,198.0,208.48,198.0,206.67,14071794,False,HUBC
2025-09-18,196.98,199.9,195.7,197.69,4842375,False,HUBC
2025-09-17,198.0,198.75,194.2,195.16,3361518,False,HUBC
2025-09-16,196.01,198.9,195.7,197.74,4064113,False,HUBC
2025-09-15,192.5,198.0,190.8,195.17,5866199,False,HUBC
2025-09-12,195.01,195.8,190.21,192.24,5590120,False,HUBC
2025-09-11,198.44,199.3,195.0,195.67,4426243,False,HUBC
2025-09-10,194.3,200.8,193.1,197.07,6510007,False,HUBC
2025-09-09,197.15,201.9,194.05,195.52,8324979,False,HUBC
2025-09-08,188.5,202.5,188.25,196.84,21025012,False,HUBC
2025-09-05,178.01,188.5,177.74,186.07,16961615,False,HUBC
2025-09-04,177.5,182.5,175.51,177.74,11771735,False,HUBC
2025-09-03,163.5,178.88,163.5,176.48,38209595,False,HUBC
2025-09-02,164.24,164.4,162.35,163.23,2476318,False,HUBC
2025-09-01,164.5,165.5,163.25,163.93,4310110,False,HUBC
2025-08-29,162.5,165.43,162.5,164.27,3536869,False,HUBC
2025-08-28,164.25,166.0,162.5,162.85,3138713,False,HUBC
2025-08-27,165.0,166.75,163.8,164.21,3515991,False,HUBC
2025-08-26,162.11,167.84,162.11,164.42,12573014,False,HUBC
2025-08-25,162.0,162.98,161.0,161.31,2044309,False,HUBC
2025-08-22,161.12,163.24,160.48,161.69,3143903,False,HUBC
2025-08-21,160.0,161.99,158.31,160.97,6776451,False,HUBC
2025-08-20,157.98,160.99,157.36,160.17,3323704,False,HUBC
2025-08-19,160.1,161.0,157.25,157.95,3175724,False,HUBC
2025-08-18,158.57,161.2,157.51,160.37,3169948,False,HUBC
2025-08-15,161.0,161.99,157.3,158.85,2971100,False,HUBC
2025-08-13,163.47,163.47,160.16,160.99,2837709,False,HUBC
2025-08-12,164.89,165.48,162.16,162.83,6770732,False,HUBC
2025-08-11,162.75,165.0,161.15,164.06,3740358,False,HUBC
2025-08-08,164.89,165.4,160.51,162.95,3884409,False,HUBC
2025-08-07,165.5,167.35,163.83,164.53,10016364,False,HUBC
2025-08-06,160.1,164.7,160.1,164.14,9323210,False,HUBC
2025-08-05,159.5,164.5,157.51,160.9,18003484,False,HUBC
2025-08-04,155.0,159.9,152.0,157.93,12238596,False,HUBC
2025-08-01,146.71,154.89,145.2,153.62,12189335,False,HUBC
2025-07-31,147.89,147.89,144.0,146.71,3926319,False,HUBC
2025-07-30,148.0,148.0,145.69,146.08,2111823,False,HUBC
2025-07-29,151.01,151.44,146.5,147.1,4680516,False,HUBC
2025-07-28,152.45,153.0,150.11,150.78,4523015,False,HUBC
2025-07-25,153.5,156.39,151.5,152.67,7632283,False,HUBC
2025-07-24,149.98,153.28,148.7,152.58,11139525,False,HUBC
2025-07-23,148.18,150.85,147.45,149.47,6160384,False,HUBC
2025-07-22,146.2,149.0,146.2,148.18,2790799,False,HUBC
2025-07-21,148.5,148.88,146.3,146.86,1316076,False,HUBC
2025-07-18,150.52,151.45,147.6,148.14,3717285,False,HUBC
2025-07-17,146.41,151.1,146.41,150.39,15818087,False,HUBC
2025-07-16,146.0,146.5,143.8,145.56,2920276,False,HUBC
2025-07-15,148.01,149.0,144.8,145.67,3956356,False,HUBC
2025-07-14,145.25,148.5,145.15,147.87,7853579,False,HUBC
2025-07-11,141.91,146.0,141.91,144.18,9970923,False,HUBC
2025-07-10,140.5,142.48,140.5,141.91,2995693,False,HUBC
2025-07-09,142.9,142.9,140.75,141.0,3440896,False,HUBC
2025-07-08,143.24,144.5,141.16,141.92,5129273,False,HUBC
2025-07-07,142.76,143.25,141.61,142.98,4095738,False,HUBC
2025-07-04,141.91,143.7,141.8,142.07,4204510,False,HUBC
2025-07-03,138.28,142.2,138.25,141.4,10737449,False,HUBC
2025-07-02,138.6,138.78,137.02,138.28,2625674,False,HUBC
2025-07-01,138.0,139.95,137.69,137.89,3968762,False,HUBC
2025-06-30,139.01,139.9,137.22,137.81,3661064,False,HUBC
2025-06-27,137.1,142.48,137.1,138.89,7452022,False,HUBC
2025-06-26,138.15,139.98,136.62,137.37,3293503,False,HUBC
2025-06-25,140.0,140.1,136.81,137.67,2281926,False,HUBC
2025-06-24,136.1,140.0,136.0,139.6,5502803,False,HUBC
2025-06-23,133.0,134.9,131.0,131.99,3884553,False,HUBC
2025-06-20,134.01,137.0,134.01,136.05,3567232,False,HUBC
2025-06-19,136.01,137.99,133.5,134.01,2702400,False,HUBC
2025-06-18,136.0,136.0,133.75,133.95,3215280,False,HUBC
2025-06-17,137.73,138.0,135.15,135.89,2587614,False,HUBC
2025-06-16,136.89,138.2,136.26,137.0,1699274,False,HUBC
2025-06-13,138.0,138.05,135.0,136.89,4371681,False,HUBC
2025-06-12,140.5,141.5,138.0,138.52,6427682,False,HUBC
2025-06-11,140.0,141.5,138.3,140.04,9487206,False,HUBC
2025-06-10,139.3,139.4,138.03,138.23,1510711,False,HUBC
2025-06-05,140.0,140.36,138.49,138.76,2340439,False,HUBC
2025-06-04,140.79,141.0,139.51,139.94,3015436,False,HUBC
2025-06-03,138.5,142.46,138.5,140.14,10374934,False,HUBC
2025-06-02,139.8,141.8,138.81,139.29,4390185,False,HUBC
2025-05-30,138.0,140.35,137.1,139.63,5798676,False,HUBC
2025-05-29,137.0,139.4,137.0,137.43,1945070,False,HUBC
2025-05-27,138.7,139.15,137.11,137.47,2310643,False,HUBC
2025-05-26,139.5,139.63,137.0,138.61,2014541,False,HUBC
2025-05-23,139.16,140.1,138.0,139.41,4015157,False,HUBC
2025-05-22,141.55,142.99,139.0,140.01,13876692,False,HUBC
2025-05-21,141.5,142.15,140.5,141.41,8238053,False,HUBC
2025-05-20,140.5,141.8,139.0,140.62,4799898,False,HUBC
2025-05-19,142.0,142.0,140.01,140.45,2660707,False,HUBC
2025-05-16,141.99,143.3,140.12,140.73,9249014,False,HUBC
2025-05-15,138.5,142.5,138.5,141.41,15241909,False,HUBC
2025-05-14,138.5,140.6,137.11,137.97,12915216,False,HUBC
2025-05-13,139.9,140.0,135.08,138.71,10244558,False,HUBC
2025-05-12,138.35,138.35,134.25,138.35,21444035,False,HUBC
2025-05-09,122.0,126.48,119.5,125.77,6347439,False,HUBC
2025-05-08,129.44,130.0,114.6,119.0,7700172,False,HUBC
2025-05-07,125.0,132.25,124.75,127.28,8518830,False,HUBC
2025-05-06,137.0,137.0,133.0,133.47,2774334,False,HUBC
2025-05-05,136.56,136.9,134.1,135.55,1680699,False,HUBC
2025-05-02,135.11,137.4,134.0,136.24,2921065,False,HUBC
2025-04-30,135.8,135.8,130.0,131.94,5531646,False,HUBC
2025-04-29,137.0,139.0,132.0,137.12,6689254,False,HUBC
2025-04-28,140.05,141.5,137.0,137.87,3475851,False,HUBC
2025-04-25,138.06,140.5,134.7,139.39,5328964,False,HUBC
2025-04-24,140.0,141.1,137.11,137.97,4357770,False,HUBC
2025-04-23,145.5,146.0,141.4,142.11,3933183,False,HUBC
2025-04-22,146.0,148.45,145.3,145.78,6199191,False,HUBC
2025-04-21,143.0,146.9,142.92,145.24,8859325,False,HUBC
2025-04-18,143.9,144.85,141.99,142.77,2387873,False,HUBC
2025-04-17,142.0,144.3,141.1,143.44,2428778,False,HUBC
2025-04-16,143.51,144.4,141.33,141.88,3445909,False,HUBC
2025-04-15,144.99,144.99,142.0,142.47,4955615,False,HUBC
2025-04-14,139.0,144.15,138.97,143.75,11216011,False,HUBC
2025-04-11,137.95,138.81,137.0,137.78,1516774,False,HUBC
2025-04-10,138.05,140.25,137.26,138.91,5644442,False,HUBC
2025-04-09,135.5,137.0,132.31,134.01,4517600,False,HUBC
2025-04-08,136.27,139.9,135.01,136.37,4646112,False,HUBC
2025-04-07,140.0,140.01,128.09,135.28,14163500,False,HUBC
2025-04-04,147.0,147.0,141.6,142.32,5529246,False,HUBC
2025-04-03,146.0,147.5,144.0,146.91,4763228,False,HUBC
2025-03-27,143.95,147.49,143.05,146.32,6442565,False,HUBC
2025-03-26,142.89,145.0,142.5,143.96,5345793,False,HUBC
2025-03-25,137.1,142.69,137.1,141.78,4835612,False,HUBC
2025-03-24,140.0,141.0,138.25,138.98,3752650,False,HUBC
2025-03-21,143.4,143.55,140.5,141.07,2705221,False,HUBC
2025-03-20,143.0,146.75,140.23,143.22,14711439,False,HUBC
2025-03-19,135.99,142.0,134.75,141.58,16655375,False,HUBC
2025-03-18,132.07,135.99,132.0,135.09,7800410,False,HUBC
2025-03-17,133.25,133.9,131.4,132.07,3870652,False,HUBC
2025-03-14,133.45,134.55,132.51,133.24,2652914,False,HUBC
2025-03-13,131.5,133.5,131.1,133.1,5643742,False,HUBC
2025-03-12,131.37,133.0,130.76,131.48,3877655,False,HUBC
2025-03-11,130.0,132.0,128.85,131.21,4810747,False,HUBC
2025-03-10,132.3,132.3,130.05,130.23,2557847,False,HUBC
2025-03-07,133.0,133.0,130.1,132.04,4951997,False,HUBC
2025-03-06,133.63,135.0,133.55,134.51,4875849,False,HUBC
2025-03-05,134.2,135.24,133.33,133.63,4168633,False,HUBC
2025-03-04,131.99,134.48,131.6,133.9,3481556,False,HUBC
2025-03-03,131.51,133.5,130.51,131.79,2955643,False,HUBC
2025-02-28,131.6,132.8,130.25,131.21,4482294,False,HUBC
2025-02-27,131.5,132.75,130.11,131.07,3431443,False,HUBC
2025-02-26,132.0,136.52,130.11,131.83,17241858,False,HUBC
2025-02-25,135.0,136.0,131.5,131.92,5707030,False,HUBC
2025-02-24,130.0,135.0,129.25,133.46,6015676,False,HUBC
2025-02-21,131.1,131.1,130.0,130.09,1481556,False,HUBC
2025-02-20,132.98,132.99,130.0,130.61,2870438,False,HUBC
2025-02-19,135.01,135.25,132.1,132.5,4451250,False,HUBC
2025-02-18,132.0,134.7,131.0,134.41,8737409,False,HUBC
2025-02-17,132.0,133.8,131.21,131.73,9928809,False,HUBC
2025-02-14,130.5,132.0,129.61,130.89,8154207,False,HUBC
2025-02-13,131.39,131.97,129.8,130.15,3613984,False,HUBC
2025-02-12,133.24,133.9,129.55,130.68,5723801,False,HUBC
2025-02-11,130.2,133.0,130.1,131.93,8063640,False,HUBC
2025-02-10,126.56,129.77,126.56,129.3,3281308,False,HUBC
2025-02-07,127.0,127.6,125.0,126.41,3300214,False,HUBC
2025-02-06,127.4,128.0,125.15,126.83,3158499,False,HUBC
2025-02-04,128.5,129.25,126.75,127.08,3087638,False,HUBC
2025-02-03,130.52,130.9,127.85,128.08,2281572,False,HUBC
2025-01-31,130.7,131.87,129.95,130.38,3816431,False,HUBC
2025-01-30,127.51,130.74,127.1,130.17,4622146,False,HUBC
2025-01-29,129.0,129.4,126.05,127.07,2840992,False,HUBC
2025-01-28,129.52,131.1,128.1,128.62,3716336,False,HUBC
2025-01-27,132.55,133.35,129.5,129.86,2952815,False,HUBC
2025-01-24,132.57,134.48,132.2,132.6,4089489,False,HUBC
2025-01-23,132.0,134.45,131.5,132.58,5778329,False,HUBC
2025-01-22,134.48,136.0,131.2,131.75,6122696,False,HUBC
2025-01-21,138.49,138.49,133.36,134.03,8482897,False,HUBC
2025-01-20,139.39,142.97,137.83,138.19,21405956,False,HUBC
2025-01-17,131.7,138.8,131.0,137.4,36888747,False,HUBC
2025-01-16,131.98,133.8,130.6,131.7,11084959,False,HUBC
2025-01-15,128.88,132.98,128.5,131.18,13012938,False,HUBC
2025-01-14,128.0,128.51,126.7,127.81,2674148,False,HUBC
2025-01-13,126.66,128.4,125.55,127.73,3947533,False,HUBC
2025-01-10,127.0,127.7,125.0,126.05,4747994,False,HUBC
2025-01-09,130.44,130.44,126.51,127.29,4923868,False,HUBC
2025-01-08,133.0,133.5,128.5,129.11,4594492,False,HUBC
2025-01-07,133.11,134.94,128.05,132.49,12151933,False,HUBC
2025-01-06,131.09,133.1,128.35,131.39,8423589,False,HUBC
2025-01-03,132.49,133.0,129.26,131.09,4630890,False,HUBC
2025-01-02,135.35,135.8,131.01,132.64,4925309,False,HUBC
2025-01-01,130.8,137.6,129.53,134.96,14637422,False,HUBC
2024-12-31,131.0,132.0,128.11,130.89,8048493,False,HUBC
2024-12-30,127.75,130.98,126.5,129.71,6195672,False,HUBC
2024-12-27,126.9,128.95,126.0,126.34,4434987,False,HUBC
2024-12-26,130.7,130.7,125.63,126.9,6518898,False,HUBC
2024-12-24,134.5,135.89,129.77,130.69,13302339,False,HUBC
2024-12-23,129.2,135.0,127.0,134.13,14548027,False,HUBC
2024-12-20,120.6,128.0,118.0,127.55,20727996,False,HUBC
2024-12-19,128.52,132.0,119.0,120.61,21735850,False,HUBC
2024-12-18,141.8,143.48,129.51,131.57,21833566,False,HUBC
2024-12-17,130.0,141.5,128.1,139.43,33289968,False,HUBC
2024-12-16,123.0,129.9,121.5,128.83,21772456,False,HUBC
2024-12-13,124.0,124.25,120.3,122.3,8037634,False,HUBC
2024-12-12,120.25,124.5,119.48,123.23,14843124,False,HUBC
2024-12-11,120.24,121.29,118.0,119.46,8933581,False,HUBC
2024-12-10,121.01,121.49,116.4,119.25,10975976,False,HUBC
2024-12-09,119.1,122.49,118.5,120.56,6745762,False,HUBC
2024-12-06,122.4,122.8,118.55,118.98,7249009,False,HUBC
2024-12-05,115.15,125.0,114.8,121.44,30138072,False,HUBC
2024-12-04,110.25,115.0,109.75,114.1,17560976,False,HUBC
2024-12-03,109.55,110.7,109.2,110.19,4353357,False,HUBC
2024-12-02,108.7,110.29,108.0,109.29,6399335,False,HUBC
2024-11-29,109.7,110.71,108.42,108.7,7270290,False,HUBC
2024-11-28,110.5,111.49,109.0,109.45,5793049,False,HUBC
2024-11-27,108.0,110.87,108.0,110.36,14129974,False,HUBC
2024-11-26,110.74,111.95,103.0,104.5,17265655,False,HUBC
2024-11-25,109.58,110.98,109.0,110.74,13312513,False,HUBC
2024-11-22,111.0,111.14,109.03,109.58,5501528,False,HUBC
2024-11-21,111.69,111.69,110.02,110.55,3743752,False,HUBC
2024-11-20,110.66,112.88,108.66,111.76,13916066,False,HUBC
2024-11-19,111.88,111.88,110.35,110.58,2449153,False,HUBC
2024-11-18,112.5,112.78,110.7,111.11,3369237,False,HUBC
2024-11-15,110.81,113.88,110.7,112.46,11732865,False,HUBC
2024-11-14,110.05,111.0,110.0,110.77,3775360,False,HUBC
2024-11-13,111.88,111.88,109.01,109.57,4947373,False,HUBC
2024-11-12,110.07,111.94,109.75,110.49,4974244,False,HUBC
2024-11-11,113.5,113.7,109.7,110.63,9391683,False,HUBC
2024-11-08,111.51,114.0,110.7,113.45,15632652,False,HUBC
2024-11-07,109.0,111.34,108.56,110.62,13989739,False,HUBC
2024-11-06,109.0,110.4,107.9,108.49,10014386,False,HUBC
2024-11-05,107.6,110.48,107.56,108.57,19200408,False,HUBC
2024-11-04,104.5,107.4,104.04,106.56,11063078,False,HUBC
2024-11-01,104.79,104.9,103.03,103.85,6075731,False,HUBC
2024-10-31,103.7,105.6,102.77,103.53,7820651,False,HUBC
2024-10-30,106.25,107.38,102.25,103.29,13691962,False,HUBC
2024-10-29,103.45,105.7,102.05,105.11,6980150,False,HUBC
2024-10-28,105.5,107.3,102.99,103.3,7519915,False,HUBC
2024-10-25,109.0,109.2,104.01,104.61,11183702,False,HUBC
2024-10-24,107.1,109.88,106.5,108.86,11398602,False,HUBC
2024-10-23,105.99,107.74,105.56,106.67,11577866,False,HUBC
2024-10-22,104.11,106.77,104.11,105.36,12210696,False,HUBC
2024-10-21,102.8,105.0,99.75,103.71,15285203,False,HUBC
2024-10-18,100.0,103.78,98.02,102.34,19742481,False,HUBC
2024-10-17,102.0,102.5,96.11,97.36,11399185,False,HUBC
2024-10-16,98.75,102.9,98.0,101.73,24345667,False,HUBC
2024-10-15,97.75,99.36,93.0,98.83,33284625,False,HUBC
2024-10-14,107.26,107.26,96.26,98.31,37178277,False,HUBC
2024-10-11,110.0,110.57,101.46,106.9,58159761,False,HUBC
2024-10-10,111.99,119.4,111.2,112.73,46573519,False,HUBC
2024-10-09,111.9,117.89,109.1,113.42,39666232,False,HUBC
2024-10-08,116.0,117.0,109.8,111.92,45845448,False,HUBC
2024-10-07,125.8,125.8,116.25,121.7,28080507,False,HUBC
2024-10-04,123.8,126.0,121.75,125.34,11096288,False,HUBC
2024-10-03,123.99,126.5,122.78,123.59,5281521,False,HUBC
2024-10-02,126.98,128.8,123.25,123.77,9435125,False,HUBC
2024-10-01,121.4,128.0,120.05,126.47,19621123,False,HUBC
2024-09-30,123.99,123.99,118.11,119.34,20477310,False,HUBC
2024-09-27,122.0,127.5,120.22,123.77,16264755,False,HUBC
2024-09-26,129.0,129.5,122.51,123.12,9988276,False,HUBC
2024-09-25,130.99,131.45,127.16,128.21,13308966,False,HUBC
2024-09-24,134.0,134.0,126.21,129.09,21241308,False,HUBC
2024-09-23,144.0,144.0,134.1,134.81,18501013,False,HUBC
2024-09-20,146.48,146.48,140.15,143.13,14592154,False,HUBC
2024-09-19,146.88,149.0,144.9,145.62,6029493,False,HUBC
2024-09-18,153.0,154.24,152.61,153.72,5419251,False,HUBC
2024-09-16,151.8,154.0,151.25,153.0,3152305,False,HUBC
2024-09-13,152.0,152.5,150.78,151.21,3837508,False,HUBC
2024-09-12,149.25,151.38,148.8,150.04,1877149,False,HUBC
2024-09-11,150.5,150.99,148.9,149.16,3476501,False,HUBC
2024-09-10,151.3,151.7,149.81,150.22,4511772,False,HUBC
2024-09-09,153.69,153.69,150.01,150.85,3305972,False,HUBC
2024-09-06,153.69,154.17,152.5,153.6,2353445,False,HUBC
2024-09-05,154.67,154.8,153.0,153.65,2280864,False,HUBC
2024-09-04,154.0,155.0,153.0,154.52,3069517,False,HUBC
2024-09-03,154.0,154.9,153.1,154.09,1705836,False,HUBC
2024-09-02,152.0,154.75,150.0,153.71,5045437,False,HUBC
2024-08-30,154.0,154.3,151.51,151.85,2982659,False,HUBC
2024-08-29,152.0,154.55,152.0,153.52,3426505,False,HUBC
2024-08-28,152.64,152.98,151.36,152.04,1767084,False,HUBC
2024-08-27,154.65,155.5,152.05,152.64,3718845,False,HUBC
2024-08-26,148.0,157.27,144.51,154.35,23216204,False,HUBC
2024-08-23,147.5,148.5,145.8,146.24,1256569,False,HUBC
2024-08-22,146.2,147.98,146.2,147.23,1438498,False,HUBC
2024-08-21,148.0,148.2,145.65,146.0,1988759,False,HUBC
2024-08-20,149.02,149.9,147.24,147.7,1459596,False,HUBC
2024-08-19,151.0,151.7,148.31,149.02,10154792,False,HUBC
2024-08-16,147.7,149.39,146.85,148.24,4047714,False,HUBC
2024-08-15,147.0,148.48,146.4,146.66,2589517,False,HUBC
2024-08-13,149.8,152.98,145.11,146.38,12130223,False,HUBC
2024-08-12,146.99,152.9,146.03,148.3,9417291,False,HUBC
2024-08-09,144.51,149.89,140.8,146.02,10305942,False,HUBC
2024-08-08,143.75,146.0,143.25,145.08,2664075,False,HUBC
2024-08-07,145.0,146.2,143.27,143.76,2818864,False,HUBC
2024-08-06,145.25,148.0,142.7,144.09,5616835,False,HUBC
2024-08-05,149.5,149.5,141.5,142.76,8140989,False,HUBC
2024-08-02,147.0,152.0,146.25,149.05,3357123,False,HUBC
2024-08-01,147.01,147.3,145.81,146.47,1043610,False,HUBC
2024-07-31,147.5,148.2,146.0,146.72,2170547,False,HUBC
2024-07-30,146.99,149.59,146.0,147.6,3239833,False,HUBC
2024-07-29,148.5,151.05,146.0,146.67,4205142,False,HUBC
2024-07-26,147.01,151.0,145.5,148.36,5504359,False,HUBC
2024-07-25,152.01,152.01,147.21,148.07,3773668,False,HUBC
2024-07-24,153.5,153.5,151.0,151.58,1896074,False,HUBC
2024-07-23,151.0,155.48,150.73,153.3,4498189,False,HUBC
2024-07-22,154.64,154.64,148.12,150.42,7802483,False,HUBC
2024-07-19,162.58,162.58,153.0,155.48,16720522,False,HUBC
2024-07-18,163.99,164.0,161.98,162.58,7087368,False,HUBC
2024-07-15,163.0,165.65,161.9,163.24,12867737,False,HUBC
2024-07-12,164.8,165.5,158.4,160.52,8986947,False,HUBC
2024-07-11,158.5,165.65,155.15,163.75,18624585,False,HUBC
2024-07-10,162.0,162.99,158.0,158.4,5305104,False,HUBC
2024-07-09,164.5,164.99,160.25,162.13,4087231,False,HUBC
2024-07-08,164.5,165.0,163.0,164.34,1473755,False,HUBC
2024-07-05,165.49,165.49,163.12,163.75,2720120,False,HUBC
2024-07-04,167.98,169.2,164.7,165.2,6724820,False,HUBC
2024-07-03,164.7,167.6,164.1,166.69,5684381,False,HUBC
2024-07-02,163.7,165.25,163.2,163.92,2233091,False,HUBC
2024-07-01,163.25,165.65,162.85,163.65,3790120,False,HUBC
2024-06-28,164.97,165.0,162.79,163.08,2422659,False,HUBC
2024-06-27,164.8,166.0,163.0,164.43,2683592,False,HUBC
2024-06-26,164.0,169.7,163.0,164.58,10891866,False,HUBC
2024-06-25,166.4,168.0,163.27,163.94,8435082,False,HUBC
2024-06-24,167.48,169.9,163.0,165.14,20112895,False,HUBC
2024-06-21,146.3,158.29,145.4,158.29,17948664,False,HUBC
2024-06-20,145.8,147.85,145.26,145.89,3919441,False,HUBC
2024-06-14,145.5,148.85,143.5,145.46,2838233,False,HUBC
2024-06-13,140.0,146.0,139.2,144.8,5057924,False,HUBC
2024-06-12,138.0,138.98,136.3,137.44,4540108,False,HUBC
2024-06-11,139.55,140.0,136.5,137.62,1235103,False,HUBC
2024-06-10,141.0,141.0,137.5,138.1,936525,False,HUBC
2024-06-07,139.06,140.95,136.0,140.61,4351886,False,HUBC
2024-06-06,141.49,141.5,139.1,140.73,1083897,False,HUBC
2024-06-05,140.5,142.25,139.25,140.99,1575687,False,HUBC
2024-06-04,143.5,143.75,140.0,140.8,2587573,False,HUBC
2024-06-03,143.9,145.95,142.35,142.87,1997487,False,HUBC
2024-05-31,139.51,144.9,139.51,143.42,3989738,False,HUBC
2024-05-30,139.2,141.0,138.98,139.75,2420371,False,HUBC
2024-05-29,139.7,139.9,138.01,139.17,7447908,False,HUBC
2024-05-27,140.0,140.75,138.21,139.12,6359550,False,HUBC
2024-05-24,137.4,141.0,137.32,139.94,6648379,False,HUBC
2024-05-23,136.4,137.74,136.02,137.2,3025811,False,HUBC
2024-05-22,136.0,137.37,135.35,136.37,2838309,False,HUBC
2024-05-21,136.98,136.98,135.7,135.96,1539000,False,HUBC
2024-05-20,136.86,137.49,135.98,136.52,1940146,False,HUBC
2024-05-17,135.7,137.35,135.21,137.01,2043699,False,HUBC
2024-05-16,136.74,136.9,135.4,135.62,2210327,False,HUBC
2024-05-15,137.5,137.8,135.9,136.74,2004920,False,HUBC
2024-05-14,137.1,138.11,136.4,137.06,2617289,False,HUBC
2024-05-13,136.9,138.24,135.9,136.9,2754228,False,HUBC
2024-05-10,136.45,138.85,135.25,135.99,4339382,False,HUBC
2024-05-09,138.49,139.84,135.11,135.6,3804568,False,HUBC
2024-05-08,142.43,143.48,138.55,140.08,5358834,False,HUBC
2024-05-07,138.51,142.0,137.86,139.94,7473818,False,HUBC
2024-05-06,136.94,139.44,135.61,137.77,5552608,False,HUBC
2024-05-03,132.84,136.8,132.84,136.35,3962405,False,HUBC
2024-05-02,133.52,134.2,132.02,132.83,2605188,False,HUBC
2024-04-30,132.0,134.25,131.75,132.17,6109741,False,HUBC
2024-04-29,138.01,142.0,131.55,132.61,13557616,False,HUBC
2024-04-26,134.99,138.2,133.5,137.51,4064507,False,HUBC
2024-04-25,135.1,136.59,133.7,134.31,2546913,False,HUBC
2024-04-24,132.4,138.5,132.0,134.87,7181188,False,HUBC
2024-04-23,131.98,132.79,130.5,132.11,1969582,False,HUBC
2024-04-22,132.6,133.3,131.3,131.61,2280635,False,HUBC
2024-04-19,129.8,133.88,128.0,132.38,6419447,False,HUBC
2024-04-18,130.59,130.59,128.1,128.56,1876144,False,HUBC
2024-04-17,130.1,132.02,128.6,129.67,3383064,False,HUBC
2024-04-16,131.99,133.49,130.3,130.59,2517747,False,HUBC
2024-04-15,128.5,133.99,127.5,131.08,9788113,False,HUBC
2024-04-09,127.0,129.01,126.88,127.54,6033616,False,HUBC
2024-04-08,121.99,126.25,121.9,125.64,8052933,False,HUBC
2024-04-04,121.94,122.27,120.95,121.74,3481568,False,HUBC
2024-04-03,121.01,122.0,120.5,121.12,1006208,False,HUBC
2024-04-02,122.2,122.71,121.11,121.33,1037505,False,HUBC
2024-04-01,122.0,122.55,120.31,122.28,1682584,False,HUBC
2024-03-29,122.45,122.45,121.0,121.27,776542,False,HUBC
2024-03-28,122.1,124.3,122.0,122.47,3430695,False,HUBC
2024-03-27,117.55,123.0,117.1,121.99,5092381,False,HUBC
2024-03-26,118.33,118.49,116.9,117.52,620435,False,HUBC
2024-03-25,115.98,118.4,115.59,117.9,2223736,False,HUBC
2024-03-22,116.82,116.82,115.05,115.34,507108,False,HUBC
2024-03-21,116.98,117.89,116.1,116.52,1105993,False,HUBC
2024-03-20,117.1,117.9,116.3,116.57,1313321,False,HUBC
2024-03-19,116.6,118.4,116.5,116.75,9327284,False,HUBC
2024-03-18,116.0,117.5,115.5,116.79,972772,False,HUBC
2024-03-15,117.19,117.25,115.25,115.66,812642,False,HUBC
2024-03-14,115.75,116.89,115.51,116.66,884046,False,HUBC
2024-03-13,116.2,116.9,114.75,115.29,685928,False,HUBC
2024-03-12,117.81,117.99,116.05,116.46,663995,False,HUBC
2024-03-11,116.5,118.0,116.3,117.81,1518646,False,HUBC
2024-03-08,117.0,117.5,116.11,116.38,993138,False,HUBC
2024-03-07,116.05,117.1,114.83,116.73,1200040,False,HUBC
2024-03-06,115.12,117.5,115.12,116.03,2380806,False,HUBC
2024-03-05,116.49,116.9,115.0,115.52,943331,False,HUBC
2024-03-04,115.0,116.99,114.55,116.06,2737894,False,HUBC
2024-03-01,114.05,115.0,113.71,114.31,950682,False,HUBC
2024-02-29,112.0,115.0,112.0,114.14,2126329,False,HUBC
2024-02-28,112.05,112.74,111.02,111.86,1196247,False,HUBC
2024-02-27,113.0,113.2,111.31,111.8,1371898,False,HUBC
2024-02-26,112.0,113.5,111.94,112.57,2584745,False,HUBC
2024-02-23,111.01,112.0,109.01,111.61,4741465,False,HUBC
2024-02-22,114.05,117.0,114.05,114.99,3172182,False,HUBC
2024-02-21,113.98,114.99,113.7,114.81,2326149,False,HUBC
2024-02-20,111.99,114.15,110.2,113.09,2830766,False,HUBC
2024-02-19,107.0,111.41,107.0,110.88,3626055,False,HUBC
2024-02-16,110.05,111.5,108.0,108.32,3967680,False,HUBC
2024-02-15,114.5,114.5,110.69,111.27,2586542,False,HUBC
2024-02-14,116.11,117.4,112.76,113.47,7365560,False,HUBC
2024-02-13,113.24,116.5,110.51,114.9,2495415,False,HUBC
2024-02-12,114.01,115.49,111.26,113.13,2234259,False,HUBC
2024-02-09,112.98,116.77,110.55,115.78,4000640,False,HUBC
2024-02-07,114.9,117.99,114.21,117.43,4544017,False,HUBC
2024-02-06,113.98,115.0,113.25,114.1,2422556,False,HUBC
2024-02-02,114.49,114.85,113.5,113.99,3223960,False,HUBC
2024-02-01,114.19,114.3,112.3,113.67,805437,False,HUBC
2024-01-31,113.25,114.75,113.25,113.94,1863499,False,HUBC
2024-01-30,113.5,115.9,112.06,113.68,5211113,False,HUBC
2024-01-29,115.49,115.49,112.5,113.12,6223575,False,HUBC
2024-01-26,115.7,116.19,114.4,114.96,4125916,False,HUBC
2024-01-25,117.65,117.65,115.5,115.84,2443102,False,HUBC
2024-01-24,118.88,118.9,117.0,117.19,1831819,False,HUBC
2024-01-23,119.0,119.39,117.3,118.01,1640753,False,HUBC
2024-01-22,116.5,118.95,115.26,118.12,1973088,False,HUBC
2024-01-19,116.94,117.57,115.91,116.34,1140328,False,HUBC
2024-01-18,117.0,117.0,114.5,115.97,3661566,False,HUBC
2024-01-17,119.0,120.0,114.82,117.23,4840874,False,HUBC
2024-01-16,121.49,121.85,118.4,119.54,5372640,False,HUBC
2024-01-15,120.25,124.75,120.05,121.67,9719333,False,HUBC
2024-01-12,121.45,122.25,118.95,119.72,4664750,False,HUBC
2024-01-11,120.2,121.69,118.9,120.84,3857614,False,HUBC
2024-01-10,120.85,121.8,119.5,119.9,2058497,False,HUBC
2024-01-09,121.0,121.81,119.9,120.27,2027799,False,HUBC
2024-01-08,120.75,123.0,119.85,120.37,3218293,False,HUBC
2024-01-05,121.48,122.45,118.0,120.56,3494638,False,HUBC
2024-01-04,120.5,121.49,119.5,121.14,2134504,False,HUBC
2024-01-03,119.9,122.44,119.0,119.86,3967343,False,HUBC
2024-01-02,122.0,122.5,119.07,119.88,2619172,False,HUBC
2024-01-01,117.15,122.45,117.15,121.42,4739047,False,HUBC
2026-09-25,304.15,309.22,304.15,307.54,965624,False,HBL
2026-09-24,305.98,312.05,299.0,304.12,3704354,False,HBL
2026-09-23,303.2,307.0,302.0,303.3,765714,False,HBL
2026-09-22,304.49,305.52,302.0,303.16,307564,False,HBL
2026-09-21,303.8,306.4,301.52,303.93,2250249,False,HBL
2026-09-18,297.15,303.7,297.01,303.04,968658,False,HBL
2026-09-17,297.24,301.0,294.33,297.41,1368143,False,HBL
2026-09-16,297.5,297.9,291.45,294.15,1681546,False,HBL
2026-09-15,298.03,301.97,297.75,298.79,395914,False,HBL
2026-09-14,301.0,302.97,296.5,298.77,1204191,False,HBL
2026-09-11,301.03,305.0,299.0,302.65,4847380,False,HBL
2026-09-10,308.51,311.5,304.0,305.19,499408,False,HBL
2026-09-09,311.0,311.92,307.55,308.51,304627,False,HBL
2026-09-08,311.85,313.49,307.01,310.49,1116402,False,HBL
2026-09-07,313.5,314.0,310.88,311.77,340023,False,HBL
2026-09-04,314.17,316.0,312.91,313.68,310587,False,HBL
2026-09-03,312.7,317.4,312.7,314.17,876064,False,HBL
2026-09-02,314.99,314.99,311.2,312.7,3360264,False,HBL
2026-09-01,319.0,320.0,315.0,315.72,667279,False,HBL
2026-08-31,325.0,325.0,317.0,318.05,1780414,False,HBL
2026-08-28,321.12,329.0,320.0,325.79,1382100,False,HBL
2026-08-27,323.0,324.0,318.9,321.12,1263476,False,HBL
2026-08-25,316.61,320.88,316.0,318.63,551373,False,HBL
2026-08-24,317.06,319.48,315.22,316.61,839847,False,HBL
2026-08-21,318.99,320.89,313.3,316.72,1027545,False,HBL
2026-08-20,320.36,324.0,315.75,317.14,584457,False,HBL
2026-08-19,325.45,326.01,318.06,320.36,630290,False,HBL
2026-08-18,327.5,331.75,325.0,325.45,1807523,False,HBL
2026-08-17,337.0,337.0,326.81,327.43,1165626,False,HBL
2026-08-13,330.0,336.5,330.0,334.31,1680617,False,HBL
2026-08-12,331.12,343.39,331.12,338.16,5151929,False,HBL
2026-08-11,324.5,336.66,323.26,333.71,4455485,False,HBL
2026-08-10,325.01,327.48,321.7,326.21,1674449,False,HBL
2026-08-07,325.5,325.5,322.0,324.62,1075632,False,HBL
2026-08-06,324.9,326.99,320.05,325.6,4258277,False,HBL
2026-08-05,311.0,325.0,309.03,322.04,10590851,False,HBL
2026-08-04,310.26,312.79,305.5,306.99,4636372,False,HBL
2026-08-03,307.75,310.5,306.5,309.24,5869800,False,HBL
2026-07-31,304.0,305.4,302.5,303.67,433132,False,HBL
2026-07-30,301.01,304.0,298.72,301.3,790541,False,HBL
2026-07-29,305.89,305.89,301.01,303.25,825069,False,HBL
2026-07-28,309.01,309.8,305.31,306.84,1258488,False,HBL
2026-07-27,300.0,309.02,298.01,308.18,2468837,False,HBL
2026-07-24,294.7,295.97,290.0,292.0,962250,False,HBL
2026-07-23,300.0,302.0,295.0,295.49,1013311,False,HBL
2026-07-22,302.0,304.9,298.26,299.82,1036160,False,HBL
2026-07-21,304.21,306.99,301.82,302.35,1120887,False,HBL
2026-07-20,302.0,304.31,298.5,302.42,1259422,False,HBL
2026-07-17,309.95,310.0,302.52,304.39,1129733,False,HBL
2026-07-16,303.8,311.55,303.35,309.26,3474550,False,HBL
2026-07-15,298.67,304.9,298.3,303.32,1718114,False,HBL
2026-07-14,305.56,307.44,297.01,298.04,2264948,False,HBL
2026-07-13,311.79,315.0,307.99,310.93,829063,False,HBL
2026-07-10,310.0,316.0,309.1,313.78,1734514,False,HBL
2026-07-09,307.5,311.3,305.5,308.89,1460624,False,HBL
2026-07-08,316.98,316.98,305.12,309.21,5640262,False,HBL
2026-07-07,320.0,324.25,316.2,318.59,5898513,False,HBL
2026-07-06,308.44,319.25,307.0,318.15,5426927,False,HBL
2026-07-03,307.0,309.0,304.1,305.91,2774599,False,HBL
2026-07-02,308.15,312.39,305.0,305.64,4199255,False,HBL
2026-07-01,293.0,309.1,292.8,307.45,6871016,False,HBL
2026-06-30,289.94,298.7,283.05,292.21,3443555,False,HBL
2026-06-29,294.1,300.0,287.0,290.19,2321623,False,HBL
2026-06-24,293.94,297.85,292.99,294.1,1880768,False,HBL
2026-06-23,294.95,296.5,291.51,292.99,782629,False,HBL
2026-06-22,301.0,301.75,292.0,294.98,1456823,False,HBL
2026-06-19,304.42,305.0,294.0,298.4,2326748,False,HBL
2026-06-18,303.5,307.3,303.5,304.42,2638687,False,HBL
2026-06-17,304.51,307.4,302.0,303.34,8452258,False,HBL
2026-06-16,296.0,303.13,296.0,302.5,7031174,False,HBL
2026-06-15,292.06,297.47,288.9,295.98,2375251,False,HBL
2026-06-12,289.01,292.38,281.66,288.35,1074597,False,HBL
2026-06-11,281.0,284.48,278.02,283.92,410092,False,HBL
2026-06-10,284.69,285.75,281.0,281.57,371589,False,HBL
2026-06-09,284.9,286.48,282.5,284.81,683303,False,HBL
2026-06-08,282.0,283.55,279.3,280.47,688099,False,HBL
2026-06-05,287.0,288.9,285.11,285.69,771805,False,HBL
2026-06-04,286.0,288.5,285.5,286.06,416813,False,HBL
2026-06-03,287.15,289.0,285.14,285.5,665081,False,HBL
2026-06-02,288.01,292.0,286.51,287.81,845410,False,HBL
2026-06-01,294.0,294.0,287.01,287.68,781077,False,HBL
2026-05-29,288.42,294.02,286.5,293.33,2445003,False,HBL
2026-05-25,280.0,291.5,280.0,288.42,2323093,False,HBL
2026-05-22,281.99,282.0,274.0,275.96,1257811,False,HBL
2026-05-21,272.0,280.49,270.11,279.52,1672592,False,HBL
2026-05-20,268.99,271.99,266.2,268.68,1260506,False,HBL
2026-05-19,273.0,273.0,266.0,267.45,949025,False,HBL
2026-05-18,271.49,272.99,266.0,268.06,1359141,False,HBL
2026-05-15,278.0,278.0,273.76,274.85,1101823,False,HBL
2026-05-14,282.9,284.0,277.0,278.1,1346272,False,HBL
2026-05-13,293.0,294.4,279.5,280.28,2732102,False,HBL
2026-05-12,296.49,297.0,291.0,291.71,1470691,False,HBL
2026-05-11,292.99,296.88,291.75,296.09,587304,False,HBL
2026-05-08,295.0,296.79,289.99,295.26,1858447,False,HBL
2026-05-07,298.5,301.0,294.89,296.35,1633193,False,HBL
2026-05-06,290.0,300.9,288.5,298.21,3161167,False,HBL
2026-05-05,280.51,286.99,280.01,285.17,620465,False,HBL
2026-05-04,284.11,295.0,282.0,283.9,713862,False,HBL
2026-04-30,287.0,287.0,271.09,282.87,1408326,False,HBL
2026-04-29,297.45,297.45,285.0,288.58,889531,False,HBL
2026-04-28,299.4,299.89,295.0,295.63,1559103,False,HBL
2026-04-27,299.88,303.9,297.0,302.35,1117388,False,HBL
2026-04-24,298.4,301.99,290.9,298.54,2571793,False,HBL
2026-04-23,300.0,302.9,295.5,298.44,1560192,False,HBL
2026-04-22,305.0,305.5,300.0,301.45,794588,False,HBL
2026-04-21,306.0,309.48,303.0,304.86,3677444,False,HBL
2026-04-20,308.9,311.95,300.0,303.42,3513051,False,HBL
2026-04-17,308.5,319.8,305.26,313.15,10870986,False,HBL
2026-04-16,306.5,307.99,303.1,305.75,1083081,False,HBL
2026-04-15,306.8,310.5,303.3,304.71,2733705,False,HBL
2026-04-14,300.07,303.5,298.1,301.16,2290803,False,HBL
2026-04-13,292.5,302.2,292.5,294.21,923003,False,HBL
2026-04-10,303.0,309.9,300.86,306.55,1295648,False,HBL
2026-04-09,305.0,306.0,293.03,300.85,1473710,False,HBL
2026-04-08,299.72,299.72,296.5,299.72,1080564,False,HBL
2026-04-07,263.51,273.4,262.0,272.47,601571,False,HBL
2026-04-06,265.21,269.9,258.5,267.78,1540581,False,HBL
2026-04-03,260.1,265.9,256.02,265.21,429505,False,HBL
2026-04-02,262.0,265.0,258.01,264.56,1577170,False,HBL
2026-04-01,254.0,272.0,253.0,268.3,2456065,False,HBL
2026-03-31,244.1,254.89,244.1,248.59,1000135,False,HBL
2026-03-30,252.8,252.8,235.55,243.05,3139717,False,HBL
2026-03-27,256.0,257.49,251.0,252.9,1380533,False,HBL
2026-03-26,261.1,263.49,254.26,255.16,3711299,False,HBL
2026-03-25,263.0,265.8,259.0,264.07,2634754,False,HBL
2026-03-24,265.0,265.0,255.5,258.36,914917,False,HBL
2026-03-19,258.0,261.99,255.0,258.16,1700207,False,HBL
2026-03-18,259.8,268.47,258.51,263.2,1872002,False,HBL
2026-03-17,264.0,266.99,253.01,259.6,2062757,False,HBL
2026-03-16,278.49,278.5,262.5,265.15,870153,False,HBL
2026-03-13,279.26,281.0,275.0,278.6,627180,False,HBL
2026-03-12,281.0,284.98,277.01,279.26,1348492,False,HBL
2026-03-11,289.94,293.0,281.0,283.33,1131163,False,HBL
2026-03-10,273.0,287.06,273.0,287.06,1748110,False,HBL
2026-03-09,278.51,278.51,255.0,260.96,1394313,False,HBL
2026-03-06,282.0,283.0,275.25,278.51,678643,False,HBL
2026-03-05,269.0,284.99,268.01,281.53,1989509,False,HBL
2026-03-04,279.0,280.0,267.44,269.57,3330594,False,HBL
2026-03-03,279.0,295.0,274.04,279.93,5673952,False,HBL
2026-03-02,279.49,295.0,279.49,279.49,2049981,False,HBL
2026-02-27,311.0,320.0,307.0,310.54,1038828,False,HBL
2026-02-26,307.0,315.99,295.03,312.7,2245838,False,HBL
2026-02-25,307.89,311.0,301.01,304.24,1774471,False,HBL
2026-02-24,310.99,315.99,300.0,302.23,3476309,False,HBL
2026-02-23,322.11,329.5,304.99,313.37,2071353,False,HBL
2026-02-20,325.02,330.4,315.0,322.11,1627211,False,HBL
2026-02-19,335.48,338.0,318.06,323.13,3806851,False,HBL
2026-02-18,302.0,331.99,302.0,331.99,5796408,False,HBL
2026-02-17,310.0,317.99,292.55,301.81,1718817,False,HBL
2026-02-16,324.89,324.9,302.0,310.6,1633619,False,HBL
2026-02-13,321.52,326.94,320.06,323.19,481417,False,HBL
2026-02-12,329.95,329.95,321.51,323.13,490125,False,HBL
2026-02-11,327.7,332.86,325.8,326.86,795615,False,HBL
2026-02-10,337.5,339.94,325.06,327.74,638191,False,HBL
2026-02-09,342.0,342.9,332.0,336.24,832963,False,HBL
2026-02-06,346.0,346.0,334.6,340.86,866485,False,HBL
2026-02-04,342.15,347.49,342.15,345.57,1744843,False,HBL
2026-02-03,341.61,346.45,341.61,343.16,1536249,False,HBL
2026-02-02,345.0,346.0,341.07,341.6,1483073,False,HBL
2026-01-30,341.47,347.5,337.6,343.9,1191446,False,HBL
2026-01-29,345.5,346.9,333.0,336.89,1433896,False,HBL
2026-01-28,344.99,347.9,341.0,345.04,1396461,False,HBL
2026-01-27,346.06,352.0,343.01,343.72,1151655,False,HBL
2026-01-26,347.11,348.91,341.03,342.8,607347,False,HBL
2026-01-23,348.25,351.0,345.26,346.03,528604,False,HBL
2026-01-22,350.87,353.49,347.07,348.23,896035,False,HBL
2026-01-21,359.9,364.19,342.12,350.87,2639820,False,HBL
2026-01-20,361.49,361.9,356.51,357.58,792101,False,HBL
2026-01-19,356.85,361.4,356.0,360.02,1519824,False,HBL
2026-01-16,355.98,359.5,354.1,355.54,893245,False,HBL
2026-01-15,355.0,357.0,352.0,354.08,543395,False,HBL
2026-01-14,362.0,365.0,355.48,355.93,982123,False,HBL
2026-01-13,357.0,361.99,351.5,360.39,2681962,False,HBL
2026-01-12,357.95,361.8,353.35,356.98,2057618,False,HBL
2026-01-09,358.03,364.0,356.01,358.07,1489607,False,HBL
2026-01-08,360.0,369.99,359.5,361.14,3700906,False,HBL
2026-01-07,364.05,368.78,358.58,363.21,4502931,False,HBL
2026-01-06,347.0,367.0,343.5,363.83,7167264,False,HBL
2026-01-05,330.95,354.44,330.95,346.92,6962571,False,HBL
2026-01-02,330.15,336.9,326.51,330.34,3050426,False,HBL
2026-01-01,322.0,331.45,322.0,329.69,1608047,False,HBL
2025-12-31,324.21,326.99,318.8,323.41,1506326,False,HBL
2025-12-30,325.0,327.99,323.5,324.19,987463,False,HBL
2025-12-29,323.99,325.95,321.0,324.37,1276741,False,HBL
2025-12-26,320.0,325.0,319.9,321.33,1766219,False,HBL
2025-12-24,321.0,322.9,318.1,318.84,597127,False,HBL
2025-12-23,316.27,324.01,316.27,320.48,1653618,False,HBL
2025-12-22,320.5,321.0,315.1,316.27,840450,False,HBL
2025-12-19,326.98,326.98,319.0,320.49,1109243,False,HBL
2025-12-18,324.48,332.1,322.55,325.39,3431276,False,HBL
2025-12-17,315.99,324.4,313.1,320.63,3511411,False,HBL
2025-12-16,312.1,319.6,311.0,313.14,1673622,False,HBL
2025-12-15,312.99,313.97,311.0,312.2,424687,False,HBL
2025-12-12,312.89,314.0,308.11,311.35,819070,False,HBL
2025-12-11,315.13,316.7,310.0,310.25,1276175,False,HBL
2025-12-10,314.0,317.5,314.0,315.13,1445659,False,HBL
2025-12-09,309.89,316.8,308.5,314.64,1872536,False,HBL
2025-12-08,310.0,311.99,307.1,308.12,1360952,False,HBL
2025-12-05,310.7,314.57,309.77,310.08,1308006,False,HBL
2025-12-04,308.26,312.99,308.1,309.7,468991,False,HBL
2025-12-03,310.0,310.6,307.08,308.17,1090853,False,HBL
2025-12-02,310.0,313.0,307.5,308.1,829862,False,HBL
2025-12-01,309.3,313.1,304.03,308.89,1660116,False,HBL
2025-11-28,307.0,317.0,306.99,309.01,3176465,False,HBL
2025-11-27,301.0,307.0,301.0,305.96,2547659,False,HBL
2025-11-26,294.5,305.0,290.0,300.95,2235403,False,HBL
2025-11-25,293.1,295.0,291.7,293.65,572965,False,HBL
2025-11-24,292.98,294.99,289.01,293.45,923703,False,HBL
2025-11-21,289.98,293.99,287.5,291.45,1198371,False,HBL
2025-11-20,289.89,289.95,288.1,289.03,292507,False,HBL
2025-11-19,286.99,290.01,286.3,287.98,685983,False,HBL
2025-11-18,288.8,289.57,285.01,286.8,547070,False,HBL
2025-11-17,290.11,297.1,286.7,287.46,2080936,False,HBL
2025-11-14,283.0,291.5,280.1,289.41,1239192,False,HBL
2025-11-13,280.75,283.95,279.0,280.01,758922,False,HBL
2025-11-12,283.5,286.98,277.1,279.36,875610,False,HBL
2025-11-11,287.99,289.7,281.31,283.02,1015041,False,HBL
2025-11-10,289.0,291.9,286.52,288.54,1308236,False,HBL
2025-11-07,296.98,296.98,287.1,288.29,2266070,False,HBL
2025-11-06,292.0,294.0,289.02,291.99,979007,False,HBL
2025-11-05,295.0,301.0,289.0,290.98,1921893,False,HBL
2025-11-04,299.99,299.99,292.75,294.73,789686,False,HBL
2025-11-03,308.84,308.84,296.9,297.99,2206633,False,HBL
2025-10-31,292.99,308.0,288.0,303.83,4804883,False,HBL
2025-10-30,296.19,300.49,292.0,293.93,1707462,False,HBL
2025-10-29,298.6,301.97,295.01,296.19,1268243,False,HBL
2025-10-28,305.0,306.94,298.0,298.6,1066557,False,HBL
2025-10-27,308.0,311.88,302.5,304.37,1292332,False,HBL
2025-10-24,313.2,315.99,307.0,308.34,714092,False,HBL
2025-10-23,314.0,319.49,310.26,313.7,3333369,False,HBL
2025-10-22,318.39,322.0,310.1,313.54,1351603,False,HBL
2025-10-21,316.2,324.5,315.01,317.3,3841759,False,HBL
2025-10-20,306.0,319.0,303.3,316.0,4173770,False,HBL
2025-10-17,309.95,309.95,298.0,301.6,1053575,False,HBL
2025-10-16,311.99,314.0,304.8,305.48,2091747,False,HBL
2025-10-15,309.0,318.61,308.1,309.17,2906550,False,HBL
2025-10-14,300.01,310.0,300.0,308.23,2027972,False,HBL
2025-10-13,299.97,303.0,287.5,295.98,3610084,False,HBL
2025-10-10,305.88,305.88,297.11,301.2,2586955,False,HBL
2025-10-09,317.0,318.9,303.6,306.73,1477067,False,HBL
2025-10-08,315.1,318.0,310.19,316.52,2018472,False,HBL
2025-10-07,304.9,319.0,300.72,314.89,5116624,False,HBL
2025-10-06,301.5,307.75,293.8,304.07,2428524,False,HBL
2025-10-03,305.0,306.9,300.0,300.87,2024970,False,HBL
2025-10-02,288.89,306.0,288.89,304.42,6492338,False,HBL
2025-10-01,294.98,295.0,284.25,288.01,3231048,False,HBL
2025-09-30,278.94,300.39,278.0,292.2,7843897,False,HBL
2025-09-29,271.33,279.0,267.5,278.13,3188579,False,HBL
2025-09-26,263.0,279.99,262.0,271.31,6556543,False,HBL
2025-09-25,250.01,264.0,249.75,258.49,3218063,False,HBL
2025-09-24,250.0,251.85,249.0,249.24,844670,False,HBL
2025-09-23,251.61,253.8,247.5,249.24,2072437,False,HBL
2025-09-22,256.89,256.89,251.05,251.52,2240194,False,HBL
2025-09-19,257.65,258.65,253.0,254.35,951730,False,HBL
2025-09-18,255.07,258.75,255.05,257.53,1639529,False,HBL
2025-09-17,256.88,257.5,250.05,254.51,970098,False,HBL
2025-09-16,257.2,258.0,254.61,255.18,1141458,False,HBL
2025-09-15,255.0,258.89,253.85,254.55,1216214,False,HBL
2025-09-12,259.0,260.98,255.8,256.74,1149742,False,HBL
2025-09-11,262.0,262.9,258.5,259.31,1049025,False,HBL
2025-09-10,263.99,264.2,261.25,261.84,772032,False,HBL
2025-09-09,262.1,268.0,258.0,264.1,2653543,False,HBL
2025-09-08,260.0,264.5,256.0,261.54,2807728,False,HBL
2025-09-05,256.5,263.89,256.5,259.41,1499623,False,HBL
2025-09-04,259.39,260.98,255.61,256.57,1709665,False,HBL
2025-09-03,261.99,262.99,258.11,259.39,1239592,False,HBL
2025-09-02,258.5,263.0,257.5,259.65,1684644,False,HBL
2025-09-01,257.5,261.4,257.0,258.17,922582,False,HBL
2025-08-29,249.2,259.87,247.0,256.21,3517753,False,HBL
2025-08-28,255.51,256.87,247.0,248.47,2483866,False,HBL
2025-08-27,261.95,261.95,253.0,255.1,983277,False,HBL
2025-08-26,263.4,264.5,258.0,258.68,1074871,False,HBL
2025-08-25,264.0,264.9,260.18,261.7,797345,False,HBL
2025-08-22,265.01,269.5,264.0,264.48,1203965,False,HBL
2025-08-21,273.75,273.75,263.03,265.08,2487382,False,HBL
2025-08-20,270.0,274.89,268.0,272.1,2308382,False,HBL
2025-08-19,269.5,274.99,268.01,269.74,2769188,False,HBL
2025-08-18,274.1,274.1,262.4,270.86,4744653,False,HBL
2025-08-15,276.5,277.49,273.3,274.15,842332,False,HBL
2025-08-13,272.49,279.49,270.25,275.76,3301172,False,HBL
2025-08-12,267.5,274.0,266.0,271.06,4502657,False,HBL
2025-08-11,261.0,267.5,261.0,265.65,3749318,False,HBL
2025-08-08,266.0,266.0,259.1,261.33,3172573,False,HBL
2025-08-07,262.01,274.9,260.52,267.41,10786603,False,HBL
2025-08-06,238.02,260.67,238.02,259.98,14442976,False,HBL
2025-08-05,235.98,239.5,234.99,236.97,2808951,False,HBL
2025-08-04,233.0,244.44,233.0,238.04,9247674,False,HBL
2025-08-01,222.0,234.0,220.5,231.37,6775996,False,HBL
2025-07-31,225.5,229.4,219.91,221.94,6469386,False,HBL
2025-07-30,216.6,225.5,216.36,223.23,2784711,False,HBL
2025-07-29,223.2,225.05,214.0,216.29,1463605,False,HBL
2025-07-28,226.0,227.0,219.52,223.2,2250610,False,HBL
2025-07-25,227.9,228.94,224.0,226.49,3281185,False,HBL
2025-07-24,234.0,235.5,226.11,228.02,2710121,False,HBL
2025-07-23,238.51,240.0,233.7,234.27,3665011,False,HBL
2025-07-22,227.59,239.49,227.59,237.2,10906148,False,HBL
2025-07-21,223.8,234.0,223.5,227.16,5321459,False,HBL
2025-07-18,223.45,226.0,220.0,222.42,2610289,False,HBL
2025-07-17,216.25,226.0,215.0,223.45,3176593,False,HBL
2025-07-16,217.98,220.49,214.0,216.17,3070646,False,HBL
2025-07-15,221.0,232.7,216.0,217.98,11574070,False,HBL
2025-07-14,202.5,221.95,201.8,220.79,8673875,False,HBL
2025-07-11,204.3,205.65,200.25,201.77,2145453,False,HBL
2025-07-10,200.83,205.0,200.01,204.27,2490100,False,HBL
2025-07-09,203.7,203.89,200.1,200.83,1434607,False,HBL
2025-07-08,205.0,206.79,202.11,203.84,1801109,False,HBL
2025-07-07,199.0,208.75,197.6,203.92,6311350,False,HBL
2025-07-04,185.8,197.51,184.3,196.71,4952704,False,HBL
2025-07-03,189.0,189.94,184.0,186.36,2102504,False,HBL
2025-07-02,184.5,192.5,184.45,189.2,6603701,False,HBL
2025-07-01,180.0,184.8,179.2,183.79,7442615,False,HBL
2025-06-30,174.0,179.99,173.5,179.19,3441747,False,HBL
2025-06-27,169.99,176.8,169.99,173.12,3202967,False,HBL
2025-06-26,173.6,174.0,169.0,169.1,2044629,False,HBL
2025-06-25,167.0,175.5,167.0,173.6,5944985,False,HBL
2025-06-24,166.0,169.0,165.0,168.49,2138870,False,HBL
2025-06-23,165.0,165.8,160.05,161.59,816594,False,HBL
2025-06-20,166.5,167.5,165.6,166.3,532303,False,HBL
2025-06-19,165.9,168.75,165.11,166.09,1011245,False,HBL
2025-06-18,166.75,168.95,164.01,165.19,1827120,False,HBL
2025-06-17,164.8,168.25,163.5,166.77,5191778,False,HBL
2025-06-16,161.22,163.95,161.22,163.42,949307,False,HBL
2025-06-13,164.01,164.88,161.5,162.57,1918468,False,HBL
2025-06-12,165.0,169.8,164.5,165.67,3992975,False,HBL
2025-06-11,165.0,166.89,164.0,165.16,1938183,False,HBL
2025-06-10,163.4,164.3,161.32,162.94,774292,False,HBL
2025-06-05,163.99,164.89,160.49,161.46,964278,False,HBL
2025-06-04,162.05,165.9,160.51,164.08,4475040,False,HBL
2025-06-03,154.0,163.0,154.0,161.19,5945782,False,HBL
2025-06-02,153.89,156.5,153.0,153.24,672839,False,HBL
2025-05-30,154.01,155.49,152.7,153.32,452399,False,HBL
2025-05-29,154.85,155.5,153.1,153.8,267857,False,HBL
2025-05-27,154.6,154.65,152.53,153.73,168651,False,HBL
2025-05-26,155.5,156.59,152.8,152.92,777098,False,HBL
2025-05-23,155.05,155.94,153.99,154.09,487379,False,HBL
2025-05-22,157.95,158.0,155.01,155.45,1288445,False,HBL
2025-05-21,155.0,157.75,152.17,156.91,3248216,False,HBL
2025-05-20,158.51,158.51,154.0,154.81,1100499,False,HBL
2025-05-19,158.01,158.99,156.5,158.51,1438626,False,HBL
2025-05-16,156.03,158.5,156.03,157.91,1867791,False,HBL
2025-05-15,156.0,159.25,155.1,157.5,2983095,False,HBL
2025-05-14,159.0,159.8,155.25,156.07,4540806,False,HBL
2025-05-13,155.0,159.25,154.0,158.05,10567032,False,HBL
2025-05-12,153.99,153.99,149.0,153.99,3231472,False,HBL
2025-05-09,131.0,140.5,130.5,139.99,1956686,False,HBL
2025-05-08,141.79,143.45,127.52,129.94,2473224,False,HBL
2025-05-07,140.0,143.5,139.0,140.49,1583584,False,HBL
2025-05-06,146.99,148.8,144.1,145.01,1129102,False,HBL
2025-05-05,150.0,150.0,147.1,147.38,1110494,False,HBL
2025-05-02,148.99,154.5,148.99,153.98,4361232,False,HBL
2025-04-30,151.9,151.9,146.88,147.34,3494774,False,HBL
2025-04-29,150.1,153.2,148.8,152.36,3484079,False,HBL
2025-04-28,151.64,154.99,149.5,150.6,5938523,False,HBL
2025-04-25,139.41,148.5,138.1,147.79,6914449,False,HBL
2025-04-24,139.0,139.48,137.75,138.22,1647520,False,HBL
2025-04-23,143.55,144.0,139.61,140.71,4346336,False,HBL
2025-04-22,144.9,145.89,143.36,144.19,1889245,False,HBL
2025-04-21,146.9,147.63,143.89,144.11,3660704,False,HBL
2025-04-18,152.52,153.4,142.9,146.66,9362714,False,HBL
2025-04-17,151.0,152.99,150.99,152.18,916312,False,HBL
2025-04-16,152.55,153.5,150.5,151.34,1080459,False,HBL
2025-04-15,153.9,154.6,152.05,152.48,1781141,False,HBL
2025-04-14,150.0,154.0,150.0,152.3,1745894,False,HBL
2025-04-11,152.0,152.0,149.11,149.99,716336,False,HBL
2025-04-10,153.95,153.95,150.67,151.04,2934385,False,HBL
2025-04-09,150.9,152.5,148.75,150.25,987736,False,HBL
2025-04-08,154.0,154.5,150.02,151.15,2340621,False,HBL
2025-04-07,155.51,158.0,143.11,152.01,1971965,False,HBL
2025-04-04,154.48,162.5,154.0,158.24,5435627,False,HBL
2025-04-03,153.48,154.9,152.08,153.7,1200284,False,HBL
2025-03-27,153.97,154.0,152.5,152.79,568480,False,HBL
2025-03-26,153.0,154.5,152.07,152.89,754544,False,HBL
2025-03-25,151.02,154.1,151.0,151.6,818442,False,HBL
2025-03-24,154.4,154.4,151.0,151.46,191587,False,HBL
2025-03-21,155.2,155.6,152.05,152.34,1177327,False,HBL
2025-03-20,154.11,155.0,153.88,154.03,1916112,False,HBL
2025-03-19,153.7,155.0,153.0,154.02,1120793,False,HBL
2025-03-18,152.5,153.9,152.5,153.38,1060902,False,HBL
2025-03-17,153.0,153.9,152.1,152.49,1343015,False,HBL
2025-03-14,157.99,158.88,156.71,157.4,381403,False,HBL
2025-03-13,156.88,160.75,156.5,157.36,1196969,False,HBL
2025-03-12,155.65,157.99,155.55,156.35,766770,False,HBL
2025-03-11,158.0,158.99,155.01,155.65,785703,False,HBL
2025-03-10,154.98,158.5,153.74,157.42,1360061,False,HBL
2025-03-07,153.99,154.6,153.17,153.99,213958,False,HBL
2025-03-06,152.85,154.0,151.3,153.38,380000,False,HBL
2025-03-05,153.0,154.0,151.11,151.67,286992,False,HBL
2025-03-04,152.0,153.48,151.0,152.93,217870,False,HBL
2025-03-03,152.0,152.9,150.0,151.33,175840,False,HBL
2025-02-28,153.0,153.45,151.53,152.47,1146474,False,HBL
2025-02-27,153.5,154.4,150.31,151.69,670014,False,HBL
2025-02-26,155.01,156.39,152.9,153.74,808789,False,HBL
2025-02-25,157.0,160.0,154.2,155.73,2334637,False,HBL
2025-02-24,158.5,158.5,149.6,154.38,7249879,False,HBL
2025-02-21,160.7,161.97,157.5,158.2,468454,False,HBL
2025-02-20,162.72,162.72,159.11,160.43,898037,False,HBL
2025-02-19,165.79,167.0,162.05,162.46,1208852,False,HBL
2025-02-18,163.85,165.3,162.5,164.91,410196,False,HBL
2025-02-17,162.52,163.98,160.52,162.81,246520,False,HBL
2025-02-14,164.47,164.5,162.0,162.52,313820,False,HBL
2025-02-13,163.05,164.89,162.52,163.26,313059,False,HBL
2025-02-12,165.5,167.86,162.84,163.42,866334,False,HBL
2025-02-11,167.0,168.95,164.25,165.53,493311,False,HBL
2025-02-10,164.05,168.0,160.1,166.12,516169,False,HBL
2025-02-07,165.0,168.49,163.2,164.14,1574322,False,HBL
2025-02-06,170.0,171.0,163.2,164.77,2172957,False,HBL
2025-02-04,173.0,173.49,169.05,169.54,1734368,False,HBL
2025-02-03,176.0,177.0,172.0,172.35,1015872,False,HBL
2025-01-31,173.17,179.4,173.0,175.99,2648935,False,HBL
2025-01-30,173.0,175.4,173.0,173.75,1126862,False,HBL
2025-01-29,175.9,175.9,172.05,173.72,1520016,False,HBL
2025-01-28,175.38,175.88,172.7,174.67,2280815,False,HBL
2025-01-27,174.52,176.1,173.6,174.3,2683010,False,HBL
2025-01-24,172.7,176.4,171.75,174.51,3353657,False,HBL
2025-01-23,173.39,173.39,171.5,171.65,713488,False,HBL
2025-01-22,173.87,175.05,171.6,172.23,3466260,False,HBL
2025-01-21,175.9,176.5,173.25,173.87,2763327,False,HBL
2025-01-20,172.9,175.25,172.1,173.25,1662367,False,HBL
2025-01-17,173.0,174.0,171.51,173.19,1706111,False,HBL
2025-01-16,172.95,173.48,171.01,172.35,1232646,False,HBL
2025-01-15,173.3,174.8,171.5,171.7,1548222,False,HBL
2025-01-14,173.93,173.95,171.26,171.87,812561,False,HBL
2025-01-13,173.11,174.0,172.0,173.11,832354,False,HBL
2025-01-10,174.48,174.48,171.51,172.22,543986,False,HBL
2025-01-09,172.1,176.0,170.5,174.15,1870419,False,HBL
2025-01-08,176.8,178.5,171.5,173.05,673197,False,HBL
2025-01-07,180.11,181.75,171.1,176.61,2682335,False,HBL
2025-01-06,182.9,182.9,176.5,180.05,4291933,False,HBL
2025-01-03,177.76,182.5,174.0,181.5,4584507,False,HBL
2025-01-02,174.0,179.95,174.0,177.02,4388527,False,HBL
2025-01-01,174.95,175.5,172.55,174.03,1804563,False,HBL
2024-12-31,173.11,178.5,168.96,174.46,7407018,False,HBL
2024-12-30,159.09,171.8,157.12,171.5,7671167,False,HBL
2024-12-27,156.5,157.69,155.0,156.18,1197397,False,HBL
2024-12-26,158.3,158.3,154.01,156.85,1519902,False,HBL
2024-12-24,160.43,162.51,157.75,158.28,1415722,False,HBL
2024-12-23,157.99,162.0,157.2,160.2,1939151,False,HBL
2024-12-20,153.11,157.0,153.0,156.55,1293668,False,HBL
2024-12-19,161.72,163.1,152.5,154.49,2194124,False,HBL
2024-12-18,167.0,167.1,160.01,161.72,1767041,False,HBL
2024-12-17,158.06,167.1,157.71,163.55,3255283,False,HBL
2024-12-16,162.0,162.75,158.55,159.63,4109609,False,HBL
2024-12-13,169.0,169.4,160.62,162.03,2530295,False,HBL
2024-12-12,164.0,170.0,164.0,169.41,3035039,False,HBL
2024-12-11,163.6,166.45,161.1,164.14,1676345,False,HBL
2024-12-10,167.0,168.45,161.44,163.8,3169807,False,HBL
2024-12-09,170.01,171.98,166.24,167.12,3592330,False,HBL
2024-12-06,175.0,177.25,173.05,174.16,3748921,False,HBL
2024-12-05,173.8,176.9,170.87,174.52,5266009,False,HBL
2024-12-04,178.16,179.0,172.8,173.77,4623087,False,HBL
2024-12-03,182.45,182.45,175.11,178.24,3401122,False,HBL
2024-12-02,182.35,184.79,177.75,182.44,3552010,False,HBL
2024-11-29,178.0,182.9,172.5,181.0,4003513,False,HBL
2024-11-28,175.26,182.4,171.75,177.44,9935745,False,HBL
2024-11-27,159.97,169.96,158.5,169.96,16437727,False,HBL
2024-11-26,147.74,161.9,144.1,154.51,15664430,False,HBL
2024-11-25,145.2,154.69,145.0,147.18,8325904,False,HBL
2024-11-22,135.5,148.39,135.5,144.7,19337975,False,HBL
2024-11-21,134.1,135.9,133.51,134.9,2979799,False,HBL
2024-11-20,138.5,140.98,133.51,134.09,4070058,False,HBL
2024-11-19,138.75,141.0,137.6,138.27,1966284,False,HBL
2024-11-18,134.2,139.6,132.05,138.35,2788981,False,HBL
2024-11-15,131.0,135.0,131.0,133.87,2916396,False,HBL
2024-11-14,125.5,130.99,125.25,130.53,2093410,False,HBL
2024-11-13,125.5,125.9,124.4,125.35,1150637,False,HBL
2024-11-12,128.0,128.0,125.0,125.49,1043642,False,HBL
2024-11-11,130.94,130.94,127.01,127.44,1128150,False,HBL
2024-11-08,129.51,130.94,128.46,128.95,1166098,False,HBL
2024-11-07,131.75,132.4,129.0,129.58,1417473,False,HBL
2024-11-06,130.44,132.01,129.51,131.42,518233,False,HBL
2024-11-05,131.51,131.51,129.76,130.44,702163,False,HBL
2024-11-04,133.9,134.99,131.5,132.02,443202,False,HBL
2024-11-01,130.49,134.9,130.05,133.93,942345,False,HBL
2024-10-31,137.0,137.0,130.0,130.75,3432757,False,HBL
2024-10-30,140.0,140.5,136.1,136.98,619331,False,HBL
2024-10-29,139.4,141.85,139.01,139.77,1472662,False,HBL
2024-10-28,138.5,141.5,138.5,139.86,3452345,False,HBL
2024-10-25,137.15,139.74,137.15,138.77,3277897,False,HBL
2024-10-24,136.97,139.89,135.0,138.25,4238144,False,HBL
2024-10-23,135.92,139.32,134.5,138.74,3975976,False,HBL
2024-10-22,135.2,138.0,135.11,135.28,1433632,False,HBL
2024-10-21,134.02,135.48,133.5,135.22,1067275,False,HBL
2024-10-18,132.26,134.95,131.6,134.02,1812545,False,HBL
2024-10-17,135.75,135.75,132.25,134.08,1650771,False,HBL
2024-10-16,137.95,139.5,134.01,134.84,2452858,False,HBL
2024-10-15,135.25,137.98,134.61,137.25,674825,False,HBL
2024-10-14,136.8,137.0,135.0,135.37,1370755,False,HBL
2024-10-11,137.5,138.9,134.79,136.05,4278696,False,HBL
2024-10-10,140.94,140.94,136.66,137.64,2862475,False,HBL
2024-10-09,140.11,144.0,139.0,140.23,5628651,False,HBL
2024-10-08,128.75,140.6,128.75,137.75,10525888,False,HBL
2024-10-07,129.0,129.81,128.25,129.1,2489854,False,HBL
2024-10-04,128.27,131.25,127.6,129.44,2129048,False,HBL
2024-10-03,126.05,129.8,125.57,128.19,7029524,False,HBL
2024-10-02,124.75,127.0,123.1,126.62,4590754,False,HBL
2024-10-01,127.01,128.87,124.1,124.94,1360816,False,HBL
2024-09-30,128.5,128.89,123.6,127.04,2427707,False,HBL
2024-09-27,128.0,129.65,127.6,127.86,2536054,False,HBL
2024-09-26,130.0,132.4,128.15,128.8,4352809,False,HBL
2024-09-25,128.99,130.2,127.05,129.45,3701632,False,HBL
2024-09-24,128.95,129.4,126.28,128.43,4258144,False,HBL
2024-09-23,128.0,129.38,126.41,128.31,6578961,False,HBL
2024-09-20,119.25,129.97,119.25,127.85,16166846,False,HBL
2024-09-19,116.7,122.1,116.01,119.67,3631265,False,HBL
2024-09-18,115.55,116.9,115.55,116.26,904474,False,HBL
2024-09-16,114.9,116.45,114.55,116.0,238665,False,HBL
2024-09-13,117.0,117.48,114.8,115.5,745390,False,HBL
2024-09-12,117.25,117.4,115.0,116.43,1187511,False,HBL
2024-09-11,119.49,119.5,116.06,117.02,1837630,False,HBL
2024-09-10,116.1,120.4,116.1,119.74,2113941,False,HBL
2024-09-09,119.9,119.9,116.0,116.63,1674924,False,HBL
2024-09-06,118.5,119.95,118.03,119.5,985098,False,HBL
2024-09-05,120.45,120.45,118.0,118.53,1560409,False,HBL
2024-09-04,120.0,120.65,119.4,119.96,471361,False,HBL
2024-09-03,119.5,120.0,118.5,119.58,1820294,False,HBL
2024-09-02,125.55,129.1,121.99,123.23,4119350,False,HBL
2024-08-30,126.78,128.8,124.6,125.42,2262774,False,HBL
2024-08-29,128.0,128.98,126.0,127.04,1469353,False,HBL
2024-08-28,129.0,129.0,126.5,127.92,514558,False,HBL
2024-08-27,129.01,129.98,127.9,128.48,635725,False,HBL
2024-08-26,134.12,134.95,128.5,129.07,3044515,False,HBL
2024-08-23,134.6,134.6,133.0,134.07,515666,False,HBL
2024-08-22,136.0,136.0,132.51,133.9,842193,False,HBL
2024-08-21,136.95,137.48,135.05,135.99,403561,False,HBL
2024-08-20,137.99,138.0,136.01,136.91,186616,False,HBL
2024-08-19,137.45,138.0,134.6,137.34,702144,False,HBL
2024-08-16,138.48,138.94,136.52,137.37,181836,False,HBL
2024-08-15,137.0,138.95,136.0,137.97,428031,False,HBL
2024-08-13,137.0,137.9,135.61,137.0,479120,False,HBL
2024-08-12,136.14,138.3,136.14,137.42,643068,False,HBL
2024-08-09,136.25,138.0,135.12,137.86,1073467,False,HBL
2024-08-08,133.85,136.74,132.6,136.21,3188687,False,HBL
2024-08-07,131.17,134.95,131.17,134.1,1305601,False,HBL
2024-08-06,132.87,135.2,131.11,132.49,2048309,False,HBL
2024-08-05,135.0,135.5,130.53,131.58,1826989,False,HBL
2024-08-02,134.5,137.5,132.0,135.88,4088836,False,HBL
2024-08-01,131.86,133.68,131.0,133.24,1582379,False,HBL
2024-07-31,133.63,136.9,130.3,131.86,2350522,False,HBL
2024-07-30,137.98,138.8,133.12,133.63,1604367,False,HBL
2024-07-29,135.79,138.69,135.55,136.11,1836143,False,HBL
2024-07-26,139.7,139.7,136.0,136.92,675443,False,HBL
2024-07-25,142.0,142.0,138.5,139.74,2704698,False,HBL
2024-07-24,141.6,143.39,141.0,141.49,988990,False,HBL
2024-07-23,143.48,145.0,140.1,141.31,2318442,False,HBL
2024-07-22,141.64,144.25,137.5,142.43,5099615,False,HBL
2024-07-19,148.25,148.25,140.1,141.7,4105210,False,HBL
2024-07-18,148.9,149.79,146.6,148.14,3008807,False,HBL
2024-07-15,148.0,153.26,148.0,148.77,7829515,False,HBL
2024-07-12,139.99,148.1,137.49,146.63,13200563,False,HBL
2024-07-11,137.9,141.97,134.4,139.95,4112879,False,HBL
2024-07-10,141.49,141.49,137.0,137.96,1934735,False,HBL
2024-07-09,143.11,145.9,139.0,140.55,3225650,False,HBL
2024-07-08,140.0,145.1,137.51,142.98,5278504,False,HBL
2024-07-05,132.5,140.75,130.3,139.0,10034650,False,HBL
2024-07-04,132.49,134.9,127.0,132.71,6996226,False,HBL
2024-07-03,126.75,133.75,126.5,132.52,7324743,False,HBL
2024-07-02,125.99,126.8,125.43,126.03,2221151,False,HBL
2024-07-01,123.99,125.7,122.52,125.07,1963928,False,HBL
2024-06-28,124.6,124.6,121.6,124.03,3455006,False,HBL
2024-06-27,125.0,126.0,123.25,123.96,1148778,False,HBL
2024-06-26,126.95,126.95,123.25,123.71,2146667,False,HBL
2024-06-25,126.8,128.3,125.5,126.31,2583232,False,HBL
2024-06-24,125.8,129.98,125.8,126.83,5385468,False,HBL
2024-06-21,123.5,127.97,122.4,125.65,12901998,False,HBL
2024-06-20,113.35,121.92,112.06,121.92,20943162,False,HBL
2024-06-14,110.0,113.25,108.9,112.37,5185713,False,HBL
2024-06-13,105.0,110.4,104.8,109.51,5604030,False,HBL
2024-06-12,104.07,106.44,104.06,104.76,391283,False,HBL
2024-06-11,105.48,107.25,104.5,105.0,619877,False,HBL
2024-06-10,106.48,107.46,105.1,105.48,1047371,False,HBL
2024-06-07,108.82,109.5,104.12,106.85,2526399,False,HBL
2024-06-06,108.85,110.49,108.1,108.82,1251708,False,HBL
2024-06-05,112.0,112.0,108.4,108.85,2994912,False,HBL
2024-06-04,113.08,113.5,111.22,111.98,2328511,False,HBL
2024-06-03,114.0,114.49,112.9,113.08,1294625,False,HBL
2024-05-31,114.0,114.38,113.4,113.97,2288708,False,HBL
2024-05-30,114.4,114.5,113.36,113.73,1100479,False,HBL
2024-05-29,114.75,115.35,113.1,113.82,1996194,False,HBL
2024-05-27,114.6,116.8,113.83,115.78,6155777,False,HBL
2024-05-24,113.25,114.95,113.05,114.29,2939584,False,HBL
2024-05-23,112.75,113.97,112.26,113.29,905976,False,HBL
2024-05-22,113.9,114.25,112.51,112.93,777246,False,HBL
2024-05-21,113.5,114.7,113.3,113.71,1899860,False,HBL
2024-05-20,116.1,116.1,113.27,113.79,1263164,False,HBL
2024-05-17,116.0,116.74,115.25,115.46,1108541,False,HBL
2024-05-16,115.5,116.4,114.8,115.98,4248282,False,HBL
2024-05-15,115.01,115.85,114.5,115.1,2513749,False,HBL
2024-05-14,113.1,115.26,113.1,114.9,4424900,False,HBL
2024-05-13,113.41,114.1,113.0,113.43,1666197,False,HBL
2024-05-10,113.2,113.8,112.5,112.96,790046,False,HBL
2024-05-09,113.51,114.6,112.9,113.56,1997634,False,HBL
2024-05-08,113.39,114.3,112.06,113.76,2989702,False,HBL
2024-05-07,111.98,113.49,111.5,112.88,3366186,False,HBL
2024-05-06,113.02,113.35,111.4,112.0,2726018,False,HBL
2024-05-03,111.73,113.88,111.73,112.1,6791235,False,HBL
2024-05-02,113.5,115.75,112.0,112.61,3468446,False,HBL
2024-04-30,116.94,118.2,116.0,116.47,4028185,False,HBL
2024-04-29,118.05,118.8,115.4,116.68,5594822,False,HBL
2024-04-26,118.0,118.6,116.3,117.89,3845181,False,HBL
2024-04-25,119.4,119.8,117.26,117.73,4556109,False,HBL
2024-04-24,115.99,119.1,114.98,118.2,12553982,False,HBL
2024-04-23,115.0,116.6,113.6,115.94,13143411,False,HBL
2024-04-22,115.1,116.5,112.51,114.53,48145538,False,HBL
2024-04-19,113.4,115.85,113.15,115.08,2278618,False,HBL
2024-04-18,115.8,116.73,113.6,114.35,3250009,False,HBL
2024-04-17,116.0,117.5,114.5,115.42,3631693,False,HBL
2024-04-16,111.3,118.48,111.0,115.81,15884192,False,HBL
2024-04-15,111.48,111.5,108.99,110.96,1519132,False,HBL
2024-04-09,111.79,112.84,108.75,109.65,4306345,False,HBL
2024-04-08,108.99,110.7,107.95,110.3,1508661,False,HBL
2024-04-04,106.69,109.9,106.0,108.85,1760545,False,HBL
2024-04-03,105.0,106.7,104.6,106.47,1048329,False,HBL
2024-04-02,105.49,105.49,104.1,104.6,278078,False,HBL
2024-04-01,104.95,105.9,104.65,104.99,358080,False,HBL
2024-03-29,105.95,106.45,104.25,104.42,671014,False,HBL
2024-03-28,104.5,105.75,104.11,105.65,432652,False,HBL
2024-03-27,104.0,106.4,103.5,104.46,1253860,False,HBL
2024-03-26,104.49,105.0,103.0,104.21,898188,False,HBL
2024-03-25,105.0,105.75,103.0,104.13,925714,False,HBL
2024-03-22,107.0,107.0,104.51,104.99,1356805,False,HBL
2024-03-21,108.74,108.8,106.19,107.0,2215557,False,HBL
2024-03-20,109.0,109.5,107.49,108.21,734100,False,HBL
2024-03-19,108.5,110.45,108.11,108.24,1222965,False,HBL
2024-03-18,109.5,109.5,108.0,108.6,555706,False,HBL
2024-03-15,113.2,114.49,113.2,113.59,651359,False,HBL
2024-03-14,112.99,114.0,112.55,113.65,1131221,False,HBL
2024-03-13,113.68,114.0,112.06,112.79,471491,False,HBL
2024-03-12,114.67,114.91,113.26,113.68,317710,False,HBL
2024-03-11,114.0,116.0,114.0,114.67,396401,False,HBL
2024-03-08,115.49,116.0,114.31,114.46,491915,False,HBL
2024-03-07,116.19,116.5,114.61,114.93,677456,False,HBL
2024-03-06,116.0,117.95,115.8,115.95,1631771,False,HBL
2024-03-05,116.0,116.41,115.05,115.7,1626318,False,HBL
2024-03-04,117.0,117.0,114.85,115.42,4070863,False,HBL
2024-03-01,116.05,117.8,115.85,117.06,2452549,False,HBL
2024-02-29,115.0,116.55,115.0,115.97,1616054,False,HBL
2024-02-28,115.0,116.98,114.06,114.8,5010576,False,HBL
2024-02-27,115.5,116.0,114.2,115.18,3449850,False,HBL
2024-02-26,113.77,116.0,113.77,114.75,3552299,False,HBL
2024-02-23,113.03,115.01,112.0,113.77,3344363,False,HBL
2024-02-22,112.0,113.4,110.05,112.95,725835,False,HBL
2024-02-21,110.55,113.0,110.55,111.74,528231,False,HBL
2024-02-20,110.0,111.29,108.91,110.0,347629,False,HBL
2024-02-19,110.0,111.48,108.51,110.56,448399,False,HBL
2024-02-16,110.5,111.39,108.01,110.06,524336,False,HBL
2024-02-15,111.11,112.49,108.35,109.64,939367,False,HBL
2024-02-14,111.0,112.55,111.0,111.9,961375,False,HBL
2024-02-13,107.01,110.5,103.0,110.0,1386292,False,HBL
2024-02-12,110.0,112.4,105.35,108.42,3683386,False,HBL
2024-02-09,110.5,111.9,106.27,110.72,1497628,False,HBL
2024-02-07,112.89,114.0,112.34,112.94,2244630,False,HBL
2024-02-06,113.7,113.7,111.8,112.3,1221222,False,HBL
2024-02-02,112.0,112.83,111.5,111.87,2207990,False,HBL
2024-02-01,111.48,112.35,111.2,111.72,636327,False,HBL
2024-01-31,111.7,112.4,110.51,111.18,956494,False,HBL
2024-01-30,112.99,113.98,110.4,111.05,1339104,False,HBL
2024-01-29,113.9,113.97,111.51,112.03,3150745,False,HBL
2024-01-26,116.0,116.89,113.51,114.0,2069564,False,HBL
2024-01-25,116.0,117.01,115.01,115.84,3340148,False,HBL
2024-01-24,116.95,116.95,115.5,115.73,744945,False,HBL
2024-01-23,115.1,116.6,115.1,116.01,9668921,False,HBL
2024-01-22,114.64,115.48,113.1,115.0,563759,False,HBL
2024-01-19,115.25,116.5,114.07,114.63,358815,False,HBL
2024-01-18,115.0,115.85,112.66,114.65,872339,False,HBL
2024-01-17,116.01,117.2,114.93,115.42,5075262,False,HBL
2024-01-16,117.26,118.0,116.25,116.62,1139653,False,HBL
2024-01-15,119.3,120.81,117.27,117.75,1911765,False,HBL
2024-01-12,118.0,119.0,117.5,118.47,1597241,False,HBL
2024-01-11,115.25,117.78,114.01,117.42,1236084,False,HBL
2024-01-10,117.0,117.0,114.9,115.04,447283,False,HBL
2024-01-09,116.99,117.44,115.27,115.58,390894,False,HBL
2024-01-08,117.25,118.0,116.01,116.36,573038,False,HBL
2024-01-05,117.45,117.99,115.2,117.41,1060265,False,HBL
2024-01-04,117.1,117.75,116.1,116.5,1132175,False,HBL
2024-01-03,117.01,119.21,116.49,117.69,3264531,False,HBL
2024-01-02,116.89,118.8,115.0,116.53,4163065,False,HBL
2024-01-01,110.83,116.5,110.83,115.75,2877447,False,HBL
2026-09-25,389.24,392.0,387.2,389.3,1252178,False,MCB
2026-09-24,392.96,392.96,387.75,387.99,1066808,False,MCB
2026-09-23,396.11,398.97,390.0,390.6,651877,False,MCB
2026-09-22,398.0,400.49,396.0,396.34,121376,False,MCB
2026-09-21,397.36,400.0,395.03,398.42,119273,False,MCB
2026-09-18,390.99,398.0,390.37,397.36,175935,False,MCB
2026-09-17,390.51,391.99,389.5,390.37,408637,False,MCB
2026-09-16,388.03,390.9,388.03,390.01,319155,False,MCB
2026-09-15,389.97,392.0,388.02,390.65,391989,False,MCB
2026-09-14,392.23,392.23,384.0,385.17,1107317,False,MCB
2026-09-11,386.0,394.0,386.0,392.23,153550,False,MCB
2026-09-10,393.96,394.0,389.65,390.06,900992,False,MCB
2026-09-09,403.49,403.49,391.71,392.6,289435,False,MCB
2026-09-08,394.95,404.0,390.0,398.84,352905,False,MCB
2026-09-07,399.51,400.0,392.0,393.64,264511,False,MCB
2026-09-04,398.25,401.99,398.25,399.58,39844,False,MCB
2026-09-03,401.98,402.0,397.12,398.24,153370,False,MCB
2026-09-02,400.0,402.17,397.01,397.91,101263,False,MCB
2026-09-01,405.0,405.0,398.0,400.17,117847,False,MCB
2026-08-31,402.5,406.49,401.11,405.27,154736,False,MCB
2026-08-28,402.99,406.0,401.0,402.68,83540,False,MCB
2026-08-27,400.22,405.0,400.22,402.99,117990,False,MCB
2026-08-25,401.97,403.5,398.51,400.21,143109,False,MCB
2026-08-24,406.0,406.17,399.55,400.82,266496,False,MCB
2026-08-21,404.5,409.0,401.55,405.24,76004,False,MCB
2026-08-20,407.99,408.5,404.5,405.45,77311,False,MCB
2026-08-19,407.0,409.5,404.0,405.42,78737,False,MCB
2026-08-18,415.0,415.0,405.57,407.26,356501,False,MCB
2026-08-17,422.0,425.0,420.65,422.45,441142,False,MCB
2026-08-13,420.01,423.3,419.0,420.52,338511,False,MCB
2026-08-12,418.81,421.49,417.01,419.85,273467,False,MCB
2026-08-11,419.79,421.2,416.0,418.81,212817,False,MCB
2026-08-10,422.0,425.0,417.11,418.38,215653,False,MCB
2026-08-07,424.99,424.99,417.01,419.92,219867,False,MCB
2026-08-06,417.12,429.0,417.12,423.34,827520,False,MCB
2026-08-05,409.91,418.0,407.18,417.12,240031,False,MCB
2026-08-04,408.03,409.94,402.56,406.12,250892,False,MCB
2026-08-03,409.71,414.97,407.0,407.85,196723,False,MCB
2026-07-31,406.99,414.99,406.99,408.67,176177,False,MCB
2026-07-30,402.02,410.0,402.02,406.99,90673,False,MCB
2026-07-29,408.85,408.85,405.0,406.88,28378,False,MCB
2026-07-28,412.26,412.98,407.51,409.15,299409,False,MCB
2026-07-27,406.0,411.9,405.0,410.21,128049,False,MCB
2026-07-24,400.99,405.0,397.02,402.02,295127,False,MCB
2026-07-23,405.11,408.98,400.0,401.63,238478,False,MCB
2026-07-22,405.0,409.99,402.02,405.47,214892,False,MCB
2026-07-21,405.26,406.15,400.0,404.04,419900,False,MCB
2026-07-20,397.51,405.47,394.0,401.72,293091,False,MCB
2026-07-17,406.99,406.99,397.77,401.7,512547,False,MCB
2026-07-16,399.89,406.67,399.5,404.55,399312,False,MCB
2026-07-15,399.0,407.0,393.8,397.68,488651,False,MCB
2026-07-14,409.0,409.9,396.3,397.11,498510,False,MCB
2026-07-13,408.0,416.98,408.0,412.51,89651,False,MCB
2026-07-10,416.0,420.0,413.97,417.37,228112,False,MCB
2026-07-09,419.99,421.0,410.5,413.11,564764,False,MCB
2026-07-08,415.0,427.0,415.0,422.0,495330,False,MCB
2026-07-07,433.94,435.0,426.12,431.66,553953,False,MCB
2026-07-06,427.11,434.0,427.11,432.59,661569,False,MCB
2026-07-03,425.99,427.74,420.5,427.11,399609,False,MCB
2026-07-02,428.01,434.0,419.0,423.75,2254969,False,MCB
2026-07-01,406.74,429.5,405.02,426.84,1857558,False,MCB
2026-06-30,405.03,409.02,404.1,405.51,374981,False,MCB
2026-06-29,403.75,408.0,402.51,405.01,794472,False,MCB
2026-06-24,400.98,406.0,396.5,403.75,682750,False,MCB
2026-06-23,401.95,403.3,396.0,398.83,623624,False,MCB
2026-06-22,404.0,406.0,398.0,400.1,403253,False,MCB
2026-06-19,408.99,409.0,398.0,402.93,217893,False,MCB
2026-06-18,408.89,410.89,406.9,407.11,263994,False,MCB
2026-06-17,410.5,412.8,407.0,408.6,330198,False,MCB
2026-06-16,403.95,412.0,403.02,410.48,745156,False,MCB
2026-06-15,406.99,406.99,399.85,402.41,333132,False,MCB
2026-06-12,400.66,401.45,398.5,399.95,373407,False,MCB
2026-06-11,397.5,400.01,397.5,398.79,349001,False,MCB
2026-06-10,403.69,406.89,396.0,397.2,327875,False,MCB
2026-06-09,405.01,409.01,402.02,403.69,224617,False,MCB
2026-06-08,406.52,408.99,403.51,405.01,94497,False,MCB
2026-06-05,414.99,415.5,406.51,407.61,120160,False,MCB
2026-06-04,410.0,415.5,410.0,412.62,165369,False,MCB
2026-06-03,408.0,418.0,404.04,409.98,381422,False,MCB
2026-06-02,405.51,411.0,404.0,408.11,270122,False,MCB
2026-06-01,415.0,415.0,406.8,407.38,65316,False,MCB
2026-05-29,407.5,414.0,407.5,413.28,237115,False,MCB
2026-05-25,408.0,414.49,407.0,412.57,418998,False,MCB
2026-05-22,408.0,408.0,402.5,405.01,70440,False,MCB
2026-05-21,407.0,409.5,403.66,405.88,571134,False,MCB
2026-05-20,401.77,405.0,400.0,403.65,661945,False,MCB
2026-05-19,401.04,404.0,396.52,401.77,830148,False,MCB
2026-05-18,399.49,403.0,393.0,401.04,709362,False,MCB
2026-05-15,397.0,403.0,396.27,398.88,542968,False,MCB
2026-05-14,396.5,400.0,396.2,397.0,157602,False,MCB
2026-05-13,399.5,403.0,396.0,397.46,195844,False,MCB
2026-05-12,403.07,405.5,399.1,399.83,194625,False,MCB
2026-05-11,403.99,405.75,396.0,403.07,45605,False,MCB
2026-05-08,410.35,410.35,403.0,404.57,297502,False,MCB
2026-05-07,416.5,417.0,409.0,410.35,164259,False,MCB
2026-05-06,409.0,419.0,403.59,416.19,667240,False,MCB
2026-05-05,392.78,432.06,390.5,403.41,2745167,False,MCB
2026-05-04,405.0,407.9,397.0,401.78,953092,False,MCB
2026-04-30,399.0,399.0,392.99,394.32,422156,False,MCB
2026-04-29,406.75,408.99,395.06,398.48,306025,False,MCB
2026-04-28,403.97,408.0,403.95,406.37,103715,False,MCB
2026-04-27,406.0,409.9,395.0,404.78,172621,False,MCB
2026-04-24,400.11,409.0,400.11,405.82,405531,False,MCB
2026-04-23,414.0,414.0,404.05,407.34,301524,False,MCB
2026-04-22,409.99,416.5,408.1,411.03,68240,False,MCB
2026-04-21,414.96,419.25,411.0,412.94,348588,False,MCB
2026-04-20,418.0,418.0,406.5,410.99,413026,False,MCB
2026-04-17,412.87,419.0,410.11,418.03,446592,False,MCB
2026-04-16,409.4,414.99,405.51,410.11,510465,False,MCB
2026-04-15,409.05,416.0,405.55,409.41,723834,False,MCB
2026-04-14,403.15,409.0,402.5,405.62,241134,False,MCB
2026-04-13,400.0,407.0,398.0,399.94,320521,False,MCB
2026-04-10,406.99,414.9,405.01,411.49,347147,False,MCB
2026-04-09,409.96,412.0,385.0,401.8,492443,False,MCB
2026-04-08,413.0,413.0,396.0,411.12,885696,False,MCB
2026-04-07,379.0,379.0,370.13,377.26,306474,False,MCB
2026-04-06,367.36,376.5,363.0,374.04,423584,False,MCB
2026-04-03,367.5,374.0,365.0,367.37,195410,False,MCB
2026-04-02,377.0,379.95,366.75,370.09,585135,False,MCB
2026-04-01,374.0,390.0,372.99,386.89,841461,False,MCB
2026-03-31,364.89,370.0,363.02,367.13,304760,False,MCB
2026-03-30,367.9,368.23,358.5,361.7,1170453,False,MCB
2026-03-27,369.9,372.89,365.0,366.35,168352,False,MCB
2026-03-26,375.0,379.0,365.0,366.7,377373,False,MCB
2026-03-25,365.99,376.45,362.5,375.36,408707,False,MCB
2026-03-24,371.11,376.96,353.0,362.11,743917,False,MCB
2026-03-19,370.0,375.0,363.5,367.89,333743,False,MCB
2026-03-18,362.51,374.5,359.1,372.64,459765,False,MCB
2026-03-17,350.0,364.99,346.0,362.27,3068659,False,MCB
2026-03-16,361.06,364.93,352.0,355.76,300049,False,MCB
2026-03-13,361.5,368.0,357.51,363.1,561101,False,MCB
2026-03-12,368.0,374.0,358.66,361.33,1126543,False,MCB
2026-03-11,373.97,377.0,367.0,372.36,201506,False,MCB
2026-03-10,379.99,390.0,365.1,368.58,461271,False,MCB
2026-03-09,361.07,364.98,345.0,357.81,493393,False,MCB
2026-03-06,375.0,376.0,368.87,369.63,260640,False,MCB
2026-03-05,369.0,379.0,369.0,373.87,371255,False,MCB
2026-03-04,379.0,385.0,360.01,368.63,394501,False,MCB
2026-03-03,357.0,384.99,356.0,372.13,741433,False,MCB
2026-03-02,357.52,389.0,357.52,357.53,1154454,False,MCB
2026-02-27,399.99,406.99,395.0,397.24,2801915,False,MCB
2026-02-26,400.04,410.44,396.25,402.32,1242465,False,MCB
2026-02-25,392.0,404.0,392.0,400.04,931214,False,MCB
2026-02-24,386.01,392.0,380.0,390.23,1053242,False,MCB
2026-02-23,393.63,403.99,384.0,386.01,204992,False,MCB
2026-02-20,400.0,403.96,387.5,393.63,673608,False,MCB
2026-02-19,418.0,418.0,398.0,400.6,186188,False,MCB
2026-02-18,399.94,420.0,396.99,417.85,619305,False,MCB
2026-02-17,400.01,410.01,394.12,396.24,841764,False,MCB
2026-02-16,416.9,416.9,393.0,400.67,872112,False,MCB
2026-02-13,417.0,417.9,412.0,412.83,210206,False,MCB
2026-02-12,425.0,425.0,411.1,414.84,687300,False,MCB
2026-02-11,415.0,424.92,412.99,422.0,381022,False,MCB
2026-02-10,418.0,418.0,412.0,413.15,410687,False,MCB
2026-02-09,414.0,427.25,407.5,415.93,511446,False,MCB
2026-02-06,415.75,415.75,407.0,411.02,311015,False,MCB
2026-02-04,417.01,422.87,411.0,415.71,1422161,False,MCB
2026-02-03,410.6,419.03,409.8,416.79,846335,False,MCB
2026-02-02,408.0,412.0,403.0,410.63,457687,False,MCB
2026-01-30,415.0,416.5,404.0,407.28,392942,False,MCB
2026-01-29,418.0,419.99,408.0,412.61,384928,False,MCB
2026-01-28,419.3,425.0,414.02,417.28,315358,False,MCB
2026-01-27,425.0,434.11,401.0,416.23,776193,False,MCB
2026-01-26,423.1,425.22,421.21,422.25,231140,False,MCB
2026-01-23,416.49,424.19,415.5,422.35,269987,False,MCB
2026-01-22,416.25,420.99,412.9,416.54,233390,False,MCB
2026-01-21,425.81,427.99,413.5,416.25,779889,False,MCB
2026-01-20,430.49,430.49,425.02,425.81,449223,False,MCB
2026-01-19,430.0,431.88,425.0,428.13,494114,False,MCB
2026-01-16,434.78,436.75,425.21,429.5,816138,False,MCB
2026-01-15,435.1,436.0,425.07,428.04,469621,False,MCB
2026-01-14,449.45,451.77,434.0,435.08,1724178,False,MCB
2026-01-13,437.0,450.24,429.64,447.08,920401,False,MCB
2026-01-12,440.0,442.0,435.51,436.27,236790,False,MCB
2026-01-09,438.05,443.51,434.99,441.08,515570,False,MCB
2026-01-08,445.0,446.4,432.32,438.07,882320,False,MCB
2026-01-07,439.8,452.0,425.0,444.39,1228650,False,MCB
2026-01-06,405.0,439.0,402.32,435.42,1861093,False,MCB
2026-01-05,392.0,409.89,392.0,403.52,2046316,False,MCB
2026-01-02,386.0,392.49,384.0,390.72,710352,False,MCB
2026-01-01,380.0,386.0,378.2,385.06,484417,False,MCB
2025-12-31,379.0,381.99,374.51,379.38,279218,False,MCB
2025-12-30,378.9,380.88,377.5,378.82,363525,False,MCB
2025-12-29,374.0,378.9,372.31,378.38,847376,False,MCB
2025-12-26,368.88,374.0,366.0,373.62,515391,False,MCB
2025-12-24,371.25,371.99,367.0,368.88,150872,False,MCB
2025-12-23,367.1,371.89,366.01,369.19,318798,False,MCB
2025-12-22,367.0,369.8,366.04,367.1,117869,False,MCB
2025-12-19,370.05,373.49,367.5,368.62,240905,False,MCB
2025-12-18,366.01,371.0,366.01,370.05,602354,False,MCB
2025-12-17,368.0,371.0,360.0,366.18,968435,False,MCB
2025-12-16,367.1,374.73,366.5,367.47,1371602,False,MCB
2025-12-15,372.0,372.5,360.0,367.1,1198327,False,MCB
2025-12-12,357.5,369.0,357.5,367.97,952509,False,MCB
2025-12-11,360.93,360.93,357.0,357.35,105302,False,MCB
2025-12-10,359.0,363.0,357.2,358.17,187764,False,MCB
2025-12-09,359.99,359.99,357.1,358.15,515190,False,MCB
2025-12-08,360.0,360.0,356.8,357.38,135344,False,MCB
2025-12-05,360.1,365.0,355.11,357.61,471317,False,MCB
2025-12-04,362.99,362.99,358.11,359.98,60847,False,MCB
2025-12-03,362.0,365.0,359.9,360.32,174993,False,MCB
2025-12-02,365.1,366.97,360.25,361.94,106258,False,MCB
2025-12-01,359.7,367.0,357.51,364.47,246323,False,MCB
2025-11-28,356.0,362.0,356.0,359.7,612303,False,MCB
2025-11-27,353.0,355.96,353.0,355.07,117005,False,MCB
2025-11-26,351.4,354.94,348.0,351.7,262544,False,MCB
2025-11-25,350.5,351.0,349.0,350.02,299794,False,MCB
2025-11-24,350.0,351.5,348.0,349.44,446900,False,MCB
2025-11-21,349.92,350.75,346.0,349.42,130454,False,MCB
2025-11-20,351.0,351.0,347.0,347.85,259434,False,MCB
2025-11-19,348.1,351.0,348.0,348.27,496005,False,MCB
2025-11-18,352.98,352.98,346.01,347.43,392872,False,MCB
2025-11-17,351.02,358.0,349.5,350.66,408653,False,MCB
2025-11-14,350.5,354.0,348.0,349.8,113191,False,MCB
2025-11-13,350.0,352.01,346.02,349.58,564865,False,MCB
2025-11-12,347.99,350.5,344.05,349.35,424374,False,MCB
2025-11-11,352.0,352.0,345.0,346.85,401877,False,MCB
2025-11-10,349.01,353.0,349.01,352.25,249091,False,MCB
2025-11-07,346.99,349.25,345.0,347.89,289957,False,MCB
2025-11-06,348.0,349.9,343.7,344.5,230160,False,MCB
2025-11-05,350.0,352.79,344.0,345.22,731165,False,MCB
2025-11-04,360.0,361.5,350.0,351.33,463305,False,MCB
2025-11-03,364.0,365.98,357.51,358.2,175194,False,MCB
2025-10-31,353.1,368.0,353.1,363.67,885939,False,MCB
2025-10-30,358.9,360.0,350.0,353.17,1398110,False,MCB
2025-10-29,373.75,376.0,367.8,368.06,556763,False,MCB
2025-10-28,375.3,380.5,373.51,374.21,218412,False,MCB
2025-10-27,379.0,379.0,373.0,375.29,157485,False,MCB
2025-10-24,376.11,380.98,374.0,378.87,311376,False,MCB
2025-10-23,378.0,382.0,376.72,381.23,1042234,False,MCB
2025-10-22,384.0,385.0,375.85,377.21,744892,False,MCB
2025-10-21,372.6,384.25,372.6,382.85,2811814,False,MCB
2025-10-20,364.0,371.49,361.97,370.67,308147,False,MCB
2025-10-17,366.8,369.7,362.51,363.91,329543,False,MCB
2025-10-16,373.77,374.0,367.0,367.75,447990,False,MCB
2025-10-15,370.0,374.97,369.0,371.77,780548,False,MCB
2025-10-14,361.5,369.0,360.01,367.08,258204,False,MCB
2025-10-13,366.63,366.63,355.0,356.97,1509542,False,MCB
2025-10-10,370.01,373.98,365.5,366.63,764993,False,MCB
2025-10-09,367.08,400.0,365.21,375.35,1192975,False,MCB
2025-10-08,362.48,369.5,360.52,367.08,732604,False,MCB
2025-10-07,365.0,370.0,360.5,362.48,340549,False,MCB
2025-10-06,368.99,371.9,358.0,364.44,1181087,False,MCB
2025-10-03,371.8,371.8,364.5,365.56,840746,False,MCB
2025-10-02,356.8,376.1,356.0,370.61,2034936,False,MCB
2025-10-01,359.5,360.5,353.0,356.66,556310,False,MCB
2025-09-30,354.0,359.9,317.63,356.98,890800,False,MCB
2025-09-29,354.0,354.94,352.0,352.92,199919,False,MCB
2025-09-26,348.48,355.0,345.9,353.98,253475,False,MCB
2025-09-25,350.01,350.96,345.0,345.85,362732,False,MCB
2025-09-24,348.5,351.88,346.75,347.96,456331,False,MCB
2025-09-23,350.55,353.0,348.0,348.27,228400,False,MCB
2025-09-22,355.0,355.93,349.01,350.49,362552,False,MCB
2025-09-19,357.0,357.0,352.0,353.64,170766,False,MCB
2025-09-18,351.0,356.98,350.02,354.34,646461,False,MCB
2025-09-17,352.0,352.0,349.0,349.96,300458,False,MCB
2025-09-16,353.0,353.0,348.51,349.68,276016,False,MCB
2025-09-15,351.99,353.0,350.02,351.44,258328,False,MCB
2025-09-12,354.54,358.0,350.25,351.66,359275,False,MCB
2025-09-11,355.27,358.0,354.06,354.54,712254,False,MCB
2025-09-10,358.87,358.87,355.15,356.44,170643,False,MCB
2025-09-09,357.1,359.0,355.5,356.8,870476,False,MCB
2025-09-08,359.56,359.56,354.9,357.08,302367,False,MCB
2025-09-05,355.01,360.45,351.0,356.58,342001,False,MCB
2025-09-04,355.0,358.0,352.55,355.13,402155,False,MCB
2025-09-03,356.0,359.95,354.5,355.87,567224,False,MCB
2025-09-02,356.0,357.77,353.01,355.08,145600,False,MCB
2025-09-01,355.9,356.5,350.0,355.47,293235,False,MCB
2025-08-29,348.0,357.0,345.05,353.59,738787,False,MCB
2025-08-28,353.0,354.99,348.0,349.28,219003,False,MCB
2025-08-27,350.19,354.99,350.19,352.94,320344,False,MCB
2025-08-26,355.0,357.0,348.01,350.18,235528,False,MCB
2025-08-25,356.01,358.0,351.7,354.56,682968,False,MCB
2025-08-22,359.5,359.8,355.11,355.7,198341,False,MCB
2025-08-21,364.9,364.9,355.0,355.74,705043,False,MCB
2025-08-20,355.45,364.0,354.55,362.66,1470941,False,MCB
2025-08-19,350.0,357.99,349.0,356.56,802651,False,MCB
2025-08-18,353.0,353.0,345.0,349.45,1705711,False,MCB
2025-08-15,363.0,364.89,360.0,361.01,951998,False,MCB
2025-08-13,368.0,369.99,358.0,360.95,1418004,False,MCB
2025-08-12,366.0,371.89,365.1,366.75,836011,False,MCB
2025-08-11,356.5,366.88,356.5,363.61,920465,False,MCB
2025-08-08,354.98,357.98,352.0,355.02,513343,False,MCB
2025-08-07,359.0,362.99,350.01,352.76,863444,False,MCB
2025-08-06,361.97,365.9,353.51,359.17,1958751,False,MCB
2025-08-05,351.02,362.2,350.01,358.83,516788,False,MCB
2025-08-04,350.0,351.76,348.5,350.66,477626,False,MCB
2025-08-01,345.0,351.0,342.01,348.19,503149,False,MCB
2025-07-31,342.5,345.0,341.1,343.02,170858,False,MCB
2025-07-30,342.98,342.98,337.71,340.42,149356,False,MCB
2025-07-29,342.0,347.0,338.4,339.68,336010,False,MCB
2025-07-28,348.0,348.25,340.0,340.71,833973,False,MCB
2025-07-25,347.0,348.5,343.7,344.9,152104,False,MCB
2025-07-24,343.75,348.99,342.0,346.91,303268,False,MCB
2025-07-23,346.01,348.1,340.66,342.72,192443,False,MCB
2025-07-22,348.5,350.0,345.98,346.39,608314,False,MCB
2025-07-21,347.0,350.99,343.0,345.97,1226374,False,MCB
2025-07-18,345.01,349.5,345.0,346.28,559747,False,MCB
2025-07-17,346.0,351.91,342.51,344.67,541329,False,MCB
2025-07-16,351.89,351.89,342.0,345.02,311225,False,MCB
2025-07-15,356.09,364.0,350.0,351.91,1035433,False,MCB
2025-07-14,345.01,364.0,345.01,355.91,1150894,False,MCB
2025-07-11,348.36,350.0,343.07,344.72,404553,False,MCB
2025-07-10,338.0,351.0,337.2,348.36,594438,False,MCB
2025-07-09,340.0,343.97,335.02,339.57,316675,False,MCB
2025-07-08,339.0,341.0,331.02,340.58,511703,False,MCB
2025-07-07,333.0,344.98,332.46,337.79,1136654,False,MCB
2025-07-04,319.0,338.0,319.0,332.42,989196,False,MCB
2025-07-03,332.25,341.0,320.11,323.6,835301,False,MCB
2025-07-02,317.5,345.42,314.05,331.78,1589952,False,MCB
2025-07-01,288.34,317.17,287.5,314.02,2109433,False,MCB
2025-06-30,285.32,289.0,283.05,288.34,763063,False,MCB
2025-06-27,280.74,286.0,280.1,285.32,579207,False,MCB
2025-06-26,283.5,283.5,278.0,279.8,367365,False,MCB
2025-06-25,280.27,285.0,279.66,282.69,1878442,False,MCB
2025-06-24,277.88,284.2,277.88,280.27,1470335,False,MCB
2025-06-23,276.0,279.5,273.0,273.61,269270,False,MCB
2025-06-20,280.99,281.59,275.05,277.9,222946,False,MCB
2025-06-19,278.9,281.93,277.01,279.22,368318,False,MCB
2025-06-18,282.0,282.8,275.5,276.86,1476406,False,MCB
2025-06-17,283.39,286.48,280.91,282.35,624621,False,MCB
2025-06-16,284.9,286.5,281.55,282.41,527083,False,MCB
2025-06-13,284.0,285.0,276.56,283.36,526702,False,MCB
2025-06-12,285.55,287.99,283.65,284.57,1312441,False,MCB
2025-06-11,281.57,286.99,281.57,282.98,754124,False,MCB
2025-06-10,282.74,284.33,280.5,281.57,286846,False,MCB
2025-06-05,284.07,284.07,282.03,282.74,268278,False,MCB
2025-06-04,274.02,285.0,274.02,282.07,1579630,False,MCB
2025-06-03,273.01,276.99,273.01,275.69,459027,False,MCB
2025-06-02,277.98,277.98,272.55,273.21,472011,False,MCB
2025-05-30,273.2,277.5,272.01,276.79,455631,False,MCB
2025-05-29,275.99,276.7,272.8,272.99,284925,False,MCB
2025-05-27,275.02,276.9,273.0,274.07,262638,False,MCB
2025-05-26,276.0,280.0,274.55,275.36,167477,False,MCB
2025-05-23,280.0,280.0,275.0,275.61,595250,False,MCB
2025-05-22,281.05,283.0,277.11,278.65,378541,False,MCB
2025-05-21,283.9,283.9,278.99,280.05,377052,False,MCB
2025-05-20,284.5,285.9,280.51,281.06,298504,False,MCB
2025-05-19,285.0,287.0,282.01,284.17,256616,False,MCB
2025-05-16,285.0,288.27,284.01,285.08,487883,False,MCB
2025-05-15,280.87,286.4,280.87,283.94,179229,False,MCB
2025-05-14,287.0,287.0,279.05,280.87,352747,False,MCB
2025-05-13,292.95,292.95,281.2,286.51,891440,False,MCB
2025-05-12,297.35,297.35,285.0,293.17,2402150,False,MCB
2025-05-09,265.0,275.0,264.0,270.32,693599,False,MCB
2025-05-08,273.22,276.0,253.01,266.39,3235392,False,MCB
2025-05-07,265.0,277.47,265.0,273.22,771853,False,MCB
2025-05-06,273.0,279.49,272.67,273.73,392094,False,MCB
2025-05-05,274.75,275.95,272.5,272.83,65470,False,MCB
2025-05-02,271.9,277.99,270.0,274.75,546716,False,MCB
2025-04-30,281.48,281.48,266.5,269.16,2099322,False,MCB
2025-04-29,283.26,290.1,283.26,289.05,1168476,False,MCB
2025-04-28,285.29,288.49,282.5,283.2,406490,False,MCB
2025-04-25,281.0,286.0,279.0,285.29,863049,False,MCB
2025-04-24,284.0,287.0,277.4,278.92,592202,False,MCB
2025-04-23,287.86,295.2,285.03,286.67,3317598,False,MCB
2025-04-22,289.8,289.8,284.0,285.47,180199,False,MCB
2025-04-21,277.99,291.5,277.99,288.74,1743559,False,MCB
2025-04-18,275.0,278.78,275.0,276.54,1645145,False,MCB
2025-04-17,276.65,277.19,273.01,274.74,170844,False,MCB
2025-04-16,273.88,278.9,272.58,274.38,698724,False,MCB
2025-04-15,272.98,273.4,271.05,271.82,406464,False,MCB
2025-04-14,273.88,276.88,270.0,271.49,1142930,False,MCB
2025-04-11,277.99,279.97,273.55,273.88,983166,False,MCB
2025-04-10,284.0,284.0,275.11,277.03,435487,False,MCB
2025-04-09,281.01,283.2,278.0,280.09,530483,False,MCB
2025-04-08,284.49,289.0,280.0,280.91,1462227,False,MCB
2025-04-07,288.5,289.8,277.0,284.55,1178602,False,MCB
2025-04-04,282.0,293.94,282.0,289.67,1866890,False,MCB
2025-04-03,280.94,282.5,275.01,281.31,886073,False,MCB
2025-03-27,278.79,281.4,276.51,280.66,1084898,False,MCB
2025-03-26,281.0,281.0,274.57,276.49,2003240,False,MCB
2025-03-25,284.0,284.0,276.0,276.62,269129,False,MCB
2025-03-24,281.01,282.99,278.5,279.15,947709,False,MCB
2025-03-21,282.03,284.0,280.5,281.01,351776,False,MCB
2025-03-20,282.51,283.61,281.02,282.03,227693,False,MCB
2025-03-19,280.25,283.49,280.25,281.9,225967,False,MCB
2025-03-18,282.3,286.89,280.0,282.2,254723,False,MCB
2025-03-17,282.99,288.0,281.5,282.31,40228,False,MCB
2025-03-14,283.0,283.97,280.25,281.92,178537,False,MCB
2025-03-13,290.0,292.0,289.9,290.34,235666,False,MCB
2025-03-12,291.9,291.9,290.0,290.63,68479,False,MCB
2025-03-11,292.85,292.85,290.0,290.17,86202,False,MCB
2025-03-10,292.5,293.0,289.99,290.36,222183,False,MCB
2025-03-07,289.85,294.0,287.1,290.16,130802,False,MCB
2025-03-06,283.25,289.0,283.25,288.39,46900,False,MCB
2025-03-05,283.5,290.45,281.5,285.09,15418,False,MCB
2025-03-04,284.99,288.0,281.6,286.26,45922,False,MCB
2025-03-03,286.16,288.48,280.01,281.6,41973,False,MCB
2025-02-28,286.0,288.8,285.0,286.16,50130,False,MCB
2025-02-27,285.01,291.0,285.01,285.67,58200,False,MCB
2025-02-26,290.0,291.97,287.0,287.3,89557,False,MCB
2025-02-25,283.0,294.0,282.0,290.06,798392,False,MCB
2025-02-24,272.0,289.0,270.0,284.49,576946,False,MCB
2025-02-21,278.5,278.5,270.01,271.1,441752,False,MCB
2025-02-20,273.25,277.7,273.0,277.1,165585,False,MCB
2025-02-19,274.32,275.87,272.01,273.25,129906,False,MCB
2025-02-18,277.97,277.97,247.37,274.25,208609,False,MCB
2025-02-17,278.0,279.99,274.5,274.86,641947,False,MCB
2025-02-14,278.05,282.0,276.25,277.34,71640,False,MCB
2025-02-13,275.03,282.0,275.03,279.02,208126,False,MCB
2025-02-12,279.86,281.75,276.5,276.73,353171,False,MCB
2025-02-11,278.95,281.95,276.51,277.82,117064,False,MCB
2025-02-10,280.0,280.64,274.91,276.25,408176,False,MCB
2025-02-07,284.0,290.0,275.2,278.81,757947,False,MCB
2025-02-06,283.5,284.89,267.0,280.93,1223835,False,MCB
2025-02-04,283.77,286.0,281.0,281.97,150051,False,MCB
2025-02-03,284.0,285.49,281.0,283.77,225641,False,MCB
2025-01-31,282.99,286.9,280.15,283.64,388836,False,MCB
2025-01-30,278.99,283.0,278.01,281.71,131721,False,MCB
2025-01-29,284.0,285.0,277.99,278.51,276267,False,MCB
2025-01-28,284.6,285.0,281.03,282.48,88714,False,MCB
2025-01-27,283.05,286.98,281.0,282.65,311792,False,MCB
2025-01-24,286.1,288.5,282.31,287.47,137845,False,MCB
2025-01-23,285.99,286.95,282.12,286.1,203864,False,MCB
2025-01-22,285.01,286.8,281.01,284.12,141447,False,MCB
2025-01-21,287.0,287.11,284.81,285.93,248508,False,MCB
2025-01-20,282.0,287.32,280.1,285.83,78562,False,MCB
2025-01-17,283.49,285.1,278.12,284.06,817465,False,MCB
2025-01-16,283.89,283.89,280.46,281.79,73954,False,MCB
2025-01-15,284.0,286.6,280.03,281.62,733837,False,MCB
2025-01-14,283.99,286.74,282.0,283.13,505248,False,MCB
2025-01-13,282.05,286.0,281.51,282.98,216630,False,MCB
2025-01-10,282.37,285.0,276.05,284.16,235186,False,MCB
2025-01-09,285.0,286.6,279.01,282.37,194201,False,MCB
2025-01-08,286.0,290.0,277.0,282.95,263871,False,MCB
2025-01-07,290.0,290.4,280.05,288.49,485562,False,MCB
2025-01-06,287.0,290.2,281.02,288.15,268655,False,MCB
2025-01-03,283.3,287.0,277.01,285.41,306258,False,MCB
2025-01-02,284.1,288.88,282.01,283.14,677112,False,MCB
2025-01-01,282.0,288.0,281.3,285.03,204910,False,MCB
2024-12-31,287.5,289.44,280.0,281.3,440607,False,MCB
2024-12-30,270.01,290.0,270.01,287.32,995328,False,MCB
2024-12-27,262.03,272.0,262.03,268.96,533456,False,MCB
2024-12-26,264.99,270.5,264.0,267.9,299274,False,MCB
2024-12-24,274.0,274.5,262.5,263.5,849408,False,MCB
2024-12-23,270.0,280.0,270.0,274.03,775282,False,MCB
2024-12-20,259.0,272.0,251.03,267.31,858265,False,MCB
2024-12-19,268.0,268.99,254.0,257.08,737336,False,MCB
2024-12-18,272.0,274.3,265.99,268.69,686586,False,MCB
2024-12-17,258.0,275.24,258.0,270.29,1130259,False,MCB
2024-12-16,258.07,264.99,255.01,258.79,530611,False,MCB
2024-12-13,261.51,269.49,251.0,262.69,1193288,False,MCB
2024-12-12,264.17,270.0,258.55,264.31,841408,False,MCB
2024-12-11,264.6,269.65,260.6,264.16,440486,False,MCB
2024-12-10,274.05,277.0,260.11,264.55,1065009,False,MCB
2024-12-09,290.0,290.0,271.74,274.05,1045046,False,MCB
2024-12-06,290.0,295.4,285.05,287.06,720145,False,MCB
2024-12-05,277.75,288.0,273.0,287.16,2541753,False,MCB
2024-12-04,278.39,279.5,273.99,274.73,232403,False,MCB
2024-12-03,277.0,279.45,273.01,277.71,480688,False,MCB
2024-12-02,272.0,278.0,272.0,274.93,452878,False,MCB
2024-11-29,269.99,272.5,264.0,271.26,385494,False,MCB
2024-11-28,282.0,285.25,265.0,267.81,605361,False,MCB
2024-11-27,275.1,289.9,275.0,279.39,1033683,False,MCB
2024-11-26,269.0,292.48,256.0,266.76,2609931,False,MCB
2024-11-25,258.16,282.06,258.16,265.89,1686740,False,MCB
2024-11-22,246.0,267.99,245.0,262.32,4468300,False,MCB
2024-11-21,244.0,247.0,242.0,245.87,588491,False,MCB
2024-11-20,246.12,249.9,242.36,244.07,712831,False,MCB
2024-11-19,249.98,250.0,246.0,247.78,652301,False,MCB
2024-11-18,250.84,251.15,246.17,246.99,226697,False,MCB
2024-11-15,249.98,252.05,248.0,249.03,634777,False,MCB
2024-11-14,244.44,251.87,242.0,247.51,369539,False,MCB
2024-11-13,244.0,245.0,241.31,242.43,116291,False,MCB
2024-11-12,245.99,245.99,240.01,244.61,207338,False,MCB
2024-11-11,245.12,248.0,243.5,244.7,211746,False,MCB
2024-11-08,248.97,248.97,243.0,244.98,268697,False,MCB
2024-11-07,247.0,252.99,246.85,247.38,269083,False,MCB
2024-11-06,245.99,251.54,244.0,246.57,405677,False,MCB
2024-11-05,243.55,246.22,238.11,245.48,734005,False,MCB
2024-11-04,251.0,251.0,241.11,243.71,264310,False,MCB
2024-11-01,245.98,253.0,240.0,250.05,347807,False,MCB
2024-10-31,254.0,254.0,242.0,244.13,548000,False,MCB
2024-10-30,263.0,265.6,261.99,263.44,803870,False,MCB
2024-10-29,262.32,264.99,261.07,262.08,411640,False,MCB
2024-10-28,257.0,264.99,257.0,260.39,196272,False,MCB
2024-10-25,248.49,259.0,248.1,257.32,425938,False,MCB
2024-10-24,242.0,248.84,240.2,247.91,802288,False,MCB
2024-10-23,249.79,249.79,240.51,241.77,393955,False,MCB
2024-10-22,249.94,249.94,246.02,247.36,33676,False,MCB
2024-10-21,249.0,250.65,245.0,246.7,135113,False,MCB
2024-10-18,251.49,251.49,247.0,247.4,99306,False,MCB
2024-10-17,255.5,257.0,248.0,249.84,236926,False,MCB
2024-10-16,261.79,261.8,255.5,256.52,69975,False,MCB
2024-10-15,257.05,261.65,257.01,259.37,38046,False,MCB
2024-10-14,258.99,261.9,258.0,258.17,55102,False,MCB
2024-10-11,254.1,258.65,254.1,257.42,111653,False,MCB
2024-10-10,255.9,260.0,254.0,255.18,143058,False,MCB
2024-10-09,247.02,256.99,247.02,255.9,315537,False,MCB
2024-10-08,245.51,249.4,245.0,248.51,222389,False,MCB
2024-10-07,244.9,247.95,242.02,246.15,258004,False,MCB
2024-10-04,242.9,244.97,241.0,244.27,147866,False,MCB
2024-10-03,240.62,243.89,240.5,241.47,186663,False,MCB
2024-10-02,240.5,243.99,238.01,243.02,159320,False,MCB
2024-10-01,238.05,241.94,238.0,240.01,380916,False,MCB
2024-09-30,242.0,242.0,234.0,240.4,294131,False,MCB
2024-09-27,241.7,246.53,239.0,241.03,134996,False,MCB
2024-09-26,245.0,247.5,242.02,244.28,299591,False,MCB
2024-09-25,234.99,245.0,231.01,244.57,464142,False,MCB
2024-09-24,238.0,239.8,231.0,233.35,401001,False,MCB
2024-09-23,236.0,239.89,233.95,238.28,493960,False,MCB
2024-09-20,226.99,237.9,226.99,236.71,1395293,False,MCB
2024-09-19,221.01,231.25,218.22,227.28,532435,False,MCB
2024-09-18,217.2,222.99,215.0,220.19,478866,False,MCB
2024-09-16,215.99,216.9,214.0,216.53,77922,False,MCB
2024-09-13,217.99,218.95,215.4,215.96,211815,False,MCB
2024-09-12,218.45,218.45,215.25,217.05,97561,False,MCB
2024-09-11,222.69,222.69,216.5,217.1,242357,False,MCB
2024-09-10,219.7,222.22,218.0,221.78,361447,False,MCB
2024-09-09,218.95,220.0,216.56,218.83,198933,False,MCB
2024-09-06,218.98,219.95,215.2,218.95,232402,False,MCB
2024-09-05,213.34,219.95,212.61,217.07,321410,False,MCB
2024-09-04,213.94,215.48,212.5,214.95,127736,False,MCB
2024-09-03,213.8,214.9,211.9,212.15,157357,False,MCB
2024-09-02,214.32,216.0,213.11,214.27,72778,False,MCB
2024-08-30,211.01,215.2,211.01,214.3,279037,False,MCB
2024-08-29,214.0,214.0,210.0,212.95,257775,False,MCB
2024-08-28,215.24,215.5,211.05,212.05,197759,False,MCB
2024-08-27,214.5,214.99,213.0,213.5,79547,False,MCB
2024-08-26,216.12,216.49,214.0,214.46,279960,False,MCB
2024-08-23,215.8,217.38,215.0,216.05,285812,False,MCB
2024-08-22,212.5,216.0,212.5,215.78,228906,False,MCB
2024-08-21,215.0,215.55,213.0,213.29,364263,False,MCB
2024-08-20,214.19,217.0,213.0,213.91,85950,False,MCB
2024-08-19,217.0,219.0,213.0,215.76,171191,False,MCB
2024-08-16,223.5,223.5,216.5,217.86,1233576,False,MCB
2024-08-15,228.99,234.0,227.12,231.25,777507,False,MCB
2024-08-13,228.98,228.99,226.05,227.85,79688,False,MCB
2024-08-12,229.0,229.97,226.0,227.78,237849,False,MCB
2024-08-09,224.98,227.99,223.0,226.25,214356,False,MCB
2024-08-08,221.97,225.97,221.51,222.81,801534,False,MCB
2024-08-07,223.49,224.16,220.85,221.17,335041,False,MCB
2024-08-06,223.85,224.0,221.0,221.42,413004,False,MCB
2024-08-05,228.0,228.0,221.25,222.0,407463,False,MCB
2024-08-02,228.79,228.79,224.95,225.47,130111,False,MCB
2024-08-01,229.99,230.0,225.5,226.95,201670,False,MCB
2024-07-31,228.99,230.7,226.0,227.94,260236,False,MCB
2024-07-30,229.48,229.99,225.52,228.28,133032,False,MCB
2024-07-29,222.0,228.5,222.0,227.31,298252,False,MCB
2024-07-26,226.49,227.0,224.1,224.75,91587,False,MCB
2024-07-25,229.09,230.8,223.59,224.47,93940,False,MCB
2024-07-24,227.99,230.98,227.0,228.35,257161,False,MCB
2024-07-23,225.01,227.99,225.01,226.88,299486,False,MCB
2024-07-22,227.0,230.8,224.51,225.09,343597,False,MCB
2024-07-19,233.04,233.04,228.0,229.13,428591,False,MCB
2024-07-18,230.0,233.97,229.0,233.04,527004,False,MCB
2024-07-15,224.0,230.9,221.0,229.42,2053735,False,MCB
2024-07-12,220.99,221.98,217.0,220.46,773155,False,MCB
2024-07-11,220.99,222.89,218.13,219.01,656831,False,MCB
2024-07-10,226.8,226.8,220.59,221.06,273743,False,MCB
2024-07-09,228.0,229.0,223.03,224.06,456510,False,MCB
2024-07-08,228.5,229.5,225.0,225.88,379690,False,MCB
2024-07-05,231.73,232.5,226.56,228.16,719151,False,MCB
2024-07-04,231.0,233.0,229.75,230.22,339610,False,MCB
2024-07-03,231.86,235.0,230.53,231.43,364787,False,MCB
2024-07-02,230.98,231.86,229.5,230.07,504332,False,MCB
2024-07-01,227.99,233.4,227.75,229.44,512174,False,MCB
2024-06-28,235.55,236.89,224.5,227.02,1459298,False,MCB
2024-06-27,242.97,245.98,232.22,236.95,141738,False,MCB
2024-06-26,240.89,244.99,238.82,240.1,573110,False,MCB
2024-06-25,240.2,249.6,240.0,240.89,74166,False,MCB
2024-06-24,245.0,252.25,238.11,246.52,416046,False,MCB
2024-06-21,245.0,255.3,244.5,245.33,1769890,False,MCB
2024-06-20,224.4,243.32,224.26,243.32,1830228,False,MCB
2024-06-14,215.99,229.0,215.0,224.26,819530,False,MCB
2024-06-13,200.0,214.63,200.0,214.63,1630443,False,MCB
2024-06-12,197.95,200.9,195.05,197.82,356711,False,MCB
2024-06-11,199.25,199.25,196.0,196.81,200580,False,MCB
2024-06-10,199.44,202.0,198.5,199.4,167872,False,MCB
2024-06-07,202.99,202.99,193.0,199.44,699289,False,MCB
2024-06-06,202.11,204.0,201.4,201.78,301423,False,MCB
2024-06-05,205.0,205.99,201.5,203.34,151942,False,MCB
2024-06-04,206.15,207.77,202.8,204.25,361996,False,MCB
2024-06-03,208.15,212.0,205.5,206.15,163638,False,MCB
2024-05-31,203.0,209.1,201.26,208.13,671117,False,MCB
2024-05-30,204.65,207.4,201.56,202.32,657317,False,MCB
2024-05-29,206.82,209.0,202.11,204.53,326987,False,MCB
2024-05-27,211.95,212.98,205.1,206.7,366234,False,MCB
2024-05-24,207.9,212.5,205.52,210.63,1565614,False,MCB
2024-05-23,209.51,210.9,204.5,205.42,864106,False,MCB
2024-05-22,214.0,214.89,208.0,209.27,189820,False,MCB
2024-05-21,212.98,215.0,207.26,212.99,261924,False,MCB
2024-05-20,216.0,216.38,208.6,211.98,500372,False,MCB
2024-05-17,217.0,217.2,213.4,216.38,165726,False,MCB
2024-05-16,213.0,217.5,212.0,217.17,257407,False,MCB
2024-05-15,208.91,213.1,208.0,212.29,417165,False,MCB
2024-05-14,203.99,209.97,203.51,208.81,413194,False,MCB
2024-05-13,203.97,204.93,203.02,203.99,417144,False,MCB
2024-05-10,205.74,205.74,203.0,203.21,432199,False,MCB
2024-05-09,203.34,204.8,203.0,204.01,299968,False,MCB
2024-05-08,205.3,205.7,202.66,203.37,1140064,False,MCB
2024-05-07,206.1,206.84,205.15,205.52,1130463,False,MCB
2024-05-06,203.49,206.25,200.11,205.89,510166,False,MCB
2024-05-03,200.0,204.0,195.0,203.2,790334,False,MCB
2024-05-02,205.35,209.87,205.35,208.22,695094,False,MCB
2024-04-30,213.95,214.5,207.51,208.12,788529,False,MCB
2024-04-29,215.0,215.0,209.85,211.11,547277,False,MCB
2024-04-26,216.97,217.99,212.81,213.1,453335,False,MCB
2024-04-25,215.0,217.0,212.91,214.07,459644,False,MCB
2024-04-24,213.42,216.99,212.8,213.53,1047692,False,MCB
2024-04-23,211.01,214.2,211.0,213.42,468625,False,MCB
2024-04-22,212.9,214.64,211.0,212.29,569952,False,MCB
2024-04-19,213.88,213.88,207.02,212.44,275873,False,MCB
2024-04-18,207.08,211.5,207.08,210.85,571132,False,MCB
2024-04-17,207.8,210.49,205.01,207.36,305944,False,MCB
2024-04-16,207.05,209.9,206.2,207.82,307624,False,MCB
2024-04-15,208.1,213.49,204.55,207.21,370465,False,MCB
2024-04-09,216.9,222.0,209.51,214.02,747931,False,MCB
2024-04-08,205.01,217.5,205.01,216.2,332836,False,MCB
2024-04-04,201.0,207.8,201.0,207.11,142213,False,MCB
2024-04-03,205.11,206.43,204.01,205.07,99896,False,MCB
2024-04-02,204.0,206.41,204.0,205.8,64276,False,MCB
2024-04-01,203.0,205.0,203.0,203.96,157131,False,MCB
2024-03-29,200.99,203.94,199.91,203.26,239673,False,MCB
2024-03-28,197.0,200.3,197.0,200.04,602903,False,MCB
2024-03-27,193.41,198.8,193.41,197.13,414428,False,MCB
2024-03-26,195.77,195.77,193.54,193.83,41927,False,MCB
2024-03-25,193.25,195.94,193.2,195.06,168496,False,MCB
2024-03-22,195.75,196.0,193.0,194.86,309789,False,MCB
2024-03-21,194.6,197.0,188.0,195.54,313177,False,MCB
2024-03-20,192.01,195.0,192.0,193.55,139079,False,MCB
2024-03-19,189.0,193.5,187.0,192.47,791088,False,MCB
2024-03-18,189.0,189.5,185.9,186.71,59655,False,MCB
2024-03-15,189.49,190.0,186.01,188.91,217322,False,MCB
2024-03-14,188.99,191.9,188.0,188.93,344691,False,MCB
2024-03-13,199.0,200.2,197.51,198.61,215985,False,MCB
2024-03-12,199.98,199.98,197.55,198.73,1048818,False,MCB
2024-03-11,201.97,201.97,196.0,198.61,515982,False,MCB
2024-03-08,204.88,204.88,200.0,200.82,174300,False,MCB
2024-03-07,203.2,205.77,201.0,201.6,4087394,False,MCB
2024-03-06,201.02,205.5,201.02,203.97,559949,False,MCB
2024-03-05,201.5,203.0,200.0,201.24,144888,False,MCB
2024-03-04,200.0,202.49,198.5,200.58,3220381,False,MCB
2024-03-01,199.0,201.0,198.51,200.29,195687,False,MCB
2024-02-29,197.98,200.0,195.97,198.0,868142,False,MCB
2024-02-28,190.15,198.5,190.15,196.62,1383363,False,MCB
2024-02-27,194.0,195.29,191.51,193.1,440567,False,MCB
2024-02-26,191.0,196.0,191.0,193.48,176305,False,MCB
2024-02-23,187.98,192.5,187.0,191.79,277694,False,MCB
2024-02-22,188.4,188.75,185.0,187.64,916771,False,MCB
2024-02-21,186.45,188.0,184.51,187.5,323214,False,MCB
2024-02-20,187.02,187.75,184.0,184.23,215374,False,MCB
2024-02-19,183.11,188.0,183.0,186.23,699953,False,MCB
2024-02-16,185.4,187.2,185.0,186.4,918448,False,MCB
2024-02-15,186.1,187.87,184.1,185.53,451644,False,MCB
2024-02-14,184.5,186.5,182.05,186.06,66268,False,MCB
2024-02-13,184.0,185.85,178.11,184.65,191116,False,MCB
2024-02-12,181.05,185.0,181.01,182.14,352317,False,MCB
2024-02-09,185.96,190.0,180.1,183.76,156627,False,MCB
2024-02-07,186.05,186.85,185.02,185.61,305260,False,MCB
2024-02-06,184.0,189.01,183.0,185.76,1607305,False,MCB
2024-02-02,180.23,184.7,180.23,184.04,195987,False,MCB
2024-02-01,180.99,181.0,177.51,180.23,176938,False,MCB
2024-01-31,177.05,180.0,177.05,179.05,287765,False,MCB
2024-01-30,177.75,179.96,176.0,178.21,759027,False,MCB
2024-01-29,178.88,178.88,174.6,175.67,381346,False,MCB
2024-01-26,178.9,178.99,176.22,177.88,1499028,False,MCB
2024-01-25,178.99,180.02,177.7,177.78,387122,False,MCB
2024-01-24,178.32,179.48,177.0,178.23,173479,False,MCB
2024-01-23,179.18,180.0,177.2,178.18,1285313,False,MCB
2024-01-22,177.9,178.8,176.2,178.13,317787,False,MCB
2024-01-19,177.87,178.78,176.11,177.53,160238,False,MCB
2024-01-18,176.79,177.75,173.11,176.31,258712,False,MCB
2024-01-17,174.02,177.0,174.02,175.96,199819,False,MCB
2024-01-16,177.25,177.3,173.51,175.0,156158,False,MCB
2024-01-15,175.5,177.8,175.5,176.21,149221,False,MCB
2024-01-12,175.2,178.5,173.5,175.39,342848,False,MCB
2024-01-11,175.0,176.0,174.0,175.17,156553,False,MCB
2024-01-10,175.09,175.76,174.02,175.37,129254,False,MCB
2024-01-09,176.19,177.0,173.5,175.02,387254,False,MCB
2024-01-08,177.75,177.8,175.0,175.18,137216,False,MCB
2024-01-05,175.15,177.8,174.5,177.11,334883,False,MCB
2024-01-04,178.55,178.55,175.28,176.69,73947,False,MCB
2024-01-03,178.0,180.0,176.11,176.99,445499,False,MCB
2024-01-02,179.94,181.43,177.8,178.16,293301,False,MCB
2024-01-01,171.25,180.0,171.25,179.07,317535,False,MCB
2026-09-25,426.0,429.0,423.0,427.47,384286,False,UBL
2026-09-24,432.89,432.89,425.01,426.26,352197,False,UBL
2026-09-23,432.0,433.0,429.0,432.68,748355,False,UBL
2026-09-22,430.02,432.0,426.52,429.07,315578,False,UBL
2026-09-21,432.8,433.0,427.7,428.61,902028,False,UBL
2026-09-18,425.0,431.5,423.2,429.5,1105244,False,UBL
2026-09-17,421.84,424.3,420.0,422.83,950745,False,UBL
2026-09-16,417.97,421.49,414.01,419.83,1903625,False,UBL
2026-09-15,418.98,421.89,416.12,418.96,780031,False,UBL
2026-09-14,423.0,423.0,411.11,414.07,1746351,False,UBL
2026-09-11,419.0,427.5,413.76,425.53,1706766,False,UBL
2026-09-10,426.07,429.4,420.65,422.5,1989041,False,UBL
2026-09-09,423.14,432.52,417.99,426.07,1288999,False,UBL
2026-09-08,429.99,430.0,417.28,423.14,1800774,False,UBL
2026-09-07,440.0,441.0,427.8,428.98,1673019,False,UBL
2026-09-04,443.0,444.0,438.79,440.83,686926,False,UBL
2026-09-03,445.3,448.0,442.03,443.21,945354,False,UBL
2026-09-02,445.0,447.0,442.0,444.64,598596,False,UBL
2026-09-01,450.8,452.99,448.3,449.1,984373,False,UBL
2026-08-31,457.99,457.99,448.6,450.76,1000114,False,UBL
2026-08-28,459.85,461.11,457.0,458.7,1749780,False,UBL
2026-08-27,458.0,462.0,457.2,459.85,1133517,False,UBL
2026-08-25,449.49,463.13,444.89,456.97,1572644,False,UBL
2026-08-24,448.16,452.0,441.77,444.89,1153839,False,UBL
2026-08-21,448.01,453.49,442.01,446.43,1896516,False,UBL
2026-08-20,454.0,457.9,443.75,447.93,1393525,False,UBL
2026-08-19,458.5,461.5,452.0,453.66,2298632,False,UBL
2026-08-18,468.5,468.99,459.17,461.98,1125546,False,UBL
2026-08-17,469.22,471.41,467.11,468.64,560193,False,UBL
2026-08-13,470.21,470.99,467.0,469.23,291971,False,UBL
2026-08-12,469.6,472.99,467.0,468.7,610384,False,UBL
2026-08-11,471.49,473.0,465.15,469.57,1474567,False,UBL
2026-08-10,476.11,479.0,470.0,473.16,991794,False,UBL
2026-08-07,477.0,478.78,473.0,475.74,1046463,False,UBL
2026-08-06,473.0,479.89,470.5,478.03,2514396,False,UBL
2026-08-05,470.0,473.5,463.0,471.44,2431158,False,UBL
2026-08-04,468.0,469.9,461.7,462.71,904833,False,UBL
2026-08-03,471.98,474.74,467.0,467.69,1475778,False,UBL
2026-07-31,468.0,470.0,464.5,465.21,1162621,False,UBL
2026-07-30,467.0,476.0,463.99,473.96,3670901,False,UBL
2026-07-29,469.99,470.45,465.06,469.11,2117163,False,UBL
2026-07-28,480.3,481.97,471.0,473.33,1573840,False,UBL
2026-07-27,469.0,480.6,461.02,477.91,3724674,False,UBL
2026-07-24,449.88,454.8,443.0,446.7,1869183,False,UBL
2026-07-23,465.11,469.5,449.8,452.12,2005536,False,UBL
2026-07-22,474.36,474.98,462.02,464.79,4611424,False,UBL
2026-07-21,476.0,481.84,472.25,474.36,2297136,False,UBL
2026-07-20,460.0,474.0,457.01,471.94,1852821,False,UBL
2026-07-17,472.0,474.52,464.0,465.98,1334316,False,UBL
2026-07-16,462.58,472.98,462.58,470.23,1880995,False,UBL
2026-07-15,460.0,468.0,457.5,462.58,2091081,False,UBL
2026-07-14,470.05,472.49,451.0,453.98,2786078,False,UBL
2026-07-13,475.0,482.9,472.0,476.41,1479210,False,UBL
2026-07-10,482.5,488.66,480.19,484.06,3748040,False,UBL
2026-07-09,475.0,482.8,467.0,479.01,3377560,False,UBL
2026-07-08,475.0,487.0,461.12,477.6,4478938,False,UBL
2026-07-07,498.0,498.0,488.6,490.29,1367704,False,UBL
2026-07-06,491.8,496.0,491.8,494.67,2459608,False,UBL
2026-07-03,482.0,497.31,480.25,490.77,3564201,False,UBL
2026-07-02,484.5,494.3,478.36,484.99,5332053,False,UBL
2026-07-01,449.5,484.98,449.5,479.73,8560443,False,UBL
2026-06-30,445.0,449.51,444.32,447.67,2358271,False,UBL
2026-06-29,440.0,453.0,436.0,442.79,12042130,False,UBL
2026-06-24,429.31,445.0,429.31,442.92,2491426,False,UBL
2026-06-23,441.4,441.4,427.99,429.31,2168024,False,UBL
2026-06-22,444.0,445.0,435.5,437.46,1316691,False,UBL
2026-06-19,445.0,445.99,428.5,438.18,3605352,False,UBL
2026-06-18,446.9,448.0,444.0,445.04,5270983,False,UBL
2026-06-17,456.8,458.5,442.6,445.2,4879298,False,UBL
2026-06-16,435.1,455.9,434.01,454.43,5684612,False,UBL
2026-06-15,413.99,430.0,413.51,428.07,4296022,False,UBL
2026-06-12,404.8,409.0,400.0,404.97,1857049,False,UBL
2026-06-11,396.0,401.01,393.5,399.0,1109853,False,UBL
2026-06-10,397.0,401.59,395.84,397.08,623419,False,UBL
2026-06-09,399.99,401.1,398.5,400.18,881933,False,UBL
2026-06-08,398.0,398.0,391.25,394.76,670308,False,UBL
2026-06-05,405.05,407.0,397.02,399.57,1485387,False,UBL
2026-06-04,405.0,407.45,403.5,404.72,905251,False,UBL
2026-06-03,405.51,407.85,402.5,404.47,345308,False,UBL
2026-06-02,404.7,411.8,402.11,406.97,1197933,False,UBL
2026-06-01,408.98,409.51,402.0,404.77,1713000,False,UBL
2026-05-29,415.0,417.0,405.5,408.73,3923435,False,UBL
2026-05-25,414.9,417.0,409.1,413.49,1418604,False,UBL
2026-05-22,411.0,414.0,402.05,404.05,1663751,False,UBL
2026-05-21,390.1,410.0,390.1,407.03,4473497,False,UBL
2026-05-20,384.0,389.9,380.0,388.73,938216,False,UBL
2026-05-19,374.85,384.0,374.85,382.07,1345462,False,UBL
2026-05-18,374.72,376.89,371.0,372.67,1326131,False,UBL
2026-05-15,383.1,383.1,376.05,379.5,3189104,False,UBL
2026-05-14,396.7,396.7,380.02,384.21,2042273,False,UBL
2026-05-13,400.1,403.99,391.3,394.05,1258589,False,UBL
2026-05-12,406.0,410.0,395.0,399.55,1374381,False,UBL
2026-05-11,412.0,413.0,404.0,405.48,1388057,False,UBL
2026-05-08,416.62,417.24,411.0,415.22,1458755,False,UBL
2026-05-07,416.5,423.75,413.0,421.71,3021667,False,UBL
2026-05-06,396.8,419.19,392.0,415.6,3739009,False,UBL
2026-05-05,380.0,387.0,380.0,385.11,1448268,False,UBL
2026-05-04,386.0,398.0,384.0,385.94,1096678,False,UBL
2026-04-30,380.01,389.7,370.26,381.23,3876233,False,UBL
2026-04-29,400.99,405.0,387.6,390.16,1411710,False,UBL
2026-04-28,402.0,405.0,396.0,400.67,3213382,False,UBL
2026-04-27,416.4,416.5,407.0,409.88,2099342,False,UBL
2026-04-24,405.05,419.01,402.05,416.31,3144070,False,UBL
2026-04-23,419.0,422.0,400.0,410.46,3574325,False,UBL
2026-04-22,445.0,445.0,422.01,425.2,5341027,False,UBL
2026-04-21,419.0,451.5,419.0,436.6,6379432,False,UBL
2026-04-20,404.31,420.99,395.01,415.84,8953976,False,UBL
2026-04-17,385.0,409.9,385.0,406.88,7693869,False,UBL
2026-04-16,375.0,384.49,373.0,381.38,4317842,False,UBL
2026-04-15,365.1,382.48,361.9,370.73,16139986,False,UBL
2026-04-14,350.0,359.0,350.0,355.93,2309702,False,UBL
2026-04-13,348.01,355.0,341.11,342.73,3704992,False,UBL
2026-04-10,360.01,368.0,355.0,360.34,5590841,False,UBL
2026-04-09,350.0,365.0,340.2,357.07,6749074,False,UBL
2026-04-08,346.65,346.65,346.65,346.65,3631740,False,UBL
2026-04-07,305.0,316.99,293.25,315.14,5563975,False,UBL
2026-04-06,327.0,328.75,294.1,306.1,14902528,False,UBL
2026-04-03,333.0,337.5,321.6,326.76,6694338,False,UBL
2026-04-02,340.0,344.0,336.6,340.62,2001736,False,UBL
2026-04-01,338.0,356.0,337.0,353.06,6032335,False,UBL
2026-03-31,340.0,344.98,328.0,331.95,2524630,False,UBL
2026-03-30,346.0,347.0,330.0,336.81,1633213,False,UBL
2026-03-27,350.0,354.5,339.0,344.45,2385166,False,UBL
2026-03-26,374.5,374.99,343.0,347.58,2917729,False,UBL
2026-03-25,372.02,376.88,369.4,374.01,1466624,False,UBL
2026-03-24,378.01,378.77,367.01,369.54,707600,False,UBL
2026-03-19,362.32,375.0,362.32,368.72,1169167,False,UBL
2026-03-18,365.0,387.0,365.0,382.07,1164731,False,UBL
2026-03-17,360.01,365.8,357.5,364.83,822144,False,UBL
2026-03-16,371.37,374.98,352.1,358.45,1020364,False,UBL
2026-03-13,365.22,376.0,362.56,371.37,688786,False,UBL
2026-03-12,373.98,373.98,362.5,365.22,1265998,False,UBL
2026-03-11,382.16,388.95,372.9,374.37,1198962,False,UBL
2026-03-10,397.47,397.47,379.4,381.49,2343117,False,UBL
2026-03-09,380.0,388.0,361.34,361.34,5325659,False,UBL
2026-03-06,418.0,418.0,399.01,401.49,2875618,False,UBL
2026-03-05,416.0,421.89,413.15,416.07,1102310,False,UBL
2026-03-04,420.0,420.0,403.7,412.85,2585696,False,UBL
2026-03-03,396.0,424.0,395.0,418.68,3163672,False,UBL
2026-03-02,395.82,415.0,395.82,396.03,3856859,False,UBL
2026-02-27,450.0,457.0,430.0,439.8,1416459,False,UBL
2026-02-26,450.1,457.99,443.0,451.19,1492825,False,UBL
2026-02-25,467.0,471.89,447.0,450.04,2942476,False,UBL
2026-02-24,470.1,479.98,459.99,461.46,1204649,False,UBL
2026-02-23,479.88,484.8,464.05,470.09,537586,False,UBL
2026-02-20,482.5,484.99,469.0,479.98,1053062,False,UBL
2026-02-19,490.5,490.5,465.0,477.65,1289120,False,UBL
2026-02-18,462.0,491.24,460.06,489.32,2275151,False,UBL
2026-02-17,463.0,468.5,446.18,455.57,2234597,False,UBL
2026-02-16,483.0,483.5,446.0,459.84,1629894,False,UBL
2026-02-13,488.0,488.0,478.02,479.98,1048900,False,UBL
2026-02-12,485.06,491.91,474.0,484.84,1814049,False,UBL
2026-02-11,491.99,491.99,482.9,485.06,643116,False,UBL
2026-02-10,491.99,492.0,483.01,487.77,775526,False,UBL
2026-02-09,494.01,502.0,482.0,487.99,2149906,False,UBL
2026-02-06,505.0,509.0,490.0,493.77,1551538,False,UBL
2026-02-04,499.99,506.5,498.0,503.14,1476748,False,UBL
2026-02-03,496.0,502.0,495.0,499.68,1740204,False,UBL
2026-02-02,487.5,497.03,483.5,495.26,2632185,False,UBL
2026-01-30,480.0,497.0,480.0,486.92,976817,False,UBL
2026-01-29,493.0,493.0,478.0,479.0,2002115,False,UBL
2026-01-28,484.8,498.0,484.05,492.91,2500629,False,UBL
2026-01-27,486.12,492.0,482.0,484.02,1168563,False,UBL
2026-01-26,484.0,491.9,484.0,485.12,687490,False,UBL
2026-01-23,486.76,490.25,480.0,483.73,1362851,False,UBL
2026-01-22,495.0,496.0,485.75,486.76,883788,False,UBL
2026-01-21,493.42,495.41,486.66,489.7,777549,False,UBL
2026-01-20,497.8,501.0,490.16,492.87,1696753,False,UBL
2026-01-19,483.0,510.0,482.0,494.78,4499136,False,UBL
2026-01-16,478.93,483.99,474.0,479.95,3087898,False,UBL
2026-01-15,483.98,487.0,470.5,474.19,2333328,False,UBL
2026-01-14,490.0,490.0,478.6,479.95,2436669,False,UBL
2026-01-13,480.41,493.0,470.01,490.01,2333866,False,UBL
2026-01-12,485.99,488.93,478.0,480.41,1109451,False,UBL
2026-01-09,489.0,491.8,483.92,485.99,1288885,False,UBL
2026-01-08,495.54,498.0,482.0,487.27,2485638,False,UBL
2026-01-07,505.0,511.0,486.5,495.54,5418336,False,UBL
2026-01-06,489.89,517.0,484.1,502.74,5763171,False,UBL
2026-01-05,467.5,494.9,467.49,487.8,2999424,False,UBL
2026-01-02,449.74,480.0,444.0,464.04,1899397,False,UBL
2026-01-01,425.0,450.0,424.99,443.1,2649686,False,UBL
2025-12-31,422.9,427.4,420.0,424.59,1375378,False,UBL
2025-12-30,419.0,427.9,417.0,422.98,2417653,False,UBL
2025-12-29,413.0,419.99,412.65,418.23,702417,False,UBL
2025-12-26,409.05,413.5,407.0,412.52,595929,False,UBL
2025-12-24,412.6,413.7,407.76,410.56,470620,False,UBL
2025-12-23,412.99,415.98,410.0,411.28,646393,False,UBL
2025-12-22,412.0,412.24,407.0,409.27,814554,False,UBL
2025-12-19,411.1,415.0,406.0,412.07,850712,False,UBL
2025-12-18,401.48,420.0,401.48,410.69,1976738,False,UBL
2025-12-17,393.5,405.0,390.11,401.47,3288808,False,UBL
2025-12-16,384.01,395.0,384.01,390.74,2173145,False,UBL
2025-12-15,380.3,384.79,378.01,382.3,818174,False,UBL
2025-12-12,375.2,384.1,375.2,379.66,1624782,False,UBL
2025-12-11,378.8,379.48,375.03,377.5,341707,False,UBL
2025-12-10,376.92,379.39,376.13,377.74,2397678,False,UBL
2025-12-09,376.02,378.9,375.01,376.91,931898,False,UBL
2025-12-08,375.2,377.0,373.73,375.57,1626241,False,UBL
2025-12-05,379.98,380.0,373.0,376.35,1262768,False,UBL
2025-12-04,375.11,377.55,372.72,373.9,101463,False,UBL
2025-12-03,377.11,378.5,374.0,374.83,557870,False,UBL
2025-12-02,379.9,381.9,377.0,378.38,1206966,False,UBL
2025-12-01,380.0,381.9,376.01,379.92,823294,False,UBL
2025-11-28,379.0,384.0,378.0,379.03,866697,False,UBL
2025-11-27,375.05,379.4,374.0,378.21,938937,False,UBL
2025-11-26,373.99,378.9,370.0,375.84,984447,False,UBL
2025-11-25,374.0,375.0,370.0,372.8,737146,False,UBL
2025-11-24,371.62,375.0,368.1,372.22,665345,False,UBL
2025-11-21,372.9,372.9,370.01,371.62,597534,False,UBL
2025-11-20,371.15,373.0,370.05,371.77,149272,False,UBL
2025-11-19,372.0,374.4,370.15,371.03,1084147,False,UBL
2025-11-18,375.0,375.0,369.78,371.45,582907,False,UBL
2025-11-17,376.14,378.5,372.0,373.52,530487,False,UBL
2025-11-14,373.5,376.98,370.21,376.14,421440,False,UBL
2025-11-13,372.01,374.1,370.2,372.04,272255,False,UBL
2025-11-12,370.0,371.7,367.0,371.01,223070,False,UBL
2025-11-11,373.0,376.4,368.0,369.13,1434105,False,UBL
2025-11-10,377.0,378.9,372.1,373.34,475435,False,UBL
2025-11-07,374.9,382.01,372.1,376.35,917817,False,UBL
2025-11-06,379.0,379.0,372.51,373.02,226204,False,UBL
2025-11-05,378.0,380.2,370.75,375.66,1050052,False,UBL
2025-11-04,382.1,382.6,376.5,377.38,603055,False,UBL
2025-11-03,386.9,386.9,378.81,380.03,884657,False,UBL
2025-10-31,363.0,392.22,363.0,384.87,1989479,False,UBL
2025-10-30,365.0,367.5,360.42,360.94,600391,False,UBL
2025-10-29,369.9,370.3,362.0,365.26,461895,False,UBL
2025-10-28,371.0,375.1,368.75,369.93,429566,False,UBL
2025-10-27,376.67,377.0,370.89,373.34,517756,False,UBL
2025-10-24,376.0,384.93,375.55,376.67,405190,False,UBL
2025-10-23,382.0,385.0,377.4,382.93,704295,False,UBL
2025-10-22,395.5,395.7,389.0,389.95,1646534,False,UBL
2025-10-21,396.0,397.9,390.51,394.33,1482326,False,UBL
2025-10-20,391.7,399.0,388.0,395.65,1517673,False,UBL
2025-10-17,389.67,392.1,386.0,387.03,516316,False,UBL
2025-10-16,389.99,393.68,389.0,389.67,1438265,False,UBL
2025-10-15,396.38,397.7,386.03,387.81,3125577,False,UBL
2025-10-14,377.0,393.1,377.0,391.37,1226376,False,UBL
2025-10-13,370.0,375.2,366.25,374.06,1704002,False,UBL
2025-10-10,377.5,380.5,370.06,376.09,899169,False,UBL
2025-10-09,384.88,387.9,374.0,377.95,910277,False,UBL
2025-10-08,395.85,397.87,380.0,382.8,1853359,False,UBL
2025-10-07,401.4,404.38,394.0,395.85,1245260,False,UBL
2025-10-06,403.98,410.3,397.0,401.29,1241178,False,UBL
2025-10-03,397.5,410.0,390.0,403.98,3195381,False,UBL
2025-10-02,386.0,398.99,386.0,397.51,1829417,False,UBL
2025-10-01,389.88,390.15,381.11,385.62,801293,False,UBL
2025-09-30,377.0,399.9,376.01,386.06,3302128,False,UBL
2025-09-29,373.0,380.1,373.0,375.27,1468862,False,UBL
2025-09-26,362.0,374.99,360.02,371.77,2718865,False,UBL
2025-09-25,363.16,364.8,360.2,360.89,814442,False,UBL
2025-09-24,362.0,364.0,360.0,363.09,2356481,False,UBL
2025-09-23,353.9,362.5,351.0,359.8,2865577,False,UBL
2025-09-22,361.0,362.4,350.2,351.83,1147898,False,UBL
2025-09-19,370.27,370.27,359.5,360.84,1399327,False,UBL
2025-09-18,366.0,370.39,365.0,368.61,571248,False,UBL
2025-09-17,368.0,369.9,364.5,365.81,287886,False,UBL
2025-09-16,366.25,370.4,365.3,367.1,1238767,False,UBL
2025-09-15,363.22,368.65,363.22,366.2,472944,False,UBL
2025-09-12,375.94,376.9,359.0,363.06,1468630,False,UBL
2025-09-11,375.52,378.5,374.41,374.97,446283,False,UBL
2025-09-10,379.4,379.4,374.26,375.52,986354,False,UBL
2025-09-09,379.98,384.19,376.02,378.58,1335407,False,UBL
2025-09-08,384.0,384.56,376.5,377.44,1191553,False,UBL
2025-09-05,385.0,385.15,381.0,382.38,893174,False,UBL
2025-09-04,387.0,389.0,383.0,384.19,655211,False,UBL
2025-09-03,383.0,387.0,381.2,383.69,863714,False,UBL
2025-09-02,381.99,383.0,380.5,382.15,367428,False,UBL
2025-09-01,381.1,383.0,379.62,380.19,508902,False,UBL
2025-08-29,380.1,383.98,375.0,380.84,1129866,False,UBL
2025-08-28,380.0,383.98,380.0,381.78,449342,False,UBL
2025-08-27,379.99,382.5,375.0,380.22,529210,False,UBL
2025-08-26,382.48,382.48,378.01,379.92,533252,False,UBL
2025-08-25,384.0,384.0,381.0,381.76,237136,False,UBL
2025-08-22,382.0,385.49,381.23,382.33,417219,False,UBL
2025-08-21,384.03,387.0,379.96,381.23,726587,False,UBL
2025-08-20,386.0,387.0,383.0,384.02,500917,False,UBL
2025-08-19,377.89,392.0,377.89,385.44,2697339,False,UBL
2025-08-18,374.52,379.51,372.0,377.89,600056,False,UBL
2025-08-15,380.08,382.61,365.1,374.52,404946,False,UBL
2025-08-13,381.35,384.0,376.11,379.61,691690,False,UBL
2025-08-12,385.0,385.85,380.57,381.39,297094,False,UBL
2025-08-11,380.0,385.0,379.0,382.62,737613,False,UBL
2025-08-08,381.01,384.5,379.0,381.14,677736,False,UBL
2025-08-07,380.0,385.78,378.0,380.78,1436336,False,UBL
2025-08-06,371.82,380.95,371.82,378.64,2359824,False,UBL
2025-08-05,368.0,375.11,367.2,371.82,975813,False,UBL
2025-08-04,369.0,370.89,366.0,368.03,800264,False,UBL
2025-08-01,366.0,369.0,365.0,368.56,563189,False,UBL
2025-07-31,368.1,369.75,365.86,366.68,997268,False,UBL
2025-07-30,355.0,367.99,355.0,365.85,1451582,False,UBL
2025-07-29,366.99,371.0,350.0,358.39,2194506,False,UBL
2025-07-28,369.0,371.0,363.2,364.95,1348301,False,UBL
2025-07-25,364.97,372.48,364.1,369.37,1477082,False,UBL
2025-07-24,366.0,369.75,363.14,366.75,1139833,False,UBL
2025-07-23,365.5,369.0,361.01,366.09,1067686,False,UBL
2025-07-22,370.0,371.97,360.0,366.02,1895384,False,UBL
2025-07-21,373.97,374.9,367.5,369.52,697674,False,UBL
2025-07-18,366.5,375.97,365.0,373.48,2788781,False,UBL
2025-07-17,360.99,374.0,360.0,373.1,1937340,False,UBL
2025-07-16,370.0,376.99,360.55,362.88,2562688,False,UBL
2025-07-15,363.0,380.0,362.0,370.06,4612685,False,UBL
2025-07-14,343.9,362.77,343.9,360.34,3934746,False,UBL
2025-07-11,334.0,344.5,329.5,341.71,6871072,False,UBL
2025-07-10,332.85,336.0,329.0,333.69,1555566,False,UBL
2025-07-09,330.04,332.9,327.0,330.09,1098739,False,UBL
2025-07-08,328.5,336.0,325.0,330.04,3515444,False,UBL
2025-07-07,328.5,338.44,326.02,329.07,5204344,False,UBL
2025-07-04,309.84,329.9,309.0,327.49,3748255,False,UBL
2025-07-03,307.0,312.5,304.01,309.84,2884914,False,UBL
2025-07-02,289.5,306.5,289.0,305.79,9197607,False,UBL
2025-07-01,276.0,291.9,275.95,289.82,4188933,False,UBL
2025-06-30,273.0,277.0,273.0,275.95,1848550,False,UBL
2025-06-27,270.5,277.0,268.5,272.99,3773073,False,UBL
2025-06-26,272.0,272.01,269.4,270.67,2312353,False,UBL
2025-06-25,274.85,274.85,267.1,271.09,1719096,False,UBL
2025-06-24,265.0,275.0,264.25,273.04,4642454,False,UBL
2025-06-23,259.99,265.94,258.5,261.81,3805211,False,UBL
2025-06-20,522.79,525.25,520.0,524.19,718562,False,UBL
2025-06-19,520.0,522.9,516.02,521.4,381538,False,UBL
2025-06-18,524.98,524.98,514.11,515.91,638125,False,UBL
2025-06-17,518.0,532.0,516.5,521.13,1375285,False,UBL
2025-06-16,520.0,521.99,514.6,516.46,596172,False,UBL
2025-06-13,510.1,523.5,510.1,517.63,1156413,False,UBL
2025-06-12,516.0,526.99,516.0,520.2,965451,False,UBL
2025-06-11,515.0,521.25,514.45,515.77,1854149,False,UBL
2025-06-10,514.99,515.0,511.1,513.05,1246865,False,UBL
2025-06-05,515.0,517.0,509.5,513.26,805913,False,UBL
2025-06-04,514.0,522.0,510.0,513.15,799020,False,UBL
2025-06-03,510.0,515.01,506.51,512.45,695473,False,UBL
2025-06-02,510.0,515.0,508.0,509.0,380916,False,UBL
2025-05-30,513.0,513.99,507.0,509.6,550714,False,UBL
2025-05-29,505.01,515.0,505.01,510.78,782913,False,UBL
2025-05-27,514.0,518.65,503.26,504.79,1020483,False,UBL
2025-05-26,517.0,521.0,512.12,513.95,253548,False,UBL
2025-05-23,514.0,524.0,511.0,516.57,351373,False,UBL
2025-05-22,516.0,530.0,515.0,516.07,976394,False,UBL
2025-05-21,510.01,521.9,510.01,515.74,766793,False,UBL
2025-05-20,515.53,517.88,505.5,509.51,185440,False,UBL
2025-05-19,518.79,519.89,511.0,515.57,428531,False,UBL
2025-05-16,518.0,535.5,511.0,518.79,1468869,False,UBL
2025-05-15,501.89,519.89,500.25,515.46,1753578,False,UBL
2025-05-14,493.99,510.98,490.06,499.83,2205841,False,UBL
2025-05-13,520.0,520.0,492.5,495.26,2054083,False,UBL
2025-05-12,501.44,501.44,501.44,501.44,378056,False,UBL
2025-05-09,451.0,464.8,434.01,455.85,2542931,False,UBL
2025-05-08,485.0,494.0,430.06,448.05,2983445,False,UBL
2025-05-07,460.0,487.99,460.0,477.84,2017389,False,UBL
2025-05-06,487.26,511.9,487.26,490.61,1609391,False,UBL
2025-05-05,502.0,510.0,483.0,487.26,1402293,False,UBL
2025-05-02,470.0,505.0,470.0,498.06,2001263,False,UBL
2025-04-30,465.05,484.0,428.01,461.04,5533339,False,UBL
2025-04-29,475.6,483.99,468.5,475.13,2716568,False,UBL
2025-04-28,500.0,504.9,477.77,480.28,1181100,False,UBL
2025-04-25,512.49,523.5,502.0,507.77,838859,False,UBL
2025-04-24,505.0,528.9,496.51,511.52,1395244,False,UBL
2025-04-23,530.2,547.97,516.0,518.74,1084032,False,UBL
2025-04-22,554.99,554.99,522.0,530.04,910369,False,UBL
2025-04-21,548.5,580.0,548.0,552.11,2677984,False,UBL
2025-04-18,498.0,544.72,496.0,542.77,3976638,False,UBL
2025-04-17,478.77,498.95,474.0,495.2,10968701,False,UBL
2025-04-16,481.0,519.0,449.0,479.18,8373095,False,UBL
2025-04-15,474.0,482.0,472.7,475.06,1131848,False,UBL
2025-04-14,444.99,479.0,444.98,472.64,1413079,False,UBL
2025-04-11,457.0,461.95,432.0,441.74,1117598,False,UBL
2025-04-10,465.0,470.5,456.0,457.92,1301134,False,UBL
2025-04-09,458.98,459.9,440.51,451.0,671384,False,UBL
2025-04-08,477.0,479.0,458.0,460.14,1508984,False,UBL
2025-04-07,482.0,482.0,436.1,476.93,3178664,False,UBL
2025-04-04,446.0,489.05,446.0,482.18,5855977,False,UBL
2025-04-03,411.0,451.98,406.0,444.59,1414936,False,UBL
2025-03-27,400.0,414.0,396.1,410.89,554546,False,UBL
2025-03-26,380.02,401.98,379.5,400.02,1608096,False,UBL
2025-03-25,383.0,383.75,376.64,378.14,430282,False,UBL
2025-03-24,383.5,385.97,380.0,381.07,222961,False,UBL
2025-03-21,384.81,386.0,381.66,382.43,255577,False,UBL
2025-03-20,389.98,390.48,383.5,384.81,273795,False,UBL
2025-03-19,385.2,390.0,383.99,387.54,671046,False,UBL
2025-03-18,389.0,389.01,384.99,385.9,1001456,False,UBL
2025-03-17,387.0,389.0,385.0,387.15,97682,False,UBL
2025-03-14,389.0,389.0,385.5,386.13,489766,False,UBL
2025-03-13,388.0,389.51,384.55,386.17,426948,False,UBL
2025-03-12,388.0,388.0,385.01,386.0,323480,False,UBL
2025-03-11,394.0,394.0,384.51,387.27,1390416,False,UBL
2025-03-10,395.0,404.85,395.0,403.3,825041,False,UBL
2025-03-07,397.0,398.0,394.01,395.47,945838,False,UBL
2025-03-06,398.0,398.0,394.01,395.89,374154,False,UBL
2025-03-05,397.0,399.0,390.2,394.52,477719,False,UBL
2025-03-04,390.8,398.0,390.8,396.75,136560,False,UBL
2025-03-03,401.0,401.0,388.0,390.87,1064472,False,UBL
2025-02-28,405.0,405.0,399.0,399.46,199390,False,UBL
2025-02-27,400.0,405.99,399.03,401.0,343451,False,UBL
2025-02-26,403.0,403.0,397.85,399.02,302616,False,UBL
2025-02-25,402.2,410.0,398.25,401.0,199975,False,UBL
2025-02-24,395.0,404.99,388.0,401.81,470254,False,UBL
2025-02-21,397.26,397.26,393.5,395.0,103200,False,UBL
2025-02-20,398.69,401.55,395.29,397.26,447297,False,UBL
2025-02-19,416.01,419.99,392.18,395.29,3036988,False,UBL
2025-02-18,410.0,414.9,410.0,414.56,389904,False,UBL
2025-02-17,409.98,412.89,408.56,411.41,545470,False,UBL
2025-02-14,407.1,410.0,406.0,408.56,68715,False,UBL
2025-02-13,413.75,413.75,407.05,408.38,235627,False,UBL
2025-02-12,412.95,416.0,409.05,412.52,130560,False,UBL
2025-02-11,412.23,420.0,412.0,412.79,268187,False,UBL
2025-02-10,412.99,416.0,407.1,412.23,388651,False,UBL
2025-02-07,412.0,413.0,405.01,410.79,1183543,False,UBL
2025-02-06,409.0,413.99,403.22,410.28,1615724,False,UBL
2025-02-04,415.0,417.0,406.0,411.17,495419,False,UBL
2025-02-03,412.01,417.5,410.6,414.02,639052,False,UBL
2025-01-31,395.0,413.99,393.01,410.21,1267359,False,UBL
2025-01-30,389.0,394.0,388.2,391.66,617513,False,UBL
2025-01-29,389.8,392.0,385.52,389.0,1270497,False,UBL
2025-01-28,385.51,392.65,385.05,388.09,1647962,False,UBL
2025-01-27,390.0,390.0,382.51,386.01,487346,False,UBL
2025-01-24,387.01,390.3,387.01,388.85,355831,False,UBL
2025-01-23,393.95,393.95,383.07,386.07,535365,False,UBL
2025-01-22,392.38,394.49,386.05,390.23,2609568,False,UBL
2025-01-21,397.1,397.1,392.0,392.38,522587,False,UBL
2025-01-20,398.0,398.0,395.99,396.98,266871,False,UBL
2025-01-17,385.0,397.7,382.5,396.61,2249881,False,UBL
2025-01-16,386.99,386.99,382.1,384.05,353645,False,UBL
2025-01-15,390.0,390.0,382.01,385.08,467871,False,UBL
2025-01-14,378.0,390.0,373.01,388.29,2510435,False,UBL
2025-01-13,370.0,378.0,369.0,375.92,1641184,False,UBL
2025-01-10,371.99,374.0,366.9,369.95,575123,False,UBL
2025-01-09,373.78,378.99,369.0,372.38,2182493,False,UBL
2025-01-08,382.75,387.0,370.16,373.78,643961,False,UBL
2025-01-07,385.0,388.4,378.0,382.97,460187,False,UBL
2025-01-06,388.16,390.0,382.31,385.42,544509,False,UBL
2025-01-03,388.89,389.9,380.01,388.15,891133,False,UBL
2025-01-02,388.36,390.0,384.1,387.75,1523011,False,UBL
2025-01-01,381.84,390.0,380.0,388.36,1518506,False,UBL
2024-12-31,380.0,383.0,375.0,382.23,1806809,False,UBL
2024-12-30,376.0,384.0,368.0,378.33,1997964,False,UBL
2024-12-27,376.0,377.49,371.0,373.41,347805,False,UBL
2024-12-26,363.11,375.49,350.0,374.87,2931860,False,UBL
2024-12-24,356.05,368.0,348.0,365.12,2507585,False,UBL
2024-12-23,350.0,362.49,348.0,355.46,2835857,False,UBL
2024-12-20,332.01,349.89,332.01,346.18,712715,False,UBL
2024-12-19,348.0,348.48,325.05,333.84,2345091,False,UBL
2024-12-18,352.51,360.0,346.01,349.64,1080769,False,UBL
2024-12-17,340.11,361.25,337.5,356.85,1810833,False,UBL
2024-12-16,346.0,346.0,330.0,341.39,2146066,False,UBL
2024-12-13,361.0,362.9,334.1,346.02,4946717,False,UBL
2024-12-12,367.0,367.0,359.1,361.64,1409947,False,UBL
2024-12-11,357.5,364.5,357.5,363.38,814630,False,UBL
2024-12-10,370.0,370.0,356.5,357.55,2957087,False,UBL
2024-12-09,366.11,371.0,348.0,367.3,3266009,False,UBL
2024-12-06,364.0,379.0,358.5,375.15,14056879,False,UBL
2024-12-05,348.0,363.0,345.0,360.09,2581424,False,UBL
2024-12-04,348.02,351.97,344.5,346.48,959830,False,UBL
2024-12-03,342.99,347.99,342.37,345.72,1354798,False,UBL
2024-12-02,341.0,344.89,340.0,342.37,972333,False,UBL
2024-11-29,337.0,341.22,335.0,339.45,665818,False,UBL
2024-11-28,348.01,350.5,331.57,335.52,2157257,False,UBL
2024-11-27,348.89,357.0,343.01,347.77,2656424,False,UBL
2024-11-26,346.0,380.62,339.01,343.0,5798098,False,UBL
2024-11-25,336.0,351.98,334.05,346.02,1632164,False,UBL
2024-11-22,334.8,356.0,331.51,335.77,3465164,False,UBL
2024-11-21,333.0,334.5,329.0,333.76,353620,False,UBL
2024-11-20,328.0,336.99,328.0,333.03,230743,False,UBL
2024-11-19,328.5,333.98,325.0,332.39,1085615,False,UBL
2024-11-18,331.0,336.0,325.0,326.43,628557,False,UBL
2024-11-15,326.0,341.0,326.0,330.57,1241097,False,UBL
2024-11-14,316.0,326.0,314.5,323.33,1080157,False,UBL
2024-11-13,313.0,316.99,311.05,315.7,413367,False,UBL
2024-11-12,313.0,316.0,310.6,314.25,337062,False,UBL
2024-11-11,313.25,313.95,312.05,313.42,373913,False,UBL
2024-11-08,315.5,316.0,312.0,313.03,315988,False,UBL
2024-11-07,314.0,318.0,310.94,315.18,480633,False,UBL
2024-11-06,320.0,320.0,312.3,313.15,259501,False,UBL
2024-11-05,322.68,322.68,310.0,318.88,2001385,False,UBL
2024-11-04,323.01,325.45,310.11,321.13,572900,False,UBL
2024-11-01,299.88,325.0,294.15,320.58,1120698,False,UBL
2024-10-31,317.0,318.0,308.0,311.92,1028949,False,UBL
2024-10-30,319.0,322.0,314.0,315.41,513819,False,UBL
2024-10-29,316.0,322.85,312.94,318.97,417220,False,UBL
2024-10-28,324.0,325.24,315.06,315.94,1407476,False,UBL
2024-10-25,311.85,321.0,309.5,315.98,1051763,False,UBL
2024-10-24,296.0,311.0,291.0,309.65,9883837,False,UBL
2024-10-23,296.0,299.95,293.5,293.98,2471709,False,UBL
2024-10-22,297.0,298.0,294.61,295.13,303310,False,UBL
2024-10-21,293.01,298.0,290.55,296.15,403252,False,UBL
2024-10-18,293.0,295.0,291.55,292.28,222654,False,UBL
2024-10-17,294.94,294.94,289.01,292.28,340633,False,UBL
2024-10-16,299.99,300.99,293.0,293.93,226678,False,UBL
2024-10-15,299.1,300.98,297.7,299.61,382107,False,UBL
2024-10-14,299.81,301.0,297.77,299.04,1283927,False,UBL
2024-10-11,297.85,300.0,297.0,299.81,966487,False,UBL
2024-10-10,299.0,300.0,297.0,297.85,454785,False,UBL
2024-10-09,298.99,301.3,297.95,298.08,1168462,False,UBL
2024-10-08,298.5,302.45,295.64,297.38,712118,False,UBL
2024-10-07,295.49,299.99,293.89,298.65,507155,False,UBL
2024-10-04,296.0,298.0,294.0,295.38,717652,False,UBL
2024-10-03,294.0,299.5,293.1,295.55,940403,False,UBL
2024-10-02,289.51,297.0,289.0,295.35,284874,False,UBL
2024-10-01,290.02,294.89,288.3,289.51,309206,False,UBL
2024-09-30,289.5,292.6,286.14,291.42,297166,False,UBL
2024-09-27,294.85,294.85,287.02,288.66,766485,False,UBL
2024-09-26,297.0,301.0,291.05,293.72,408343,False,UBL
2024-09-25,295.5,298.95,291.0,297.73,932622,False,UBL
2024-09-24,288.0,298.0,286.05,295.19,1072648,False,UBL
2024-09-23,278.0,290.0,277.98,288.05,1119977,False,UBL
2024-09-20,270.0,282.99,269.5,278.57,3085746,False,UBL
2024-09-19,264.1,277.0,264.1,270.67,1256457,False,UBL
2024-09-18,263.0,270.0,260.17,268.08,1053653,False,UBL
2024-09-16,264.0,265.99,260.0,262.34,218485,False,UBL
2024-09-13,269.5,270.0,261.11,263.88,953442,False,UBL
2024-09-12,257.15,267.49,257.05,265.88,1633395,False,UBL
2024-09-11,260.0,261.7,257.12,259.65,1135491,False,UBL
2024-09-10,256.97,260.5,254.01,259.98,525791,False,UBL
2024-09-09,260.0,261.99,254.0,255.05,435258,False,UBL
2024-09-06,261.0,261.99,258.02,259.96,422637,False,UBL
2024-09-05,253.11,263.98,251.5,261.04,1327601,False,UBL
2024-09-04,253.5,253.5,251.0,252.97,417734,False,UBL
2024-09-03,251.52,253.99,250.16,252.08,256823,False,UBL
2024-09-02,254.0,255.0,251.0,251.52,244392,False,UBL
2024-08-30,256.0,256.0,251.01,253.24,459865,False,UBL
2024-08-29,253.01,254.9,251.0,252.0,830315,False,UBL
2024-08-28,254.0,254.0,252.0,253.0,115297,False,UBL
2024-08-27,253.93,254.5,252.6,253.08,149117,False,UBL
2024-08-26,257.0,257.36,253.0,253.93,483077,False,UBL
2024-08-23,253.31,259.0,252.25,257.54,1111470,False,UBL
2024-08-22,255.0,255.0,252.0,253.32,510945,False,UBL
2024-08-21,251.0,254.99,250.5,253.59,595200,False,UBL
2024-08-20,246.0,255.0,244.05,251.06,840446,False,UBL
2024-08-19,246.0,248.0,244.0,245.56,475391,False,UBL
2024-08-16,250.9,250.9,244.99,245.49,245638,False,UBL
2024-08-15,250.0,252.0,248.05,249.32,356504,False,UBL
2024-08-13,248.56,251.0,246.05,249.99,138454,False,UBL
2024-08-12,251.02,254.0,248.52,249.96,414977,False,UBL
2024-08-09,244.0,252.5,238.5,251.86,1004368,False,UBL
2024-08-08,244.02,244.02,239.05,243.67,1351562,False,UBL
2024-08-07,254.5,256.0,250.5,251.14,875447,False,UBL
2024-08-06,252.9,255.2,252.56,253.07,1239836,False,UBL
2024-08-05,256.95,258.8,252.0,252.8,1083166,False,UBL
2024-08-02,254.89,259.95,254.2,256.65,883004,False,UBL
2024-08-01,261.99,261.99,252.1,253.6,565213,False,UBL
2024-07-31,266.01,275.0,259.0,259.93,2604068,False,UBL
2024-07-30,265.89,268.85,263.01,265.59,630553,False,UBL
2024-07-29,259.0,266.95,257.3,265.24,845098,False,UBL
2024-07-26,255.95,260.0,253.2,257.36,302866,False,UBL
2024-07-25,257.7,259.69,254.01,254.75,969448,False,UBL
2024-07-24,258.25,261.94,256.75,257.56,1303580,False,UBL
2024-07-23,257.0,262.84,257.0,259.59,454635,False,UBL
2024-07-22,261.0,261.0,255.11,257.76,775362,False,UBL
2024-07-19,265.01,268.0,259.0,261.14,2256312,False,UBL
2024-07-18,260.19,268.9,260.0,267.01,965496,False,UBL
2024-07-15,258.58,263.0,258.1,260.19,322315,False,UBL
2024-07-12,257.0,259.0,253.0,256.11,581807,False,UBL
2024-07-11,259.01,260.0,256.0,258.07,332189,False,UBL
2024-07-10,260.01,261.99,258.0,259.9,298774,False,UBL
2024-07-09,263.96,264.0,260.25,260.9,295153,False,UBL
2024-07-08,264.9,264.9,261.72,263.96,302831,False,UBL
2024-07-05,263.79,269.48,259.9,262.09,1554094,False,UBL
2024-07-04,262.0,264.5,260.51,262.42,569881,False,UBL
2024-07-03,262.7,262.98,258.16,261.72,715866,False,UBL
2024-07-02,260.0,262.0,259.51,261.02,473267,False,UBL
2024-07-01,256.95,266.6,255.0,259.09,1920439,False,UBL
2024-06-28,261.99,262.7,254.92,256.24,1531160,False,UBL
2024-06-27,259.0,263.0,258.0,260.2,516921,False,UBL
2024-06-26,258.95,259.8,256.0,257.15,521014,False,UBL
2024-06-25,261.4,261.4,256.8,257.58,1476823,False,UBL
2024-06-24,268.0,268.0,255.99,258.83,1689230,False,UBL
2024-06-21,270.0,282.03,260.55,265.65,2106556,False,UBL
2024-06-20,240.0,260.19,240.0,260.19,3194262,False,UBL
2024-06-14,234.5,240.3,231.0,239.81,1657876,False,UBL
2024-06-13,218.05,233.9,218.05,232.44,1922283,False,UBL
2024-06-12,216.1,220.5,216.1,219.04,638418,False,UBL
2024-06-11,217.0,219.49,217.0,218.56,403020,False,UBL
2024-06-10,217.5,217.99,212.53,215.87,649465,False,UBL
2024-06-07,221.38,221.38,206.0,216.9,1049677,False,UBL
2024-06-06,219.19,221.99,218.49,218.58,853358,False,UBL
2024-06-05,222.0,222.0,219.1,219.99,803153,False,UBL
2024-06-04,223.0,223.0,220.26,221.28,499092,False,UBL
2024-06-03,223.0,223.0,218.9,221.57,1168893,False,UBL
2024-05-31,220.01,223.8,218.01,223.33,661174,False,UBL
2024-05-30,222.9,222.98,218.01,221.33,1091586,False,UBL
2024-05-29,223.98,223.98,219.0,221.28,1671387,False,UBL
2024-05-27,221.75,221.75,217.0,221.26,2971497,False,UBL
2024-05-24,214.9,222.1,214.11,221.71,2645450,False,UBL
2024-05-23,216.02,218.35,212.11,214.06,1104945,False,UBL
2024-05-22,216.74,217.75,215.25,216.92,716766,False,UBL
2024-05-21,214.26,216.0,209.1,215.51,2974726,False,UBL
2024-05-20,214.89,214.89,211.75,212.26,2456232,False,UBL
2024-05-17,215.0,216.55,208.2,213.93,5154062,False,UBL
2024-05-16,205.1,215.0,205.01,214.54,2740285,False,UBL
2024-05-15,200.0,206.7,199.0,205.67,2962612,False,UBL
2024-05-14,196.98,200.0,196.2,199.7,962731,False,UBL
2024-05-13,195.0,197.0,194.5,196.29,367453,False,UBL
2024-05-10,195.01,196.0,193.0,195.01,251080,False,UBL
2024-05-09,195.11,195.9,193.5,194.36,183071,False,UBL
2024-05-08,196.96,197.0,193.7,194.97,538672,False,UBL
2024-05-07,197.6,197.9,195.51,196.43,169181,False,UBL
2024-05-06,195.85,197.96,195.35,196.88,295231,False,UBL
2024-05-03,193.93,194.55,191.5,194.22,284099,False,UBL
2024-05-02,194.0,194.0,191.25,192.05,600297,False,UBL
2024-04-30,200.0,200.9,193.1,193.65,1281960,False,UBL
2024-04-29,200.41,201.0,197.5,198.9,1250468,False,UBL
2024-04-26,200.38,203.25,198.13,200.47,1100319,False,UBL
2024-04-25,196.05,201.45,193.55,200.38,2590036,False,UBL
2024-04-24,205.5,208.92,205.0,205.67,1697458,False,UBL
2024-04-23,203.0,206.41,203.0,205.01,1072960,False,UBL
2024-04-22,198.0,204.74,198.0,202.65,1888627,False,UBL
2024-04-19,194.01,198.63,194.01,197.51,1439054,False,UBL
2024-04-18,195.5,195.9,191.66,194.8,1789956,False,UBL
2024-04-17,193.5,198.6,191.66,195.17,3439247,False,UBL
2024-04-16,192.57,195.92,192.0,192.92,1398950,False,UBL
2024-04-15,187.27,193.5,187.27,193.15,820119,False,UBL
2024-04-09,187.0,193.19,185.1,188.71,2029359,False,UBL
2024-04-08,182.0,186.47,182.0,185.77,471334,False,UBL
2024-04-04,181.5,181.8,180.0,181.32,304230,False,UBL
2024-04-03,181.99,182.0,181.0,181.03,240902,False,UBL
2024-04-02,181.01,182.2,180.51,181.27,297945,False,UBL
2024-04-01,182.0,183.11,181.5,181.91,557715,False,UBL
2024-03-29,181.93,182.94,180.64,182.28,4231135,False,UBL
2024-03-28,182.0,183.81,180.03,181.79,8739676,False,UBL
2024-03-27,178.62,183.0,178.62,181.51,2484510,False,UBL
2024-03-26,177.95,179.35,176.5,178.61,757753,False,UBL
2024-03-25,177.5,177.95,175.0,176.17,1364948,False,UBL
2024-03-22,179.0,179.0,174.69,176.14,631379,False,UBL
2024-03-21,180.98,181.0,178.13,178.76,405499,False,UBL
2024-03-20,180.75,181.99,179.4,180.02,4451128,False,UBL
2024-03-19,180.0,181.99,179.22,181.22,9031380,False,UBL
2024-03-18,179.0,180.0,178.6,179.78,282512,False,UBL
2024-03-15,179.25,180.79,177.6,178.34,241422,False,UBL
2024-03-14,181.0,181.0,178.52,179.65,880930,False,UBL
2024-03-13,181.99,181.99,180.0,180.46,1018444,False,UBL
2024-03-12,182.28,182.28,180.25,181.69,116022,False,UBL
2024-03-11,182.9,182.9,181.0,182.01,241680,False,UBL
2024-03-08,185.3,187.0,182.5,182.85,2152131,False,UBL
2024-03-07,185.0,187.49,184.0,184.97,939640,False,UBL
2024-03-06,195.2,196.91,195.0,195.5,2785770,False,UBL
2024-03-05,195.0,196.8,194.0,195.36,806734,False,UBL
2024-03-04,194.48,195.0,191.55,194.0,741062,False,UBL
2024-03-01,193.1,194.1,192.0,192.64,584076,False,UBL
2024-02-29,188.3,193.0,188.3,192.23,830766,False,UBL
2024-02-28,188.87,190.5,188.0,188.28,1204394,False,UBL
2024-02-27,190.99,190.99,188.11,188.28,979969,False,UBL
2024-02-26,188.99,192.1,188.99,190.59,1227411,False,UBL
2024-02-23,185.11,189.2,185.11,188.81,722636,False,UBL
2024-02-22,184.0,186.45,182.25,185.87,688257,False,UBL
2024-02-21,181.0,184.98,180.4,182.96,1964122,False,UBL
2024-02-20,181.0,181.0,178.76,179.13,518057,False,UBL
2024-02-19,180.65,181.99,179.51,180.03,794224,False,UBL
2024-02-16,181.0,183.3,180.5,181.86,511264,False,UBL
2024-02-15,187.0,187.0,180.85,182.06,931795,False,UBL
2024-02-14,187.6,187.9,185.6,185.99,929471,False,UBL
2024-02-13,181.5,188.79,180.3,186.4,1406257,False,UBL
2024-02-12,182.99,184.0,180.01,181.74,498070,False,UBL
2024-02-09,182.0,185.7,182.0,184.15,608053,False,UBL
2024-02-07,184.98,186.5,184.77,185.99,285861,False,UBL
2024-02-06,183.0,185.9,182.4,184.4,674476,False,UBL
2024-02-02,183.0,183.5,181.26,182.65,360928,False,UBL
2024-02-01,183.45,184.0,181.0,182.52,513382,False,UBL
2024-01-31,181.95,183.0,180.98,182.06,529567,False,UBL
2024-01-30,183.49,183.5,179.75,180.08,779939,False,UBL
2024-01-29,184.75,184.75,181.11,182.94,787771,False,UBL
2024-01-26,184.25,185.9,182.0,183.19,496419,False,UBL
2024-01-25,184.89,185.48,183.01,184.5,647546,False,UBL
2024-01-24,184.95,185.3,183.19,184.8,772934,False,UBL
2024-01-23,183.0,186.0,182.01,184.1,612716,False,UBL
2024-01-22,182.01,183.25,180.81,182.04,251534,False,UBL
2024-01-19,184.0,185.2,181.75,182.78,565293,False,UBL
2024-01-18,184.49,184.49,178.0,183.22,912688,False,UBL
2024-01-17,180.0,183.93,178.5,183.09,2997560,False,UBL
2024-01-16,180.98,180.98,178.95,179.4,661283,False,UBL
2024-01-15,180.25,181.98,179.4,179.79,156973,False,UBL
2024-01-12,181.0,182.5,180.0,180.19,341669,False,UBL
2024-01-11,179.6,180.48,178.21,179.75,233138,False,UBL
2024-01-10,180.79,180.79,178.2,178.6,420920,False,UBL
2024-01-09,181.0,181.99,178.6,179.62,610880,False,UBL
2024-01-08,184.9,184.9,178.9,179.42,639782,False,UBL
2024-01-05,185.85,185.89,180.11,183.65,383176,False,UBL
2024-01-04,185.09,185.85,182.55,184.68,759786,False,UBL
2024-01-03,185.9,187.18,182.5,185.08,495480,False,UBL
2024-01-02,186.96,186.96,183.75,184.99,646424,False,UBL
2024-01-01,176.48,184.9,176.48,184.32,720201,False,UBL
2026-09-25,51.9,53.2,51.4,52.47,4081821,False,TRG
2026-09-24,52.6,52.8,51.6,51.72,1377529,False,TRG
2026-09-23,51.5,52.7,51.34,52.46,2409341,False,TRG
2026-09-22,51.0,51.49,50.9,51.34,1318250,False,TRG
2026-09-21,51.0,51.48,50.1,51.0,1978523,False,TRG
2026-09-18,50.0,50.9,49.8,50.69,3636926,False,TRG
2026-09-17,50.4,50.6,49.11,49.63,1030783,False,TRG
2026-09-16,50.4,50.9,48.8,49.09,1033610,False,TRG
2026-09-15,49.7,51.0,49.45,50.41,1464042,False,TRG
2026-09-14,50.0,50.59,49.0,49.2,1164556,False,TRG
2026-09-11,49.4,50.98,48.17,50.48,1811926,False,TRG
2026-09-10,51.68,52.1,50.2,50.96,3086500,False,TRG
2026-09-09,52.75,53.18,51.5,51.68,2225575,False,TRG
2026-09-08,54.6,54.85,51.5,52.1,1767069,False,TRG
2026-09-07,54.98,55.16,54.37,54.58,1181149,False,TRG
2026-09-04,54.5,55.25,54.5,54.61,928498,False,TRG
2026-09-03,54.05,54.88,53.6,54.4,1125975,False,TRG
2026-09-02,54.97,55.38,53.81,53.95,2006276,False,TRG
2026-09-01,56.7,56.7,55.39,55.51,1869432,False,TRG
2026-08-31,55.0,57.0,54.71,56.64,6570328,False,TRG
2026-08-28,55.0,57.4,54.52,54.99,2852746,False,TRG
2026-08-27,56.0,56.0,54.71,54.86,1662843,False,TRG
2026-08-25,58.3,59.89,53.69,55.22,11701169,False,TRG
2026-08-24,60.0,60.5,57.51,58.24,2922296,False,TRG
2026-08-21,62.08,62.29,59.72,60.15,3813016,False,TRG
2026-08-20,60.47,62.34,59.8,61.91,12645319,False,TRG
2026-08-19,59.49,60.25,58.4,59.97,2663492,False,TRG
2026-08-18,59.76,60.15,58.25,58.88,2088563,False,TRG
2026-08-17,61.0,61.0,59.51,60.15,1081494,False,TRG
2026-08-13,60.69,60.99,59.73,60.09,976857,False,TRG
2026-08-12,59.99,61.13,59.1,60.29,1755262,False,TRG
2026-08-11,61.13,61.5,59.25,59.84,1859163,False,TRG
2026-08-10,63.4,63.41,60.64,61.13,2815416,False,TRG
2026-08-07,62.99,63.44,62.03,63.29,3952281,False,TRG
2026-08-06,61.5,62.55,61.0,62.37,4710037,False,TRG
2026-08-05,61.7,61.8,60.76,61.41,2535596,False,TRG
2026-08-04,61.0,61.44,60.55,60.67,787051,False,TRG
2026-08-03,61.95,61.98,60.13,60.81,5102495,False,TRG
2026-07-31,62.0,62.5,60.5,60.85,1916218,False,TRG
2026-07-30,61.01,62.9,61.0,61.8,5006333,False,TRG
2026-07-29,60.39,61.32,59.55,61.0,2236812,False,TRG
2026-07-28,60.4,61.8,60.0,60.39,3790851,False,TRG
2026-07-27,60.15,60.6,59.6,60.05,3108894,False,TRG
2026-07-24,58.4,60.6,56.05,58.97,6011105,False,TRG
2026-07-23,60.97,60.97,55.1,56.89,2946727,False,TRG
2026-07-22,59.99,60.6,59.0,59.26,674486,False,TRG
2026-07-21,60.69,61.0,59.6,60.14,1211808,False,TRG
2026-07-20,59.0,60.5,57.9,60.22,1150371,False,TRG
2026-07-17,61.0,61.81,59.79,60.03,3387762,False,TRG
2026-07-16,58.0,61.2,57.5,60.45,2746917,False,TRG
2026-07-15,58.01,59.75,55.12,57.63,4196490,False,TRG
2026-07-14,63.1,63.5,57.66,58.81,3691786,False,TRG
2026-07-13,65.1,65.1,63.8,64.07,902305,False,TRG
2026-07-10,65.17,66.05,65.17,65.58,1014039,False,TRG
2026-07-09,64.0,65.65,63.81,65.17,1250284,False,TRG
2026-07-08,68.14,68.14,63.0,64.5,3864514,False,TRG
2026-07-07,67.7,68.11,66.7,67.5,4806759,False,TRG
2026-07-06,67.48,67.68,66.91,67.3,2006526,False,TRG
2026-07-03,69.01,70.02,67.25,67.62,11322165,False,TRG
2026-07-02,64.9,68.5,64.81,67.84,10081847,False,TRG
2026-07-01,64.05,65.33,63.7,64.31,3732529,False,TRG
2026-06-30,63.68,64.5,63.5,63.67,2005403,False,TRG
2026-06-29,64.5,64.89,63.0,63.36,5256210,False,TRG
2026-06-24,65.0,66.08,64.0,64.4,5557363,False,TRG
2026-06-23,66.5,66.5,64.7,64.9,2533590,False,TRG
2026-06-22,67.7,67.7,65.0,65.95,4440941,False,TRG
2026-06-19,70.2,71.05,66.15,66.68,7995966,False,TRG
2026-06-18,70.42,71.2,69.65,69.84,6184621,False,TRG
2026-06-17,71.0,71.38,69.69,69.96,5587913,False,TRG
2026-06-16,69.5,71.75,69.11,70.42,9599086,False,TRG
2026-06-15,70.98,71.0,67.8,68.85,6957467,False,TRG
2026-06-12,71.5,72.1,69.3,69.78,6715558,False,TRG
2026-06-11,70.52,71.2,70.3,70.59,2613218,False,TRG
2026-06-10,71.0,72.4,70.35,70.98,4798074,False,TRG
2026-06-09,70.5,73.1,70.5,71.67,19523819,False,TRG
2026-06-08,70.06,70.5,68.9,69.54,5045154,False,TRG
2026-06-05,71.98,73.7,71.4,71.61,14096215,False,TRG
2026-06-04,69.8,72.48,69.2,71.75,16576439,False,TRG
2026-06-03,70.5,71.9,69.36,69.71,7208442,False,TRG
2026-06-02,73.98,73.98,69.8,70.63,17353786,False,TRG
2026-06-01,69.99,75.19,69.6,74.06,39407504,False,TRG
2026-05-29,64.0,69.52,62.5,69.17,34194879,False,TRG
2026-05-25,63.62,64.79,62.85,63.2,6029378,False,TRG
2026-05-22,63.06,64.74,62.35,62.67,5044537,False,TRG
2026-05-21,61.91,65.75,61.8,62.92,17655667,False,TRG
2026-05-20,60.99,61.67,60.1,61.22,4128643,False,TRG
2026-05-19,58.5,61.7,58.01,60.9,7806048,False,TRG
2026-05-18,62.49,63.2,57.44,57.9,6345545,False,TRG
2026-05-15,64.46,64.69,63.05,63.43,4162554,False,TRG
2026-05-14,63.5,64.5,62.0,63.22,9305805,False,TRG
2026-05-13,69.0,69.74,61.25,62.18,27126148,False,TRG
2026-05-12,67.0,67.17,66.0,67.17,4731445,False,TRG
2026-05-11,57.1,61.06,57.01,61.06,17270756,False,TRG
2026-05-08,54.98,56.39,54.2,55.51,3652639,False,TRG
2026-05-07,54.89,55.68,54.05,54.65,2194857,False,TRG
2026-05-06,52.51,54.68,52.51,54.33,3287555,False,TRG
2026-05-05,52.56,52.91,51.77,51.97,939005,False,TRG
2026-05-04,52.95,54.45,52.8,53.23,898284,False,TRG
2026-04-30,53.45,53.55,51.0,52.29,3448680,False,TRG
2026-04-29,53.26,54.75,53.01,53.19,5769402,False,TRG
2026-04-28,55.85,57.55,55.3,56.02,1499025,False,TRG
2026-04-27,56.98,56.98,55.85,56.0,1743578,False,TRG
2026-04-24,57.0,57.1,55.8,56.68,2542037,False,TRG
2026-04-23,58.0,58.0,56.51,57.3,3515665,False,TRG
2026-04-22,58.35,58.5,57.0,57.64,1624600,False,TRG
2026-04-21,58.4,59.48,57.5,58.07,2018376,False,TRG
2026-04-20,59.0,59.7,56.6,58.17,4732947,False,TRG
2026-04-17,60.75,61.5,59.61,60.1,7114718,False,TRG
2026-04-16,58.64,61.6,57.26,60.62,15439174,False,TRG
2026-04-15,58.99,60.49,57.57,57.99,8947708,False,TRG
2026-04-14,56.12,58.49,56.12,57.58,4428176,False,TRG
2026-04-13,57.47,57.47,55.11,55.49,3132200,False,TRG
2026-04-10,57.49,60.69,57.12,58.89,10846772,False,TRG
2026-04-09,59.0,59.1,57.11,57.41,4498292,False,TRG
2026-04-08,59.05,60.25,56.5,60.01,12584004,False,TRG
2026-04-07,54.89,56.21,53.52,54.92,8086810,False,TRG
2026-04-06,54.01,56.25,53.3,54.63,9606399,False,TRG
2026-04-03,53.0,56.18,52.65,53.66,10835021,False,TRG
2026-04-02,48.0,53.63,46.51,53.63,11244607,False,TRG
2026-04-01,46.8,49.5,46.49,48.75,4252416,False,TRG
2026-03-31,45.95,46.8,45.0,45.81,1406652,False,TRG
2026-03-30,45.82,46.45,43.51,45.88,4969495,False,TRG
2026-03-27,46.64,46.98,45.72,46.22,3866500,False,TRG
2026-03-26,47.7,47.97,46.1,46.33,2531889,False,TRG
2026-03-25,47.0,48.9,46.91,48.3,3501725,False,TRG
2026-03-24,47.5,48.0,46.71,46.87,1442133,False,TRG
2026-03-19,46.0,46.97,45.6,46.24,884751,False,TRG
2026-03-18,46.46,48.45,45.96,47.76,1756201,False,TRG
2026-03-17,46.04,46.98,45.71,46.4,336449,False,TRG
2026-03-16,47.5,47.6,45.8,46.03,597640,False,TRG
2026-03-13,47.0,47.87,46.26,47.25,1743199,False,TRG
2026-03-12,46.96,47.88,45.7,47.33,2060775,False,TRG
2026-03-11,45.0,47.88,45.0,46.61,3375101,False,TRG
2026-03-10,44.91,44.91,44.91,44.91,420613,False,TRG
2026-03-09,44.0,44.0,40.78,40.83,2133865,False,TRG
2026-03-06,46.65,47.0,44.8,45.31,1189021,False,TRG
2026-03-05,42.6,46.81,42.6,46.48,3014656,False,TRG
2026-03-04,41.0,43.8,40.12,42.55,2490778,False,TRG
2026-03-03,45.81,45.81,40.28,41.1,4261800,False,TRG
2026-03-02,44.75,45.89,44.75,44.75,2753576,False,TRG
2026-02-27,49.89,51.43,49.01,49.72,3252791,False,TRG
2026-02-26,50.0,52.5,48.1,50.9,4513045,False,TRG
2026-02-25,52.68,52.99,49.11,49.88,4811074,False,TRG
2026-02-24,51.5,53.88,49.0,51.94,8523255,False,TRG
2026-02-23,58.65,58.65,52.16,52.72,2598970,False,TRG
2026-02-20,62.5,63.33,57.02,57.96,2979225,False,TRG
2026-02-19,68.8,68.8,61.94,62.34,1910939,False,TRG
2026-02-18,67.84,69.2,67.15,68.82,1513697,False,TRG
2026-02-17,66.9,67.75,65.5,67.07,1767517,False,TRG
2026-02-16,69.6,69.6,66.05,66.93,2502371,False,TRG
2026-02-13,69.2,69.5,67.51,69.12,1388736,False,TRG
2026-02-12,71.99,71.99,66.5,68.56,4632677,False,TRG
2026-02-11,70.97,72.1,69.5,71.06,6419967,False,TRG
2026-02-10,77.85,78.2,69.54,70.12,28968309,False,TRG
2026-02-09,76.7,78.49,75.7,77.27,7815920,False,TRG
2026-02-06,75.0,76.75,73.81,76.12,4981288,False,TRG
2026-02-04,76.74,77.0,74.9,75.1,2715925,False,TRG
2026-02-03,73.49,77.0,73.11,76.49,13041565,False,TRG
2026-02-02,72.25,74.0,72.0,72.82,3073096,False,TRG
2026-01-30,71.64,73.49,71.13,72.17,4126309,False,TRG
2026-01-29,72.0,72.74,70.7,71.13,3774357,False,TRG
2026-01-28,73.01,73.68,72.0,72.26,4741628,False,TRG
2026-01-27,74.89,75.0,73.2,73.63,2821265,False,TRG
2026-01-26,75.6,76.0,74.2,74.66,1957923,False,TRG
2026-01-23,76.25,77.1,75.2,75.59,2801791,False,TRG
2026-01-22,75.19,75.92,74.7,75.55,1188640,False,TRG
2026-01-21,76.34,76.6,74.5,74.72,2856272,False,TRG
2026-01-20,77.0,77.0,75.73,76.34,3501078,False,TRG
2026-01-19,76.9,77.65,76.0,76.6,3453740,False,TRG
2026-01-16,76.99,79.7,75.35,76.31,15961022,False,TRG
2026-01-15,74.0,76.65,73.25,75.26,11382098,False,TRG
2026-01-14,74.84,75.6,72.8,73.36,4541130,False,TRG
2026-01-13,74.95,75.55,73.8,74.26,2898150,False,TRG
2026-01-12,75.5,76.9,74.5,74.95,4460632,False,TRG
2026-01-09,76.9,78.4,76.36,76.65,5410104,False,TRG
2026-01-08,78.88,80.4,76.56,77.74,15413504,False,TRG
2026-01-07,76.0,81.42,75.0,77.68,41303935,False,TRG
2026-01-06,74.2,76.25,72.73,74.7,11850615,False,TRG
2026-01-05,74.99,75.87,73.65,73.82,6047727,False,TRG
2026-01-02,71.8,75.3,71.8,74.3,11639299,False,TRG
2026-01-01,73.02,73.79,71.82,71.98,4478533,False,TRG
2025-12-31,72.56,74.29,72.56,72.86,6847550,False,TRG
2025-12-30,71.93,73.85,71.11,72.56,8715927,False,TRG
2025-12-29,71.3,72.2,71.2,71.36,2609652,False,TRG
2025-12-26,71.89,72.75,70.9,71.41,6497502,False,TRG
2025-12-24,71.33,72.25,71.24,71.64,3567188,False,TRG
2025-12-23,71.47,72.19,70.6,71.72,2523289,False,TRG
2025-12-22,71.58,72.64,70.61,71.01,2661128,False,TRG
2025-12-19,72.38,72.6,71.5,71.58,1598726,False,TRG
2025-12-18,71.09,74.25,71.09,72.34,11683591,False,TRG
2025-12-17,71.15,71.9,70.5,70.87,2104037,False,TRG
2025-12-16,72.99,72.99,71.3,71.43,1651051,False,TRG
2025-12-15,72.55,73.1,71.85,72.13,3180439,False,TRG
2025-12-12,71.95,72.25,71.32,71.7,1150073,False,TRG
2025-12-11,71.35,73.38,70.5,71.43,4799324,False,TRG
2025-12-10,72.01,72.1,71.0,71.44,2980687,False,TRG
2025-12-09,78.06,78.36,70.02,72.01,23007168,False,TRG
2025-12-08,75.39,79.11,74.6,77.14,10665528,False,TRG
2025-12-05,76.5,77.39,75.11,75.42,3568746,False,TRG
2025-12-04,77.1,77.15,75.5,76.15,3671276,False,TRG
2025-12-03,72.88,79.51,72.88,77.09,33190421,False,TRG
2025-12-02,75.01,75.5,71.85,72.28,4958715,False,TRG
2025-12-01,70.45,76.39,70.0,74.71,16580254,False,TRG
2025-11-28,70.65,71.22,70.01,70.22,4320723,False,TRG
2025-11-27,70.15,71.1,69.03,70.5,4861899,False,TRG
2025-11-26,70.79,70.79,68.95,70.08,4529703,False,TRG
2025-11-25,71.75,72.25,70.11,70.27,4102102,False,TRG
2025-11-24,71.87,72.64,71.3,71.73,4851237,False,TRG
2025-11-21,70.75,73.47,70.05,71.16,11058252,False,TRG
2025-11-20,69.05,70.5,69.05,70.18,1228048,False,TRG
2025-11-19,69.91,70.6,68.9,69.0,3234001,False,TRG
2025-11-18,70.73,71.4,69.48,69.9,2211473,False,TRG
2025-11-17,70.4,71.9,70.01,70.46,2619037,False,TRG
2025-11-14,70.44,70.68,69.9,70.09,1743957,False,TRG
2025-11-13,71.5,71.64,69.25,69.72,5410569,False,TRG
2025-11-12,70.99,72.35,69.9,70.36,4081180,False,TRG
2025-11-11,73.01,74.0,70.12,70.63,6506511,False,TRG
2025-11-10,70.7,73.15,70.55,72.58,6362272,False,TRG
2025-11-07,72.79,73.35,69.99,70.16,6446124,False,TRG
2025-11-06,73.7,74.4,72.01,72.38,3219269,False,TRG
2025-11-05,74.9,75.2,71.88,73.7,9718058,False,TRG
2025-11-04,82.98,84.2,72.73,73.23,36966659,False,TRG
2025-11-03,74.2,80.81,74.2,80.81,33451069,False,TRG
2025-10-31,73.8,75.5,73.0,73.46,10225295,False,TRG
2025-10-30,75.4,76.0,72.19,72.63,8336155,False,TRG
2025-10-29,72.76,75.95,71.85,73.22,10925656,False,TRG
2025-10-28,71.96,73.45,71.5,72.3,7338529,False,TRG
2025-10-27,71.5,72.55,70.04,71.5,4690782,False,TRG
2025-10-24,73.3,73.31,71.2,71.43,1370424,False,TRG
2025-10-23,74.2,74.73,72.5,72.8,2411536,False,TRG
2025-10-22,74.0,75.49,73.25,73.98,4755765,False,TRG
2025-10-21,73.85,75.6,73.24,73.56,6497763,False,TRG
2025-10-20,74.1,74.2,72.35,73.08,2353780,False,TRG
2025-10-17,74.2,74.5,72.61,73.45,2856562,False,TRG
2025-10-16,76.5,77.0,73.3,73.72,5737755,False,TRG
2025-10-15,76.99,78.34,75.05,75.58,5981597,False,TRG
2025-10-14,76.95,77.5,74.6,76.67,11738426,False,TRG
2025-10-13,74.02,77.75,72.6,72.91,11751163,False,TRG
2025-10-10,72.05,78.0,70.33,74.43,18942776,False,TRG
2025-10-09,70.0,75.0,69.5,72.26,9751278,False,TRG
2025-10-08,72.0,72.9,69.0,70.21,6399344,False,TRG
2025-10-07,73.5,73.98,71.9,72.34,2559232,False,TRG
2025-10-06,74.5,74.5,70.6,73.21,5494642,False,TRG
2025-10-03,75.51,76.34,74.05,74.77,4100357,False,TRG
2025-10-02,76.6,77.1,74.75,75.3,7849992,False,TRG
2025-10-01,77.9,78.7,75.9,76.21,11332492,False,TRG
2025-09-30,76.1,77.45,75.6,76.4,8725919,False,TRG
2025-09-29,75.5,77.7,75.5,76.01,6674926,False,TRG
2025-09-26,77.69,78.2,75.01,75.17,6202699,False,TRG
2025-09-25,79.8,79.8,77.35,77.67,2820313,False,TRG
2025-09-24,79.39,80.81,77.6,78.68,9525590,False,TRG
2025-09-23,82.5,83.8,78.51,79.39,14636367,False,TRG
2025-09-22,80.0,84.39,78.25,81.84,26822147,False,TRG
2025-09-19,78.0,80.99,76.5,79.7,27140225,False,TRG
2025-09-18,76.99,79.38,76.05,76.76,14455777,False,TRG
2025-09-17,76.4,80.8,75.61,77.5,41366829,False,TRG
2025-09-16,68.75,75.06,66.6,75.06,42111475,False,TRG
2025-09-15,63.4,68.24,63.3,68.24,28640800,False,TRG
2025-09-12,63.0,63.85,61.75,62.04,6361732,False,TRG
2025-09-11,63.0,64.6,62.03,62.47,13713184,False,TRG
2025-09-10,59.0,63.94,58.55,62.27,30445768,False,TRG
2025-09-09,58.26,59.84,57.51,58.59,4182459,False,TRG
2025-09-08,59.88,59.94,57.95,58.04,4048829,False,TRG
2025-09-05,59.58,60.65,59.11,59.47,6116788,False,TRG
2025-09-04,58.26,61.49,58.18,59.56,21732106,False,TRG
2025-09-03,56.47,58.49,55.8,57.83,13388896,False,TRG
2025-09-02,56.82,57.25,55.86,55.96,4345305,False,TRG
2025-09-01,57.1,57.24,56.4,56.51,2247281,False,TRG
2025-08-29,57.74,57.74,56.45,57.11,3975733,False,TRG
2025-08-28,56.3,58.2,56.05,57.22,6233293,False,TRG
2025-08-27,57.0,57.2,55.55,55.88,2781144,False,TRG
2025-08-26,55.9,57.35,55.6,56.73,6156556,False,TRG
2025-08-25,56.0,56.26,55.46,55.67,971005,False,TRG
2025-08-22,56.06,56.5,55.85,56.0,995041,False,TRG
2025-08-21,57.2,57.63,55.62,56.06,3027052,False,TRG
2025-08-20,57.55,57.85,56.9,57.2,1934229,False,TRG
2025-08-19,56.83,58.6,56.83,57.41,7005673,False,TRG
2025-08-18,57.25,57.7,56.75,56.83,2592420,False,TRG
2025-08-15,56.1,57.35,56.01,56.33,3993623,False,TRG
2025-08-13,56.68,57.58,56.12,56.4,3076160,False,TRG
2025-08-12,56.7,56.9,56.05,56.26,1335782,False,TRG
2025-08-11,56.56,57.05,56.2,56.52,1170226,False,TRG
2025-08-08,58.49,58.49,56.5,56.87,3179761,False,TRG
2025-08-07,58.37,59.3,57.91,58.02,2213827,False,TRG
2025-08-06,59.83,59.83,57.99,58.37,3001550,False,TRG
2025-08-05,58.78,61.3,58.78,59.09,10501344,False,TRG
2025-08-04,55.75,60.48,55.75,58.78,12778786,False,TRG
2025-08-01,56.35,56.7,55.3,55.48,1103777,False,TRG
2025-07-31,56.95,57.85,56.4,56.51,1724584,False,TRG
2025-07-30,56.91,57.79,56.45,56.58,2852638,False,TRG
2025-07-29,55.0,58.95,55.0,56.91,9627996,False,TRG
2025-07-28,54.75,55.49,54.75,55.09,643811,False,TRG
2025-07-25,56.6,56.6,54.51,55.0,1890056,False,TRG
2025-07-24,56.07,56.94,56.05,56.33,597533,False,TRG
2025-07-23,56.9,57.99,55.8,56.32,1666080,False,TRG
2025-07-22,55.4,57.58,55.4,56.48,2139508,False,TRG
2025-07-21,55.5,56.0,55.1,55.38,730964,False,TRG
2025-07-18,56.8,57.35,55.5,55.84,1075679,False,TRG
2025-07-17,56.75,57.75,56.7,57.01,1482746,False,TRG
2025-07-16,56.81,57.2,56.23,56.4,991332,False,TRG
2025-07-15,58.49,58.5,56.65,56.79,1635135,False,TRG
2025-07-14,58.7,58.98,57.85,58.07,3065140,False,TRG
2025-07-11,59.01,59.72,57.8,58.05,3468327,False,TRG
2025-07-10,58.31,60.85,57.8,58.85,13900148,False,TRG
2025-07-09,57.94,59.0,57.71,57.86,1343420,False,TRG
2025-07-08,58.51,58.98,57.68,57.94,1178985,False,TRG
2025-07-07,59.01,59.7,58.25,58.43,2576308,False,TRG
2025-07-04,58.29,63.45,58.01,58.76,20123832,False,TRG
2025-07-03,57.75,59.1,57.11,58.24,2991262,False,TRG
2025-07-02,58.88,59.3,57.5,57.78,3142280,False,TRG
2025-07-01,56.98,60.47,55.2,58.74,8858105,False,TRG
2025-06-30,60.0,60.5,56.01,56.51,9228834,False,TRG
2025-06-27,52.97,57.98,52.96,57.98,6685608,False,TRG
2025-06-26,54.98,54.98,52.51,52.71,3191918,False,TRG
2025-06-25,55.94,55.98,54.33,54.68,2874201,False,TRG
2025-06-24,53.9,56.0,53.2,55.64,7701450,False,TRG
2025-06-23,53.6,55.25,51.01,51.09,5767959,False,TRG
2025-06-20,61.99,64.75,56.17,56.68,26664589,False,TRG
2025-06-19,63.9,64.3,61.5,61.8,3585572,False,TRG
2025-06-18,65.1,65.1,63.05,63.33,1772619,False,TRG
2025-06-17,63.5,65.84,63.5,65.09,10866830,False,TRG
2025-06-16,63.26,63.95,62.45,63.51,4352804,False,TRG
2025-06-13,62.0,63.88,62.0,63.2,6914706,False,TRG
2025-06-12,64.1,66.22,63.95,64.22,7497713,False,TRG
2025-06-11,64.5,64.9,63.76,64.39,6333761,False,TRG
2025-06-10,65.0,65.1,63.3,63.62,7188417,False,TRG
2025-06-05,61.85,64.95,61.67,64.65,12279528,False,TRG
2025-06-04,61.6,61.94,61.3,61.67,1293583,False,TRG
2025-06-03,60.95,61.75,60.6,61.5,1596034,False,TRG
2025-06-02,61.32,61.75,60.8,60.95,1888128,False,TRG
2025-05-30,62.25,62.3,61.2,61.33,1863553,False,TRG
2025-05-29,62.25,62.72,61.54,61.87,1817899,False,TRG
2025-05-27,62.79,62.8,61.6,61.83,2258647,False,TRG
2025-05-26,62.09,63.5,62.0,62.47,1659451,False,TRG
2025-05-23,62.47,63.03,62.0,62.08,869000,False,TRG
2025-05-22,63.45,64.33,62.26,62.42,1950061,False,TRG
2025-05-21,62.15,63.58,62.15,63.21,1369182,False,TRG
2025-05-20,62.5,62.85,61.9,62.15,1059880,False,TRG
2025-05-19,63.1,64.06,62.5,62.71,1360379,False,TRG
2025-05-16,65.35,65.49,63.05,63.39,1989341,False,TRG
2025-05-15,66.2,66.89,64.32,65.19,7903319,False,TRG
2025-05-14,64.02,66.98,63.49,66.2,9357394,False,TRG
2025-05-13,62.7,63.99,60.75,63.29,6359679,False,TRG
2025-05-12,61.9,61.9,60.85,61.9,2453969,False,TRG
2025-05-09,53.5,57.4,49.5,56.27,5607030,False,TRG
2025-05-08,59.2,61.0,53.09,53.13,5304275,False,TRG
2025-05-07,60.01,62.7,58.16,58.99,3682527,False,TRG
2025-05-06,63.5,64.85,63.3,64.08,2142099,False,TRG
2025-05-05,64.25,64.45,63.15,63.63,1228404,False,TRG
2025-05-02,64.0,65.5,63.65,64.05,3640555,False,TRG
2025-04-30,64.25,65.44,62.2,63.13,4319225,False,TRG
2025-04-29,63.2,64.1,62.1,63.84,1486110,False,TRG
2025-04-28,66.0,66.0,62.2,62.54,1923969,False,TRG
2025-04-25,65.3,66.13,63.52,64.27,2941045,False,TRG
2025-04-24,65.11,66.15,64.51,65.0,3058192,False,TRG
2025-04-23,67.01,68.29,66.51,66.98,6772873,False,TRG
2025-04-22,65.6,67.61,64.03,66.89,8780465,False,TRG
2025-04-21,65.15,66.55,64.9,65.6,3313911,False,TRG
2025-04-18,66.65,67.39,65.2,65.55,3369579,False,TRG
2025-04-17,65.0,67.5,65.0,66.65,5903894,False,TRG
2025-04-16,67.95,68.68,65.4,65.96,12729416,False,TRG
2025-04-15,64.5,68.9,62.32,67.9,21511574,False,TRG
2025-04-14,63.5,64.5,63.2,63.89,1640328,False,TRG
2025-04-11,63.32,64.3,63.26,63.48,1428412,False,TRG
2025-04-10,62.61,65.55,61.9,64.68,9871539,False,TRG
2025-04-09,61.0,61.2,59.0,60.67,2976216,False,TRG
2025-04-08,61.9,62.75,61.0,61.53,2306989,False,TRG
2025-04-07,64.99,64.99,59.4,60.93,5495040,False,TRG
2025-04-04,67.15,67.55,65.15,66.0,1811428,False,TRG
2025-04-03,66.12,68.0,66.12,67.29,3342536,False,TRG
2025-03-27,65.25,66.75,63.85,66.01,8993849,False,TRG
2025-03-26,66.75,67.0,64.06,65.14,5945675,False,TRG
2025-03-25,70.7,70.75,64.02,66.14,22825615,False,TRG
2025-03-24,68.69,71.25,68.53,70.2,15741063,False,TRG
2025-03-21,68.03,69.21,67.6,68.21,4198628,False,TRG
2025-03-20,70.99,70.99,68.1,68.53,13835736,False,TRG
2025-03-19,68.98,71.6,68.5,70.31,28324854,False,TRG
2025-03-18,64.88,66.62,62.6,66.62,18343221,False,TRG
2025-03-17,60.84,61.3,60.41,60.56,850241,False,TRG
2025-03-14,61.99,62.0,60.62,60.94,1038949,False,TRG
2025-03-13,59.9,62.28,59.9,61.34,5241996,False,TRG
2025-03-12,60.3,60.6,59.0,59.34,880929,False,TRG
2025-03-11,60.2,61.5,60.0,60.36,2383010,False,TRG
2025-03-10,59.59,61.02,58.75,60.5,2923471,False,TRG
2025-03-07,59.25,60.3,58.02,59.2,977272,False,TRG
2025-03-06,58.6,58.99,58.5,58.72,957682,False,TRG
2025-03-05,58.8,59.8,58.05,58.3,830330,False,TRG
2025-03-04,58.79,59.0,58.11,58.78,593370,False,TRG
2025-03-03,60.2,61.0,58.32,58.86,1309846,False,TRG
2025-02-28,60.1,61.75,59.5,59.79,4447173,False,TRG
2025-02-27,60.9,62.3,60.0,60.25,4500898,False,TRG
2025-02-26,60.49,61.25,57.8,60.48,11228549,False,TRG
2025-02-25,63.5,63.8,59.23,60.06,9406314,False,TRG
2025-02-24,62.99,63.75,62.81,63.27,3581955,False,TRG
2025-02-21,62.1,65.55,61.61,63.35,8075244,False,TRG
2025-02-20,61.57,62.7,60.75,61.66,3845529,False,TRG
2025-02-19,60.3,62.19,60.05,61.11,3250839,False,TRG
2025-02-18,62.05,62.11,59.11,60.3,7755524,False,TRG
2025-02-17,65.5,65.5,62.0,62.26,6386208,False,TRG
2025-02-14,67.7,68.51,67.2,67.4,5446101,False,TRG
2025-02-13,68.1,68.4,66.84,67.33,7196196,False,TRG
2025-02-12,66.4,68.0,65.9,67.58,8905696,False,TRG
2025-02-11,66.25,67.25,66.0,66.11,3001705,False,TRG
2025-02-10,66.9,67.75,66.11,66.23,5323503,False,TRG
2025-02-07,66.49,67.18,65.61,66.12,4630788,False,TRG
2025-02-06,66.3,67.85,65.2,66.16,13127512,False,TRG
2025-02-04,64.15,67.1,63.9,66.47,6886406,False,TRG
2025-02-03,64.97,65.0,63.85,63.98,2717883,False,TRG
2025-01-31,65.99,66.54,64.4,64.76,3443602,False,TRG
2025-01-30,65.79,67.0,65.45,66.01,4894906,False,TRG
2025-01-29,64.81,65.5,64.02,64.88,6531294,False,TRG
2025-01-28,65.5,65.75,64.0,64.79,5376220,False,TRG
2025-01-27,67.6,68.14,65.1,65.34,5865549,False,TRG
2025-01-24,67.0,68.25,66.8,67.47,4833531,False,TRG
2025-01-23,65.6,67.75,65.3,66.95,4352723,False,TRG
2025-01-22,66.99,67.49,65.2,65.4,2101524,False,TRG
2025-01-21,68.2,68.6,66.03,66.6,3184702,False,TRG
2025-01-20,68.5,69.45,67.95,68.16,3214070,False,TRG
2025-01-17,68.89,69.7,67.5,68.13,4126402,False,TRG
2025-01-16,68.98,70.4,67.6,68.35,9887994,False,TRG
2025-01-15,67.25,71.9,67.01,68.78,29668408,False,TRG
2025-01-14,64.25,67.25,63.45,66.19,12341565,False,TRG
2025-01-13,62.75,65.49,62.11,64.1,6213711,False,TRG
2025-01-10,64.25,64.98,62.1,62.65,5349805,False,TRG
2025-01-09,65.5,67.49,63.85,64.36,9231289,False,TRG
2025-01-08,69.0,71.38,65.1,65.68,9524028,False,TRG
2025-01-07,64.5,70.49,63.6,69.18,12376145,False,TRG
2025-01-06,67.25,67.99,64.11,64.47,3926000,False,TRG
2025-01-03,69.0,69.18,66.85,67.28,4380107,False,TRG
2025-01-02,70.49,71.6,68.5,68.85,6929896,False,TRG
2025-01-01,70.81,71.98,69.8,70.15,6052394,False,TRG
2024-12-31,70.15,72.75,69.1,70.67,18337802,False,TRG
2024-12-30,72.49,73.4,70.02,70.45,11801337,False,TRG
2024-12-27,70.97,75.0,70.85,73.55,40065544,False,TRG
2024-12-26,65.01,70.53,63.52,70.45,46907628,False,TRG
2024-12-24,64.49,65.5,62.5,64.12,29562935,False,TRG
2024-12-23,56.1,61.15,56.1,61.15,9662990,False,TRG
2024-12-20,52.51,56.08,52.51,55.59,4530358,False,TRG
2024-12-19,58.0,58.3,52.26,52.87,7757155,False,TRG
2024-12-18,60.98,61.49,57.53,58.04,5423735,False,TRG
2024-12-17,61.94,61.95,60.12,60.54,6062211,False,TRG
2024-12-16,61.55,63.56,61.0,62.0,20830167,False,TRG
2024-12-13,60.85,62.35,59.9,61.36,13776831,False,TRG
2024-12-12,61.1,61.49,60.4,60.9,6859407,False,TRG
2024-12-11,60.0,61.8,59.46,60.78,9819208,False,TRG
2024-12-10,61.01,64.29,59.5,60.49,23870412,False,TRG
2024-12-09,60.25,61.21,59.0,60.28,11388976,False,TRG
2024-12-06,58.63,61.9,57.6,60.06,21399025,False,TRG
2024-12-05,61.0,61.85,58.0,58.56,15479044,False,TRG
2024-12-04,61.98,62.65,60.5,60.74,11137575,False,TRG
2024-12-03,61.75,62.25,60.11,61.25,11832272,False,TRG
2024-12-02,59.5,61.75,59.5,61.0,13140945,False,TRG
2024-11-29,60.77,61.55,59.01,59.27,10315704,False,TRG
2024-11-28,56.98,61.45,55.8,61.0,20730048,False,TRG
2024-11-27,56.5,56.99,55.47,56.04,6846247,False,TRG
2024-11-26,57.75,58.5,54.11,54.66,13157875,False,TRG
2024-11-25,58.6,58.74,56.0,57.4,13410409,False,TRG
2024-11-22,62.0,62.0,57.4,58.22,20643534,False,TRG
2024-11-21,62.01,63.25,60.8,61.32,8902504,False,TRG
2024-11-20,68.15,68.15,61.82,62.45,23422440,False,TRG
2024-11-19,62.97,64.44,61.92,62.86,11481641,False,TRG
2024-11-18,62.97,64.6,61.6,62.55,16091214,False,TRG
2024-11-15,60.1,63.9,56.92,62.74,29018611,False,TRG
2024-11-14,53.94,58.62,53.65,58.62,16388667,False,TRG
2024-11-13,53.0,53.9,52.5,53.29,5548893,False,TRG
2024-11-12,53.85,54.05,52.25,52.76,6683564,False,TRG
2024-11-11,51.81,53.8,51.4,53.36,14239809,False,TRG
2024-11-08,51.87,52.4,51.3,51.61,4671136,False,TRG
2024-11-07,50.9,53.11,50.9,51.71,13213017,False,TRG
2024-11-06,50.6,51.34,50.1,50.32,2856401,False,TRG
2024-11-05,51.2,51.5,50.3,50.51,2698945,False,TRG
2024-11-04,51.87,52.01,50.45,50.75,5560001,False,TRG
2024-11-01,51.5,52.18,50.17,50.9,5191736,False,TRG
2024-10-31,49.89,52.25,49.89,51.5,18707563,False,TRG
2024-10-30,50.19,50.19,48.0,49.29,6947863,False,TRG
2024-10-29,51.31,51.99,49.41,49.83,13989730,False,TRG
2024-10-28,48.36,49.69,47.63,48.61,5505997,False,TRG
2024-10-25,50.0,50.79,47.56,48.11,9405735,False,TRG
2024-10-24,45.5,49.61,45.2,49.52,22989313,False,TRG
2024-10-23,45.25,45.89,44.65,45.1,2827322,False,TRG
2024-10-22,45.28,45.98,44.55,44.86,2379905,False,TRG
2024-10-21,45.16,46.0,44.41,44.87,3184885,False,TRG
2024-10-18,44.65,45.25,44.4,44.5,904836,False,TRG
2024-10-17,45.0,45.4,44.3,44.62,2236501,False,TRG
2024-10-16,44.99,46.0,44.75,44.84,2459893,False,TRG
2024-10-15,45.0,45.5,44.36,44.63,1021196,False,TRG
2024-10-14,44.03,45.7,44.03,44.91,1636031,False,TRG
2024-10-11,45.68,45.68,44.1,44.28,1112560,False,TRG
2024-10-10,46.7,46.9,45.41,45.68,1063160,False,TRG
2024-10-09,47.5,47.65,46.2,46.49,1685583,False,TRG
2024-10-08,45.99,48.2,45.85,46.96,5014795,False,TRG
2024-10-07,46.15,46.73,45.52,45.81,1466532,False,TRG
2024-10-04,46.4,46.88,45.66,46.05,1115621,False,TRG
2024-10-03,48.0,48.1,45.91,46.18,2144271,False,TRG
2024-10-02,48.0,49.45,47.25,48.08,4631653,False,TRG
2024-10-01,45.15,49.3,45.1,48.29,11178959,False,TRG
2024-09-30,53.17,53.36,48.15,48.9,5209059,False,TRG
2024-09-27,54.6,55.15,52.51,52.88,2096141,False,TRG
2024-09-26,57.12,57.25,54.67,54.99,17036463,False,TRG
2024-09-25,56.6,57.19,56.02,56.7,2157186,False,TRG
2024-09-24,56.5,57.52,54.75,56.6,5662475,False,TRG
2024-09-23,56.88,57.85,56.2,56.36,5419060,False,TRG
2024-09-20,56.0,58.0,53.87,56.16,8699774,False,TRG
2024-09-19,60.0,60.7,54.87,55.3,17995369,False,TRG
2024-09-18,54.5,59.9,53.5,59.9,22086988,False,TRG
2024-09-16,53.51,56.2,53.5,54.45,4118569,False,TRG
2024-09-13,53.5,56.3,52.55,53.06,7570078,False,TRG
2024-09-12,51.75,52.6,51.5,51.89,1285150,False,TRG
2024-09-11,52.5,52.8,51.31,51.51,1145820,False,TRG
2024-09-10,51.25,53.14,51.21,52.29,7909123,False,TRG
2024-09-09,51.7,51.75,50.95,51.05,960825,False,TRG
2024-09-06,52.21,52.9,51.49,51.64,1042582,False,TRG
2024-09-05,52.3,53.48,51.1,52.44,3689377,False,TRG
2024-09-04,51.39,52.2,51.1,51.39,804021,False,TRG
2024-09-03,51.94,51.94,50.45,50.88,1054221,False,TRG
2024-09-02,52.01,52.79,51.0,51.18,3042037,False,TRG
2024-08-30,53.19,53.2,51.51,51.83,2300638,False,TRG
2024-08-29,53.39,53.95,52.78,52.98,1159618,False,TRG
2024-08-28,53.24,54.04,52.76,52.97,1325973,False,TRG
2024-08-27,53.01,53.39,52.79,52.86,879040,False,TRG
2024-08-26,53.9,53.9,52.88,52.97,841539,False,TRG
2024-08-23,53.98,54.6,53.05,53.37,1146031,False,TRG
2024-08-22,54.0,54.7,53.51,53.77,1999186,False,TRG
2024-08-21,52.31,56.29,52.02,53.97,9531030,False,TRG
2024-08-20,52.6,52.85,52.01,52.12,529528,False,TRG
2024-08-19,53.2,53.84,52.01,52.47,1122328,False,TRG
2024-08-16,53.71,54.0,53.0,53.13,1089144,False,TRG
2024-08-15,54.5,54.77,53.45,53.65,1093222,False,TRG
2024-08-13,55.1,55.79,53.71,54.19,2245467,False,TRG
2024-08-12,55.02,58.0,54.1,54.74,4817105,False,TRG
2024-08-09,53.39,58.24,52.85,56.17,10575888,False,TRG
2024-08-08,53.8,53.91,53.0,53.13,1045275,False,TRG
2024-08-07,53.7,54.25,53.25,53.31,2171364,False,TRG
2024-08-06,53.4,54.44,53.18,53.38,1740830,False,TRG
2024-08-05,53.99,54.82,52.9,53.04,1525870,False,TRG
2024-08-02,53.96,54.9,53.6,54.09,3624466,False,TRG
2024-08-01,54.0,54.99,53.1,53.45,1399211,False,TRG
2024-07-31,54.94,55.77,53.4,53.64,2185076,False,TRG
2024-07-30,56.55,56.99,54.3,54.58,2837589,False,TRG
2024-07-29,55.03,57.68,55.03,56.18,2917232,False,TRG
2024-07-26,56.86,57.75,55.4,55.76,1738235,False,TRG
2024-07-25,60.94,61.65,56.61,57.13,6670969,False,TRG
2024-07-24,54.5,59.96,54.25,59.96,5127523,False,TRG
2024-07-23,54.88,55.61,54.0,54.51,1531148,False,TRG
2024-07-22,56.49,56.5,53.5,54.2,2576800,False,TRG
2024-07-19,60.39,60.39,56.15,56.51,3438194,False,TRG
2024-07-18,58.4,61.75,58.39,59.97,8863023,False,TRG
2024-07-15,56.89,58.11,56.3,57.29,4624930,False,TRG
2024-07-12,58.02,58.48,55.0,56.13,1819408,False,TRG
2024-07-11,58.72,59.6,57.8,57.9,1909130,False,TRG
2024-07-10,59.25,60.0,58.4,58.73,2332591,False,TRG
2024-07-09,59.49,60.5,57.9,58.85,4254406,False,TRG
2024-07-08,60.7,61.24,58.45,59.17,1742383,False,TRG
2024-07-05,61.39,61.74,60.5,60.79,600988,False,TRG
2024-07-04,62.26,62.7,60.9,61.09,1468189,False,TRG
2024-07-03,62.65,63.4,61.88,62.03,1956681,False,TRG
2024-07-02,62.0,62.9,61.86,62.17,889020,False,TRG
2024-07-01,62.25,62.59,61.1,61.74,1205888,False,TRG
2024-06-28,62.5,63.0,61.03,62.05,7103502,False,TRG
2024-06-27,62.28,62.9,61.96,62.31,5451017,False,TRG
2024-06-26,63.2,63.7,61.5,62.02,11221016,False,TRG
2024-06-25,63.5,64.09,62.75,62.92,3470330,False,TRG
2024-06-24,64.47,64.5,63.11,63.54,1912437,False,TRG
2024-06-21,64.52,65.1,63.7,63.82,1239750,False,TRG
2024-06-20,64.28,65.45,64.25,64.48,1550218,False,TRG
2024-06-14,64.74,66.69,63.85,64.28,4616129,False,TRG
2024-06-13,63.3,65.8,63.2,64.48,5694836,False,TRG
2024-06-12,63.25,63.98,62.2,63.37,1468222,False,TRG
2024-06-11,64.95,65.1,62.01,62.52,1865338,False,TRG
2024-06-10,65.0,66.3,63.8,64.04,3197747,False,TRG
2024-06-07,64.75,65.49,62.41,64.85,3368495,False,TRG
2024-06-06,65.9,67.42,64.2,64.61,2286820,False,TRG
2024-06-05,65.57,69.1,63.6,66.3,9935728,False,TRG
2024-06-04,68.7,69.39,65.0,65.65,7783104,False,TRG
2024-06-03,68.15,68.15,66.49,68.15,9739351,False,TRG
2024-05-31,61.99,64.35,61.05,63.1,4264688,False,TRG
2024-05-30,62.9,63.5,61.2,61.54,916774,False,TRG
2024-05-29,63.95,63.95,62.11,62.36,1054947,False,TRG
2024-05-27,63.26,64.07,63.01,63.2,1677291,False,TRG
2024-05-24,64.7,64.84,63.0,63.21,1074491,False,TRG
2024-05-23,64.25,64.85,62.81,64.0,976252,False,TRG
2024-05-22,64.71,65.18,62.4,63.21,1033501,False,TRG
2024-05-21,66.5,66.6,64.7,64.96,1641293,False,TRG
2024-05-20,64.11,66.8,64.11,66.0,4667509,False,TRG
2024-05-17,64.5,65.02,64.01,64.14,669563,False,TRG
2024-05-16,64.9,65.35,64.0,64.32,1733945,False,TRG
2024-05-15,67.3,67.65,64.9,65.1,1854591,False,TRG
2024-05-14,67.96,68.51,66.06,66.71,1859334,False,TRG
2024-05-13,66.1,69.5,66.05,67.75,9004113,False,TRG
2024-05-10,66.7,68.2,65.02,66.41,6366907,False,TRG
2024-05-09,61.4,65.7,61.13,65.22,6564660,False,TRG
2024-05-08,61.05,62.25,61.0,61.12,1822685,False,TRG
2024-05-07,61.0,62.4,60.1,60.93,3115436,False,TRG
2024-05-06,61.0,61.61,60.1,60.38,2007303,False,TRG
2024-05-03,58.9,61.75,57.8,60.42,4646041,False,TRG
2024-05-02,64.01,64.01,59.21,59.21,5472004,False,TRG
2024-04-30,67.51,67.85,63.7,64.01,4959554,False,TRG
2024-04-29,70.26,71.0,68.5,68.87,4304784,False,TRG
2024-04-26,72.35,73.25,70.0,70.24,4783765,False,TRG
2024-04-25,71.95,74.15,71.1,72.35,7940385,False,TRG
2024-04-24,69.7,72.2,68.82,71.77,5427898,False,TRG
2024-04-23,70.99,71.1,69.1,69.42,2486333,False,TRG
2024-04-22,69.4,72.25,68.62,70.36,9362341,False,TRG
2024-04-19,68.5,69.56,68.01,68.62,1661045,False,TRG
2024-04-18,69.25,69.7,68.01,68.61,913828,False,TRG
2024-04-17,69.78,70.15,69.02,69.19,1237616,False,TRG
2024-04-16,69.6,71.83,69.3,69.55,4976374,False,TRG
2024-04-15,69.52,70.25,69.0,69.17,1592517,False,TRG
2024-04-09,71.71,71.71,69.71,69.93,1375171,False,TRG
2024-04-08,69.75,72.25,69.75,70.93,3075248,False,TRG
2024-04-04,69.52,71.0,69.52,69.69,790652,False,TRG
2024-04-03,68.7,71.21,68.33,69.76,1413570,False,TRG
2024-04-02,69.05,69.6,68.51,68.72,477585,False,TRG
2024-04-01,69.83,69.83,68.3,69.03,855988,False,TRG
2024-03-29,71.25,71.6,68.84,69.21,2489370,False,TRG
2024-03-28,70.29,73.4,70.0,71.19,4184715,False,TRG
2024-03-27,70.15,70.9,69.01,69.83,14931452,False,TRG
2024-03-26,70.07,70.68,69.5,69.91,1367543,False,TRG
2024-03-25,70.48,70.86,69.7,70.33,818571,False,TRG
2024-03-22,69.98,72.35,69.0,70.29,2177202,False,TRG
2024-03-21,71.26,71.59,69.0,69.65,1049759,False,TRG
2024-03-20,71.99,72.72,70.9,71.2,1366629,False,TRG
2024-03-19,70.01,72.85,70.0,71.43,3378961,False,TRG
2024-03-18,69.97,70.67,68.5,70.21,1105134,False,TRG
2024-03-15,70.61,70.8,68.9,69.13,967109,False,TRG
2024-03-14,69.2,70.6,68.31,70.25,2106848,False,TRG
2024-03-13,70.5,70.9,67.02,68.03,1902482,False,TRG
2024-03-12,72.15,73.35,70.02,70.34,2027611,False,TRG
2024-03-11,72.31,74.2,72.0,72.23,3068338,False,TRG
2024-03-08,72.5,73.0,71.82,72.07,1367637,False,TRG
2024-03-07,72.6,73.0,71.0,72.2,1924534,False,TRG
2024-03-06,74.5,74.52,72.1,72.44,1981382,False,TRG
2024-03-05,73.5,75.69,72.79,74.52,5928722,False,TRG
2024-03-04,73.15,73.4,70.7,72.75,4089538,False,TRG
2024-03-01,73.74,73.74,71.4,71.72,2707808,False,TRG
2024-02-29,74.0,75.44,72.11,72.48,6316017,False,TRG
2024-02-28,75.71,77.99,75.71,75.71,13563920,False,TRG
2024-02-27,77.9,83.15,75.65,81.85,13590238,False,TRG
2024-02-26,77.0,80.11,76.67,77.93,7669187,False,TRG
2024-02-23,76.7,77.0,75.0,76.07,5715863,False,TRG
2024-02-22,73.2,77.67,72.0,77.22,13540430,False,TRG
2024-02-21,68.93,72.71,68.4,72.25,7365474,False,TRG
2024-02-20,66.8,69.75,66.8,67.64,3691598,False,TRG
2024-02-19,66.0,66.74,64.0,66.32,1930846,False,TRG
2024-02-16,68.8,69.5,66.11,66.59,1427828,False,TRG
2024-02-15,71.5,71.5,68.2,69.03,897304,False,TRG
2024-02-14,70.2,71.82,70.11,71.2,1570119,False,TRG
2024-02-13,68.0,72.22,65.11,69.4,3173898,False,TRG
2024-02-12,70.25,71.4,66.81,68.27,1810087,False,TRG
2024-02-09,72.95,72.95,68.55,70.57,1512625,False,TRG
2024-02-07,73.49,74.7,73.0,74.0,1776003,False,TRG
2024-02-06,72.0,73.48,70.8,72.99,1521028,False,TRG
2024-02-02,69.6,72.65,69.5,71.16,1448185,False,TRG
2024-02-01,69.0,69.95,68.3,69.59,912247,False,TRG
2024-01-31,69.01,70.85,69.01,69.55,2260399,False,TRG
2024-01-30,74.02,74.2,68.21,69.03,2697502,False,TRG
2024-01-29,75.47,75.88,72.61,73.14,1510733,False,TRG
2024-01-26,76.92,77.42,74.35,75.06,1970871,False,TRG
2024-01-25,79.05,79.3,76.11,76.92,1826826,False,TRG
2024-01-24,80.32,81.6,78.51,79.07,4230165,False,TRG
2024-01-23,76.93,81.55,76.21,80.18,4490267,False,TRG
2024-01-22,77.55,78.0,76.06,76.87,1112441,False,TRG
2024-01-19,79.0,79.05,77.0,77.42,960577,False,TRG
2024-01-18,77.9,78.45,75.6,77.69,1336345,False,TRG
2024-01-17,80.0,81.4,76.76,77.37,2583210,False,TRG
2024-01-16,79.2,80.0,76.52,79.65,1892438,False,TRG
2024-01-15,81.0,81.45,78.6,79.15,1438007,False,TRG
2024-01-12,82.97,83.4,80.06,80.54,2276712,False,TRG
2024-01-11,82.41,83.1,81.85,82.01,1115996,False,TRG
2024-01-10,81.95,83.5,81.42,81.9,2860578,False,TRG
2024-01-09,83.6,84.3,80.5,81.82,2223202,False,TRG
2024-01-08,85.5,85.6,82.0,82.48,1547213,False,TRG
2024-01-05,86.29,87.15,82.7,85.01,3269033,False,TRG
2024-01-04,86.05,86.61,83.1,85.72,2405990,False,TRG
2024-01-03,86.5,87.65,85.0,85.45,3429276,False,TRG
2024-01-02,85.6,88.4,84.0,86.17,10418829,False,TRG
2024-01-01,79.97,85.0,79.5,85.0,5484842,False,TRG
2026-09-25,119.5,120.6,118.0,119.42,977425,False,SYS
2026-09-24,121.69,121.98,119.0,119.47,1155945,False,SYS
2026-09-23,121.2,123.2,121.2,121.69,1108050,False,SYS
2026-09-22,121.12,122.11,120.91,121.2,925774,False,SYS
2026-09-21,121.0,122.51,120.8,121.12,1356448,False,SYS
2026-09-18,122.12,124.0,121.8,121.95,1074914,False,SYS
2026-09-17,122.01,123.8,121.6,121.86,749800,False,SYS
2026-09-16,123.5,123.99,121.8,122.12,979358,False,SYS
2026-09-15,122.11,123.7,122.1,123.01,1086942,False,SYS
2026-09-14,123.54,123.95,120.0,121.32,581776,False,SYS
2026-09-11,121.99,124.98,118.51,123.54,2239595,False,SYS
2026-09-10,124.75,124.8,122.6,123.07,1096514,False,SYS
2026-09-09,125.72,126.5,124.1,124.75,793223,False,SYS
2026-09-08,126.0,126.9,124.01,125.72,860920,False,SYS
2026-09-07,127.05,127.49,125.5,126.64,1026771,False,SYS
2026-09-04,127.95,128.89,126.51,126.98,1059597,False,SYS
2026-09-03,126.45,127.88,126.45,126.96,857427,False,SYS
2026-09-02,126.8,127.44,125.85,126.48,1648220,False,SYS
2026-09-01,124.89,129.0,124.69,127.72,2725974,False,SYS
2026-08-31,131.0,132.4,122.8,124.54,4946062,False,SYS
2026-08-28,124.89,132.0,123.79,130.82,4393315,False,SYS
2026-08-27,126.0,126.79,122.5,123.08,3865370,False,SYS
2026-08-25,127.0,127.25,124.0,124.94,2251663,False,SYS
2026-08-24,129.7,130.02,126.33,126.51,1783999,False,SYS
2026-08-21,128.55,129.7,128.06,128.81,740936,False,SYS
2026-08-20,128.0,129.97,127.0,128.52,939361,False,SYS
2026-08-19,128.75,130.48,126.0,127.25,1460718,False,SYS
2026-08-18,130.5,131.4,128.41,128.77,1701877,False,SYS
2026-08-17,132.2,133.95,130.0,130.28,1364075,False,SYS
2026-08-13,134.5,134.5,131.01,131.82,1042658,False,SYS
2026-08-12,134.0,134.75,133.5,133.95,618529,False,SYS
2026-08-11,135.99,135.99,133.33,133.93,863567,False,SYS
2026-08-10,137.0,137.4,135.2,135.7,909047,False,SYS
2026-08-07,137.0,138.2,134.89,136.52,1594127,False,SYS
2026-08-06,136.99,138.6,136.4,136.57,2066392,False,SYS
2026-08-05,134.0,137.37,134.0,136.21,2518991,False,SYS
2026-08-04,133.85,134.0,132.2,132.56,782401,False,SYS
2026-08-03,133.4,135.0,131.48,133.12,1694412,False,SYS
2026-07-31,130.06,132.25,130.0,130.45,766136,False,SYS
2026-07-30,133.0,133.0,129.7,129.97,1555772,False,SYS
2026-07-29,134.99,134.99,131.7,132.53,929681,False,SYS
2026-07-28,136.87,136.87,133.85,135.01,1746526,False,SYS
2026-07-27,135.3,136.99,134.1,135.87,1900263,False,SYS
2026-07-24,133.25,134.5,131.47,132.24,1132846,False,SYS
2026-07-23,135.62,136.71,134.0,134.47,703067,False,SYS
2026-07-22,136.5,138.5,135.2,135.62,1926190,False,SYS
2026-07-21,137.4,143.0,137.1,137.83,2089646,False,SYS
2026-07-20,136.0,139.0,135.0,137.26,1476169,False,SYS
2026-07-17,141.12,142.45,136.12,137.11,1431972,False,SYS
2026-07-16,139.0,141.99,138.5,141.12,1956544,False,SYS
2026-07-15,138.0,140.0,138.0,139.07,843235,False,SYS
2026-07-14,141.0,141.49,136.36,138.13,1714555,False,SYS
2026-07-13,142.7,143.13,141.0,141.86,1050849,False,SYS
2026-07-10,144.5,146.0,142.0,143.51,1100955,False,SYS
2026-07-09,142.51,145.0,140.91,143.27,1881258,False,SYS
2026-07-08,147.8,148.0,143.0,144.0,2598535,False,SYS
2026-07-07,149.5,150.0,147.72,148.28,2477174,False,SYS
2026-07-06,149.68,149.75,149.3,149.48,1845753,False,SYS
2026-07-03,150.0,150.0,148.5,149.41,1276023,False,SYS
2026-07-02,150.0,150.0,147.95,149.04,2506984,False,SYS
2026-07-01,147.9,150.0,147.81,149.57,1614217,False,SYS
2026-06-30,148.5,150.85,145.0,147.09,4088849,False,SYS
2026-06-29,149.93,150.0,147.7,147.95,1017228,False,SYS
2026-06-24,150.0,150.84,149.25,149.93,1144815,False,SYS
2026-06-23,151.88,151.88,149.0,149.43,3130532,False,SYS
2026-06-22,152.75,153.4,149.52,150.05,968922,False,SYS
2026-06-19,155.16,155.69,150.14,151.18,1711788,False,SYS
2026-06-18,155.5,156.0,154.1,155.16,1920778,False,SYS
2026-06-17,156.5,158.0,154.0,155.54,2036077,False,SYS
2026-06-16,153.99,157.0,153.2,155.72,5696030,False,SYS
2026-06-15,154.0,155.31,151.5,153.68,2487366,False,SYS
2026-06-12,148.0,150.75,147.51,147.81,1984640,False,SYS
2026-06-11,146.0,147.5,146.0,146.92,359474,False,SYS
2026-06-10,146.0,147.5,146.0,146.46,689354,False,SYS
2026-06-09,147.8,148.2,146.9,147.72,431309,False,SYS
2026-06-08,147.9,147.93,145.5,146.66,745042,False,SYS
2026-06-05,149.5,150.0,147.85,147.97,1358190,False,SYS
2026-06-04,149.4,150.11,148.0,148.89,2987666,False,SYS
2026-06-03,147.5,150.0,147.5,148.86,1329800,False,SYS
2026-06-02,147.73,150.01,147.5,147.8,818206,False,SYS
2026-06-01,150.01,152.99,146.8,147.73,1628855,False,SYS
2026-05-29,151.5,151.78,148.5,149.88,2761164,False,SYS
2026-05-25,152.01,153.49,149.0,151.78,1167199,False,SYS
2026-05-22,152.41,152.8,148.75,150.0,939084,False,SYS
2026-05-21,151.0,152.3,150.01,151.81,458856,False,SYS
2026-05-20,148.0,149.95,147.3,149.74,333256,False,SYS
2026-05-19,148.0,151.24,146.16,147.32,989712,False,SYS
2026-05-18,149.3,149.99,146.5,147.5,676792,False,SYS
2026-05-15,150.88,151.0,149.1,149.52,1247482,False,SYS
2026-05-14,153.47,153.47,148.07,149.21,490305,False,SYS
2026-05-13,153.49,154.65,151.05,151.98,872693,False,SYS
2026-05-12,156.0,157.0,153.0,153.49,1213738,False,SYS
2026-05-11,153.0,157.0,152.0,155.3,1956484,False,SYS
2026-05-08,154.0,154.89,151.0,153.89,1478618,False,SYS
2026-05-07,155.49,156.0,153.0,155.41,2686131,False,SYS
2026-05-06,149.0,155.0,149.0,154.16,2296801,False,SYS
2026-05-05,144.01,148.0,144.01,147.75,573389,False,SYS
2026-05-04,146.0,150.01,146.0,147.1,916354,False,SYS
2026-04-30,149.0,149.01,145.0,145.34,1160686,False,SYS
2026-04-29,152.0,153.57,150.13,150.66,1177979,False,SYS
2026-04-28,150.5,153.74,150.01,152.17,4039995,False,SYS
2026-04-27,151.0,152.89,150.9,151.91,1151505,False,SYS
2026-04-24,149.0,154.0,146.02,152.35,1938691,False,SYS
2026-04-23,152.0,152.95,149.8,150.05,1961324,False,SYS
2026-04-22,154.0,154.0,150.98,152.46,638752,False,SYS
2026-04-21,154.5,155.0,152.52,153.84,1176877,False,SYS
2026-04-20,152.01,153.99,150.3,153.15,1832730,False,SYS
2026-04-17,154.5,155.01,152.2,154.53,2245618,False,SYS
2026-04-16,155.5,155.5,152.25,153.16,1925079,False,SYS
2026-04-15,155.0,156.0,153.0,153.59,2363465,False,SYS
2026-04-14,150.5,153.0,150.5,152.1,1959711,False,SYS
2026-04-13,149.5,151.5,141.01,148.8,2700117,False,SYS
2026-04-10,151.3,154.29,151.3,152.86,2974278,False,SYS
2026-04-09,153.0,153.87,147.0,151.15,3003874,False,SYS
2026-04-08,150.0,154.29,148.5,154.28,8888440,False,SYS
2026-04-07,138.0,141.89,136.0,140.26,2030009,False,SYS
2026-04-06,136.0,138.99,133.5,138.26,2141770,False,SYS
2026-04-03,135.01,139.4,135.01,135.99,919043,False,SYS
2026-04-02,140.0,140.0,134.02,139.84,1028506,False,SYS
2026-04-01,141.0,146.0,140.49,143.5,4146969,False,SYS
2026-03-31,136.5,140.57,136.5,138.83,2035308,False,SYS
2026-03-30,140.75,140.95,132.65,136.45,3061578,False,SYS
2026-03-27,137.99,141.78,137.0,140.3,2665951,False,SYS
2026-03-26,140.0,140.0,136.0,137.61,3650664,False,SYS
2026-03-25,131.99,143.77,131.7,141.25,5694929,False,SYS
2026-03-24,130.26,133.0,129.0,130.7,2098375,False,SYS
2026-03-19,125.01,128.75,124.8,126.43,1366589,False,SYS
2026-03-18,126.6,128.17,126.5,127.0,2913835,False,SYS
2026-03-17,125.05,126.9,125.05,126.14,1290847,False,SYS
2026-03-16,122.39,126.5,120.67,125.02,3435292,False,SYS
2026-03-13,122.5,123.89,120.02,122.39,934332,False,SYS
2026-03-12,115.0,123.65,113.1,122.14,3733638,False,SYS
2026-03-11,121.0,121.0,113.9,115.87,3800603,False,SYS
2026-03-10,116.0,117.4,112.71,117.4,1014832,False,SYS
2026-03-09,106.52,110.0,105.98,106.73,4460986,False,SYS
2026-03-06,124.2,124.48,116.5,117.75,2465498,False,SYS
2026-03-05,120.03,124.94,119.7,124.1,3412946,False,SYS
2026-03-04,122.66,124.99,119.5,119.84,1881880,False,SYS
2026-03-03,119.03,125.0,116.15,122.54,2630948,False,SYS
2026-03-02,119.03,126.0,119.03,119.03,4850528,False,SYS
2026-02-27,133.66,135.0,130.02,132.26,1155616,False,SYS
2026-02-26,131.0,135.0,128.0,133.93,2297052,False,SYS
2026-02-25,133.0,134.0,130.0,130.44,1791279,False,SYS
2026-02-24,135.0,135.0,128.0,132.28,3397011,False,SYS
2026-02-23,141.0,141.41,132.0,134.37,2271905,False,SYS
2026-02-20,137.0,143.0,135.0,140.16,1796412,False,SYS
2026-02-19,143.2,143.4,135.5,136.38,2227689,False,SYS
2026-02-18,143.0,143.55,141.6,142.9,7700531,False,SYS
2026-02-17,142.0,143.5,139.92,141.53,6850899,False,SYS
2026-02-16,147.5,147.5,139.0,141.89,8172440,False,SYS
2026-02-13,149.25,149.25,144.44,147.06,10653452,False,SYS
2026-02-12,155.0,155.0,149.0,150.05,3055809,False,SYS
2026-02-11,155.0,156.0,154.0,154.52,757885,False,SYS
2026-02-10,155.99,156.53,154.0,154.95,2857683,False,SYS
2026-02-09,157.2,158.5,152.33,154.27,2431574,False,SYS
2026-02-06,160.5,160.5,156.0,157.2,1463177,False,SYS
2026-02-04,162.54,162.9,159.11,160.6,985575,False,SYS
2026-02-03,159.5,163.0,159.14,162.54,2553793,False,SYS
2026-02-02,154.57,160.2,153.12,159.48,2549225,False,SYS
2026-01-30,155.0,156.49,153.0,154.57,2406348,False,SYS
2026-01-29,159.5,160.0,153.0,154.08,3223833,False,SYS
2026-01-28,162.0,163.0,159.0,160.01,968962,False,SYS
2026-01-27,159.49,163.5,158.45,161.2,4245735,False,SYS
2026-01-26,155.0,160.9,154.5,158.43,3939455,False,SYS
2026-01-23,156.03,157.39,154.0,154.79,1593203,False,SYS
2026-01-22,156.9,158.49,155.9,156.03,2206440,False,SYS
2026-01-21,161.0,161.4,156.0,156.65,3359138,False,SYS
2026-01-20,161.87,161.87,160.0,161.05,1518799,False,SYS
2026-01-19,161.0,162.5,160.0,160.25,3136652,False,SYS
2026-01-16,158.0,161.69,158.0,160.47,2254860,False,SYS
2026-01-15,162.0,162.0,155.89,157.43,1999027,False,SYS
2026-01-14,162.44,163.93,160.66,161.2,2143468,False,SYS
2026-01-13,162.0,163.0,158.51,162.42,5935533,False,SYS
2026-01-12,166.1,167.0,160.39,161.48,6460415,False,SYS
2026-01-09,167.99,172.1,166.5,167.42,9678766,False,SYS
2026-01-08,171.99,174.35,165.6,167.4,28120369,False,SYS
2026-01-07,170.0,172.0,169.21,171.3,4051907,False,SYS
2026-01-06,169.9,172.6,168.15,170.31,5995620,False,SYS
2026-01-05,169.99,171.5,168.5,169.16,2653903,False,SYS
2026-01-02,170.99,171.34,169.0,169.53,1811519,False,SYS
2026-01-01,171.02,172.25,169.5,170.04,993015,False,SYS
2025-12-31,170.15,174.4,170.0,170.88,2946496,False,SYS
2025-12-30,169.9,171.49,169.0,170.09,2832161,False,SYS
2025-12-29,167.0,171.4,166.29,169.76,2568209,False,SYS
2025-12-26,162.71,167.25,162.5,166.36,1370708,False,SYS
2025-12-24,164.56,166.48,161.31,162.71,1425977,False,SYS
2025-12-23,167.0,167.99,164.0,164.56,779839,False,SYS
2025-12-22,169.0,171.01,165.72,166.98,2156265,False,SYS
2025-12-19,165.0,168.5,165.0,167.59,1063126,False,SYS
2025-12-18,167.5,169.1,165.0,166.04,1605060,False,SYS
2025-12-17,167.0,167.99,161.55,167.06,3395999,False,SYS
2025-12-16,173.5,174.0,166.6,167.16,5515342,False,SYS
2025-12-15,165.0,172.5,165.0,170.86,6073474,False,SYS
2025-12-12,162.9,165.6,161.0,164.85,4718546,False,SYS
2025-12-11,160.0,163.5,159.1,161.0,2654349,False,SYS
2025-12-10,162.0,162.7,158.16,159.84,1648329,False,SYS
2025-12-09,161.91,164.49,160.8,161.84,3310901,False,SYS
2025-12-08,154.0,162.0,153.68,161.21,8479872,False,SYS
2025-12-05,152.0,153.95,151.0,153.39,1379274,False,SYS
2025-12-04,152.0,153.0,150.3,151.26,741348,False,SYS
2025-12-03,153.8,156.0,151.7,151.99,828696,False,SYS
2025-12-02,155.0,158.41,153.5,153.92,1666921,False,SYS
2025-12-01,157.0,159.1,155.02,157.28,2732292,False,SYS
2025-11-28,150.95,157.08,150.95,156.39,4612433,False,SYS
2025-11-27,147.0,152.01,146.15,150.54,4009406,False,SYS
2025-11-26,147.0,147.3,145.5,146.94,1890176,False,SYS
2025-11-25,146.85,147.27,145.87,146.83,1209489,False,SYS
2025-11-24,147.5,148.3,145.48,145.87,793955,False,SYS
2025-11-21,148.98,149.04,146.62,147.61,699175,False,SYS
2025-11-20,147.24,149.9,145.0,148.53,2037035,False,SYS
2025-11-19,147.85,148.79,145.85,146.34,766579,False,SYS
2025-11-18,148.8,150.9,147.0,147.85,1348453,False,SYS
2025-11-17,147.99,150.5,147.55,148.27,1225975,False,SYS
2025-11-14,148.4,149.0,146.7,147.54,1138137,False,SYS
2025-11-13,147.21,149.24,147.21,148.11,804704,False,SYS
2025-11-12,149.97,150.0,146.0,146.69,1118970,False,SYS
2025-11-11,152.2,152.51,148.0,148.99,2056218,False,SYS
2025-11-10,150.0,153.5,149.08,152.95,1303971,False,SYS
2025-11-07,148.24,150.8,147.0,149.08,654560,False,SYS
2025-11-06,150.0,150.9,146.99,148.24,956562,False,SYS
2025-11-05,152.0,152.74,148.0,148.68,1751746,False,SYS
2025-11-04,155.26,155.26,151.0,151.73,852019,False,SYS
2025-11-03,154.68,156.3,150.4,154.19,1535083,False,SYS
2025-10-31,149.0,155.45,148.36,154.22,2923968,False,SYS
2025-10-30,151.25,153.0,145.0,146.51,2724338,False,SYS
2025-10-29,153.99,153.99,150.51,151.23,1534222,False,SYS
2025-10-28,156.15,156.27,152.0,152.91,1497072,False,SYS
2025-10-27,157.15,158.2,153.3,154.09,2634181,False,SYS
2025-10-24,157.55,160.29,155.55,156.37,1335780,False,SYS
2025-10-23,160.57,161.6,156.31,157.55,1345995,False,SYS
2025-10-22,162.17,164.5,158.0,160.57,3392099,False,SYS
2025-10-21,164.5,164.51,160.0,161.49,2312080,False,SYS
2025-10-20,161.0,165.2,159.8,162.43,3690887,False,SYS
2025-10-17,157.0,160.6,155.0,159.51,3059140,False,SYS
2025-10-16,162.0,163.39,154.5,155.86,4456903,False,SYS
2025-10-15,169.0,171.5,159.87,160.71,9004213,False,SYS
2025-10-14,154.0,164.99,153.88,164.99,6417871,False,SYS
2025-10-13,150.01,154.0,149.0,149.99,3946911,False,SYS
2025-10-10,161.87,161.87,154.9,156.0,2943606,False,SYS
2025-10-09,164.6,171.2,159.5,161.17,9212812,False,SYS
2025-10-08,154.5,167.0,153.5,163.87,14700563,False,SYS
2025-10-07,154.5,159.0,154.25,154.44,4965663,False,SYS
2025-10-06,153.8,159.0,149.95,154.5,4926999,False,SYS
2025-10-03,152.52,157.0,151.2,153.83,6211119,False,SYS
2025-10-02,152.0,153.0,150.0,150.89,1544534,False,SYS
2025-10-01,152.0,153.5,148.9,152.04,3042824,False,SYS
2025-09-30,147.49,153.5,147.15,151.25,7290312,False,SYS
2025-09-29,146.09,147.5,144.5,147.14,2068851,False,SYS
2025-09-26,143.1,148.25,141.8,146.09,6832258,False,SYS
2025-09-25,144.02,145.4,142.9,143.21,1561325,False,SYS
2025-09-24,146.0,147.3,143.5,144.02,1783281,False,SYS
2025-09-23,146.28,149.5,145.0,145.95,5475962,False,SYS
2025-09-22,144.45,148.75,142.0,145.29,9428291,False,SYS
2025-09-19,142.0,145.88,140.5,144.56,7120407,False,SYS
2025-09-18,142.0,143.26,140.6,141.31,4445067,False,SYS
2025-09-17,137.99,144.69,137.15,140.92,14627649,False,SYS
2025-09-16,138.0,138.25,136.7,137.01,1968966,False,SYS
2025-09-15,137.0,138.75,136.88,137.52,1242143,False,SYS
2025-09-12,138.0,139.0,136.1,136.97,2484170,False,SYS
2025-09-11,137.0,139.4,136.6,136.85,4315769,False,SYS
2025-09-10,137.01,138.0,135.1,136.5,3668954,False,SYS
2025-09-09,138.08,139.0,137.01,137.19,1508001,False,SYS
2025-09-08,139.9,139.9,137.5,138.08,3318727,False,SYS
2025-09-05,140.0,140.35,138.25,138.87,1624992,False,SYS
2025-09-04,137.38,141.0,137.1,139.44,6790904,False,SYS
2025-09-03,135.95,138.5,135.56,136.6,3948699,False,SYS
2025-09-02,135.99,138.2,135.55,135.89,2201539,False,SYS
2025-09-01,137.94,138.59,134.7,135.22,3829111,False,SYS
2025-08-29,134.2,138.45,133.88,137.66,3334537,False,SYS
2025-08-28,136.0,136.4,133.9,134.01,2110820,False,SYS
2025-08-27,137.4,138.59,135.49,135.78,1599756,False,SYS
2025-08-26,137.77,139.39,136.8,137.34,1569580,False,SYS
2025-08-25,141.5,141.5,137.01,137.77,1914068,False,SYS
2025-08-22,141.6,143.39,140.1,140.61,4783777,False,SYS
2025-08-21,139.5,144.3,139.03,140.63,10418326,False,SYS
2025-08-20,134.51,141.5,134.51,138.88,11389664,False,SYS
2025-08-19,137.0,137.5,133.5,134.17,3904328,False,SYS
2025-08-18,136.0,137.5,135.02,136.23,3200704,False,SYS
2025-08-15,138.0,138.95,136.0,136.92,2782053,False,SYS
2025-08-13,139.88,140.5,137.67,138.06,2496311,False,SYS
2025-08-12,137.51,143.7,137.51,139.88,7809024,False,SYS
2025-08-11,138.5,139.1,137.05,137.5,1833392,False,SYS
2025-08-08,141.49,141.49,137.4,138.6,4361689,False,SYS
2025-08-07,138.0,143.7,137.05,140.87,11733778,False,SYS
2025-08-06,137.74,137.74,134.8,136.79,3604852,False,SYS
2025-08-05,137.98,139.0,136.0,136.62,3155302,False,SYS
2025-08-04,135.85,139.9,134.2,137.27,10229215,False,SYS
2025-08-01,138.0,139.0,132.5,133.28,12745254,False,SYS
2025-07-31,130.01,138.89,128.5,137.14,18330383,False,SYS
2025-07-30,119.99,131.15,119.99,127.46,13520057,False,SYS
2025-07-29,122.26,122.99,118.9,119.23,2053897,False,SYS
2025-07-28,120.16,123.7,120.16,122.19,3136393,False,SYS
2025-07-25,119.99,120.05,118.5,119.78,817303,False,SYS
2025-07-24,118.1,122.0,117.42,119.04,3149496,False,SYS
2025-07-23,117.98,119.5,116.5,117.42,1601002,False,SYS
2025-07-22,118.5,119.21,116.0,116.51,1590977,False,SYS
2025-07-21,120.6,120.9,117.7,118.11,1042647,False,SYS
2025-07-18,122.8,124.01,119.0,119.36,3481632,False,SYS
2025-07-17,117.0,123.99,116.0,121.8,4448267,False,SYS
2025-07-16,117.35,118.0,116.0,116.58,1035628,False,SYS
2025-07-15,118.69,118.69,116.62,117.33,822167,False,SYS
2025-07-14,118.1,119.22,118.1,118.69,985292,False,SYS
2025-07-11,119.0,120.0,117.0,117.92,1528132,False,SYS
2025-07-10,118.39,118.98,117.0,118.53,845051,False,SYS
2025-07-09,119.5,119.5,116.56,117.42,1163256,False,SYS
2025-07-08,120.5,120.9,117.05,118.28,1955617,False,SYS
2025-07-07,119.03,121.1,118.8,119.58,4514421,False,SYS
2025-07-04,113.0,119.8,112.76,118.04,5237125,False,SYS
2025-07-03,112.65,114.51,112.0,112.76,2023242,False,SYS
2025-07-02,110.9,113.5,109.65,112.16,2941691,False,SYS
2025-07-01,107.97,112.3,107.2,110.01,4308453,False,SYS
2025-06-30,107.0,108.4,106.5,107.14,1657107,False,SYS
2025-06-27,105.0,110.5,103.5,106.43,3324619,False,SYS
2025-06-26,106.0,106.9,104.0,104.81,1298613,False,SYS
2025-06-25,106.99,107.98,105.33,106.2,2225567,False,SYS
2025-06-24,105.0,107.75,103.01,105.7,4078301,False,SYS
2025-06-23,103.0,103.0,100.0,100.37,1269977,False,SYS
2025-06-20,103.15,105.49,102.48,104.58,1543835,False,SYS
2025-06-19,103.0,105.68,101.4,102.88,1797624,False,SYS
2025-06-18,104.8,104.8,101.75,102.27,1240836,False,SYS
2025-06-17,102.5,106.49,102.25,104.12,4519063,False,SYS
2025-06-16,102.05,103.24,101.7,102.28,979688,False,SYS
2025-06-13,104.5,104.5,100.36,102.09,3784290,False,SYS
2025-06-12,105.98,107.85,104.8,105.26,3395603,False,SYS
2025-06-11,107.5,108.48,105.0,105.35,1607935,False,SYS
2025-06-10,104.26,108.0,104.26,105.09,2208220,False,SYS
2025-06-05,106.03,108.0,102.8,104.21,1736860,False,SYS
2025-06-04,103.75,107.26,102.51,105.99,1857002,False,SYS
2025-06-03,104.29,104.5,100.88,102.53,2329866,False,SYS
2025-06-02,108.82,111.72,102.5,103.4,5760164,False,SYS
2025-05-27,539.94,556.0,534.0,544.1,721103,False,SYS
2025-05-26,559.9,559.9,534.5,537.56,300299,False,SYS
2025-05-23,562.0,564.99,551.0,554.19,196103,False,SYS
2025-05-22,540.0,577.0,540.0,559.65,763664,False,SYS
2025-05-21,530.33,535.88,528.85,531.01,538088,False,SYS
2025-05-20,539.89,539.89,529.1,531.05,90907,False,SYS
2025-05-19,544.0,545.0,538.0,539.9,106502,False,SYS
2025-05-16,540.1,546.0,535.1,543.79,306707,False,SYS
2025-05-15,542.99,544.6,533.16,539.8,302251,False,SYS
2025-05-14,543.0,543.0,534.01,538.56,138554,False,SYS
2025-05-13,570.0,570.0,529.0,537.33,310774,False,SYS
2025-05-12,538.43,538.43,523.0,538.43,951323,False,SYS
2025-05-09,474.02,496.0,461.0,489.48,303102,False,SYS
2025-05-08,514.0,515.0,460.0,479.89,744188,False,SYS
2025-05-07,503.0,520.0,500.1,505.26,656866,False,SYS
2025-05-06,525.0,536.38,523.0,530.0,289467,False,SYS
2025-05-05,528.99,533.0,521.0,523.39,117858,False,SYS
2025-05-02,533.0,540.0,525.05,529.7,807450,False,SYS
2025-04-30,538.0,538.0,519.6,526.65,525353,False,SYS
2025-04-29,525.0,549.99,511.0,542.55,676465,False,SYS
2025-04-28,492.0,535.9,492.0,523.19,1148209,False,SYS
2025-04-25,485.0,492.0,471.0,487.18,176047,False,SYS
2025-04-24,485.0,495.0,480.0,483.66,351383,False,SYS
2025-04-23,495.01,499.0,487.0,489.54,86142,False,SYS
2025-04-22,496.0,497.99,493.74,495.51,172511,False,SYS
2025-04-21,501.0,504.95,490.2,493.73,113066,False,SYS
2025-04-18,495.26,507.0,495.0,499.1,232879,False,SYS
2025-04-17,494.2,500.99,494.2,498.13,261228,False,SYS
2025-04-16,504.0,508.0,490.0,494.2,141953,False,SYS
2025-04-15,503.6,509.88,502.0,503.78,270125,False,SYS
2025-04-14,515.0,516.0,502.0,503.56,174619,False,SYS
2025-04-11,508.0,525.0,493.2,508.07,797159,False,SYS
2025-04-10,500.0,507.0,497.99,502.73,375803,False,SYS
2025-04-09,499.0,505.0,473.5,486.73,534291,False,SYS
2025-04-08,525.0,525.0,498.0,502.39,562666,False,SYS
2025-04-07,538.0,538.0,490.5,513.44,470978,False,SYS
2025-04-04,539.89,547.5,539.0,539.74,254873,False,SYS
2025-04-03,544.0,544.99,536.0,539.31,186962,False,SYS
2025-03-27,560.32,560.5,540.21,545.87,141329,False,SYS
2025-03-26,567.38,568.0,557.0,560.31,66987,False,SYS
2025-03-25,572.99,580.0,559.0,561.95,211729,False,SYS
2025-03-24,581.95,619.0,565.0,571.72,1015607,False,SYS
2025-03-21,570.27,594.96,570.27,580.05,549037,False,SYS
2025-03-20,540.67,569.5,540.67,566.81,712909,False,SYS
2025-03-19,528.48,546.99,525.0,538.35,535338,False,SYS
2025-03-18,529.0,531.0,524.0,525.79,158800,False,SYS
2025-03-17,526.0,530.0,523.5,527.98,143062,False,SYS
2025-03-14,523.0,525.9,518.5,523.5,197386,False,SYS
2025-03-13,524.46,527.99,519.0,520.55,483778,False,SYS
2025-03-12,519.95,523.0,516.0,518.26,111988,False,SYS
2025-03-11,526.0,530.71,517.0,518.84,184090,False,SYS
2025-03-10,529.01,529.95,522.26,525.21,41696,False,SYS
2025-03-07,532.53,535.95,524.1,528.15,187577,False,SYS
2025-03-06,539.16,545.0,529.02,532.54,144275,False,SYS
2025-03-05,549.99,550.0,535.0,539.16,44868,False,SYS
2025-03-04,534.0,549.0,532.12,542.35,78624,False,SYS
2025-03-03,542.49,545.0,510.11,534.99,67618,False,SYS
2025-02-28,562.5,562.5,540.16,542.91,154018,False,SYS
2025-02-27,562.89,562.89,557.93,559.54,26221,False,SYS
2025-02-26,555.01,564.49,555.01,557.92,44072,False,SYS
2025-02-25,555.0,565.95,554.5,559.07,385804,False,SYS
2025-02-24,547.23,574.98,545.0,554.83,225402,False,SYS
2025-02-21,555.0,555.0,546.25,547.23,106782,False,SYS
2025-02-20,563.99,563.99,549.51,552.73,122738,False,SYS
2025-02-19,550.0,561.0,548.0,559.01,52069,False,SYS
2025-02-18,547.0,549.0,540.0,547.52,146145,False,SYS
2025-02-17,552.0,555.0,545.02,547.0,119535,False,SYS
2025-02-14,556.0,559.98,549.0,551.68,85809,False,SYS
2025-02-13,560.0,563.0,550.11,553.05,118237,False,SYS
2025-02-12,561.5,561.5,550.32,558.26,45352,False,SYS
2025-02-11,563.99,570.0,557.01,558.12,236174,False,SYS
2025-02-10,565.92,565.92,555.05,561.19,173432,False,SYS
2025-02-07,564.98,566.9,548.5,561.89,351369,False,SYS
2025-02-06,576.25,584.0,555.0,559.34,331756,False,SYS
2025-02-04,582.18,585.0,575.02,581.46,27203,False,SYS
2025-02-03,594.86,594.86,575.0,576.96,46896,False,SYS
2025-01-31,588.87,600.0,584.0,594.86,232949,False,SYS
2025-01-30,577.0,590.0,564.0,587.39,177702,False,SYS
2025-01-29,581.0,581.0,572.0,575.96,73761,False,SYS
2025-01-28,604.0,604.0,541.0,576.38,107337,False,SYS
2025-01-27,587.0,605.0,586.99,600.49,428869,False,SYS
2025-01-24,568.0,588.0,568.0,582.58,341717,False,SYS
2025-01-23,569.99,569.99,565.0,567.34,115059,False,SYS
2025-01-22,564.49,571.0,560.06,565.19,212643,False,SYS
2025-01-21,569.0,570.0,558.5,559.72,107423,False,SYS
2025-01-20,574.0,575.0,560.02,563.35,67820,False,SYS
2025-01-17,568.49,576.0,560.0,569.26,279906,False,SYS
2025-01-16,575.0,575.0,557.9,559.56,91964,False,SYS
2025-01-15,580.0,582.0,566.0,568.3,219806,False,SYS
2025-01-14,563.0,589.95,556.0,575.48,227967,False,SYS
2025-01-13,562.0,569.95,558.99,562.64,138025,False,SYS
2025-01-10,574.88,574.88,555.0,561.4,204911,False,SYS
2025-01-09,580.0,580.0,561.12,562.88,132981,False,SYS
2025-01-08,595.22,600.0,565.0,572.32,186426,False,SYS
2025-01-07,597.8,600.0,586.0,594.53,280790,False,SYS
2025-01-06,600.11,609.0,585.0,590.12,383302,False,SYS
2025-01-03,620.0,620.0,594.0,600.11,219219,False,SYS
2025-01-02,625.0,626.0,600.0,620.22,231079,False,SYS
2025-01-01,625.0,629.99,615.9,619.79,166425,False,SYS
2024-12-31,616.48,623.99,608.01,621.45,590214,False,SYS
2024-12-30,590.0,620.0,587.0,616.48,316179,False,SYS
2024-12-27,600.0,600.0,576.0,583.87,198033,False,SYS
2024-12-26,612.87,612.87,584.0,587.24,366916,False,SYS
2024-12-24,642.0,642.0,606.0,612.87,272101,False,SYS
2024-12-23,601.0,630.0,576.62,620.05,331412,False,SYS
2024-12-20,552.81,608.05,552.77,599.78,721972,False,SYS
2024-12-19,578.15,592.88,525.6,552.77,599961,False,SYS
2024-12-18,592.11,615.46,580.0,580.57,354804,False,SYS
2024-12-17,624.0,624.0,590.0,603.67,395937,False,SYS
2024-12-16,630.02,638.23,612.0,622.28,380606,False,SYS
2024-12-13,643.0,647.0,614.0,627.49,498077,False,SYS
2024-12-12,603.5,647.0,591.0,631.57,477091,False,SYS
2024-12-11,605.0,613.0,600.0,602.01,172347,False,SYS
2024-12-10,599.0,608.0,583.0,600.73,489141,False,SYS
2024-12-09,580.0,605.0,570.01,593.84,581475,False,SYS
2024-12-06,565.11,581.0,565.0,568.95,220458,False,SYS
2024-12-05,560.83,581.0,555.0,579.0,594336,False,SYS
2024-12-04,560.88,561.09,552.0,560.83,512629,False,SYS
2024-12-03,566.48,568.9,541.0,560.77,123000,False,SYS
2024-12-02,562.0,573.0,562.0,566.48,130949,False,SYS
2024-11-29,558.0,577.9,547.0,557.98,549220,False,SYS
2024-11-28,547.13,559.0,540.5,554.39,708547,False,SYS
2024-11-27,515.0,550.0,515.0,544.72,620242,False,SYS
2024-11-26,523.5,523.5,500.0,505.23,324927,False,SYS
2024-11-25,515.01,528.3,514.0,523.5,108438,False,SYS
2024-11-22,525.4,534.0,511.0,513.3,239820,False,SYS
2024-11-21,528.95,530.0,520.0,525.42,77847,False,SYS
2024-11-20,557.0,557.0,521.0,528.95,444000,False,SYS
2024-11-19,510.0,554.9,510.0,551.0,743944,False,SYS
2024-11-18,514.99,516.5,505.2,507.3,111288,False,SYS
2024-11-15,510.23,518.99,509.0,513.07,118829,False,SYS
2024-11-14,520.0,520.0,505.0,510.22,99532,False,SYS
2024-11-13,518.91,519.89,514.0,517.3,103726,False,SYS
2024-11-12,527.7,527.7,515.0,518.91,114910,False,SYS
2024-11-11,522.0,530.0,522.0,526.76,203433,False,SYS
2024-11-08,517.05,528.8,515.5,521.57,222562,False,SYS
2024-11-07,538.88,539.96,517.5,520.8,122377,False,SYS
2024-11-06,550.0,552.5,524.0,531.66,498951,False,SYS
2024-11-05,567.0,578.0,546.0,557.87,548642,False,SYS
2024-11-04,508.01,553.99,505.0,550.72,891573,False,SYS
2024-11-01,494.0,509.88,476.51,503.63,336834,False,SYS
2024-10-31,509.99,510.0,490.5,493.17,749661,False,SYS
2024-10-30,490.0,510.0,490.0,506.34,1645641,False,SYS
2024-10-29,469.0,489.98,467.0,486.53,1043540,False,SYS
2024-10-28,445.09,472.8,440.01,463.85,408934,False,SYS
2024-10-25,446.1,450.0,430.01,445.09,162556,False,SYS
2024-10-24,454.0,454.0,445.01,447.26,142712,False,SYS
2024-10-23,450.0,468.0,446.07,454.23,982610,False,SYS
2024-10-22,419.99,454.0,419.99,446.07,1048076,False,SYS
2024-10-21,414.99,416.0,413.95,415.17,30587,False,SYS
2024-10-18,414.99,414.99,413.0,414.12,68097,False,SYS
2024-10-17,415.0,416.0,413.0,414.01,76974,False,SYS
2024-10-16,414.0,415.5,413.0,414.03,75330,False,SYS
2024-10-15,414.15,416.0,411.0,414.08,161013,False,SYS
2024-10-14,416.97,418.0,412.0,413.95,308628,False,SYS
2024-10-11,418.0,422.88,415.0,416.97,309706,False,SYS
2024-10-10,416.0,417.0,413.02,415.25,162830,False,SYS
2024-10-09,413.0,417.0,411.99,415.9,724389,False,SYS
2024-10-08,416.0,419.99,410.01,412.93,162343,False,SYS
2024-10-07,411.0,416.0,410.5,415.13,344074,False,SYS
2024-10-04,408.0,414.0,407.5,412.77,134916,False,SYS
2024-10-03,405.1,409.5,405.1,408.32,38990,False,SYS
2024-10-02,407.99,407.99,403.0,406.48,100268,False,SYS
2024-10-01,408.9,409.9,403.05,405.48,40264,False,SYS
2024-09-30,407.98,407.99,400.01,405.89,43229,False,SYS
2024-09-27,406.95,408.0,403.25,405.44,54186,False,SYS
2024-09-26,410.05,411.0,405.0,405.48,121270,False,SYS
2024-09-25,414.75,414.75,409.0,409.98,2513871,False,SYS
2024-09-24,417.84,417.84,409.0,410.99,1037005,False,SYS
2024-09-23,419.0,419.0,413.0,414.05,69818,False,SYS
2024-09-20,416.0,419.99,410.5,418.67,475370,False,SYS
2024-09-19,413.0,420.1,412.0,415.0,680736,False,SYS
2024-09-18,412.99,414.48,411.75,412.84,245193,False,SYS
2024-09-16,414.69,414.69,410.11,412.13,112183,False,SYS
2024-09-13,413.1,416.22,409.5,410.4,511826,False,SYS
2024-09-12,412.99,414.5,409.02,411.0,227409,False,SYS
2024-09-11,413.94,413.94,409.42,411.0,279447,False,SYS
2024-09-10,413.9,416.0,410.26,411.62,1356673,False,SYS
2024-09-09,412.01,417.99,410.0,411.98,718174,False,SYS
2024-09-06,412.52,416.98,409.98,411.25,1170765,False,SYS
2024-09-05,415.0,417.95,410.0,412.31,1233858,False,SYS
2024-09-04,414.0,416.0,412.0,413.18,48096,False,SYS
2024-09-03,414.9,415.0,411.0,412.86,41744,False,SYS
2024-09-02,417.88,417.88,411.0,413.69,765276,False,SYS
2024-08-30,419.93,419.93,416.32,417.88,265317,False,SYS
2024-08-29,419.25,419.25,410.2,416.32,562351,False,SYS
2024-08-28,425.0,425.0,418.99,422.53,651744,False,SYS
2024-08-27,423.0,423.75,418.1,422.72,538759,False,SYS
2024-08-26,423.88,423.88,420.0,422.0,41274,False,SYS
2024-08-23,420.25,425.0,418.0,420.64,103693,False,SYS
2024-08-22,420.0,421.85,417.5,420.62,64599,False,SYS
2024-08-21,425.88,425.88,410.5,418.75,193308,False,SYS
2024-08-20,426.93,428.0,418.0,422.7,96891,False,SYS
2024-08-19,425.1,431.01,424.0,426.94,67830,False,SYS
2024-08-16,429.99,431.98,426.24,427.99,165652,False,SYS
2024-08-15,428.0,430.0,425.1,428.33,44827,False,SYS
2024-08-13,421.01,435.0,421.01,423.67,42325,False,SYS
2024-08-12,437.1,437.1,420.97,424.26,65362,False,SYS
2024-08-09,421.06,437.0,421.06,434.95,151825,False,SYS
2024-08-08,418.0,430.0,418.0,427.44,148286,False,SYS
2024-08-07,422.5,425.0,418.52,421.06,153286,False,SYS
2024-08-06,413.0,420.0,413.0,417.85,69237,False,SYS
2024-08-05,421.0,423.95,410.0,411.27,319097,False,SYS
2024-08-02,419.8,426.49,419.0,423.88,96828,False,SYS
2024-08-01,417.0,424.0,415.06,418.46,59716,False,SYS
2024-07-31,425.01,431.0,415.0,416.44,335900,False,SYS
2024-07-30,433.0,438.0,425.0,429.14,127094,False,SYS
2024-07-29,433.0,446.13,400.2,432.2,202206,False,SYS
2024-07-26,439.96,439.96,432.99,434.19,250613,False,SYS
2024-07-25,451.95,454.0,437.5,439.71,219317,False,SYS
2024-07-24,451.0,452.49,445.1,450.0,310424,False,SYS
2024-07-23,449.98,456.0,447.3,451.19,260549,False,SYS
2024-07-22,448.0,454.54,437.0,447.4,426413,False,SYS
2024-07-19,468.0,468.0,445.01,451.78,848631,False,SYS
2024-07-18,470.0,475.0,464.89,467.94,1527203,False,SYS
2024-07-15,445.01,473.41,445.01,464.02,3101727,False,SYS
2024-07-12,441.89,449.0,425.0,440.89,471266,False,SYS
2024-07-11,429.99,449.84,427.5,440.38,1268463,False,SYS
2024-07-10,425.31,437.89,424.11,427.3,369477,False,SYS
2024-07-09,428.0,429.0,420.05,425.29,231552,False,SYS
2024-07-08,430.0,432.0,425.0,426.53,58355,False,SYS
2024-07-05,432.5,435.0,422.0,427.8,238745,False,SYS
2024-07-04,429.0,435.0,424.0,430.88,288788,False,SYS
2024-07-03,420.0,431.95,420.0,428.85,380763,False,SYS
2024-07-02,419.0,426.0,417.0,420.54,592000,False,SYS
2024-07-01,424.9,424.9,415.0,417.85,262152,False,SYS
2024-06-28,422.32,424.98,416.02,418.3,134655,False,SYS
2024-06-27,424.9,425.0,420.0,422.32,109542,False,SYS
2024-06-26,420.16,426.25,419.25,421.87,189799,False,SYS
2024-06-25,421.79,426.32,420.0,421.51,223110,False,SYS
2024-06-24,426.0,426.5,420.01,420.94,106879,False,SYS
2024-06-21,439.87,439.87,424.05,425.98,198399,False,SYS
2024-06-20,438.0,445.7,433.0,435.1,183967,False,SYS
2024-06-14,448.0,448.9,436.02,437.81,165427,False,SYS
2024-06-13,430.16,452.0,430.16,444.57,695304,False,SYS
2024-06-12,425.1,435.0,420.0,430.21,150086,False,SYS
2024-06-11,441.9,441.9,422.0,424.18,225129,False,SYS
2024-06-10,442.0,443.24,431.0,437.85,549233,False,SYS
2024-06-07,425.11,445.5,413.3,435.59,932025,False,SYS
2024-06-06,428.0,440.5,427.0,430.34,268507,False,SYS
2024-06-05,429.0,438.0,422.0,426.16,472974,False,SYS
2024-06-04,446.78,448.0,426.57,427.92,436383,False,SYS
2024-06-03,458.0,460.0,445.5,447.27,732881,False,SYS
2024-05-31,427.7,461.29,427.7,457.98,3195145,False,SYS
2024-05-30,426.02,428.0,424.0,427.12,343182,False,SYS
2024-05-29,432.79,432.99,422.0,427.54,544111,False,SYS
2024-05-27,423.0,435.15,423.0,430.75,624222,False,SYS
2024-05-24,423.75,427.5,422.2,425.88,489452,False,SYS
2024-05-23,427.0,429.75,421.0,423.75,527404,False,SYS
2024-05-22,412.0,429.85,411.5,424.77,2694847,False,SYS
2024-05-21,406.0,412.45,406.0,411.06,409440,False,SYS
2024-05-20,404.0,416.3,401.2,407.59,1249130,False,SYS
2024-05-17,397.0,404.48,394.0,398.41,271837,False,SYS
2024-05-16,391.3,397.5,389.0,396.19,810157,False,SYS
2024-05-15,389.9,395.0,388.0,390.01,185914,False,SYS
2024-05-14,388.0,389.7,385.45,388.82,386879,False,SYS
2024-05-13,388.45,390.23,385.15,388.77,186002,False,SYS
2024-05-10,390.9,390.9,385.0,388.44,139032,False,SYS
2024-05-09,383.0,390.9,382.05,389.02,203844,False,SYS
2024-05-08,382.94,384.97,380.12,382.21,169739,False,SYS
2024-05-07,382.8,385.3,379.5,380.47,377478,False,SYS
2024-05-06,382.0,385.0,379.03,379.82,274829,False,SYS
2024-05-03,379.89,382.55,377.0,381.64,270163,False,SYS
2024-05-02,390.0,390.01,377.11,379.48,410013,False,SYS
2024-04-30,397.0,397.0,385.05,387.1,748602,False,SYS
2024-04-29,408.0,411.0,401.0,402.17,663295,False,SYS
2024-04-26,405.99,406.01,401.0,403.47,244525,False,SYS
2024-04-25,405.0,408.9,402.0,403.21,442432,False,SYS
2024-04-24,399.98,405.49,399.0,404.57,641121,False,SYS
2024-04-23,399.98,407.0,397.0,398.69,590096,False,SYS
2024-04-22,394.01,402.84,393.0,397.04,517292,False,SYS
2024-04-19,395.12,402.0,390.1,393.34,221829,False,SYS
2024-04-18,398.0,400.9,393.75,396.63,163444,False,SYS
2024-04-17,398.0,401.52,397.0,397.99,147640,False,SYS
2024-04-16,398.0,408.49,396.01,398.68,374088,False,SYS
2024-04-15,405.25,405.25,396.35,397.34,185777,False,SYS
2024-04-09,411.0,413.0,403.05,404.88,283776,False,SYS
2024-04-08,399.0,419.0,399.0,409.25,840001,False,SYS
2024-04-04,385.01,396.0,385.0,394.28,373211,False,SYS
2024-04-03,389.49,389.49,383.0,385.62,68218,False,SYS
2024-04-02,379.92,393.0,379.55,390.57,173462,False,SYS
2024-04-01,385.4,385.8,378.9,379.73,368793,False,SYS
2024-03-29,390.0,391.0,385.0,385.38,295432,False,SYS
2024-03-28,393.0,394.0,388.0,388.81,340310,False,SYS
2024-03-27,390.99,393.6,389.52,392.01,175882,False,SYS
2024-03-26,390.99,391.0,386.66,390.14,166544,False,SYS
2024-03-25,394.0,397.0,385.0,391.89,264625,False,SYS
2024-03-22,397.0,400.0,395.0,395.94,157053,False,SYS
2024-03-21,403.5,405.99,390.0,394.78,282683,False,SYS
2024-03-20,404.0,406.5,401.01,402.2,320871,False,SYS
2024-03-19,407.76,407.76,401.0,402.31,151296,False,SYS
2024-03-18,412.53,414.0,403.5,404.5,300974,False,SYS
2024-03-15,410.0,412.9,405.0,410.15,558551,False,SYS
2024-03-14,401.0,410.0,400.95,408.23,182429,False,SYS
2024-03-13,405.0,407.6,399.5,399.91,183216,False,SYS
2024-03-12,408.6,411.89,402.0,404.41,200285,False,SYS
2024-03-11,410.99,412.97,407.0,408.6,476604,False,SYS
2024-03-08,410.0,411.75,408.0,409.12,1206260,False,SYS
2024-03-07,410.0,411.0,403.0,408.3,569733,False,SYS
2024-03-06,414.95,415.0,408.0,409.3,569255,False,SYS
2024-03-05,413.7,415.48,407.99,412.02,1116095,False,SYS
2024-03-04,408.89,415.0,408.55,412.46,326937,False,SYS
2024-03-01,411.94,413.0,405.05,407.99,195301,False,SYS
2024-02-29,408.6,412.5,408.0,409.98,243296,False,SYS
2024-02-28,410.2,414.0,407.5,408.6,288819,False,SYS
2024-02-27,417.0,422.49,410.1,413.51,729056,False,SYS
2024-02-26,408.63,419.99,408.63,414.18,471070,False,SYS
2024-02-23,412.0,412.0,402.01,408.62,255195,False,SYS
2024-02-22,390.0,416.42,389.9,410.4,1406023,False,SYS
2024-02-21,383.0,389.82,382.06,387.37,650265,False,SYS
2024-02-20,374.9,381.5,373.0,379.31,467081,False,SYS
2024-02-19,365.0,377.98,361.0,370.86,281412,False,SYS
2024-02-16,377.0,379.94,368.0,370.87,403248,False,SYS
2024-02-15,391.0,394.5,379.01,382.05,297485,False,SYS
2024-02-14,381.0,396.0,381.0,389.99,509549,False,SYS
2024-02-13,380.0,386.0,374.0,380.18,368017,False,SYS
2024-02-12,389.8,390.0,375.1,381.14,337292,False,SYS
2024-02-09,390.5,394.5,370.0,389.77,369837,False,SYS
2024-02-07,395.8,397.33,394.15,395.1,366814,False,SYS
2024-02-06,397.95,397.95,393.45,394.14,166267,False,SYS
2024-02-02,395.5,399.0,395.5,397.5,215477,False,SYS
2024-02-01,395.0,397.24,393.94,395.39,190689,False,SYS
2024-01-31,396.86,397.95,393.0,393.55,472749,False,SYS
2024-01-30,394.0,402.0,391.0,392.59,424273,False,SYS
2024-01-29,404.17,404.17,392.0,392.95,746886,False,SYS
2024-01-26,405.0,406.0,399.0,400.18,515669,False,SYS
2024-01-25,413.0,413.4,405.0,405.87,371979,False,SYS
2024-01-24,409.99,422.49,409.0,409.85,722358,False,SYS
2024-01-23,413.0,414.0,407.13,409.63,417235,False,SYS
2024-01-22,412.0,414.4,410.0,412.75,80208,False,SYS
2024-01-19,413.1,418.99,412.0,412.68,133069,False,SYS
2024-01-18,417.0,417.7,411.0,413.85,106852,False,SYS
2024-01-17,422.79,423.5,415.2,416.54,83825,False,SYS
2024-01-16,418.0,423.0,415.0,420.1,107196,False,SYS
2024-01-15,425.5,425.95,415.0,417.6,102398,False,SYS
2024-01-12,426.0,427.8,419.55,422.44,124866,False,SYS
2024-01-11,426.0,431.19,423.0,424.54,189540,False,SYS
2024-01-10,425.1,427.88,422.0,424.24,128903,False,SYS
2024-01-09,430.7,430.7,421.61,424.96,194307,False,SYS
2024-01-08,433.0,433.45,427.0,428.91,108916,False,SYS
2024-01-05,431.0,434.0,420.0,430.54,150448,False,SYS
2024-01-04,437.0,438.0,430.0,431.79,152811,False,SYS
2024-01-03,441.0,442.2,436.5,437.13,233563,False,SYS
2024-01-02,445.0,449.9,437.0,441.08,197802,False,SYS
2024-01-01,426.0,449.5,424.89,447.75,483450,False,SYS
